CASE	equality-diagonal-8-s0
KIND	0
EQUALITIES	1
INEQUALITIES	0
Q	1	0	0	0	0	0	0	0	0	1.3894954943731377	0	0	0	0	0	0	0	0	1.9306977288832501	0	0	0	0	0	0	0	0	2.6826957952797255	0	0	0	0	0	0	0	0	3.7275937203149399	0	0	0	0	0	0	0	0	5.1794746792312099	0	0	0	0	0	0	0	0	7.1968567300115192	0	0	0	0	0	0	0	0	10
A	0.49039264020161522	0.41573480615127262	0.27778511650980114	0.097545161008064166	-0.097545161008064096	-0.27778511650980098	-0.41573480615127267	-0.49039264020161522
B	0.20386921499929675
CENTER	0.30479711933932596	0.42921091766765895	0.31448797000736739	0.00066819345276446229	-0.27455693138838727	-0.29185235139419807	-0.053809902845313076	0.21358072714466517
TARGET	0.059600799238518361	0.27961172579016785	0.24254892114587701	-0.017512243028274026	-0.26147273172407642	-0.26503639671604595	-0.024926820845248918	0.23810035915474592
MULTIPLIERS	0.5
X0	0	0	0	0	0	0	0	0
END
CASE	equality-diagonal-8-s1
KIND	0
EQUALITIES	1
INEQUALITIES	0
Q	1	0	0	0	0	0	0	0	0	1.3894954943731377	0	0	0	0	0	0	0	0	1.9306977288832501	0	0	0	0	0	0	0	0	2.6826957952797255	0	0	0	0	0	0	0	0	3.7275937203149399	0	0	0	0	0	0	0	0	5.1794746792312099	0	0	0	0	0	0	0	0	7.1968567300115192	0	0	0	0	0	0	0	0	10
A	0.49039264020161522	0.41573480615127262	0.27778511650980114	0.097545161008064166	-0.097545161008064096	-0.27778511650980098	-0.41573480615127267	-0.49039264020161522
B	0.20386921499929675
CENTER	0.30479711933932596	0.42921091766765895	0.31448797000736739	0.00066819345276446229	-0.27455693138838727	-0.29185235139419807	-0.053809902845313076	0.21358072714466517
TARGET	0.059600799238518361	0.27961172579016785	0.24254892114587701	-0.017512243028274026	-0.26147273172407642	-0.26503639671604595	-0.024926820845248918	0.23810035915474592
MULTIPLIERS	0.5
X0	0.11682550269259515	0.29563491899653804	0.2026389541653453	-0.076662330608049362	-0.28548062216685482	-0.23182934626679613	0.03496476145514809	0.26961242874348806
END
CASE	equality-dense-32-s0
KIND	0
EQUALITIES	4
INEQUALITIES	0
Q	1.0153229862042328	0.03058997405121406	0.045787510890239594	0.060899271386162017	0.075905482424835455	0.090782237493230458	0.10550067988279781	0.12002603028473596	0.13431642988484377	0.14832156480242975	0.16198103150975407	0.17522239554807956	0.18795888722651771	0.2000866678188013	0.21148158778859566	0.22199534445599284	0.23145092989044694	0.23963724023693386	0.24630269463378174	0.25114768475315902	0.25381564407323487	0.25388248843460665	0.25084413525675064	0.24410175683570812	0.23294436205380739	0.21652822901226901	0.19385262667817982	0.16373116442501773	0.12475799176764721	0.075267933630748546	0.013289485605094039	-0.063510595310701121	0.03058997405121406	1.221223253127897	0.091407026708723971	0.12157454934331709	0.15153097306341223	0.18122848484295048	0.21060937126483345	0.23960407371145803	0.26812887455442191	0.29608314603234209	0.32334608108973906	0.34977281080913825	0.37518979580876283	0.39938935863607822	0.42212320021841526	0.44309471519595789	0.4619498877076143	0.47826651004333642	0.49154142047978044	0.50117540236128333	0.50645532264418325	0.50653301300967501	0.50040030829671134	0.4868595530973745	0.46448876517632132	0.43160050073599282	0.38619329771056271	0.3258943748469868	0.24789203117499403	0.14885591654394492	0.024843022135384179	-0.12881313805345782	0.045787510890239587	0.091407026708723957	1.4827785136587062	0.18197202326864961	0.22680920866221088	0.27125802614493666	0.3152319055911797	0.35862650907453503	0.40131626015239935	0.4431502171826982	0.48394716958221207	0.52348981397472927	0.56151784128758475	0.59771973534197642	0.63172304752890029	0.66308286980863274	0.69126817838953591	0.71564566170653776	0.73546057717462221	0.74981409981029512	0.75763653004806353	0.75765561540971937	0.74835910815369255	0.72795052516810577	0.69429689309994447	0.64486704625287028	0.57665879152814348	0.48611295704619811	0.36901199135162754	0.22036036921847224	0.034243577419049639	-0.19633811305079457	0.060899271386162017	0.12157454934331709	0.18197202326864964	1.8035493978220665	0.30165856254549395	0.36077290938830436	0.41925400551580422	0.47696273369278724	0.53373165866244887	0.58935952490202315	0.64360471830055099	0.69617750102308329	0.74673079430606626	0.79484924324443107	0.84003624969283897	0.88169860293165814	0.91912827123870489	0.95148083919388304	0.977749983350505	0.99673727039724458	1.0070164342467784	1.0068911382614958	0.99434505211930224	0.96698286500436259	0.92196061244599004	0.85590340684906707	0.76480832408194066	0.64392980163852276	0.48764443757827114	0.28929153159990684	0.04098506606651927	-0.26660793102743091	0.075905482424835469	0.15153097306341223	0.22680920866221085	0.30165856254549395	2.1875893633429468	0.44965449588817802	0.52253725923968586	0.59445456265304752	0.66519711205725751	0.73451333804885832	0.80210122298915099	0.86759859458444932	0.93057160438031106	0.99050105874540006	1.0467662099980428	1.0986255447386997	1.1451940233146412	1.1854161264507468	1.2180339498386572	1.2415494518392145	1.2541797998432647	1.2538045730537941	1.2379033585681856	1.2034820178666437	1.1469855953608112	1.06419548155679	0.95010802129001526	0.7987912614278756	0.60321594954469404	0.35505621026387146	0.044454521539269862	-0.34025533163603422	0.090782237493230444	0.18122848484295045	0.27125802614493666	0.36077290938830431	0.44965449588817807	2.6395073578988693	0.62491432117161827	0.71091074385108022	0.79549746171956015	0.87837259149290903	0.95917371200468804	1.0374662165024737	1.1127294868409361	1.1843404906624706	1.2515543307490695	1.3134811910212858	1.3690590238958436	1.4170212062425982	1.4558582528915185	1.4837725138756155	1.4986245900639037	1.4978699764999668	1.4784841777006641	1.4368742274422419	1.3687741790186707	1.2691217010372735	1.1319124073005713	0.95002795404943174	0.715033238373042	0.41693720981948257	0.043910841933388754	-0.41804532329354849	0.10550067988279781	0.21060937126483345	0.3152319055911797	0.41925400551580422	0.52253725923968586	0.62491432117161827	3.1645372926205853	0.8261004236184919	0.92437299727241418	1.0206487181486834	1.1145047615531212	1.2054340862745672	1.2928293044768016	1.3759635450759544	1.4539677613176822	1.5258038344426301	1.5902327089369761	1.6457766578155524	1.6906746150466552	1.7228293223354636	1.739744814029162	1.7384525010119316	1.7154238052201072	1.6664669327259773	1.5866049457058398	1.4699317908682388	1.3094423509827815	1.0968318916638145	0.82225945951538859	0.47406882901026537	0.038459469283851251	-0.50090132067354698	0.12002603028473596	0.23960407371145803	0.35862650907453503	0.47696273369278724	0.59445456265304752	0.71091074385108022	0.8261004236184919	3.7686148021108385	1.0515107049366053	1.1609939249281656	1.2677117992376332	1.3710848521951096	1.4704189262734877	1.5648833116626291	1.6534848120718568	1.7350370060619071	1.8081238301884126	1.8710564536111807	1.9218222294368366	1.9580242910427277	1.9768101062542072	1.9747870017960538	1.9479223170240789	1.8914254303066114	1.7996084127022784	1.6657214890208443	1.4817588109990034	1.2382292536245794	0.92388601301648809	0.52540768857217168	0.027022245017808522	-0.58993626165768009	0.13431642988484374	0.26812887455442186	0.40131626015239935	0.53373165866244876	0.66519711205725751	0.79549746171956004	0.92437299727241407	1.051510704936605	4.4584617278957976	1.2989896236893443	1.4183343781020112	1.5339162084936879	1.6449541876463794	1.7505137670236792	1.8494776007985758	1.9405109648518983	2.0220207878087324	2.0921071349738631	2.1485057785922415	2.1885202437133846	2.2089414316408149	2.205952584939908	2.1750169603859524	2.1107451086433171	2.0067381096529586	1.8554024663258606	1.6477315993658059	1.3730479931340946	1.0186989932645079	0.56969802407916714	0.0083015458950245272	-0.68648962830038451	0.14832156480242975	0.29608314603234209	0.44315021718269815	0.58935952490202315	0.73451333804885832	0.87837259149290903	1.0206487181486834	1.1609939249281656	1.2989896236893443	5.2416786968476767	1.5658190454586491	1.6933243886020044	1.8157810081464867	1.9321505168294235	2.0411914192874678	2.1414206887215403	2.2310682458261821	2.3080230520511522	2.3697692987797319	2.4133109027336053	2.4350821986944649	2.4308423450682821	2.3955505160498238	2.3232184345994993	2.2067361895405928	2.0376665618853091	1.8060022413045187	1.4998793215329984	1.1052392977193941	0.60543041911050743	-0.019262358385937071	-0.79217146478378642	0.16198103150975407	0.32334608108973906	0.48394716958221207	0.64360471830055099	0.8021012229891511	0.95917371200468804	1.1145047615531214	1.267711799237633	1.4183343781020115	1.5658190454586489	6.1268460656424795	1.8485845501871812	1.9821141419131929	2.1089479116915051	2.2277202146224346	2.336799721226996	2.4342393442691832	2.5177169413437319	2.5844651229722504	2.6311881975485929	2.6539639333326197	2.6481274045709005	2.608133702877677	2.5273957235094016	2.3980925641716855	2.2109432839779557	1.9549398415661667	1.6170319400445763	1.1817552240766922	0.6307927678339994	-0.05754197718500878	-0.90891468399556186	0.17522239554807953	0.34977281080913819	0.52348981397472927	0.69617750102308318	0.86759859458444943	1.0374662165024737	1.2054340862745672	1.3710848521951096	1.5339162084936881	1.6933243886020046	1.8485845501871812	7.1236333567053052	2.1430119409829143	2.279891869187602	2.407977469922419	2.5254891110284703	2.6303026973392041	2.7198849825943321	2.7912169964537914	2.8407034389836037	2.8640655119217988	2.8562142053555437	2.8111005283185571	2.7215385483633314	2.5789963720778077	2.3733493366766321	2.0925886697648459	1.7224776838241858	1.2461461730330246	0.64361203648752463	-0.10878277872304472	-1.0390371886153005	0.18795888722651771	0.37518979580876283	0.56151784128758475	0.74673079430606626	0.93057160438031106	1.1127294868409361	1.2928293044768016	1.4704189262734877	1.6449541876463794	1.8157810081464867	1.9821141419131929	2.1430119409829143	8.2429171079184904	2.4437676136452771	2.5806616398240934	2.7061005430717473	2.8177832202911404	2.9129653213669604	2.9883762950974724	3.0401212332208676	3.0635647709533433	3.0531938142226656	3.0024552894820284	2.9035644365799658	2.7472783709867463	2.5226287080182375	2.216605944246568	1.813787001526951	1.2958958235526243	0.64128513434443146	-0.17567462341758688	-1.1853156087514336	0.2000866678188013	0.39938935863607827	0.59771973534197642	0.79484924324443107	0.99050105874540006	1.1843404906624706	1.3759635450759544	1.5648833116626291	1.7505137670236794	1.9321505168294235	2.1089479116915051	2.279891869187602	2.4437676136452771	9.4969067822844426	2.7442151434334496	2.8769725977365508	2.994915654778449	3.0950888605888065	3.1739700831042179	3.227364805735041	3.2502810971756433	3.2367817791943878	3.1798096956639448	3.0709812587288905	2.9003425927418216	2.656081591119825	2.3241880194021163	1.8880524088173876	1.3279928525737417	0.62069689961670049	-0.26143651178292182	-1.3510727836445129	0.21148158778859566	0.42212320021841526	0.63172304752890029	0.84003624969283897	1.0467662099980426	1.2515543307490695	1.4539677613176822	1.6534848120718568	1.8494776007985758	2.0411914192874674	2.2277202146224346	2.407977469922419	2.5806616398240934	2.7442151434334496	10.899278015866512	3.0361188824415271	3.1595894586834401	3.2640209086058465	3.3456395192836665	3.3999511657994281	3.4216073503256683	3.4042468104713461	3.3403083075286091	3.2208094259380728	3.0350852989346642	2.7704800980366913	2.4119828577504547	1.9417977186781261	1.3388369235426698	0.57812284621429244	-0.36991707944542318	-1.5402814984572468	0.22199534445599284	0.44309471519595789	0.66308286980863285	0.88169860293165814	1.0986255447386997	1.3134811910212858	1.5258038344426301	1.7350370060619071	1.9405109648518983	2.1414206887215403	2.3367997212269964	2.5254891110284703	2.7061005430717473	2.8769725977365508	3.0361188824415271	12.465311999502893	3.3092834864476806	3.4170920171797383	3.5005668527175704	3.5549142598158734	3.574429174125354	3.5523262490955672	3.480540163438139	3.3494896738897251	3.1477989225675791	2.8619683590912319	2.475986286934071	1.9708704560717438	1.3241272587420827	0.50911389373997007	-0.50571370948223537	-1.757687438946691	0.23145092989044691	0.46194988770761425	0.69126817838953591	0.91912827123870477	1.1451940233146412	1.3690590238958433	1.5902327089369761	1.8081238301884124	2.0220207878087328	2.2310682458261821	2.4342393442691832	2.6303026973392041	2.8177832202911399	2.994915654778449	3.1595894586834401	3.3092834864476801	14.212039163619581	3.5511160435606528	3.6353889327255549	3.6887139291734563	3.7050294020332335	3.6771259205950395	3.596434080989976	3.4527738122507414	3.2340582653769165	2.9259441680892513	2.5114190928282225	1.970314398942955	1.2787306281861437	0.40835980427735347	-0.67431364774028502	-2.0089548588903132	0.23963724023693384	0.47826651004333637	0.71564566170653765	0.95148083919388304	1.1854161264507466	1.417021206242598	1.6457766578155524	1.8710564536111807	2.0921071349738631	2.3080230520511518	2.5177169413437315	2.7198849825943316	2.9129653213669604	3.0950888605888065	3.2640209086058469	3.4170920171797379	3.5511160435606528	16.158384531278024	3.7460947860621632	3.7971280967716954	3.8089748530938028	3.7740015401592353	3.6831346715185695	3.5255953485005462	3.2885857309870747	2.9569188248001259	2.5125814713472621	1.9342186393510863	1.1965250200791588	0.26952746217572343	-0.88226111372531624	-2.3008390816488866	0.24630269463378174	0.4915414204797805	0.73546057717462221	0.977749983350505	1.218033949838657	1.4558582528915185	1.6906746150466552	1.9218222294368366	2.1485057785922415	2.3697692987797314	2.5844651229722504	2.7912169964537914	2.9883762950974728	3.1739700831042179	3.345639519283667	3.5005668527175704	3.6353889327255544	3.7460947860621632	18.325311080081946	3.8751251453771545	3.8809823292119527	3.8374183288313715	3.7348555752054651	3.5619163419590136	3.3050917978562566	2.9483512268203835	2.4726807392260461	1.8555389131693227	1.07021458943264	0.085069441584921024	-1.137355114149158	-2.6413906947959078	0.25114768475315902	0.50117540236128333	0.74981409981029501	0.99673727039724469	1.2415494518392145	1.4837725138756155	1.7228293223354636	1.9580242910427279	2.188520243713385	2.4133109027336053	2.6311881975485929	2.8407034389836037	3.0401212332208676	3.2273648057350406	3.3999511657994286	3.5549142598158738	3.6887139291734559	3.7971280967716958	3.8751251453771549	20.735956157241898	3.9147600555032205	3.8607849033991548	3.7447058005105376	3.5545461927581874	3.2760862577886747	2.8924515576264072	2.383627471613126	1.7258861872183844	0.89111069473947535	-0.15400250732999821	-1.4488835071745878	-3.0401971648219877	0.25381564407323493	0.50645532264418336	0.75763653004806353	1.0070164342467784	1.2541797998432647	1.4986245900639037	1.739744814029162	1.9768101062542074	2.2089414316408154	2.4350821986944644	2.6539639333326197	2.8640655119217988	3.0635647709533438	3.2502810971756433	3.4216073503256683	3.5744291741253535	3.7050294020332335	3.8089748530938037	3.8809823292119527	3.9147600555032205	23.415754361368787	3.8362568003823063	3.7044843174316755	3.4949273043741265	3.1926549477385553	2.7799490876505932	2.2357943724190648	1.535276598887005	0.64887290686656751	-0.45838538022396125	-1.8278998549783607	-3.508668620425714	0.25388248843460659	0.5065330130096749	0.75765561540971937	1.0068911382614956	1.2538045730537941	1.4978699764999668	1.7384525010119316	1.9747870017960536	2.205952584939908	2.4308423450682821	2.6481274045709005	2.8562142053555437	3.0531938142226656	3.2367817791943878	3.4042468104713453	3.5523262490955672	3.6771259205950395	3.7740015401592353	3.8374183288313715	3.8607849033991548	3.8362568003823059	26.39253826348844	3.6044371903026176	3.372881656981165	3.0441957637208321	2.5998176287484709	2.0177311693399904	1.2718357917119079	0.33120278519123919	-0.84080170187904912	-2.2875507665019659	-4.060375754707974	0.25084413525675064	0.50040030829671134	0.74835910815369244	0.99434505211930235	1.2379033585681856	1.4784841777006641	1.7154238052201076	1.9479223170240789	2.1750169603859524	2.3955505160498238	2.6081337028776774	2.8111005283185571	3.0024552894820289	3.1798096956639457	3.3403083075286091	3.480540163438139	3.596434080989976	3.68313467151857	3.7348555752054651	3.7447058005105376	3.7044843174316759	3.604437190302618	29.696605796304652	3.1763112686467418	2.8181066412224185	2.3389510338264303	1.7158276327017725	0.92144945343843798	-0.076518065121689446	-1.3163739497109639	-2.8434628017416266	-4.711449210245517	0.24410175683570812	0.48685955309737455	0.72795052516810577	0.96698286500436259	1.2034820178666437	1.4368742274422419	1.6664669327259773	1.8914254303066114	2.1107451086433175	2.3232184345994988	2.5273957235094016	2.7215385483633314	2.9035644365799662	3.0709812587288905	3.2208094259380733	3.3494896738897246	3.4527738122507414	3.5255953485005467	3.5619163419590136	3.5545461927581878	3.4949273043741265	3.3728816569811646	3.1763112686467414	33.360739983510925	2.4994168876443403	1.9817797825815382	1.3139154144975154	0.46735040835574471	-0.59165564748702981	-1.9030669548384798	-3.5141996195200691	-5.4810514735650324	0.23294436205380736	0.46448876517632126	0.69429689309994447	0.92196061244598992	1.146985595360811	1.3687741790186705	1.5866049457058395	1.7996084127022782	2.0067381096529586	2.2067361895405924	2.3980925641716859	2.5789963720778077	2.7472783709867463	2.9003425927418207	3.0350852989346642	3.1477989225675791	3.2340582653769161	3.2885857309870743	3.3050917978562562	3.2760862577886747	3.1926549477385548	3.0441957637208321	2.8181066412224181	2.4994168876443408	37.420162775345865	1.5098181059543319	0.79279775455008783	-0.11036909483098091	-1.2348287043172568	-2.6222104507917394	-4.3218019444851192	-6.3919342604320111	0.21652822901226898	0.43160050073599276	0.64486704625287028	0.85590340684906685	1.06419548155679	1.2691217010372735	1.4699317908682386	1.6657214890208438	1.8554024663258604	2.0376665618853091	2.2109432839779553	2.3733493366766316	2.522628708018237	2.6560815911198246	2.7704800980366908	2.8619683590912319	2.9259441680892517	2.9569188248001255	2.9483512268203831	2.8924515576264072	2.7799490876505919	2.5998176287484704	2.3389510338264303	1.9817797825815382	1.5098181059543319	41.912399940089557	0.12969416159244213	-0.83533326928755758	-2.0305051706769759	-3.4991160945341293	-5.2924251554989334	-7.4710966716073921	0.19385262667817979	0.38619329771056266	0.57665879152814348	0.76480832408194055	0.95010802129001526	1.1319124073005711	1.3094423509827815	1.4817588109990032	1.6477315993658057	1.8060022413045183	1.954939841566167	2.0925886697648459	2.216605944246568	2.3241880194021163	2.4119828577504547	2.475986286934071	2.5114190928282225	2.5125814713472616	2.4726807392260461	2.3836274716131252	2.2357943724190648	2.0177311693399909	1.7158276327017712	1.3139154144975154	0.79279775455008727	0.1296941615924434	46.877028037830023	-1.7355625839355604	-3.007706246520673	-4.5638058170530442	-6.4570919145818273	-8.7505621001443998	0.16373116442501773	0.3258943748469868	0.48611295704619822	0.64392980163852276	0.7987912614278756	0.95002795404943197	1.0968318916638147	1.2382292536245794	1.3730479931340949	1.4998793215329982	1.6170319400445758	1.7224776838241862	1.8137870015269513	1.8880524088173878	1.9417977186781263	1.9708704560717436	1.9703143989429548	1.9342186393510863	1.8555389131693225	1.7258861872183844	1.5352765988870045	1.2718357917119079	0.92144945343843865	0.46735040835574437	-0.11036909483098006	-0.83533326928755636	-1.7355625839355604	52.355267236498108	-4.2008372600174777	-5.8518713371441438	-7.8525803311559725	-10.26829504609174	0.12475799176764719	0.247892031174994	0.36901199135162749	0.48764443757827108	0.60321594954469404	0.71503323837304178	0.82225945951538837	0.92388601301648798	1.0186989932645074	1.1052392977193939	1.1817552240766922	1.2461461730330241	1.2958958235526241	1.3279928525737412	1.3388369235426694	1.3241272587420825	1.2787306281861432	1.1965250200791584	1.0702145894326398	0.89111069473947524	0.64887290686656651	0.33120278519123963	-0.076518065121689113	-0.5916556474870307	-1.2348287043172579	-2.0305051706769759	-3.0077062465206712	-4.2008372600174795	58.389374836736479	-7.4054881693615	-9.5224717702605872	-12.06928272497375	0.075267933630748518	0.14885591654394487	0.22036036921847216	0.28929153159990673	0.35505621026387146	0.4169372098194824	0.47406882901026531	0.52540768857217124	0.56969802407916748	0.60543041911050732	0.63079276783399907	0.64361203648752474	0.64128513434443113	0.62069689961670094	0.57812284621429244	0.50911389373996985	0.40835980427735324	0.26952746217572393	0.085069441584921343	-0.15400250732999773	-0.45838538022396141	-0.84080170187904912	-1.3163739497109643	-1.9030669548384807	-2.6222104507917399	-3.4991160945341284	-4.5638058170530451	-5.8518713371441438	-7.4054881693615	65.021783509984772	-11.51838665923057	-14.206810739200662	0.013289485605094022	0.024843022135384144	0.034243577419049771	0.0409850660665192	0.044454521539269945	0.043910841933388803	0.038459469283851209	0.027022245017807943	0.0083015458950243797	-0.019262358385936904	-0.057541977185008447	-0.10878277872304418	-0.17567462341758724	-0.26143651178292232	-0.36991707944542285	-0.50571370948223571	-0.67431364774028513	-0.88226111372531546	-1.1373551141491576	-1.4488835071745867	-1.8278998549783614	-2.2875507665019663	-2.8434628017416266	-3.5141996195200695	-4.3218019444851183	-5.2924251554989326	-6.4570919145818255	-7.8525803311559752	-9.5224717702605872	-11.518386659230572	72.293915012778328	-16.743967229867756	-0.063510595310701065	-0.1288131380534577	-0.19633811305079446	-0.26660793102743069	-0.34025533163603444	-0.41804532329354827	-0.50090132067354698	-0.58993626165767965	-0.68648962830038407	-0.79217146478378642	-0.90891468399556152	-1.0390371886153	-1.1853156087514332	-1.3510727836445129	-1.5402814984572466	-1.7576874389466901	-2.0089548588903128	-2.3008390816488857	-2.6413906947959078	-3.0401971648219872	-3.5086686204257131	-4.0603757547079731	-4.7114492102455161	-5.4810514735650324	-6.3919342604320093	-7.4710966716073912	-8.7505621001443998	-10.268295046091742	-12.06928272497375	-14.206810739200662	-16.743967229867756	80.244584026980633
A	0.2496988640512931	0.24729412749119525	0.24250781329863599	0.2353860162957552	0.22599732328086083	0.21443215250006803	0.20080188287016124	0.1852377813387398	0.16788973871175458	0.14892482612310837	0.12852568604830542	0.10688877335757055	0.084222463348055013	0.060745044975815995	0.036682618613840437	0.012266918581854531	-0.012266918581854502	-0.036682618613840409	-0.060745044975815968	-0.084222463348054985	-0.10688877335757047	-0.12852568604830542	-0.14892482612310834	-0.16788973871175461	-0.18523778133873972	-0.20080188287016121	-0.214432152500068	-0.22599732328086083	-0.23538601629575517	-0.24250781329863599	-0.24729412749119525	-0.2496988640512931	0.24879618166804923	0.23923508393305221	0.22048031608708876	0.19325261334068425	0.15859832104091137	0.11784918420649945	0.072571169313615583	0.024504285082390193	-0.024504285082390161	-0.072571169313615541	-0.11784918420649942	-0.15859832104091134	-0.19325261334068425	-0.22048031608708873	-0.23923508393305221	-0.2487961816680492	-0.24879618166804923	-0.23923508393305223	-0.22048031608708876	-0.19325261334068428	-0.15859832104091146	-0.11784918420649948	-0.072571169313615611	-0.024504285082390113	0.024504285082390023	0.072571169313615513	0.1178491842064994	0.1585983210409114	0.19325261334068417	0.22048031608708871	0.23923508393305221	0.24879618166804923	0.24729412749119525	0.22599732328086083	0.1852377813387398	0.12852568604830542	0.060745044975815995	-0.012266918581854446	-0.084222463348055041	-0.14892482612310826	-0.20080188287016126	-0.23538601629575517	-0.2496988640512931	-0.24250781329863599	-0.21443215250006806	-0.16788973871175467	-0.10688877335757062	-0.036682618613840576	0.036682618613840486	0.10688877335757054	0.16788973871175461	0.214432152500068	0.24250781329863594	0.2496988640512931	0.23538601629575517	0.20080188287016118	0.14892482612310848	0.084222463348055221	0.012266918581854538	-0.060745044975816127	-0.12852568604830536	-0.18523778133873983	-0.22599732328086078	-0.24729412749119525	0.24519632010080761	0.20786740307563631	0.13889255825490057	0.048772580504032083	-0.048772580504032048	-0.13889255825490049	-0.20786740307563634	-0.24519632010080761	-0.24519632010080761	-0.20786740307563636	-0.13889255825490054	-0.048772580504032166	0.048772580504032076	0.13889255825490046	0.20786740307563631	0.24519632010080758	0.24519632010080761	0.20786740307563636	0.13889255825490057	0.048772580504032194	-0.048772580504031826	-0.13889255825490043	-0.20786740307563628	-0.24519632010080764	-0.24519632010080766	-0.20786740307563639	-0.1388925582549006	-0.048772580504032007	0.048772580504031798	0.13889255825490041	0.20786740307563628	0.24519632010080761
B	0.15121231778301841	-0.00037249496465998136	0.16350259565436245	-0.00042156733813508013
CENTER	1.0534768798745873	1.0632643517003197	0.79627242905108386	0.31723171007227391	-0.11322377275570006	-0.25882050996498351	-0.11292867393604006	0.1002614696097513	0.13096156429233777	-0.071613085669375937	-0.31998621381555087	-0.36898394740738216	-0.14882817420047806	0.16440559941961683	0.3061793315909247	0.1640927626546396	-0.11972604018167736	-0.2789598552351229	-0.1667890602658644	0.11068250093579052	0.29357109007818566	0.20851628483909312	-0.070935187619398973	-0.29136538072393875	-0.2522743924035194	0.0094863245336893661	0.25331000663707848	0.2556773865767164	0.015292619633643308	-0.24602679836482738	-0.28749111677514771	-0.070816751459828589
TARGET	0.059600799238518361	0.27961172579016785	0.24254892114587701	-0.017512243028274026	-0.26147273172407642	-0.26503639671604595	-0.024926820845248918	0.23810035915474592	0.2822191670039319	0.066866974230074289	-0.2099624062780627	-0.29375331874539523	-0.1074687846710486	0.17762205441216691	0.29940799581490851	0.1459196066561399	-0.14172659591953984	-0.29907001981247883	-0.18144984672188522	0.10299447864596861	0.29274615533009263	0.21334836687179473	-0.062200926182027633	-0.28056297455836166	-0.24097671800818643	0.020162421757642476	0.26276432394326682	0.26378191849521726	0.022279633675308393	-0.23970644359788409	-0.28130752209008431	-0.0642757620887663
MULTIPLIERS	0.5	0.83333333333333326	1.1666666666666665	1.5
X0	0	0	0	0	0	0	0	0	0	0	0	0	0	0	0	0	0	0	0	0	0	0	0	0	0	0	0	0	0	0	0	0
END
CASE	equality-dense-32-s1
KIND	0
EQUALITIES	4
INEQUALITIES	0
Q	1.0153229862042328	0.03058997405121406	0.045787510890239594	0.060899271386162017	0.075905482424835455	0.090782237493230458	0.10550067988279781	0.12002603028473596	0.13431642988484377	0.14832156480242975	0.16198103150975407	0.17522239554807956	0.18795888722651771	0.2000866678188013	0.21148158778859566	0.22199534445599284	0.23145092989044694	0.23963724023693386	0.24630269463378174	0.25114768475315902	0.25381564407323487	0.25388248843460665	0.25084413525675064	0.24410175683570812	0.23294436205380739	0.21652822901226901	0.19385262667817982	0.16373116442501773	0.12475799176764721	0.075267933630748546	0.013289485605094039	-0.063510595310701121	0.03058997405121406	1.221223253127897	0.091407026708723971	0.12157454934331709	0.15153097306341223	0.18122848484295048	0.21060937126483345	0.23960407371145803	0.26812887455442191	0.29608314603234209	0.32334608108973906	0.34977281080913825	0.37518979580876283	0.39938935863607822	0.42212320021841526	0.44309471519595789	0.4619498877076143	0.47826651004333642	0.49154142047978044	0.50117540236128333	0.50645532264418325	0.50653301300967501	0.50040030829671134	0.4868595530973745	0.46448876517632132	0.43160050073599282	0.38619329771056271	0.3258943748469868	0.24789203117499403	0.14885591654394492	0.024843022135384179	-0.12881313805345782	0.045787510890239587	0.091407026708723957	1.4827785136587062	0.18197202326864961	0.22680920866221088	0.27125802614493666	0.3152319055911797	0.35862650907453503	0.40131626015239935	0.4431502171826982	0.48394716958221207	0.52348981397472927	0.56151784128758475	0.59771973534197642	0.63172304752890029	0.66308286980863274	0.69126817838953591	0.71564566170653776	0.73546057717462221	0.74981409981029512	0.75763653004806353	0.75765561540971937	0.74835910815369255	0.72795052516810577	0.69429689309994447	0.64486704625287028	0.57665879152814348	0.48611295704619811	0.36901199135162754	0.22036036921847224	0.034243577419049639	-0.19633811305079457	0.060899271386162017	0.12157454934331709	0.18197202326864964	1.8035493978220665	0.30165856254549395	0.36077290938830436	0.41925400551580422	0.47696273369278724	0.53373165866244887	0.58935952490202315	0.64360471830055099	0.69617750102308329	0.74673079430606626	0.79484924324443107	0.84003624969283897	0.88169860293165814	0.91912827123870489	0.95148083919388304	0.977749983350505	0.99673727039724458	1.0070164342467784	1.0068911382614958	0.99434505211930224	0.96698286500436259	0.92196061244599004	0.85590340684906707	0.76480832408194066	0.64392980163852276	0.48764443757827114	0.28929153159990684	0.04098506606651927	-0.26660793102743091	0.075905482424835469	0.15153097306341223	0.22680920866221085	0.30165856254549395	2.1875893633429468	0.44965449588817802	0.52253725923968586	0.59445456265304752	0.66519711205725751	0.73451333804885832	0.80210122298915099	0.86759859458444932	0.93057160438031106	0.99050105874540006	1.0467662099980428	1.0986255447386997	1.1451940233146412	1.1854161264507468	1.2180339498386572	1.2415494518392145	1.2541797998432647	1.2538045730537941	1.2379033585681856	1.2034820178666437	1.1469855953608112	1.06419548155679	0.95010802129001526	0.7987912614278756	0.60321594954469404	0.35505621026387146	0.044454521539269862	-0.34025533163603422	0.090782237493230444	0.18122848484295045	0.27125802614493666	0.36077290938830431	0.44965449588817807	2.6395073578988693	0.62491432117161827	0.71091074385108022	0.79549746171956015	0.87837259149290903	0.95917371200468804	1.0374662165024737	1.1127294868409361	1.1843404906624706	1.2515543307490695	1.3134811910212858	1.3690590238958436	1.4170212062425982	1.4558582528915185	1.4837725138756155	1.4986245900639037	1.4978699764999668	1.4784841777006641	1.4368742274422419	1.3687741790186707	1.2691217010372735	1.1319124073005713	0.95002795404943174	0.715033238373042	0.41693720981948257	0.043910841933388754	-0.41804532329354849	0.10550067988279781	0.21060937126483345	0.3152319055911797	0.41925400551580422	0.52253725923968586	0.62491432117161827	3.1645372926205853	0.8261004236184919	0.92437299727241418	1.0206487181486834	1.1145047615531212	1.2054340862745672	1.2928293044768016	1.3759635450759544	1.4539677613176822	1.5258038344426301	1.5902327089369761	1.6457766578155524	1.6906746150466552	1.7228293223354636	1.739744814029162	1.7384525010119316	1.7154238052201072	1.6664669327259773	1.5866049457058398	1.4699317908682388	1.3094423509827815	1.0968318916638145	0.82225945951538859	0.47406882901026537	0.038459469283851251	-0.50090132067354698	0.12002603028473596	0.23960407371145803	0.35862650907453503	0.47696273369278724	0.59445456265304752	0.71091074385108022	0.8261004236184919	3.7686148021108385	1.0515107049366053	1.1609939249281656	1.2677117992376332	1.3710848521951096	1.4704189262734877	1.5648833116626291	1.6534848120718568	1.7350370060619071	1.8081238301884126	1.8710564536111807	1.9218222294368366	1.9580242910427277	1.9768101062542072	1.9747870017960538	1.9479223170240789	1.8914254303066114	1.7996084127022784	1.6657214890208443	1.4817588109990034	1.2382292536245794	0.92388601301648809	0.52540768857217168	0.027022245017808522	-0.58993626165768009	0.13431642988484374	0.26812887455442186	0.40131626015239935	0.53373165866244876	0.66519711205725751	0.79549746171956004	0.92437299727241407	1.051510704936605	4.4584617278957976	1.2989896236893443	1.4183343781020112	1.5339162084936879	1.6449541876463794	1.7505137670236792	1.8494776007985758	1.9405109648518983	2.0220207878087324	2.0921071349738631	2.1485057785922415	2.1885202437133846	2.2089414316408149	2.205952584939908	2.1750169603859524	2.1107451086433171	2.0067381096529586	1.8554024663258606	1.6477315993658059	1.3730479931340946	1.0186989932645079	0.56969802407916714	0.0083015458950245272	-0.68648962830038451	0.14832156480242975	0.29608314603234209	0.44315021718269815	0.58935952490202315	0.73451333804885832	0.87837259149290903	1.0206487181486834	1.1609939249281656	1.2989896236893443	5.2416786968476767	1.5658190454586491	1.6933243886020044	1.8157810081464867	1.9321505168294235	2.0411914192874678	2.1414206887215403	2.2310682458261821	2.3080230520511522	2.3697692987797319	2.4133109027336053	2.4350821986944649	2.4308423450682821	2.3955505160498238	2.3232184345994993	2.2067361895405928	2.0376665618853091	1.8060022413045187	1.4998793215329984	1.1052392977193941	0.60543041911050743	-0.019262358385937071	-0.79217146478378642	0.16198103150975407	0.32334608108973906	0.48394716958221207	0.64360471830055099	0.8021012229891511	0.95917371200468804	1.1145047615531214	1.267711799237633	1.4183343781020115	1.5658190454586489	6.1268460656424795	1.8485845501871812	1.9821141419131929	2.1089479116915051	2.2277202146224346	2.336799721226996	2.4342393442691832	2.5177169413437319	2.5844651229722504	2.6311881975485929	2.6539639333326197	2.6481274045709005	2.608133702877677	2.5273957235094016	2.3980925641716855	2.2109432839779557	1.9549398415661667	1.6170319400445763	1.1817552240766922	0.6307927678339994	-0.05754197718500878	-0.90891468399556186	0.17522239554807953	0.34977281080913819	0.52348981397472927	0.69617750102308318	0.86759859458444943	1.0374662165024737	1.2054340862745672	1.3710848521951096	1.5339162084936881	1.6933243886020046	1.8485845501871812	7.1236333567053052	2.1430119409829143	2.279891869187602	2.407977469922419	2.5254891110284703	2.6303026973392041	2.7198849825943321	2.7912169964537914	2.8407034389836037	2.8640655119217988	2.8562142053555437	2.8111005283185571	2.7215385483633314	2.5789963720778077	2.3733493366766321	2.0925886697648459	1.7224776838241858	1.2461461730330246	0.64361203648752463	-0.10878277872304472	-1.0390371886153005	0.18795888722651771	0.37518979580876283	0.56151784128758475	0.74673079430606626	0.93057160438031106	1.1127294868409361	1.2928293044768016	1.4704189262734877	1.6449541876463794	1.8157810081464867	1.9821141419131929	2.1430119409829143	8.2429171079184904	2.4437676136452771	2.5806616398240934	2.7061005430717473	2.8177832202911404	2.9129653213669604	2.9883762950974724	3.0401212332208676	3.0635647709533433	3.0531938142226656	3.0024552894820284	2.9035644365799658	2.7472783709867463	2.5226287080182375	2.216605944246568	1.813787001526951	1.2958958235526243	0.64128513434443146	-0.17567462341758688	-1.1853156087514336	0.2000866678188013	0.39938935863607827	0.59771973534197642	0.79484924324443107	0.99050105874540006	1.1843404906624706	1.3759635450759544	1.5648833116626291	1.7505137670236794	1.9321505168294235	2.1089479116915051	2.279891869187602	2.4437676136452771	9.4969067822844426	2.7442151434334496	2.8769725977365508	2.994915654778449	3.0950888605888065	3.1739700831042179	3.227364805735041	3.2502810971756433	3.2367817791943878	3.1798096956639448	3.0709812587288905	2.9003425927418216	2.656081591119825	2.3241880194021163	1.8880524088173876	1.3279928525737417	0.62069689961670049	-0.26143651178292182	-1.3510727836445129	0.21148158778859566	0.42212320021841526	0.63172304752890029	0.84003624969283897	1.0467662099980426	1.2515543307490695	1.4539677613176822	1.6534848120718568	1.8494776007985758	2.0411914192874674	2.2277202146224346	2.407977469922419	2.5806616398240934	2.7442151434334496	10.899278015866512	3.0361188824415271	3.1595894586834401	3.2640209086058465	3.3456395192836665	3.3999511657994281	3.4216073503256683	3.4042468104713461	3.3403083075286091	3.2208094259380728	3.0350852989346642	2.7704800980366913	2.4119828577504547	1.9417977186781261	1.3388369235426698	0.57812284621429244	-0.36991707944542318	-1.5402814984572468	0.22199534445599284	0.44309471519595789	0.66308286980863285	0.88169860293165814	1.0986255447386997	1.3134811910212858	1.5258038344426301	1.7350370060619071	1.9405109648518983	2.1414206887215403	2.3367997212269964	2.5254891110284703	2.7061005430717473	2.8769725977365508	3.0361188824415271	12.465311999502893	3.3092834864476806	3.4170920171797383	3.5005668527175704	3.5549142598158734	3.574429174125354	3.5523262490955672	3.480540163438139	3.3494896738897251	3.1477989225675791	2.8619683590912319	2.475986286934071	1.9708704560717438	1.3241272587420827	0.50911389373997007	-0.50571370948223537	-1.757687438946691	0.23145092989044691	0.46194988770761425	0.69126817838953591	0.91912827123870477	1.1451940233146412	1.3690590238958433	1.5902327089369761	1.8081238301884124	2.0220207878087328	2.2310682458261821	2.4342393442691832	2.6303026973392041	2.8177832202911399	2.994915654778449	3.1595894586834401	3.3092834864476801	14.212039163619581	3.5511160435606528	3.6353889327255549	3.6887139291734563	3.7050294020332335	3.6771259205950395	3.596434080989976	3.4527738122507414	3.2340582653769165	2.9259441680892513	2.5114190928282225	1.970314398942955	1.2787306281861437	0.40835980427735347	-0.67431364774028502	-2.0089548588903132	0.23963724023693384	0.47826651004333637	0.71564566170653765	0.95148083919388304	1.1854161264507466	1.417021206242598	1.6457766578155524	1.8710564536111807	2.0921071349738631	2.3080230520511518	2.5177169413437315	2.7198849825943316	2.9129653213669604	3.0950888605888065	3.2640209086058469	3.4170920171797379	3.5511160435606528	16.158384531278024	3.7460947860621632	3.7971280967716954	3.8089748530938028	3.7740015401592353	3.6831346715185695	3.5255953485005462	3.2885857309870747	2.9569188248001259	2.5125814713472621	1.9342186393510863	1.1965250200791588	0.26952746217572343	-0.88226111372531624	-2.3008390816488866	0.24630269463378174	0.4915414204797805	0.73546057717462221	0.977749983350505	1.218033949838657	1.4558582528915185	1.6906746150466552	1.9218222294368366	2.1485057785922415	2.3697692987797314	2.5844651229722504	2.7912169964537914	2.9883762950974728	3.1739700831042179	3.345639519283667	3.5005668527175704	3.6353889327255544	3.7460947860621632	18.325311080081946	3.8751251453771545	3.8809823292119527	3.8374183288313715	3.7348555752054651	3.5619163419590136	3.3050917978562566	2.9483512268203835	2.4726807392260461	1.8555389131693227	1.07021458943264	0.085069441584921024	-1.137355114149158	-2.6413906947959078	0.25114768475315902	0.50117540236128333	0.74981409981029501	0.99673727039724469	1.2415494518392145	1.4837725138756155	1.7228293223354636	1.9580242910427279	2.188520243713385	2.4133109027336053	2.6311881975485929	2.8407034389836037	3.0401212332208676	3.2273648057350406	3.3999511657994286	3.5549142598158738	3.6887139291734559	3.7971280967716958	3.8751251453771549	20.735956157241898	3.9147600555032205	3.8607849033991548	3.7447058005105376	3.5545461927581874	3.2760862577886747	2.8924515576264072	2.383627471613126	1.7258861872183844	0.89111069473947535	-0.15400250732999821	-1.4488835071745878	-3.0401971648219877	0.25381564407323493	0.50645532264418336	0.75763653004806353	1.0070164342467784	1.2541797998432647	1.4986245900639037	1.739744814029162	1.9768101062542074	2.2089414316408154	2.4350821986944644	2.6539639333326197	2.8640655119217988	3.0635647709533438	3.2502810971756433	3.4216073503256683	3.5744291741253535	3.7050294020332335	3.8089748530938037	3.8809823292119527	3.9147600555032205	23.415754361368787	3.8362568003823063	3.7044843174316755	3.4949273043741265	3.1926549477385553	2.7799490876505932	2.2357943724190648	1.535276598887005	0.64887290686656751	-0.45838538022396125	-1.8278998549783607	-3.508668620425714	0.25388248843460659	0.5065330130096749	0.75765561540971937	1.0068911382614956	1.2538045730537941	1.4978699764999668	1.7384525010119316	1.9747870017960536	2.205952584939908	2.4308423450682821	2.6481274045709005	2.8562142053555437	3.0531938142226656	3.2367817791943878	3.4042468104713453	3.5523262490955672	3.6771259205950395	3.7740015401592353	3.8374183288313715	3.8607849033991548	3.8362568003823059	26.39253826348844	3.6044371903026176	3.372881656981165	3.0441957637208321	2.5998176287484709	2.0177311693399904	1.2718357917119079	0.33120278519123919	-0.84080170187904912	-2.2875507665019659	-4.060375754707974	0.25084413525675064	0.50040030829671134	0.74835910815369244	0.99434505211930235	1.2379033585681856	1.4784841777006641	1.7154238052201076	1.9479223170240789	2.1750169603859524	2.3955505160498238	2.6081337028776774	2.8111005283185571	3.0024552894820289	3.1798096956639457	3.3403083075286091	3.480540163438139	3.596434080989976	3.68313467151857	3.7348555752054651	3.7447058005105376	3.7044843174316759	3.604437190302618	29.696605796304652	3.1763112686467418	2.8181066412224185	2.3389510338264303	1.7158276327017725	0.92144945343843798	-0.076518065121689446	-1.3163739497109639	-2.8434628017416266	-4.711449210245517	0.24410175683570812	0.48685955309737455	0.72795052516810577	0.96698286500436259	1.2034820178666437	1.4368742274422419	1.6664669327259773	1.8914254303066114	2.1107451086433175	2.3232184345994988	2.5273957235094016	2.7215385483633314	2.9035644365799662	3.0709812587288905	3.2208094259380733	3.3494896738897246	3.4527738122507414	3.5255953485005467	3.5619163419590136	3.5545461927581878	3.4949273043741265	3.3728816569811646	3.1763112686467414	33.360739983510925	2.4994168876443403	1.9817797825815382	1.3139154144975154	0.46735040835574471	-0.59165564748702981	-1.9030669548384798	-3.5141996195200691	-5.4810514735650324	0.23294436205380736	0.46448876517632126	0.69429689309994447	0.92196061244598992	1.146985595360811	1.3687741790186705	1.5866049457058395	1.7996084127022782	2.0067381096529586	2.2067361895405924	2.3980925641716859	2.5789963720778077	2.7472783709867463	2.9003425927418207	3.0350852989346642	3.1477989225675791	3.2340582653769161	3.2885857309870743	3.3050917978562562	3.2760862577886747	3.1926549477385548	3.0441957637208321	2.8181066412224181	2.4994168876443408	37.420162775345865	1.5098181059543319	0.79279775455008783	-0.11036909483098091	-1.2348287043172568	-2.6222104507917394	-4.3218019444851192	-6.3919342604320111	0.21652822901226898	0.43160050073599276	0.64486704625287028	0.85590340684906685	1.06419548155679	1.2691217010372735	1.4699317908682386	1.6657214890208438	1.8554024663258604	2.0376665618853091	2.2109432839779553	2.3733493366766316	2.522628708018237	2.6560815911198246	2.7704800980366908	2.8619683590912319	2.9259441680892517	2.9569188248001255	2.9483512268203831	2.8924515576264072	2.7799490876505919	2.5998176287484704	2.3389510338264303	1.9817797825815382	1.5098181059543319	41.912399940089557	0.12969416159244213	-0.83533326928755758	-2.0305051706769759	-3.4991160945341293	-5.2924251554989334	-7.4710966716073921	0.19385262667817979	0.38619329771056266	0.57665879152814348	0.76480832408194055	0.95010802129001526	1.1319124073005711	1.3094423509827815	1.4817588109990032	1.6477315993658057	1.8060022413045183	1.954939841566167	2.0925886697648459	2.216605944246568	2.3241880194021163	2.4119828577504547	2.475986286934071	2.5114190928282225	2.5125814713472616	2.4726807392260461	2.3836274716131252	2.2357943724190648	2.0177311693399909	1.7158276327017712	1.3139154144975154	0.79279775455008727	0.1296941615924434	46.877028037830023	-1.7355625839355604	-3.007706246520673	-4.5638058170530442	-6.4570919145818273	-8.7505621001443998	0.16373116442501773	0.3258943748469868	0.48611295704619822	0.64392980163852276	0.7987912614278756	0.95002795404943197	1.0968318916638147	1.2382292536245794	1.3730479931340949	1.4998793215329982	1.6170319400445758	1.7224776838241862	1.8137870015269513	1.8880524088173878	1.9417977186781263	1.9708704560717436	1.9703143989429548	1.9342186393510863	1.8555389131693225	1.7258861872183844	1.5352765988870045	1.2718357917119079	0.92144945343843865	0.46735040835574437	-0.11036909483098006	-0.83533326928755636	-1.7355625839355604	52.355267236498108	-4.2008372600174777	-5.8518713371441438	-7.8525803311559725	-10.26829504609174	0.12475799176764719	0.247892031174994	0.36901199135162749	0.48764443757827108	0.60321594954469404	0.71503323837304178	0.82225945951538837	0.92388601301648798	1.0186989932645074	1.1052392977193939	1.1817552240766922	1.2461461730330241	1.2958958235526241	1.3279928525737412	1.3388369235426694	1.3241272587420825	1.2787306281861432	1.1965250200791584	1.0702145894326398	0.89111069473947524	0.64887290686656651	0.33120278519123963	-0.076518065121689113	-0.5916556474870307	-1.2348287043172579	-2.0305051706769759	-3.0077062465206712	-4.2008372600174795	58.389374836736479	-7.4054881693615	-9.5224717702605872	-12.06928272497375	0.075267933630748518	0.14885591654394487	0.22036036921847216	0.28929153159990673	0.35505621026387146	0.4169372098194824	0.47406882901026531	0.52540768857217124	0.56969802407916748	0.60543041911050732	0.63079276783399907	0.64361203648752474	0.64128513434443113	0.62069689961670094	0.57812284621429244	0.50911389373996985	0.40835980427735324	0.26952746217572393	0.085069441584921343	-0.15400250732999773	-0.45838538022396141	-0.84080170187904912	-1.3163739497109643	-1.9030669548384807	-2.6222104507917399	-3.4991160945341284	-4.5638058170530451	-5.8518713371441438	-7.4054881693615	65.021783509984772	-11.51838665923057	-14.206810739200662	0.013289485605094022	0.024843022135384144	0.034243577419049771	0.0409850660665192	0.044454521539269945	0.043910841933388803	0.038459469283851209	0.027022245017807943	0.0083015458950243797	-0.019262358385936904	-0.057541977185008447	-0.10878277872304418	-0.17567462341758724	-0.26143651178292232	-0.36991707944542285	-0.50571370948223571	-0.67431364774028513	-0.88226111372531546	-1.1373551141491576	-1.4488835071745867	-1.8278998549783614	-2.2875507665019663	-2.8434628017416266	-3.5141996195200695	-4.3218019444851183	-5.2924251554989326	-6.4570919145818255	-7.8525803311559752	-9.5224717702605872	-11.518386659230572	72.293915012778328	-16.743967229867756	-0.063510595310701065	-0.1288131380534577	-0.19633811305079446	-0.26660793102743069	-0.34025533163603444	-0.41804532329354827	-0.50090132067354698	-0.58993626165767965	-0.68648962830038407	-0.79217146478378642	-0.90891468399556152	-1.0390371886153	-1.1853156087514332	-1.3510727836445129	-1.5402814984572466	-1.7576874389466901	-2.0089548588903128	-2.3008390816488857	-2.6413906947959078	-3.0401971648219872	-3.5086686204257131	-4.0603757547079731	-4.7114492102455161	-5.4810514735650324	-6.3919342604320093	-7.4710966716073912	-8.7505621001443998	-10.268295046091742	-12.06928272497375	-14.206810739200662	-16.743967229867756	80.244584026980633
A	0.2496988640512931	0.24729412749119525	0.24250781329863599	0.2353860162957552	0.22599732328086083	0.21443215250006803	0.20080188287016124	0.1852377813387398	0.16788973871175458	0.14892482612310837	0.12852568604830542	0.10688877335757055	0.084222463348055013	0.060745044975815995	0.036682618613840437	0.012266918581854531	-0.012266918581854502	-0.036682618613840409	-0.060745044975815968	-0.084222463348054985	-0.10688877335757047	-0.12852568604830542	-0.14892482612310834	-0.16788973871175461	-0.18523778133873972	-0.20080188287016121	-0.214432152500068	-0.22599732328086083	-0.23538601629575517	-0.24250781329863599	-0.24729412749119525	-0.2496988640512931	0.24879618166804923	0.23923508393305221	0.22048031608708876	0.19325261334068425	0.15859832104091137	0.11784918420649945	0.072571169313615583	0.024504285082390193	-0.024504285082390161	-0.072571169313615541	-0.11784918420649942	-0.15859832104091134	-0.19325261334068425	-0.22048031608708873	-0.23923508393305221	-0.2487961816680492	-0.24879618166804923	-0.23923508393305223	-0.22048031608708876	-0.19325261334068428	-0.15859832104091146	-0.11784918420649948	-0.072571169313615611	-0.024504285082390113	0.024504285082390023	0.072571169313615513	0.1178491842064994	0.1585983210409114	0.19325261334068417	0.22048031608708871	0.23923508393305221	0.24879618166804923	0.24729412749119525	0.22599732328086083	0.1852377813387398	0.12852568604830542	0.060745044975815995	-0.012266918581854446	-0.084222463348055041	-0.14892482612310826	-0.20080188287016126	-0.23538601629575517	-0.2496988640512931	-0.24250781329863599	-0.21443215250006806	-0.16788973871175467	-0.10688877335757062	-0.036682618613840576	0.036682618613840486	0.10688877335757054	0.16788973871175461	0.214432152500068	0.24250781329863594	0.2496988640512931	0.23538601629575517	0.20080188287016118	0.14892482612310848	0.084222463348055221	0.012266918581854538	-0.060745044975816127	-0.12852568604830536	-0.18523778133873983	-0.22599732328086078	-0.24729412749119525	0.24519632010080761	0.20786740307563631	0.13889255825490057	0.048772580504032083	-0.048772580504032048	-0.13889255825490049	-0.20786740307563634	-0.24519632010080761	-0.24519632010080761	-0.20786740307563636	-0.13889255825490054	-0.048772580504032166	0.048772580504032076	0.13889255825490046	0.20786740307563631	0.24519632010080758	0.24519632010080761	0.20786740307563636	0.13889255825490057	0.048772580504032194	-0.048772580504031826	-0.13889255825490043	-0.20786740307563628	-0.24519632010080764	-0.24519632010080766	-0.20786740307563639	-0.1388925582549006	-0.048772580504032007	0.048772580504031798	0.13889255825490041	0.20786740307563628	0.24519632010080761
B	0.15121231778301841	-0.00037249496465998136	0.16350259565436245	-0.00042156733813508013
CENTER	1.0534768798745873	1.0632643517003197	0.79627242905108386	0.31723171007227391	-0.11322377275570006	-0.25882050996498351	-0.11292867393604006	0.1002614696097513	0.13096156429233777	-0.071613085669375937	-0.31998621381555087	-0.36898394740738216	-0.14882817420047806	0.16440559941961683	0.3061793315909247	0.1640927626546396	-0.11972604018167736	-0.2789598552351229	-0.1667890602658644	0.11068250093579052	0.29357109007818566	0.20851628483909312	-0.070935187619398973	-0.29136538072393875	-0.2522743924035194	0.0094863245336893661	0.25331000663707848	0.2556773865767164	0.015292619633643308	-0.24602679836482738	-0.28749111677514771	-0.070816751459828589
TARGET	0.059600799238518361	0.27961172579016785	0.24254892114587701	-0.017512243028274026	-0.26147273172407642	-0.26503639671604595	-0.024926820845248918	0.23810035915474592	0.2822191670039319	0.066866974230074289	-0.2099624062780627	-0.29375331874539523	-0.1074687846710486	0.17762205441216691	0.29940799581490851	0.1459196066561399	-0.14172659591953984	-0.29907001981247883	-0.18144984672188522	0.10299447864596861	0.29274615533009263	0.21334836687179473	-0.062200926182027633	-0.28056297455836166	-0.24097671800818643	0.020162421757642476	0.26276432394326682	0.26378191849521726	0.022279633675308393	-0.23970644359788409	-0.28130752209008431	-0.0642757620887663
MULTIPLIERS	0.5	0.83333333333333326	1.1666666666666665	1.5
X0	0.11682550269259515	0.29563491899653804	0.2026389541653453	-0.076662330608049362	-0.28548062216685482	-0.23182934626679613	0.03496476145514809	0.26961242874348806	0.25637967242648413	0.0074326276360073291	-0.2483479407256961	-0.2757985576994027	-0.049681252634492822	0.22211276698573459	0.28969733296478323	0.090935507023710671	-0.19143200470438426	-0.29779781414118994	-0.13036968662156903	0.15691972954730893	0.29993787004280076	0.16719451605529842	-0.11926670493642987	-0.29607466743619459	-0.20067294611340727	0.079226556415340821	0.28628552834780907	0.23013490579065904	-0.037600687828928732	-0.27076638246305562	-0.25499071376379839	-0.0047777587800305402
END
CASE	equality-dense-128-s0
KIND	0
EQUALITIES	8
INEQUALITIES	0
Q	1.0000291885461445	5.8273617782314911e-05	8.7252375167906355e-05	0.00011612190928022487	0.00014487924023970971	0.00017352131568894232	0.00020204500913803395	0.00023044711827372946	0.00025872436323145283	0.00028687338482950549	0.00031489074276460998	0.00034277291376797505	0.00037051628972104418	0.00039811717573006654	0.00042557178815861516	0.00045287625261716011	0.00048002660190878056	0.00050701877393008736	0.0005338486095263998	0.00056051185030021281	0.00058700413637195379	0.0006133210040920262	0.00063945788370310056	0.00066541009695160176	0.00069117285464731352	0.00071674125417000223	0.00074211027692194136	0.00076727478572518389	0.00079222952216242406	0.00081696910386024394	0.00084148802171353943	0.00086578063704986948	0.00088984117873246963	0.00091366374020063147	0.00093724227644612242	0.0009605706009243011	0.00098364238239854822	0.0010064511417166066	0.0010289902485173987	0.0010512529178668486	0.0010732322068212235	0.0010949210109164602	0.001116312060581924	0.001137397917477005	0.0011581709707489346	0.0011786234332101615	0.0011987473374335956	0.0012185345317639999	0.0012379766762437635	0.0012570652384512584	0.0012757914892499497	0.0012941464984463781	0.0013121211303551189	0.0013297060392687399	0.0013468916648308022	0.0013636682273098367	0.0013800257227722529	0.0013959539181520346	0.001411442346215091	0.0014264803004160323	0.0014410568296451371	0.0014551607328632072	0.0014687805536219658	0.0014819045744676126	0.0014945208112250854	0.0015066170071605463	0.0015181806270195409	0.0015291988509382427	0.0015396585682251242	0.0015495463710103715	0.0015588485477602541	0.0015675510766536664	0.0015756396188179407	0.0015830995114210235	0.0015899157606170022	0.001596073034341942	0.0016015556549569161	0.00160634759173504	0.0016104324531892725	0.0016137934792376746	0.0016164135332027323	0.0016182750936413141	0.0016193602460017249	0.0016196506741042783	0.0016191276514417128	0.0016177720322957168	0.00161556424266575	0.0016124842710062463	0.0016085116587682519	0.0016036254907414232	0.0015978043851922468	0.0015910264837942704	0.001583269441346014	0.0015745104152721935	0.0015647260549037307	0.0015538924905320096	0.0015419853222326705	0.001528979608454205	0.0015148498543664582	0.0014995699999640968	0.0014831134079199572	0.0014654528511831165	0.0014465605003164087	0.0014264079105679964	0.0014049660086715157	0.0013822050793691825	0.001358094751652144	0.00133260398471224	0.0013057010535992204	0.0012773535345773418	0.0012475282901751458	0.001216191453922091	0.00118330841476559	0.0011488438011618622	0.0011127614648338779	0.0010750244641895531	0.0010355950473931767	0.000994434635082958	0.00095150380272738871	0.00090676226261300521	0.00086016884545595147	0.00081168148162963827	0.00076125718200056045	0.00070885201836426025	0.00065442110347319331	0.00059791857064813076	0.00053929755296452779	0.00047851016200513844	5.8273617782314911e-05	1.0184122885684566	0.00017419432681732051	0.00023182992053579347	0.00028924110794859909	0.0003464217843409003	0.00040336569673291944	0.00046006644049814645	0.00051651745590742908	0.00057271202459737033	0.00062864326596141524	0.00068430413346198132	0.00073968741086195551	0.00079478570837383615	0.00084959145872476945	0.00090409691313569516	0.00095829413721277201	0.0010121750067492215	0.0010657312034356825	0.0011189542104771443	0.0011718353081144623	0.001224365569048443	0.0012765358537644275	0.0013283368057552662	0.0013797588466405253	0.0014307921711797387	0.0014814267421774528	0.0015316522852777739	0.0015814582836460903	0.0016308339725355661	0.0016797683337359929	0.0017282500899024889	0.0017762676987615252	0.0018238093471916847	0.0018708629451765024	0.001917416119626696	0.0019634562080690261	0.0020089702521989788	0.0020539449912943993	0.0020983668554871346	0.0021422219588897204	0.0021854960925740299	0.0022281747173987934	0.0022702429566827912	0.0023116855887204864	0.0023524870391367762	0.00239263137307748	0.0024321022872321246	0.0024708831016854878	0.0025089567515943138	0.0025463057786855319	0.0025829123225722247	0.0026187581118835429	0.0026538244552046205	0.0026880922318225807	0.0027215418822744862	0.0027541533986931541	0.0027859063149465535	0.0028167796965665026	0.0028467521304622206	0.0028758017144142668	0.0029039060463442426	0.0029310422133555954	0.002957186780540725	0.0029823157795495067	0.0030064046969142644	0.0030294284621260898	0.0030513614354573289	0.0030721773955249281	0.0030918495265892586	0.0031103504055828598	0.0031276519888635201	0.0031437255986859047	0.0031585419093859064	0.0031720709332716999	0.003184282006215415	0.0031951437729391997	0.0032046241719892832	0.0032126904203915842	0.0032193089979822244	0.0032244456314061754	0.003228065277777175	0.0032301321079918326	0.0032306094896907751	0.0032294599698594801	0.0032266452570613247	0.0032221262032952266	0.0032158627854700548	0.0032078140864879021	0.0031979382759280807	0.0031861925903235639	0.0031725333130214473	0.0031569157536187704	0.003139294226964965	0.0031196220317218754	0.0030978514284722694	0.0030739336173674272	0.0030478187153043317	0.0030194557326226742	0.0029887925493117876	0.0029557758907173444	0.002920351302737499	0.0028824631264979189	0.0028420544724949304	0.0027990671941958045	0.0027534418610849743	0.0027051177311447328	0.002654032722758761	0.0026001233860265577	0.0025433248734766365	0.0024835709101660806	0.0024207937631538067	0.0023549242103346408	0.0022858915086210211	0.0022136233614588885	0.0021380458856640741	0.0020590835775651582	0.001976659278438556	0.0018906941392212535	0.0018011075844863225	0.0017078172756660511	0.0016107390735072607	0.0015097869997429412	0.0014048731979641768	0.0012959078936758781	0.0011827993535195899	0.00106545384364622	0.00094377558722127822	8.7252375167906355e-05	0.00017419432681732051	1.0371874556230538	0.00034711267478142616	0.00043307140439506869	0.00051868436747795447	0.0006039421845604174	0.00068883524870269153	0.00077335372031104926	0.00085748752184039553	0.00094122633238089655	0.0010245595821261801	0.0011074764467205759	0.0011899658414828308	0.0012720164155036638	0.0013536165456144865	0.0014347543302245366	0.0015154175830236437	0.0015955938265477705	0.0016752702856043969	0.0017544338805548074	0.0018330712204502123	0.0019111685960186231	0.0019887119724993152	0.0020656869823216383	0.0021420789176248927	0.0022178727226158973	0.002293052985760814	0.0023676039318077215	0.0024415094136363688	0.002514752903931443	0.0025873174866756204	0.0026591858484586099	0.0027303402695982842	0.0028007626150699442	0.0028704343252396675	0.0029393364063975969	0.0030074494210869615	0.0030747534782245242	0.0031412282230080615	0.0032068528266063732	0.0032716059756272716	0.0033354658613588511	0.0033984101687792832	0.0034604160653302603	0.0035214601894491271	0.0035815186388546178	0.0036405669585810188	0.0036985801287554979	0.0037555325521131705	0.0038113980412444307	0.0038661498055689086	0.0039197604380303156	0.0039722019015063685	0.0040234455149277407	0.0040734619391000334	0.0041222211622224678	0.0041696924850970016	0.0042158445060213601	0.0042606451053593701	0.0043040614297818755	0.0043460598761712703	0.0043866060751827363	0.0044256648744548628	0.00446320032146247	0.0044991756460040413	0.0045335532423162149	0.0045662946508075045	0.0045973605394033388	0.0046267106844942677	0.0046543039514791041	0.004680098274894527	0.0047040506381225413	0.0047261170526669751	0.0047462525369900985	0.0047644110949001083	0.0047805456934802183	0.004794608240549776	0.0048065495616476644	0.0048163193765280547	0.0048238662751584165	0.00482913769320935	0.004832079887025771	0.0048326379080686193	0.0048307555768161113	0.004826375456113312	0.0048194388239585972	0.0048098856457152728	0.0047976545457364796	0.0047826827783911795	0.0047649061984788403	0.004744259231020097	0.0047206748404105192	0.0046940844989242425	0.0046644181545540458	0.0046316041981740675	0.0045955694300112374	0.0045562390254110284	0.0045135364998829756	0.0044673836734110805	0.0044177006340138493	0.004364405700538517	0.0043074153846735814	0.0042466443521635309	0.0041820053832092776	0.0041134093320374645	0.0040407650856215359	0.0039639795215370144	0.0038829574649331417	0.0037976016446026974	0.0037078126481312956	0.0036134888761073184	0.0035145264953730013	0.0034108193912970063	0.0033022591190482418	0.0031887348538504551	0.0030701333401965147	0.0029463388400010463	0.0028172330796695246	0.0026826951960615612	0.0025426016813255912	0.0023968263265818405	0.0022452401644297926	0.0020877114102560851	0.0019241054023180662	0.001754284540578067	0.0015781082242624508	0.0013954327881194675	0.00011612190928022487	0.00023182992053579347	0.00034711267478142611	1.0563601529695121	0.00057635558447517341	0.00069029161097537077	0.00080375410947500421	0.00091673027072105315	0.0010292069752552136	0.0011411707863506911	0.001252607942794376	0.001363504351511103	0.0014738455800266466	0.0015836168487660029	0.0016928030231834644	0.0018013886057209111	0.0019093577275906598	0.0020166941403791539	0.0021233812074676708	0.0022294018952661895	0.0023347387642564206	0.0024393739598399769	0.0025432892029875411	0.002646465780684813	0.0027488845361709267	0.0028505258589649482	0.0029513696746759715	0.0030513954345922092	0.0031505821050444366	0.0032489081565389832	0.0033463515526554318	0.0034428897387040187	0.0035384996301376869	0.0036331576007136005	0.0037268394703988315	0.0038195204930148133	0.0039111753436150689	0.0040017781055905694	0.0040913022574970053	0.0041797206595980711	0.0042670055401188376	0.0043531284812030517	0.004438060404568173	0.0045217715568517643	0.0046042314946427498	0.0046854090691909244	0.0047652724107879272	0.0048437889128128105	0.0049209252154351329	0.0049966471889683799	0.005070919916866411	0.0051437076783553918	0.0052149739306936223	0.0052846812910513725	0.0053527915180028888	0.005419265492622294	0.0054840631991752258	0.0055471437053976197	0.0056084651423531119	0.0056679846838601439	0.0057256585254798304	0.0057814418630553772	0.0058352888707936786	0.005887152678879533	0.0059369853506126913	0.005984737859057801	0.0060303600631970477	0.0060738006835751208	0.0061150072774259143	0.0061539262132701703	0.006190502644972967	0.0062246804852498835	0.0062564023786102476	0.0062856096737258461	0.0063122423952130273	0.0063362392148160534	0.0063575374219792171	0.006376072893794979	0.006391780064315177	0.0064045918932120515	0.0064144398337755495	0.0064212538002331428	0.0064249621343780532	0.006425491571491534	0.0064227672055445382	0.0064167124536638233	0.0064072490198472222	0.0063942968579124727	0.0063777741336637625	0.0063575971862597155	0.0063336804887662761	0.0063059366078776387	0.0062742761627878792	0.0062386077831958642	0.0061988380664252793	0.0061548715336416622	0.0061066105851475729	0.006053955454736977	0.0059968041630892571	0.0059350524701830788	0.0058685938267097875	0.0057973193244656917	0.0057211176457021276	0.0056398750114117447	0.0055534751285290888	0.0054617991360230243	0.0053647255498581363	0.0052621302068017869	0.0051538862070529753	0.0050398638556687272	0.0049199306027632103	0.0047939509824542585	0.0046617865505315208	0.0045232958208198774	0.0043783342002112081	0.0042267539223371734	0.0040684039798549359	0.0039031300553173274	0.003730774450598317	0.0035511760148440488	0.0033641700709191018	0.0031695883403171153	0.0029672588665040737	0.0027570059366621392	0.002538650001801136	0.0023120075952041555	0.0020768912491730099	0.0018331094100387188	0.00014487924023970971	0.00028924110794859909	0.00043307140439506869	0.00057635558447517341	1.075935931938683	0.00086122563555578559	0.0010027806123197563	0.0011437276675167454	0.0012840504018238742	0.0014237320193326501	0.0015627553185266847	0.0017011026830620229	0.0018387560723458808	0.0019756970119095053	0.0021119065835707601	0.0022473654153819965	0.0023820536713586122	0.0025159510409836572	0.002649036728483733	0.0027812894418713105	0.0029126873817485271	0.0030432082298674011	0.0031728291374412852	0.0033015267132023044	0.0034292770111993753	0.0035560555183313304	0.0036818371416095382	0.0038065961951442655	0.0039303063868489762	0.004052940804856589	0.004174471903641579	0.0042948714898417397	0.0044141107077732529	0.0045321600246325758	0.0046489892153785441	0.0047645673472879475	0.0048788627641776954	0.0049918430702865007	0.0051034751138089715	0.0052137249700747344	0.0053225579243651204	0.0054299384543598176	0.0055358302122056492	0.0056401960061995661	0.0057429977820777269	0.0058441966039023737	0.005943752634538055	0.0060416251157085887	0.0061377723476259208	0.0062321516681819083	0.0063247194316938728	0.0064154309871945325	0.0065042406562567457	0.0065911017103433642	0.006675966347672189	0.0067587856695858727	0.0068395096564164634	0.0069180871428338843	0.0069944657926676798	0.0070685920731909007	0.0071404112288549378	0.007209867254463799	0.0072769028677761019	0.0073414594815228483	0.0074034771748287256	0.007462894664024544	0.007519649272838028	0.007573676901950049	0.007624911997902971	0.0076732875213477185	0.0077187349146156442	0.0077611840686012167	0.0078005632889411028	0.0078367992614750276	0.0078698170169734325	0.0078995398951166463	0.0079258895077100253	0.0079487857011191574	0.0079681465179088345	0.0079838881576693565	0.007995924937013156	0.0080041692487245793	0.0080085315200451434	0.0080089201700764261	0.0080052415662821078	0.007997399980070645	0.0079852975414393228	0.0079688341926603089	0.0079479076409888511	0.0079224133103732216	0.007892244292145854	0.0078572912946744834	0.0078174425919517142	0.0077725839711011236	0.0077225986787773241	0.0076673673664372282	0.0076067680344590457	0.0075406759750852271	0.0074689637141650044	0.0073915009516717133	0.0073081545009695253	0.007218788226803839	0.0071232629819888097	0.0070214365427652588	0.006913163542801368	0.0067982954058082154	0.006676680276741535	0.0065481629515605289	0.006412584805513941	0.0062697837199230631	0.0061195940074305968	0.0059618463356838278	0.0057963676494198384	0.0056229810909197084	0.0054415059187982989	0.0052517574250951918	0.005053546850631821	0.0048466812985992402	0.0046309636463399044	0.0044061924552865001	0.0041721618790197456	0.003928661569406691	0.0036754765807798149	0.0034123872721168245	0.0031391692071800065	0.0028555930525732075	0.0025614244736737062	0.0022564240283952691	0.00017352131568894235	0.0003464217843409003	0.00051868436747795447	0.00069029161097537088	0.00086122563555578559	1.095920433254761	0.0012010003265927422	0.0013698030202304202	0.0015378565288002653	0.0017051406972120875	0.0018716348836462192	0.0020373179484899154	0.0022021682430318369	0.0023661635979094764	0.0025292813113042723	0.0026914981368790468	0.0028527902714522769	0.003013133342403621	0.0031725023948050044	0.0033308718782713866	0.003488215633525337	0.0036445068786692767	0.0037997181951592279	0.0039538215134737415	0.0041067880984715175	0.0042585885344311562	0.0044091927097662954	0.0045585698014092577	0.0047066882588562026	0.0048535157878666271	0.0049990193338099046	0.0051431650646513892	0.0052859183535704972	0.0054272437612029756	0.0055671050174994265	0.0057054650031920021	0.0058422857308609898	0.0059775283255928489	0.0061111530052211042	0.0062431190601413087	0.0063733848326910621	0.0065019076960859887	0.0066286440329022768	0.0067535492130962708	0.006876577571551354	0.0069976823851422175	0.0071168158493063287	0.0072339290541122599	0.0073489719598143488	0.007461893371882823	0.0075726409154984733	0.007681161009500558	0.0077873988397765027	0.0078912983320817368	0.0079928021242776093	0.0080918515379753263	0.0081883865495733267	0.0082823457606755226	0.0083736663678773676	0.0084622841319065192	0.0085481333461046582	0.0086311468042365776	0.0087112557676126395	0.0087883899315100242	0.0088624773908783667	0.0089334446053146391	0.0090012163632921163	0.0090657157456278253	0.0091268640881726221	0.0091845809437076098	0.0092387840430304125	0.0092893892552143864	0.009336310547023545	0.0093794599414655424	0.0094187474754649191	0.0094540811566380702	0.0094853669191514185	0.0095125085786436636	0.0095354077861925703	0.0095539639813064809	0.0095680743439203325	0.0095776337453753295	0.009582534698361303	0.0095826673058001278	0.0095779192086482418	0.0095681755325957712	0.0095533188336394733	0.0095332290425059543	0.0095077834079014979	0.0094768564385640276	0.0094403198440924773	0.0093980424745281187	0.0093498902586620948	0.0092957261410426713	0.0092354100176554061	0.0091687986702485794	0.0090957456992760491	0.009016101455428761	0.0089297129697257852	0.0088364238821351249	0.0087360743686937924	0.0086285010670962576	0.0085135370007195146	0.0083910115010525452	0.0082607501284971668	0.0081225745915066705	0.0079763026640279431	0.00782174810121203	0.0076587205533574154	0.0074870254780496524	0.0073064640504599803	0.0071168330717651558	0.0069179248756496515	0.0067095272328507915	0.0064914232537063906	0.0062633912886639487	0.0060252048267091986	0.0057766323916713892	0.0055174374363614756	0.0052473782344986805	0.0049662077703798704	0.0046736736262454988	0.0043695178672945294	0.0040534769243002443	0.0037252814737773364	0.0033846563156504678	0.0030313202483723653	0.0026649859414395287	0.00020204500913803395	0.0004033656967329195	0.0006039421845604174	0.00080375410947500421	0.0010027806123197563	0.0012010003265927422	1.1163193883749569	0.0015949313169429666	0.0017905972177753879	0.0019853655550901147	0.0021792122467642022	0.0023721126299161171	0.0025640414477159589	0.0027549728359074726	0.0029448803090356699	0.0031337367463738415	0.0033215143775435444	0.0035081847678210478	0.003693718803123594	0.0038780866746686432	0.0040612578632991869	0.0042432011234680494	0.0044238844668739287	0.0046032751457417967	0.0047813396357401349	0.004958043618527315	0.0051333519639192452	0.0053072287116703015	0.0054796370528593366	0.0056505393108724376	0.0058198969219738625	0.0059876704154565282	0.0061538193933630891	0.0063183025097685802	0.0064810774496153736	0.0066421009070909811	0.0068013285635390684	0.0069587150648938358	0.0071142139986277372	0.007267777870202244	0.0074193580790112255	0.0075689048938062413	0.0077163674275928414	0.0078616936119867697	0.008004830171018636	0.0081457225943755811	0.008284315110067976	0.0084205506565091653	0.0085543708539958675	0.0086857159755766907	0.0088145249172958857	0.0089407351677992467	0.0090642827772887853	0.0091851023258124921	0.0093031268908752834	0.0094182880143568841	0.0095305156687221521	0.0096397382225089819	0.009745882405078737	0.0098488732706136853	0.0099486341613457801	0.010045086670000623	0.010138150601440287	0.010227743933488175	0.010313782776918839	0.010396181334595429	0.010474851859736753	0.010549704613296013	0.010620647820432549	0.010687587626057631	0.010750428049435167	0.010809070937817411	0.010863415919095695	0.010913360353445629	0.01095879928394583	0.010999625386148775	0.011035728916581953	0.011066997660157171	0.01109331687646516	0.011114569244932331	0.011130634808816093	0.011141390918014523	0.011146712170665757	0.011146470353511987	0.011140534381002383	0.011128770233108778	0.011111040891827366	0.011087206276339193	0.011057123176801589	0.011020645186742143	0.010977622634026272	0.010927902510368792	0.010871328399359358	0.010807740402970971	0.010736975066520091	0.010658865302046398	0.01057324031007938	0.010479925499758477	0.010378742407272611	0.010269508612584442	0.010152037654403817	0.010026138943374291	0.0098916176734356945	0.0097482747313251683	0.0095959066041781584	0.0094343052851901827	0.0092632581772992724	0.0090825479948483043	0.0088919526631855185	0.0086912452161607336	0.0084801936914737173	0.0082585610238306885	0.0080261049358635421	0.007782577826765791	0.0075277266585982655	0.0072612928402163573	0.0069830121087700731	0.0066926144087268991	0.0063898237683662788	0.0060743581736939405	0.0057459294397229311	0.0054042430790670996	0.0050489981677919078	0.0046798872084661625	0.0042965959903570597	0.0038988034467099834	0.0034861815090531123	0.0030583949584657394	0.00023044711827372946	0.00046006644049814639	0.00068883524870269142	0.00091673027072105315	0.0011437276675167454	0.0013698030202304202	0.0015949313169429666	1.1371386208469094	0.0020422436479299445	0.0022643745698341794	0.0024854521824348285	0.0027054482995815627	0.0029243340563259294	0.0031420798935179219	0.0033586555420661245	0.0035740300068542977	0.003788171550307075	0.0040010476755973426	0.0042126251094876561	0.0044228697847979734	0.0046317468224917144	0.004839220513372107	0.0050452542993805159	0.0052498107544883396	0.0054528515651738468	0.0056543375104751697	0.005854228441610496	0.0060524832611562511	0.0062490599017739849	0.0064439153044763588	0.0066370053964225351	0.0068282850682329886	0.0070177081508136048	0.0072052273916787127	0.0073907944307624526	0.007574359775707697	0.0077558727766214863	0.0079352816002857679	0.0081125332038119204	0.0082875733077273309	0.0084603463684821429	0.0086307955503638501	0.008798862696807375	0.0089644883010878366	0.0091276114763830882	0.0092881699251927165	0.0094460999081000009	0.0096013362118630482	0.0097538121168209719	0.0099034593636007449	0.010050208119110088	0.010193986941801328	0.01033472274619107	0.010472340766619851	0.010606764520236163	0.010737915769188254	0.010865714482007396	0.010990078794165463	0.011110924967789728	0.011228167350517073	0.011341718333469725	0.011451488308334099	0.011557385623523979	0.011659316539408968	0.011757185182588564	0.011850893499192064	0.011940341207183836	0.012025425747653263	0.012106042235068129	0.012182083406469922	0.012253439569588796	0.012319998549855906	0.012381645636289915	0.012438263526234391	0.012489732268922034	0.012535929207841365	0.012576728921880971	0.012612003165225778	0.012641620805979453	0.012665447763486482	0.012683346944326756	0.012695178176955223	0.012700798144958324	0.012700060318898565	0.012692814886717852	0.012678908682669703	0.012658185114749781	0.012630484090593561	0.01259564194180942	0.012553491346714607	0.012503861251441008	0.012446576789377013	0.012381459198910772	0.012308325739440023	0.012226989605612132	0.012137259839758179	0.012038941242483279	0.011931834281375368	0.011815734997793205	0.011690434911694131	0.011555720924460826	0.011411375219685915	0.011257175161872066	0.011092893193004581	0.010918296726952549	0.010733148041653697	0.010537204169037201	0.010330216782637784	0.010111932082853442	0.009882090679798226	0.0096404274737004712	0.0093866715327958466	0.00912054596866365	0.008841767808953644	0.0085500478674495825	0.0082450906114147956	0.0079265940261636029	0.0075942494768016598	0.007247741567076923	0.0068867479952816639	0.0065109394071450541	0.0061199792456543582	0.0057135235977415523	0.0052912210377709639	0.0048527124677622381	0.0043976309542815544	0.0039256015619325473	0.0034362411833772492	0.00025872436323145283	0.00051651745590742908	0.00077335372031104926	0.0010292069752552136	0.0012840504018238742	0.0015378565288002651	0.0017905972177753877	0.0020422436479299445	1.1583840476840572	0.002542134942798523	0.0027903186121477604	0.0030372855991113432	0.0032830034306222649	0.0035274388526367628	0.003770557812426998	0.0040123254404871985	0.0042527060320450803	0.0044916630281701389	0.004729158996470249	0.0049651556113678641	0.0051996136339468287	0.0054324928913607783	0.0056637522557937458	0.005893349622963554	0.0061212418901582582	0.0063473849337957536	0.0065717335864965021	0.0067942416136589833	0.0070148616895274419	0.0072335453727411193	0.007450243081354075	0.0076649040673143418	0.007877476390391042	0.0080879068915377939	0.0082961411656805144	0.0085021235339174158	0.0087057970151189368	0.0089071032969147597	0.0091059827060551869	0.0093023741781335344	0.009496215226656203	0.0096874419114466332	0.0098759888063691039	0.010061788966358133	0.010244773893738795	0.010424873503823135	0.010602016089767338	0.010776128286674274	0.010947135034925445	0.011114959542726201	0.011279523247847712	0.011440745778548872	0.011598544913660835	0.011752836541816723	0.011903534619808575	0.012050551130053187	0.012193796037148225	0.012333177243499562	0.012468600544000365	0.012599969579742135	0.012727185790737379	0.012850148367633304	0.012968754202395426	0.013082897837939549	0.013192471416690102	0.013297364628042548	0.013397464654706802	0.013492656117908407	0.013582821021423644	0.013667838694424159	0.013747585733106403	0.013821935941080409	0.013890760268492178	0.013953926749853221	0.014011300440550321	0.014062743352008083	0.014108114385476146	0.014147269264412557	0.014180060465433946	0.014206337147802867	0.014225945081421682	0.014238726573302213	0.014244520392479209	0.014243161693335483	0.014234481937305695	0.014218308812925035	0.014194466154188625	0.014162773857186384	0.014123047794977738	0.014075099730669574	0.014018737228660288	0.013953763564011793	0.013879977629910788	0.013797173843179701	0.013705142047796836	0.01360366741638463	0.013492530349623885	0.013371506373550991	0.013240366034694563	0.013098874793006615	0.012946792912542651	0.012783875349844384	0.012609871639977311	0.012424525780174899	0.012227576111039869	0.012018755195252169	0.011797789693732118	0.011564400239206284	0.011318301307122405	0.011059201083858796	0.010786801332172325	0.01050079725382813	0.010200877349352919	0.009886723274852658	0.0095580096958340997	0.0092144041379684759	0.0088555668347343828	0.0084811505718757098	0.0080908005286088915	0.0076841541155127308	0.0072608408090325547	0.0068204819825290267	0.006362690733800626	0.0058870717090072199	0.0053932209229209183	0.0048807255754286516	0.0043491638642095282	0.0037981047935083233	0.00028687338482950549	0.00057271202459737033	0.00085748752184039553	0.0011411707863506909	0.0014237320193326501	0.0017051406972120875	0.0019853655550901147	0.0022643745698341794	0.002542134942798523	1.1800616807590951	0.003093774584904316	0.0033675842183250784	0.0036400059012428802	0.0039110026847202157	0.0041805367323928108	0.0044485693003653692	0.0047150607166686872	0.0049799703602688636	0.0052432566396191016	0.0055048769707443414	0.0057647877548488618	0.0060229443554366954	0.0062793010749345492	0.0065338111308066733	0.0067864266311509014	0.007037098549764898	0.0072857767006713993	0.0075324097120909395	0.0077769449998504464	0.0080193287402157594	0.0082595058421358249	0.0084974199188862336	0.0087330132590993457	0.0089662267971680788	0.0091970000830100991	0.0094252712511789932	0.0096509769893085729	0.0098740525058762709	0.0100944314972713	0.010312046114152911	0.01052682692708377	0.010738702891423249	0.010947601311464999	0.011153447803802919	0.011356166259909328	0.011555678807908705	0.011751905773530153	0.011944765640221308	0.012134175008406058	0.01232004855386812	0.012502298985242135	0.012680837000593538	0.012855571243068051	0.013026408255591374	0.013193252434599111	0.013356005982776566	0.013514568860787831	0.013668838737972757	0.013818710941990435	0.013964078407386964	0.014104831623065126	0.014240858578632932	0.014372044709607623	0.014498272841451203	0.014619423132413045	0.014735373015154769	0.014845997137131819	0.014951167299705947	0.015050752395961878	0.015144618347201459	0.015232628038087398	0.01531464125040863	0.015390514595438486	0.015460101444856421	0.015523251860203317	0.015579812520839828	0.015629626650376677	0.015672533941545025	0.015708370479474466	0.015736968663345598	0.015758157126383284	0.015771760654156211	0.01577760010114743	0.015775492305560079	0.01576525000232153	0.015746681734248688	0.015719591761336128	0.015683779968128191	0.015639041769135362	0.015585168012254185	0.015521944880149536	0.01544915378955688	0.015366571288461431	0.015273968951110337	0.015171113270812824	0.015057765550482717	0.014933681790876438	0.014798612576478886	0.01465230295898853	0.01449449233835203	0.014324914341297741	0.014143296697316454	0.013949361112036481	0.013742823137939465	0.013523392042361771	0.013290770672725553	0.013044655318942276	0.012784735572930351	0.012510694185187261	0.012222206918355591	0.011918942397720745	0.011600561958577293	0.011266719490399398	0.01091706127774923	0.010551225837856493	0.010168843754800363	0.0097695375102237123	0.0093529213105086346	0.0089186009103400504	0.008466173432583329	0.0079952271843999004	0.0075053414695238812	0.0069960863966202127	0.0064670226836443167	0.0059177014581207679	0.0053476640532572504	0.0047564417998083352	0.0041435558136015552	0.00031489074276460998	0.00062864326596141524	0.00094122633238089633	0.0012526079427943758	0.0015627553185266847	0.0018716348836462188	0.0021792122467642026	0.0024854521824348285	0.0027903186121477604	0.003093774584904316	1.2021776282157464	0.0036963028735834311	0.0039952967442451687	0.004292723225522389	0.0045885406974144	0.00488270654163637	0.0051751771190221701	0.00546590774643452	0.0057548526731719353	0.0060419650568618536	0.0063271969388289783	0.0066104992189277498	0.0068918216298275436	0.0071711127107390339	0.0074483197805698381	0.0077233889104973905	0.0079962648959466948	0.00826689122796034	0.0085352100639479542	0.0088011621978019497	0.0090646870293661728	0.0093257225332437806	0.0095842052269303601	0.0098400701382581144	0.010093250772136493	0.010343679076574434	0.010591285407969126	0.010835998495645746	0.011077745405632434	0.011316451503654358	0.011552040417330456	0.011784433997556035	0.012013552279054113	0.012239313440077981	0.012461633761247183	0.012680427583498651	0.012895607265134402	0.013107083137946824	0.013314763462402204	0.013518554381862627	0.013718359875826197	0.013914081712164897	0.014105619398339014	0.014292870131566821	0.014475728747927475	0.014654087670374837	0.014827836855639381	0.014996863739994962	0.01516105318386656	0.015320287415254891	0.01547444597195302	0.015623405642529764	0.015767040406054079	0.01590522137053417	0.01603781671004435	0.016164691600512399	0.016285708154139315	0.016400725352423009	0.016509598977756685	0.016612181543572375	0.016708322222999065	0.016797866776004568	0.016880657474989562	0.01695653302880145	0.017025328505135186	0.017086875251287499	0.017141000813230198	0.01718752885296753	0.017226279064142064	0.017257067085852461	0.017279704414646074	0.017293998314648448	0.017299751725790947	0.017296763170097009	0.017284826655986758	0.017263731580558786	0.017233262629807122	0.017193199676730549	0.017143317677290593	0.017083386564173447	0.017013171138310496	0.016932430958110721	0.016840920226357879	0.016738387674723829	0.016624576445848721	0.016499223972937755	0.016362061856823002	0.016212815740437848	0.016051205180650618	0.015876943517402618	0.015689737740095057	0.015489288351167788	0.015275289226811978	0.01504742747475742	0.014805383289074107	0.014548829801926415	0.014277432932216965	0.013990851231056001	0.01368873572399076	0.013370729749928074	0.013036468796681891	0.012685580333076258	0.012317683637532729	0.011932389623069679	0.011529300658639843	0.011108010386730238	0.010668103537148078	0.010209155736913653	0.0097307333161803615	0.009232393110100115	0.0087136822565505086	0.0081741379896390458	0.0076132874288971537	0.0070306473640758286	0.0064257240354520691	0.0057980129095543459	0.0051469984502126856	0.0044721538848374017	0.000342772913767975	0.00068430413346198132	0.0010245595821261801	0.001363504351511103	0.0017011026830620229	0.0020373179484899154	0.0023721126299161171	0.0027054482995815627	0.0030372855991113437	0.0033675842183250779	0.0036963028735834316	1.2247380958989795	0.0043488301571348482	0.0046725511492802171	0.0049945168584598996	0.0053146807919995393	0.0056329953435360893	0.0059494117678288681	0.0062638801550217241	0.0065763494043445791	0.0068867671972425706	0.0071950799699205406	0.0075012328852905328	0.0078051698043096508	0.0081068332566952943	0.0084061644110046616	0.0087031030440650296	0.0089975875097410424	0.0092895547070250238	0.0095789400474359642	0.0098656774217126108	0.01014969916578567	0.010430936026013976	0.010709317123669021	0.010984769918652014	0.011257220172427257	0.011526591910155322	0.011792807382009132	0.01205578702365573	0.012315449415886229	0.012571711243375827	0.01282448725255577	0.01307369020857844	0.013319230851356514	0.013561017850656774	0.013798957760228591	0.014032954970946903	0.014262911662948857	0.014488727756743123	0.014710300863270163	0.014927526232891555	0.015140296703285811	0.015348502646227792	0.01555203191322835	0.01575076978001019	0.015944598889795707	0.016133399195381797	0.016317047899976286	0.016495419396770065	0.016668385207218459	0.016835813918004826	0.016997571116658755	0.017153519325800969	0.017303517935985828	0.017447423137112606	0.017585087848375237	0.017716361646720281	0.017841090693781789	0.017959117661261476	0.018070281654721541	0.018174418135757237	0.018271358842515278	0.018360931708523685	0.018442960779797769	0.018517266130186612	0.018583663774923005	0.018641965582339794	0.018691979183714375	0.018733507881202278	0.018766350553820185	0.018790301561437982	0.018805150646738069	0.018810682835100102	0.018806678332367842	0.018792912420454159	0.018769155350739312	0.018735172235216806	0.018690722935339858	0.018635561948521034	0.018569438292236184	0.018492095385683173	0.018403270928944553	0.018302696779602588	0.018190098826753834	0.018065196862369393	0.01792770444994583	0.017777328790390862	0.017613770585086376	0.017436723896070511	0.017245876003279287	0.017040907258786708	0.016821490937981728	0.016587293087618332	0.016337972370674483	0.016073179907953816	0.015792559116362914	0.015495745543795554	0.015182366700553814	0.014852041887234676	0.014504382019009242	0.014138989446219989	0.013755457771220427	0.013353371661379508	0.012932306658171876	0.012491828982273169	0.012031495334578379	0.011550852693058965	0.011049438105373439	0.010526778477143702	0.0099823903558082013	0.0094157797099606692	0.0088264417040820106	0.0082138604685701756	0.0075775088649716882	0.0069168482463159622	0.0062313282124523217	0.0055203863602861997	0.0047834480288106232	0.00037051628972104418	0.00073968741086195551	0.0011074764467205759	0.0014738455800266464	0.0018387560723458808	0.0022021682430318373	0.0025640414477159589	0.0029243340563259294	0.0032830034306222649	0.0036400059012428802	0.0039952967442451687	0.0043488301571348482	1.2477493888038886	0.0050504359423339	0.0053984110937509615	0.0057444343215579743	0.0060884540521949733	0.0064304174783178921	0.0067702705309158877	0.0071079578508213854	0.0074434227595999514	0.0077766072298068216	0.0081074518545967214	0.0084358958166731689	0.0087618768565633498	0.0090853312402042353	0.009406193725825374	0.009724397530113461	0.01003987429364351	0.0103525540455611	0.010662365167499875	0.010969234356718089	0.01127308658843783	0.011573845077369863	0.011871431238407172	0.012165764646469429	0.012456762995480571	0.012744342056461268	0.013028415634717492	0.013308895526106269	0.013585691472359076	0.013858711115443083	0.014127859950940042	0.014393041280422032	0.014654156162803049	0.014911103364644927	0.015163779309395499	0.015412078025536692	0.015655891093619544	0.015895107592162911	0.016129614042391827	0.016359294351791332	0.016584029756450888	0.016803698762173896	0.017018177084326628	0.017227337586400014	0.017431050217257351	0.01762918194704045	0.017821596701706112	0.018008155296164282	0.018188715365988581	0.018363131297669415	0.018531254157379207	0.018692931618218535	0.018848007885911625	0.018996323622918549	0.019137715870931417	0.019272017971720456	0.019399059486295857	0.019518666112349991	0.019630659599944405	0.019734857665404688	0.01983107390338619	0.019919117697072209	0.019998794126465845	0.020069903874736002	0.0201322431325766	0.020185603500538132	0.020229771889289098	0.020264530417764243	0.020289656309155923	0.020304921784703427	0.020310093955234698	0.020304934710413822	0.020289200605646394	0.020262642746594391	0.020225006671250746	0.02017603222952313	0.020115453460275136	0.020042998465772292	0.019958389283478931	0.019861341755151168	0.01975156539316977	0.019628763244056033	0.019492631749111949	0.019342860602125499	0.019179132604080024	0.019001123514805894	0.018808501901511121	0.018600928984126359	0.018378058477398478	0.018139536429665478	0.017885001058244206	0.017614082581360779	0.017326403046552457	0.017021576155468055	0.016699207084992493	0.016358892304619677	0.016000219389996344	0.015622766832557856	0.015226103845175238	0.01480979016373145	0.014373375844542876	0.013916401057540339	0.013438395875122475	0.012938880056592182	0.012417362828085221	0.011873342657898311	0.011306307027121855	0.010715732195480771	0.010101082962285025	0.0094618124223888791	0.008797361717056789	0.0081071597796308383	0.0073906230758928968	0.0066471553390130026	0.0058761472989721049	0.0050769764063459564	0.00039811717573006654	0.00079478570837383615	0.0011899658414828308	0.0015836168487660029	0.0019756970119095053	0.0023661635979094764	0.0027549728359074726	0.0031420798935179219	0.0035274388526367632	0.0039110026847202157	0.004292723225522389	0.0046725511492802171	0.0050504359423338991	1.2712179125433751	0.0058001679798813195	0.006171908012011661	0.0065414904318050653	0.0069088583698140704	0.0072739535978731604	0.0076367164984172588	0.0079970860331323428	0.008354999710924068	0.0087103935551898232	0.0090632020703795592	0.0094133582078302341	0.0097607933308585942	0.010105437179096453	0.010447217832052564	0.010786061671884634	0.011121893345364833	0.011454635725021681	0.011784209869441011	0.012110534982708131	0.012433528372973113	0.0127531054101207	0.01306917948252591	0.013381661952876087	0.01369046211303962	0.013995487137961421	0.014296642038564435	0.014593829613636393	0.014886950400680424	0.015175902625707624	0.01546058215194948	0.015740882427467209	0.016016694431635097	0.016287906620473889	0.016554404870810262	0.016816072423237665	0.017072789823853313	0.017324434864745698	0.017570882523206422	0.017812004899639498	0.01804767115414091	0.018277747441720487	0.01850209684613769	0.018720579312322225	0.018933051577349879	0.019139367099943391	0.019339375988467286	0.019532924927385474	0.019719857102149158	0.019900012122482488	0.020073225944032259	0.020239330788347588	0.020398155061154766	0.020549523268891409	0.020693255933463928	0.020829169505191005	0.020957076273895165	0.021076784278104235	0.021188097212322721	0.021290814332333288	0.021384730358487154	0.021469635376941559	0.021545314738801443	0.0216115489571218	0.021668113601726234	0.021714779191796211	0.021751311086184555	0.02177746937140607	0.021793008747256929	0.021797678410013396	0.021791221933159858	0.021773377145594647	0.021743876007261437	0.021702444482152611	0.02164880240863026	0.02158266336700906	0.021503734544344164	0.021411716596366415	0.021306303506505458	0.021187182441940587	0.021054033606617811	0.020906530091170047	0.020744337719676664	0.020567114893196625	0.020374512430008814	0.020166173402491081	0.01994173297056874	0.019700818211661492	0.019443047947056438	0.019168032564633244	0.018875373837866194	0.018564664741026169	0.018235489260504219	0.017887422202176397	0.017520028994728459	0.017132865488856883	0.016725477752261311	0.01629740186034128	0.015848163682509221	0.015377278664028927	0.014884251603287423	0.014368576424406369	0.013829735945096554	0.013267201639657982	0.012680433397025632	0.012068879273758392	0.011431975241867712	0.010769144931379695	0.010079799367522027	0.0093633367024256436	0.0086191419412281495	0.007846586662463944	0.0070450287326237881	0.0062138120147640407	0.0053522660710432967	0.00042557178815861522	0.00084959145872476945	0.0012720164155036638	0.0016928030231834646	0.0021119065835707605	0.0025292813113042723	0.0029448803090356699	0.0033586555420661249	0.003770557812426998	0.0041805367323928116	0.0045885406974144	0.0049945168584599004	0.0053984110937509615	0.0058001679798813195	1.2951501748348404	0.0065970413251777663	0.0069920401605470988	0.0073846663368617206	0.0077748574668014356	0.0081625496744036526	0.0085476775614747886	0.008930174173270895	0.0093099709634320345	0.0096869977581545766	0.010061182719585275	0.010432452308420629	0.010800731245694738	0.011165942473738403	0.011528007116292026	0.011886844437754349	0.012242371801548805	0.012594504627588772	0.0129431563488228	0.013288238366840252	0.013629660006517641	0.013967328469685342	0.014301148787794071	0.014631023773559976	0.014956853971566875	0.015278537607803644	0.015595970538114286	0.015909046195537863	0.016217655536514844	0.016521686985936087	0.016821026381010056	0.017115556913923479	0.017405159073270015	0.017689710584221096	0.01796908634741257	0.018243158376520026	0.018511795734495413	0.018774864468436871	0.019032227543063	0.019283744772762339	0.019529272752188291	0.019768664785368838	0.020001770813300093	0.020228437339991849	0.020448507356932707	0.020661820265941863	0.02086821180037346	0.021067513944639529	0.021259554852015933	0.021444158760695654	0.021621145908052766	0.021790332443079714	0.021951530336959662	0.022104547291735197	0.022249186647033445	0.022385247284807175	0.022512523532050445	0.022630805061446647	0.022739876789905789	0.022839518774947051	0.022929506108881743	0.023009608810750877	0.023079591715970509	0.023139214363637382	0.0231882308814459	0.023226389868166948	0.023253434273637838	0.023269101276211589	0.023273122157612781	0.023265222175146098	0.023245120431202637	0.023212529740007735	0.02316715649155324	0.023108700512655705	0.02303685492508081	0.02295130600067341	0.02285173301343079	0.022737808088456161	0.022609196047727348	0.022465554252615063	0.022306532443083147	0.022131772573502344	0.021940908645007275	0.021733566534325312	0.021509363819004139	0.021267909598963741	0.021008804314296678	0.020731639559239085	0.020435997892233493	0.020121452642002331	0.019787567709550143	0.019433897366010165	0.01905998604624962	0.01866536813814608	0.01824956776744581	0.017812098578112646	0.01735246350807473	0.016870154560273923	0.016364652568921435	0.01583542696086053	0.015281935511935798	0.01470362409826596	0.014099926442315322	0.013470263853657065	0.012814044964318564	0.012130665458597818	0.011419507797237048	0.010679940935837368	0.0099113200373962262	0.0091129861788467447	0.0082842660514757735	0.0074244716550948562	0.0065328999858358175	0.005608832717440013	0.00045287625261716005	0.00090409691313569516	0.0013536165456144865	0.0018013886057209108	0.0022473654153819965	0.0026914981368790468	0.0031337367463738415	0.0035740300068542977	0.0040123254404871985	0.0044485693003653692	0.00488270654163637	0.0053146807919995393	0.0057444343215579743	0.0061719080120116602	0.0065970413251777663	1.3195527870060506	0.0074400373737990699	0.0078577716404493059	0.0082729085242996339	0.0086853798909899693	0.009095115982447154	0.0095020453802776416	0.0099060949683641587	0.010307189894649507	0.010705253532090222	0.011100207438762571	0.011491971317102922	0.011880462972264135	0.012265598269569305	0.012647291091043752	0.013025453291005807	0.013399994650696415	0.013770822831927347	0.014137843329727265	0.014500959423964449	0.014860072129924637	0.015215080147821915	0.015565879811220181	0.015912365034342183	0.016254427258242707	0.016591955395822033	0.01692483577565515	0.017252952084611899	0.017576185309242525	0.017894413675902728	0.018207512589591683	0.018515354571475958	0.018817809195071755	0.019114743021057302	0.019406019530686547	0.019691499057774932	0.019971038719227119	0.020244492344076305	0.020511710401003566	0.020772539924305888	0.021026824438279777	0.021274403879987757	0.021515114520373593	0.021748788883691826	0.021975255665216215	0.022194339647191221	0.022405861612989669	0.022609638259439131	0.022805482107278809	0.02299320140970771	0.023172600058984409	0.023343477491037649	0.023505628588046203	0.02365884357894564	0.023802907937818925	0.023937602280126372	0.024062702256730299	0.024177978445668012	0.02428319624162667	0.024378115743071655	0.024462491636980017	0.024536073081128935	0.024598603583888243	0.024649820881465292	0.024689456812549054	0.024717237190299307	0.024732881671625941	0.024736103623701843	0.024726609987652026	0.024704101139360304	0.024668270747333704	0.024618805627563564	0.024555385595320826	0.024477683313822246	0.024385364139702315	0.024278085965224828	0.024155499057166529	0.024017245892303755	0.023862960989431956	0.023692270737845876	0.023504793222207672	0.023300138043727572	0.023077906137581448	0.022837689586486826	0.022579071430358377	0.022301625471961468	0.022004916078481346	0.02168849797892335	0.021351916057258082	0.020994705141223719	0.020616389786695721	0.020216484057532427	0.019794491300803296	0.019349903917304311	0.018882203127263578	0.018390858731137768	0.017875328865398221	0.017335059753203527	0.016769485449853221	0.016178027582914801	0.015560095086914917	0.014915083932482236	0.014242376849828061	0.013541343046448275	0.012811337918927473	0.012051702758723944	0.011261764451812253	0.010440835172056344	0.0095882120681848679	0.0087031769442371208	0.007784995933345455	0.0068329191647171364	0.0058461804236762437	0.00048002660190878056	0.00095829413721277201	0.0014347543302245364	0.0019093577275906598	0.0023820536713586118	0.0028527902714522769	0.003321514377543544	0.003788171550307075	0.0042527060320450803	0.0047150607166686872	0.0051751771190221701	0.0056329953435360893	0.0060884540521949733	0.0065414904318050644	0.0069920401605470988	0.007440037373799069	1.3444324655203286	0.0083281028710322502	0.0087680313936262765	0.009205127804237807	0.0096393179849141083	0.010070526053612049	0.010498674324457025	0.010923683267138258	0.011345471465422067	0.011763955574764482	0.012179050279004155	0.012590668246115991	0.012998720083005779	0.013403114289325429	0.01380375721028816	0.014200552988462477	0.014593403514523394	0.014982208376938855	0.015366864810568908	0.015747267644154652	0.016123309246673566	0.01649487947253727	0.016861865605607446	0.017224152302004803	0.017581621531685878	0.017934152518761619	0.018281621680531209	0.018623902565204294	0.018960865788283817	0.019292378967581382	0.019618306656836462	0.019938510277910052	0.020252848051522731	0.020561174926506862	0.020863342507541318	0.021159198981337321	0.021448589041242624	0.021731353810230884	0.022007330762242639	0.022276353641842953	0.022538252382160721	0.022792853021073731	0.023039977615602402	0.023279444154475113	0.02351106646882661	0.023734654140990505	0.023950012411346103	0.024156942083178812	0.024355239425512556	0.024544696073872118	0.024725098928931728	0.024896230053006355	0.025057866564340066	0.025209780529145964	0.025351738851350683	0.025483503159995407	0.025604829694244782	0.025715469185953896	0.025815166739742237	0.02590366171052293	0.025980687578434195	0.026045971821119007	0.026099235783297668	0.02614019454357722	0.026168556778439902	0.026184024623352509	0.026186293530936201	0.026175052126136317	0.026149982058329406	0.026110757850304197	0.026057046744051467	0.02598850854329661	0.025904795452707418	0.025805551913708036	0.025690414436828766	0.025559011430519855	0.025410963026356218	0.025245880900557977	0.025063368091750821	0.024863018814888262	0.024644418271256206	0.024407142454478996	0.024150757952444018	0.02387482174506058	0.023578880997766928	0.023262472850697338	0.022925124203420012	0.022566351495153718	0.022185660480370253	0.021782545999687295	0.021356491745954345	0.020906970025432698	0.020433441513968077	0.019935355008052852	0.019412147170672217	0.01886324227182699	0.018288051923623184	0.017685974809816509	0.017056396409697503	0.016398688716200687	0.015712209948118998	0.014996304256301987	0.014250301423714027	0.013473516559226188	0.012665249785013004	0.011824785917422384	0.010951394141184775	0.01004432767682438	0.0091028234411329647	0.0081261017005636021	0.0071133657173990698	0.0060638013885461611	0.00050701877393008736	0.0010121750067492215	0.0015154175830236437	0.0020166941403791539	0.0025159510409836572	0.0030131333424036205	0.0035081847678210478	0.0040010476755973426	0.0044916630281701389	0.0049799703602688645	0.00546590774643452	0.0059494117678288673	0.0064304174783178921	0.0069088583698140704	0.0073846663368617206	0.0078577716404493059	0.0083281028710322502	1.3697960335213004	0.0092601488948169507	0.0097217121720793633	0.010180198264704475	0.010635526826999555	0.011087615603332671	0.01153638038513947	0.01198173496699606	0.012423591101738234	0.012861858454606913	0.013296444556399053	0.013727254755603154	0.01415419216949769	0.014577157634190784	0.014996049653578499	0.015410764347199079	0.015821195396959767	0.016227233992712389	0.016628768776653376	0.017025685786523598	0.017417868397582428	0.017805197263330463	0.018187550254954336	0.018564802399466861	0.018936825816514902	0.01930348965382702	0.019664660021272259	0.020020199923500768	0.020369969191136632	0.020713824410492219	0.021051618851773271	0.021383202395742793	0.021708421458811487	0.022027118916521694	0.022339134025391193	0.022644302343082304	0.022942455646861256	0.023233421850312144	0.023517024918268552	0.023793084779925811	0.02406141724009566	0.024321833888564456	0.024574142007515176	0.02481814447697284	0.025053639678231876	0.025280421395223303	0.02549827871377873	0.025706995918747012	0.025906352388919085	0.026096122489714779	0.026276075463585177	0.026445975318082831	0.026605580711551041	0.026754644836382711	0.026892915299797905	0.027020134002088626	0.027136037012277892	0.027240354441139276	0.027332810311521981	0.027413122425925283	0.027481002231265289	0.027536154680775252	0.027578278092980274	0.027607064007685086	0.027622197038913332	0.027623354724734508	0.027610207373914231	0.027582417909321835	0.027539641708027703	0.027481526438022059	0.027407711891484766	0.02731782981453465	0.027211503733385507	0.027088348776834116	0.026947971495004313	0.026789969674269474	0.026613932148274483	0.026419438604975937	0.026206059389618709	0.025973355303564403	0.025720877398885789	0.025448166768640125	0.025154754332731403	0.024840160619270659	0.024503895541341306	0.024145458169074343	0.023764336496936701	0.02336000720613382	0.022931935422025602	0.022479574466452681	0.022002365604868193	0.021499737788167619	0.020971107389107589	0.020415877933201827	0.019833439823980618	0.019223170062497366	0.018584431960964029	0.017916574850394093	0.017218933782130026	0.016490829223129031	0.015731566744878859	0.014940436705812408	0.014116713927087266	0.013259657361594098	0.012368509756054235	0.011442497306064609	0.010480829303944981	0.0094826977792395548	0.0084472771317222126	0.007373723756751137	0.0062611756628159036	0.00053384860952640002	0.0010657312034356829	0.0015955938265477705	0.0021233812074676712	0.0026490367284837334	0.003172502394805004	0.0036937188031235945	0.0042126251094876579	0.004729158996470249	0.0052432566396191016	0.0057548526731719344	0.0062638801550217241	0.0067702705309158886	0.0072739535978731612	0.0077748574668014348	0.0082729085242996374	0.0087680313936262782	0.0092601488948169507	1.3956504223973205	0.010235049811421041	0.010717669479569968	0.01119695619903719	0.011672823144433457	0.012145181428940834	0.012613940057945203	0.013079005881662137	0.013540283546734829	0.013997675446782288	0.014451081671875698	0.014900399956920133	0.015345525628918598	0.015786351553094709	0.016222768077849965	0.016654662978530889	0.017081921399981076	0.017504425797852309	0.017922055878648858	0.018334688538477827	0.018742197800478713	0.019144454750904115	0.019541327473823082	0.019932680984418433	0.020318377160848094	0.020698274674640485	0.021072228919593004	0.021440091939142165	0.021801712352173253	0.022156935277236799	0.02250560225513815	0.022847551169866396	0.023182616167827377	0.023510627575345385	0.023831411814397296	0.024144791316541955	0.024450584435006972	0.024748605354894489	0.025038664001466229	0.025320565946467945	0.025594112312451865	0.025859099675055609	0.026115319963194456	0.026362560357123629	0.026600603184325892	0.026829225813179026	0.027048200544356863	0.027257294499916464	0.027456269510023227	0.027644881997264399	0.027822882858501003	0.027990017344206541	0.028146024935240169	0.028290639217000844	0.028423587750907916	0.028544591943152332	0.028653366910661785	0.028749621344221484	0.028833057368691847	0.02890337040026204	0.028960249000678329	0.029003374728383793	0.029032421986505748	0.029047057867624647	0.02904694199525831	0.029031726361992669	0.029001055164189778	0.028954564633201712	0.028891882863018178	0.028812629634273453	0.028716416234537422	0.028602845274813521	0.028471510502165027	0.028321996608389327	0.028153879034658307	0.027966723772041562	0.027760087157826623	0.027533515667549757	0.027286545702648168	0.02701870337364316	0.026729504278761831	0.026418453277902824	0.026085044261850012	0.025728759916635899	0.025349071482954292	0.02494543851052031	0.024517308607273032	0.024064117183314557	0.023585287189476674	0.023080228850404338	0.022548339392042815	0.021989002763412976	0.0214015893525571	0.020785455696534911	0.020139944185347244	0.019464382759662242	0.018758084602216393	0.018020347822760081	0.017250455136414773	0.016447673535306476	0.015611253953336506	0.014740430923949053	0.013834422230750898	0.012892428550836806	0.011913633090670183	0.010897201214366325	0.0098422800642219109	0.0087479981733315677	0.0076134650701289441	0.006437770874686422	0.00056051185030021281	0.0011189542104771443	0.0016752702856043969	0.0022294018952661895	0.0027812894418713105	0.0033308718782713866	0.0038780866746686432	0.0044228697847979734	0.0049651556113678641	0.0055048769707443414	0.0060419650568618536	0.0065763494043445791	0.0071079578508213854	0.0076367164984172597	0.0081625496744036526	0.0086853798909899711	0.009205127804237807	0.0097217121720793633	0.010235049811421041	1.4220026733657654	0.011251642203162963	0.011754720484979832	0.012254199004616745	0.012749984197002193	0.013241980278331853	0.013730089196201048	0.014214210578655254	0.014694241682135532	0.01517007733829575	0.015641609899667577	0.016108729184148914	0.016571322418290933	0.017029274179358359	0.017482466336137023	0.017930777988462265	0.018374085405441255	0.01881226196234162	0.019245178076118218	0.019672701139549477	0.020094695453953901	0.020511022160456818	0.020921539169776977	0.021326101090501683	0.021724559155818727	0.022116761148672743	0.022502551325312703	0.022881770337196801	0.023254255151220309	0.02361983896823101	0.02397835113979634	0.024329617083185578	0.024673458194529579	0.025009691760119808	0.025338130865807652	0.025658584304464327	0.025970856481460445	0.026274747318124174	0.02657005215313523	0.026856561641811789	0.027134061653246045	0.02740233316524357	0.027661152157020388	0.027910289499610972	0.028149510843939334	0.028378576506504216	0.028597241352628869	0.028805254677224175	0.029002360083013635	0.029188295356166689	0.029362792339287055	0.029525576801700135	0.029676368306983805	0.029814880077684711	0.029940818857161787	0.030053884768496783	0.030153771170411008	0.030240164510125914	0.030312744173103808	0.030371182329603893	0.03041514377798735	0.030444285784703925	0.030458257920890984	0.030456701895514627	0.030439251384981124	0.030405531859145234	0.030355160403640745	0.030287745538456826	0.030202887032682157	0.030100175715337702	0.029979193282216543	0.029839512098648453	0.029680694998104346	0.029502295076554646	0.02930385548249366	0.029084909202539831	0.028844978842520824	0.028583576403949467	0.028300203055795562	0.027994348901456054	0.027665492740824263	0.027313101827356887	0.026936631620035519	0.02653552553011676	0.026109214662563943	0.02565711755204975	0.025178639893418512	0.024673174266493163	0.024140099855110508	0.02357878216026554	0.022988572707243398	0.022368808746614909	0.021718812948969206	0.021037893093254618	0.020325341748595474	0.019580435949451202	0.018802436863980154	0.017990589455468046	0.017144122136679107	0.01626224641698313	0.015344156542110885	0.014389029126385245	0.013396022777274407	0.012364277712108272	0.011292915366797681	0.010181037996391779	0.0090277282673059452	0.0078320488410493164	0.0065930419492769583	0.00058700413637195379	0.0011718353081144623	0.0017544338805548074	0.0023347387642564206	0.0029126873817485266	0.003488215633525337	0.0040612578632991869	0.0046317468224917153	0.0051996136339468296	0.00576478775484886	0.0063271969388289783	0.0068867671972425706	0.0074434227595999505	0.0079970860331323428	0.0085476775614747903	0.009095115982447154	0.0096393179849141083	0.010180198264704477	0.010717669479569968	0.011251642203162961	1.4488599390773871	0.012308723767476892	0.012831642906652379	0.013350684052213829	0.013865746631166699	0.014376727688486088	0.014883521833619731	0.015386021185830753	0.015884115318355714	0.016377691201352865	0.016866633143614994	0.01735082273302084	0.017830138775698369	0.018304457233872699	0.018773651162370925	0.019237590643755614	0.019696142722057722	0.020149171335079881	0.020596537245239431	0.021038097968920803	0.021473707704305595	0.021903217257648492	0.022326473967966162	0.022743321630105784	0.023153600416159239	0.023557146795187927	0.023953793451222949	0.024343369199504375	0.024725698900922341	0.025100603374622662	0.025467899308738096	0.025827399169206032	0.026178911106632504	0.026522238861161472	0.026857181665307692	0.027183534144710357	0.027501086216764014	0.027809622987082352	0.02810892464374946	0.028398766349312158	0.028678918130466292	0.028949144765388672	0.029209205668665535	0.029458854773767033	0.029697840413016891	0.029925905195004501	0.030142785879386319	0.030348213249021965	0.030541911979389408	0.030723600505222517	0.030892990884312993	0.031049788658417555	0.031193692711210252	0.031324395123217913	0.031441581023676383	0.031544928439243052	0.031634108139500433	0.031708783479183954	0.031768610237065772	0.031813236451425135	0.031842302252034271	0.031855439688587409	0.031852272555498967	0.031832416212995512	0.031795477404424552	0.031741054069701576	0.031668735154815185	0.031578100417308526	0.031468720227653589	0.031340155366433101	0.031191956817243335	0.031023665555228744	0.030834812331158281	0.030624917450950969	0.030393490550556193	0.030140030366092963	0.029864024499149766	0.0295649491771449	0.029242269008645162	0.028895436733538497	0.028523892967954489	0.028127065943823758	0.02770437124296582	0.027255211525592085	0.026778976253108912	0.026275041405102839	0.025742769190387954	0.025181507751992911	0.024590590865962408	0.023969337633845907	0.023317052168742698	0.022633023274771472	0.021916524119827866	0.021166811901492496	0.02038312750594776	0.019564695159759862	0.01871072207437887	0.01782039808320721	0.016892895271083192	0.015927367596024051	0.014922950503068872	0.013878760530059221	0.012793894905191479	0.011667431136172109	0.010498426590802629	0.009285918068819253	0.0080289213648065162	0.0067264308220022755	0.0006133210040920262	0.001224365569048443	0.001833071220450212	0.0024393739598399765	0.0030432082298674011	0.0036445068786692763	0.0042432011234680494	0.004839220513372107	0.0054324928913607783	0.0060229443554366954	0.0066104992189277498	0.0071950799699205398	0.0077766072298068216	0.008354999710924068	0.008930174173270895	0.0095020453802776416	0.010070526053612049	0.010635526826999557	0.011196956199037192	0.011754720484979834	0.012308723767476892	1.4762294852408713	0.013405052186599632	0.013947173866985421	0.014485127525209836	0.015018805303627746	0.015548096793089159	0.016072888975679253	0.016593066166217293	0.017108509952488093	0.017619099134179344	0.018124709660497364	0.018625214566433332	0.019120483907651642	0.019610384693971212	0.020094780821409898	0.020573533002762091	0.021046498696678136	0.021513532035214316	0.021974483749820972	0.022429201095735974	0.022877527774749936	0.023319303856308898	0.023754365696919445	0.024182545857820655	0.024603673020886396	0.025017571902720699	0.025424063166908355	0.025822963334381919	0.02621408469186557	0.02659723519835552	0.026972218389595723	0.027338833280506767	0.027696874265525188	0.028046131016809299	0.028386388380266827	0.02871742626935872	0.029039019556632691	0.029350937962938695	0.029652945944278166	0.029944802576237228	0.030226261435953524	0.030497070481564966	0.030756971929087946	0.031005702126671114	0.031242991426170021	0.031468564051986656	0.031682137967116851	0.031883424736347005	0.032072129386541186	0.032247950263957381	0.032410578888531189	0.032559699805063992	0.03269499043125057	0.032816120902480844	0.032922753913348292	0.033014544555796492	0.033091140153833958	0.033152180094745833	0.033197295656729429	0.03322610983287947	0.033238237151447012	0.033233283492294825	0.033210845899469744	0.033170512389812064	0.033111861757518922	0.033034463374578396	0.032937876986988072	0.032821652506670955	0.032685329798999463	0.032528438465836369	0.032350497623999629	0.032151015679056746	0.031929490094351448	0.031685407155164047	0.031418241727904923	0.031127457014238222	0.030812504300030717	0.030472822699019068	0.03010783889108587	0.029716966855033555	0.029299607595741829	0.028855148865593008	0.028382964880046695	0.027882416027242878	0.0273528485715103	0.026793594350654207	0.026203970466895089	0.025583278971327412	0.024930806541764848	0.024245824153835277	0.023527586745186832	0.022775332872662573	0.021988284362299281	0.021165645952002411	0.020306604926746009	0.019410330746144497	0.018475974664238455	0.017502669341334681	0.01648952844773699	0.015435646259200587	0.014340097243940461	0.013201935641019505	0.012020195029939664	0.010793887891254952	0.0095220051580223002	0.0082035157579017897	0.0068373661457140156	0.00063945788370310056	0.0012765358537644275	0.0019111685960186231	0.0025432892029875411	0.0031728291374412852	0.0037997181951592279	0.0044238844668739279	0.0050452542993805159	0.0056637522557937458	0.0062793010749345483	0.0068918216298275454	0.0075012328852905328	0.0081074518545967214	0.0087103935551898232	0.0093099709634320345	0.0099060949683641587	0.010498674324457027	0.011087615603332672	0.011672823144433459	0.012254199004616743	0.012831642906652379	0.013405052186599634	1.5041186922677858	0.014539343967141054	0.015100008716528019	0.015656203227935463	0.016207812073615647	0.016754717098475817	0.017296797358917936	0.017833929060353387	0.018365985493364774	0.018892836968485951	0.01941435074957135	0.019930390985724671	0.020440818641756554	0.020945491427140254	0.021444263723433526	0.021936986510134478	0.022423507288938271	0.022903670006361218	0.023377314974697416	0.023844278791273463	0.024304394255964729	0.024757490286937182	0.025203391834577156	0.025641919793570975	0.026072890913095545	0.026496117705080431	0.026911408350500599	0.027318566603658567	0.027717391694414055	0.028107678228317525	0.028489216084604137	0.028861790312003022	0.02922518102231603	0.029579163281719414	0.029923506999740578	0.030257976815861155	0.030582331983697052	0.03089632625270429	0.0311997077473593	0.031492218843760501	0.031773596043597543	0.032043569845433002	0.032301864613240486	0.032548198442141685	0.03278228302128415	0.033003823493799864	0.033212518313783738	0.033408059100230016	0.033590130487862919	0.033758409974796975	0.033912567766960888	0.03405226661921739	0.034177161673110475	0.034286900291169702	0.034381121887699692	0.03445945775598213	0.034521530891815082	0.034566955813313913	0.03459533837689583	0.034606275589368803	0.03459935541604385	0.034574156584788164	0.034530248385934756	0.034467190467962448	0.034384532628858794	0.034281814603075791	0.034158565843987521	0.034014305301756045	0.033848541196510595	0.033660770786742733	0.033450480132818428	0.033217143855506143	0.032960224889417092	0.032679174231253098	0.03237343068275389	0.032042420588234768	0.031685557566602199	0.031302242237733473	0.030891861943103862	0.030453790460542109	0.029987387712993429	0.029491999471165525	0.028966957049932067	0.02841157699836399	0.02782516078325771	0.027206994466025525	0.026556348372811643	0.025872476757694048	0.025154617458829114	0.02440199154739444	0.023613802969180517	0.022789238178680341	0.021927465765522312	0.02102763607308844	0.020088880809157383	0.019110312648407936	0.018091024826615443	0.017030090726370191	0.015926563454143589	0.014779475408523946	0.013587837839440765	0.012350640398191459	0.011066850678082525	0.0097354137454916667	0.00835525166115441	0.0069252629914740059	0.00066541009695160176	0.0013283368057552662	0.0019887119724993152	0.002646465780684813	0.0033015267132023044	0.0039538215134737415	0.0046032751457417967	0.0052498107544883396	0.005893349622963554	0.0065338111308066733	0.0071711127107390348	0.0078051698043096508	0.0084358958166731689	0.0090632020703795592	0.0096869977581545766	0.010307189894649507	0.010923683267138259	0.01153638038513947	0.012145181428940834	0.012749984197002193	0.013350684052213829	0.013947173866985423	0.014539343967141054	1.5325350569380884	0.015710273248781881	0.016288799826816271	0.016862541362352657	0.017431374563120338	0.01799517322710395	0.018553808177341483	0.019107147195310425	0.019655054952872196	0.02019739294274446	0.020734019407470206	0.021264789266851842	0.021789554043817976	0.022308161788689763	0.022820457001813038	0.023326280554521881	0.023825469608398531	0.024317857532793377	0.024803273820568916	0.025281544002029907	0.025752489557001709	0.026215927825017877	0.026671671913577166	0.027119530604429443	0.027559308257849	0.027990804714853188	0.028413815197322917	0.028828130205981354	0.029233535416185518	0.029629811571485129	0.030016734374901897	0.03039407437788123	0.03076159686686792	0.031119061747455753	0.031466223426060376	0.031802830689063588	0.032128626579376034	0.032443348270364422	0.032746726937087925	0.033038487624788004	0.033318349114573376	0.033586023786242578	0.033841217478183493	0.034083629344289233	0.034312951707827902	0.034528869912202921	0.034731062168538711	0.034919199400025754	0.035092945082957488	0.035251955084389955	0.035395877496353777	0.035524352466547109	0.035637012025435545	0.035733479909684777	0.035813371381849597	0.035876293046241042	0.035921842660892524	0.035949608945543762	0.035959171385559582	0.035950100031699302	0.03592195529565044	0.035874287741238735	0.035806637871224678	0.035718535909595311	0.035609501579257082	0.035479043875035074	0.035326660831881025	0.035151839288190663	0.034954054644129075	0.03473277061486079	0.034487438978578956	0.0342174993192257	0.033922378763794239	0.03360149171409995	0.033254239572906637	0.032880010464290566	0.03247817894812375	0.032048105728554245	0.031589137356359938	0.031100605925048805	0.030581828760576753	0.030032108104551074	0.029450730790784922	0.028836967915065851	0.028190074497998027	0.027509289140775398	0.026793833673740185	0.026042912797577328	0.025255713716993859	0.024431405766727681	0.023569140029728063	0.022668048947346302	0.02172724592137237	0.020745824907749198	0.019722860001793793	0.018657405014749971	0.017548493041494615	0.016395136019215203	0.015196324276873546	0.013951026075265514	0.012658187137484192	0.011316730169588392	0.0099255543712767624	0.0084835349363601865	0.0069895225428246582	0.00069117285464731352	0.0013797588466405253	0.0020656869823216383	0.0027488845361709267	0.0034292770111993753	0.0041067880984715175	0.0047813396357401349	0.0054528515651738468	0.0061212418901582582	0.0067864266311509014	0.0074483197805698381	0.0081068332566952925	0.0087618768565633515	0.0094133582078302358	0.010061182719585275	0.010705253532090222	0.011345471465422067	0.01198173496699606	0.012613940057945203	0.013241980278331851	0.013865746631166699	0.014485127525209836	0.015100008716528017	0.015710273248781881	1.5614861940863618	0.016916470581324543	0.017512155351164349	0.018102727272286737	0.018688054884259064	0.019268003627745896	0.019842435775119609	0.020411210359569176	0.020974183102675514	0.02153120634042089	0.022082128947599484	0.022626796260595286	0.023165049998492785	0.023696728182485572	0.024221665053546702	0.024739690988324278	0.025250632413224963	0.025754311716647216	0.026250547159325135	0.026739152782743501	0.027219938315583062	0.027692709078155051	0.028157265884782227	0.028613404944083664	0.029060917757119081	0.029499591013347783	0.029929206484356388	0.030349540915308438	0.03076036591406826	0.031161447837950124	0.031552547678043004	0.031933420941060206	0.032303817528661925	0.032663481614197791	0.033012151516815531	0.033349559572880397	0.033675432004649349	0.03398948878614242	0.034291443506152715	0.034581003228335197	0.034857868348313358	0.035121732447741208	0.035372282145257408	0.035609196944266258	0.035832149077479628	0.036040803348152121	0.036234816967940529	0.036413839391317156	0.036577512146465346	0.036725468662583742	0.036857334093524534	0.036972725137689358	0.03707124985410503	0.037152507474599451	0.037216088211996595	0.037261573064247967	0.037288533614415739	0.037296531826421626	0.037285119836473223	0.037253839740078377	0.03720222337455556	0.037129792096947008	0.037036056557239141	0.036920516466792883	0.036782660361884344	0.036621965362254941	0.036437896924566893	0.036229908590658784	0.035997441730493719	0.03573992527968952	0.035456775471519292	0.035147395563267569	0.034811175556825426	0.034447491913405084	0.034055707262252759	0.033635170103235058	0.03318521450317289	0.03270515978579322	0.032194310215166839	0.031651954672497859	0.031077366326127169	0.030469802294610163	0.029828503302725514	0.02915269333026926	0.028441579253485082	0.02769435047897947	0.026910178569965894	0.026088216864680849	0.025227600086809618	0.024327443947757734	0.023386844740599488	0.022404878925532695	0.021380602706664604	0.020313051599950453	0.019201239992102562	0.018044160690284253	0.016840784462399283	0.015590059567782781	0.014290911278097156	0.012942241388230961	0.011542927716995633	0.010091823597410388	0.0085877573563616343	0.0070295317834182351	0.00071674125417000212	0.0014307921711797385	0.0021420789176248931	0.0028505258589649482	0.0035560555183313304	0.0042585885344311562	0.004958043618527315	0.0056543375104751697	0.0063473849337957536	0.007037098549764898	0.0077233889104973913	0.0084061644110046616	0.0090853312402042353	0.0097607933308585942	0.010432452308420629	0.011100207438762571	0.011763955574764482	0.012423591101738234	0.013079005881662139	0.013730089196201048	0.01437672768848609	0.015018805303627746	0.015656203227935459	0.016288799826816271	0.016916470581324543	1.5909798383089437	0.018156521669304419	0.018768637952608507	0.019375300154396521	0.019976368332959616	0.020571699251565073	0.021161146304729418	0.021744559442896813	0.022321785095488791	0.022892666092291326	0.023457041583143757	0.024014746955893951	0.024565613752583256	0.025109469583823624	0.025646138041329095	0.026175438608562619	0.026697186569458544	0.027211192915180378	0.027717264248872272	0.028215202688362213	0.028704805766773891	0.029185866331002942	0.029658172438013244	0.03012150724890687	0.030575648920721506	0.031020370495907255	0.031455439789434186	0.031880619273481202	0.032295665959655134	0.032700331278688516	0.033094360957563199	0.03347749489400579	0.033849467028299898	0.034210005212359153	0.034558831076003389	0.034895659890379904	0.035220200428469482	0.035532154822616978	0.035831218419023557	0.036117079629137648	0.036389419777879406	0.036647912948633059	0.036892225824939062	0.037122017528817768	0.037336939455653952	0.03753663510557069	0.03772073991121918	0.037888881061910087	0.038040677324010036	0.038175738857525225	0.03829366702879345	0.038394054219202563	0.038476483629853543	0.038540529082083379	0.038585754813761593	0.038611715271272877	0.038617954897095783	0.038604007912886242	0.038569398097972399	0.038513638563165462	0.038436231519789366	0.038336668043829986	0.038214427835102677	0.038068978971334606	0.037899777657056821	0.037706267967198018	0.037487881585270395	0.037244037536035522	0.036974141912535959	0.036677587597375716	0.036353753978130725	0.036002006656767692	0.035621697152947343	0.035212162601085707	0.034772725441044101	0.034302693102316248	0.033801357681578159	0.033267995613463532	0.032701867334424595	0.032102216939535869	0.031468271832094968	0.030799242365871754	0.030094321479854049	0.029352684325335287	0.028573487885186235	0.0277558705851489	0.026898951896989248	0.026001831933340009	0.025063591034062842	0.024083289343955032	0.023059966381622363	0.021992640599336356	0.020880308933690445	0.019721946346865457	0.018516505358311192	0.017262915566647601	0.015960083161583243	0.014606890425646984	0.013202195225522982	0.011744830492775016	0.010233603693743145	0.008667296288389267	0.0070446631778648874	0.00074211027692194136	0.0014814267421774531	0.0022178727226158973	0.0029513696746759719	0.0036818371416095382	0.0044091927097662954	0.0051333519639192452	0.005854228441610496	0.0065717335864965021	0.0072857767006713993	0.0079962648959466948	0.0087031030440650296	0.009406193725825374	0.010105437179096453	0.010800731245694736	0.011491971317102924	0.012179050279004155	0.012861858454606913	0.013540283546734829	0.014214210578655254	0.014883521833619733	0.015548096793089159	0.016207812073615647	0.016862541362352657	0.017512155351164353	0.018156521669304419	1.6210238456921109	0.019428966083349278	0.020056763498182226	0.020678751735050845	0.0212947820481173	0.021904702193225677	0.022508356349683366	0.023105585040351213	0.023696225050006941	0.024280109341945241	0.024857066972777387	0.025426923005392444	0.025989498420041311	0.026544610023503921	0.027092070356299517	0.027631687597898382	0.028163265469893381	0.028686603137088044	0.029201495106457635	0.029707731123938232	0.030205096068998419	0.030693369846946813	0.031172327278927901	0.031641737989557737	0.032101366292149873	0.032550971071480937	0.0329903056640444	0.033419117735739655	0.033837149156942796	0.034244135874904207	0.034639807783416895	0.035023888589698488	0.035396095678428503	0.035756139972881386	0.036103725793094704	0.036438550711010056	0.036760305402524021	0.037068673496383937	0.037363331419863186	0.037643948241148119	0.037910185508368464	0.038161697085200869	0.03839812898297415	0.038619119189203306	0.038824297492477608	0.039013285303627195	0.039185695473090094	0.039341132104400815	0.039479190363719691	0.03959945628532055	0.039701506572952329	0.039784908396989137	0.039849219187280918	0.039893986421615228	0.039918747409699251	0.03992302907256845	0.039906347717327019	0.039868208807123426	0.03980810672626163	0.039725524540347244	0.039619933751365591	0.039490794047586465	0.039337553048188097	0.03915964604249119	0.03895649572369092	0.038727511916973031	0.038472091301897576	0.038189617128931902	0.037879458930010892	0.037540972223001866	0.037173498209947212	0.036776363468956089	0.036348879639614431	0.03589034310177814	0.035400034647613841	0.03487721914674663	0.034321145204372988	0.033731044812193342	0.033106132992015827	0.032445607431880318	0.03174864811454773	0.031014416938197818	0.030242057329173753	0.029430693846610515	0.028579431778778679	0.02768735673097367	0.026753534204775626	0.025777009168502434	0.024756805618674351	0.02369192613230503	0.022581351409830371	0.021424039808481926	0.020218926865909041	0.018964924813848157	0.017660922081635212	0.016305782789352241	0.014898346230394582	0.013437426343241963	0.011921811172210651	0.010350262316961437	0.0087215143705315773	0.0070342743456555546	0.00076727478572518389	0.0015316522852777742	0.002293052985760814	0.0030513954345922092	0.0038065961951442651	0.0045585698014092577	0.0053072287116703015	0.0060524832611562511	0.0067942416136589842	0.0075324097120909386	0.0082668912279603383	0.0089975875097410424	0.009724397530113461	0.010447217832052564	0.011165942473738403	0.011880462972264135	0.012590668246115991	0.013296444556399053	0.013997675446782284	0.014694241682135532	0.015386021185830753	0.016072888975679257	0.016754717098475817	0.017431374563120338	0.018102727272286737	0.018768637952608507	0.019428966083349278	1.6516261955614993	0.020732295937455739	0.02137499971868119	0.022011524912259939	0.022641713635363648	0.023265404296162938	0.023882431510957956	0.024492626019518175	0.025095814598593648	0.025691819973559054	0.026280460728151166	0.026861551212259822	0.027434901447730902	0.028000317032139871	0.02855759904049298	0.02910654392481243	0.029646943411561193	0.030178584396861705	0.030701248839462524	0.031214713651405164	0.031718750586342964	0.032213126125462822	0.032697601360959165	0.033171931877008995	0.033635867628195482	0.034089152815326686	0.034531525758594556	0.034962718768018763	0.035382458011118223	0.035790463377752338	0.03618644834207272	0.036570119821524777	0.036941178032837613	0.037299316344939049	0.037644221128731462	0.037975571603663175	0.03829303968102777	0.038596289803923482	0.038884978783802891	0.039158755633541216	0.039417261396951307	0.039660128974670507	0.03988698294634388	0.04009743938902708	0.040291105691729105	0.040467580366015284	0.040626452852588063	0.040767303323761932	0.040889702481746747	0.040993211352652492	0.041077381076126428	0.041141752690531434	0.041185856913573168	0.041209213918281258	0.04121133310424803	0.041191712864026009	0.041149840344583993	0.041085191203718605	0.040997229361317243	0.040885406745364644	0.040749163032584995	0.040587925383607636	0.040401108172542909	0.040188112710852451	0.039948326965395589	0.039681125270530901	0.039385868034150402	0.039061901437519919	0.038708557128798206	0.038325151910103182	0.037910987417992599	0.037465349797222186	0.036987509367642571	0.036476720284093121	0.035932220189148066	0.035353229858566718	0.03473895283929767	0.034088575079882666	0.033401264553103827	0.032676170870713228	0.031912424890082405	0.031109138312604308	0.030265403273678215	0.029380291924103196	0.028452856002704131	0.027482126400008598	0.026467112712790643	0.025406802789293591	0.024300162264938998	0.023146134088326921	0.021943638037327268	0.020691570225057833	0.019388802595541519	0.018034182408830531	0.016626531715380245	0.015164646819452534	0.013647297731322604	0.012073227608059242	0.010441152182643975	0.0087497591811895401	0.0069977077280130974	0.00079222952216242406	0.0015814582836460901	0.0023676039318077211	0.0031505821050444366	0.0039303063868489762	0.0047066882588562018	0.0054796370528593366	0.0062490599017739849	0.0070148616895274411	0.0077769449998504473	0.0085352100639479542	0.0092895547070250221	0.01003987429364351	0.010786061671884633	0.011528007116292026	0.012265598269569305	0.012998720083005778	0.013727254755603152	0.014451081671875698	0.015170077338295751	0.015884115318355714	0.016593066166217293	0.017296797358917936	0.01799517322710395	0.018688054884259064	0.019375300154396521	0.020056763498182226	0.020732295937455739	1.682794992252906	0.022064954531331449	0.022721764833056497	0.023372012361789537	0.024015529754564433	0.024652145721120594	0.025281684956219311	0.025903968050065975	0.026518811396798615	0.027126027101001801	0.02772542288220424	0.028316801977317754	0.028899963040974114	0.029474700043715454	0.030040802167993385	0.030598053701930215	0.031146233930795658	0.031685117026150712	0.032214471932609789	0.03273406225217098	0.033243646126063606	0.033742976114060443	0.034231799071201954	0.034709856021877886	0.035176882031210825	0.035632606073685312	0.036076750898964588	0.036509032894836084	0.036929161947225606	0.03733684129721878	0.037731767395026899	0.038113629750833669	0.038482110782457203	0.038836885659760706	0.039177622145744183	0.039503980434247431	0.039815612984193616	0.040112164350301474	0.040393271010191786	0.040658561187813594	0.040907654673112658	0.041140162637864276	0.041355687447590377	0.041553822469478793	0.041734151876222245	0.041896250445691119	0.042039683356353975	0.042164005978356726	0.042268763660170447	0.042353491510715498	0.042417714176867738	0.042460945616250863	0.042482688865217021	0.042482435801915359	0.042459666904346764	0.042413851003300307	0.042344445030065375	0.042250893758810991	0.042132629543521406	0.041989072049375263	0.041819627978452921	0.041623690789654354	0.041400640412707738	0.041149842956145884	0.040870650409125943	0.040562400336964628	0.040224415570258701	0.039856003887458261	0.039456457690756903	0.039025053675160869	0.038561052490595701	0.038063698396906695	0.037532218911606123	0.036965824450217226	0.036363707959062186	0.035725044540337696	0.035048991069319232	0.034334685803531051	0.033581247983716415	0.032787777426438673	0.031953354108140597	0.031077037740485612	0.030157867336801376	0.029194860769442284	0.028187014317883223	0.027133302207354566	0.026032676137822529	0.024884064803116557	0.023686373400001154	0.022438483126984272	0.021139250672652252	0.019787507693314596	0.018382060279739546	0.016921688412755948	0.015405145407492144	0.013831157346018939	0.012198422498157491	0.010505610730210141	0.0087513629013651374	0.0069342902475223256	0.00081696910386024394	0.0016308339725355659	0.0024415094136363692	0.0032489081565389832	0.004052940804856589	0.0048535157878666271	0.0056505393108724376	0.0064439153044763588	0.0072335453727411193	0.0080193287402157611	0.0088011621978019497	0.0095789400474359642	0.0103525540455611	0.011121893345364833	0.011886844437754349	0.012647291091043752	0.013403114289325429	0.014154192169497691	0.014900399956920133	0.015641609899667581	0.016377691201352865	0.017108509952488093	0.017833929060353384	0.018553808177341483	0.019268003627745896	0.019976368332959616	0.020678751735050845	0.02137499971868119	0.022064954531331445	1.7145384669046344	0.023425334956931027	0.02409542613655398	0.024758555106565053	0.02541454467014297	0.026063213477040763	0.026704375930919177	0.027337842094679647	0.02796341759375447	0.028580903517311285	0.02919009631732784	0.02979078770549214	0.030382764547882309	0.030965808757379278	0.031539697183764773	0.032104201501455723	0.032659088094825588	0.033204117941061671	0.033739046490506852	0.034263623544432818	0.034777593130190736	0.035280693373684523	0.035772656369110464	0.036253208045905712	0.036722068032847416	0.037178949519242339	0.037623559113146444	0.038055596696551973	0.038474755277478484	0.038880720838903225	0.03927317218446455	0.039651780780870748	0.040016210596945913	0.040366117939241726	0.040701151284144192	0.041020951106401429	0.041325149703998337	0.04161337101930123	0.041885230456395327	0.042140334694534841	0.042378281497625313	0.042598659519654858	0.042801048105990273	0.04298501709045157	0.043150126588077112	0.043295926783489522	0.043421957714770788	0.04352774905275307	0.04361281987562983	0.043676678438789883	0.043718821939774992	0.04373873627825979	0.04373589581095029	0.0437097631012957	0.043659788663905352	0.043585410703561443	0.04348605484871465	0.043361133879348666	0.043210047449096615	0.043032181801489849	0.042826909480218063	0.042593589033275842	0.042331564710869587	0.04204016615695496	0.041718708094273409	0.041366490002752596	0.040982795791134008	0.040566893461686876	0.040118034767865962	0.039635454864766627	0.039118371952228857	0.038565986910437729	0.037977482927865576	0.03735202512139741	0.036688760148478085	0.035986815811116721	0.03524530065157979	0.034463303539601697	0.03363989325093765	0.032774118037080122	0.031865005185956807	0.03091156057342398	0.029912768205365377	0.028867589750203426	0.027774964061624621	0.026633806691318165	0.025443009391521505	0.024201439607163259	0.022907939957389743	0.021561327706255753	0.020160394222357284	0.018703904427178755	0.017190596231922407	0.015619179962583163	0.013988337773027184	0.012296723045828255	0.010542959780609431	0.008725641969634379	0.0068433329603857958	0.00084148802171353943	0.0016797683337359929	0.002514752903931443	0.0033463515526554318	0.004174471903641579	0.0049990193338099046	0.0058198969219738625	0.0066370053964225359	0.007450243081354075	0.0082595058421358267	0.0090646870293661745	0.0098656774217126091	0.010662365167499875	0.011454635725021683	0.012242371801548803	0.013025453291005809	0.01380375721028816	0.014577157634190785	0.015345525628918597	0.016108729184148914	0.016866633143614994	0.017619099134179347	0.018365985493364771	0.019107147195310425	0.019842435775119609	0.020571699251565077	0.0212947820481173	0.022011524912259939	0.022721764833056501	0.023425334956931023	1.7468649792715683	0.024811778668293642	0.025494298551696368	0.026169441048451505	0.026837018763303834	0.027496839913369493	0.028148708230313256	0.028792422860415202	0.029427778262481864	0.030054564103556933	0.030672565152384656	0.031281561170579113	0.031881326801450609	0.032471631456440234	0.033052239199112175	0.03362290862665232	0.03418339274882088	0.034733438864305521	0.035272788434420325	0.035801176954094793	0.036318333820096332	0.036823982196427747	0.037317838876840821	0.037799614144405178	0.038269011628071198	0.03872572815616341	0.039169453606740408	0.039599870754755774	0.040016655115952642	0.040419474787423935	0.040807990284768302	0.041181854375770585	0.041540711910534205	0.041884199647991373	0.042211946078715173	0.042523571243956573	0.042818686550827531	0.043096894583549372	0.043357788910684827	0.043600953888269588	0.043825964458758075	0.044032385945695966	0.044219773844030585	0.044387673605968278	0.044535620422285718	0.044663138999000991	0.044769743329307297	0.044854936460671235	0.044918210256994585	0.044959045155737155	0.044976909919896058	0.044971261384734194	0.044941544199149065	0.044887190561570332	0.044807619950272916	0.044702238847989177	0.044570440460702285	0.044411604430499796	0.044225096542364076	0.044010268424774499	0.043766457243992168	0.043492985391896992	0.043189160167243182	0.042854273450196843	0.042487601370016642	0.042088403965735384	0.041655924839697996	0.041189390803807659	0.040688011518329646	0.040150979123098555	0.039577467860972326	0.038966633693372388	0.038317613907746573	0.037629526716787903	0.036901470849239108	0.036132525132108906	0.035321748064122811	0.034468177380227935	0.033570829606966425	0.032628699608530307	0.031640760123304322	0.030605961290701741	0.029523230168092319	0.028391470237618871	0.027209560902693487	0.025976356973961518	0.024690688144516023	0.023351358454141317	0.021957145742360802	0.020506801090056977	0.018999048249430474	0.01743258306205691	0.015806072864797571	0.014118155883314401	0.012367440612933444	0.01055250518659866	0.008671896729649041	0.0067241307011500903	0.00086578063704986948	0.0017282500899024889	0.0025873174866756204	0.0034428897387040187	0.0042948714898417397	0.0051431650646513892	0.0059876704154565282	0.0068282850682329886	0.0076649040673143409	0.0084974199188862336	0.0093257225332437806	0.01014969916578567	0.01096923435671809	0.011784209869441011	0.012594504627588772	0.013399994650696415	0.014200552988462477	0.014996049653578499	0.015786351553094706	0.016571322418290933	0.017350822733020844	0.018124709660497364	0.018892836968485951	0.019655054952872196	0.020411210359569176	0.021161146304729421	0.021904702193225673	0.022641713635363651	0.023372012361789537	0.02409542613655398	0.024811778668293639	1.7797830195610815	0.026222574013767819	0.026916643141183201	0.027602903461473125	0.02828115700520905	0.028951201172819158	0.029612828631431234	0.030265827209490791	0.030909979789107384	0.031545064196081593	0.032170853087563366	0.032787113837292423	0.033393608418369213	0.03399009328350517	0.03457631924269864	0.035152031338282735	0.035716968717289882	0.036270864501076527	0.036813445652150556	0.037344432838142871	0.037863540292862805	0.038370475674376715	0.038864939920046797	0.03934662709846698	0.039815224258230308	0.040270411273461822	0.04071186068604906	0.041139237544501057	0.041552199239365387	0.041950395335130952	0.042333467398543392	0.04270104882325787	0.043052764650752778	0.043388231387426111	0.043707056817795076	0.044008839813717102	0.044293170139549753	0.044559628253164181	0.044807785102726296	0.045037201919156743	0.045247430004180147	0.04543801051387112	0.045608474237603974	0.045758341372309504	0.045887121291941779	0.045994312312055176	0.04607940144938933	0.046141864176358981	0.046181164170342036	0.046196753057658108	0.04618807015212692	0.046154542188094283	0.046095583047810182	0.04601059348304231	0.04589896083080465	0.045760058723079922	0.045593246790409991	0.045397870359228383	0.04517326014280406	0.044918731925664646	0.044633586241363585	0.044317108043453603	0.043968566369525543	0.04358721399816895	0.043172287098708066	0.042723004873563418	0.042238569193086724	0.041718164222713031	0.041160956042271671	0.040566092257293414	0.039932701602148714	0.039259893534848281	0.038546757823333291	0.037792364123080111	0.036995761545839667	0.03615597821932863	0.035272020837685929	0.034342874202503496	0.033367500754237576	0.032344840093801508	0.03127380849413796	0.030153298401564124	0.028982177926679058	0.027759290324617755	0.026483453464433569	0.025153459287383738	0.02376807325389093	0.022326033778946916	0.020826051655720861	0.019266809467129359	0.017646960985121522	0.015965130557425225	0.01421991248149785	0.012409870365417927	0.010533536475450139	0.0085894110700090471	0.006575961719742807	0.00088984117873246974	0.0017762676987615254	0.0026591858484586099	0.0035384996301376869	0.0044141107077732521	0.0052859183535704981	0.0061538193933630891	0.0070177081508136048	0.007877476390391042	0.008733013259099344	0.0095842052269303618	0.010430936026013977	0.01127308658843783	0.012110534982708131	0.012943156348822798	0.013770822831927348	0.014593403514523396	0.015410764347199081	0.016222768077849965	0.017029274179358355	0.017830138775698369	0.018625214566433332	0.01941435074957135	0.020197392942744464	0.020974183102675514	0.021744559442896813	0.022508356349683366	0.023265404296162938	0.024015529754564433	0.024758555106565053	0.025494298551696368	0.026222574013767822	1.8133012102910029	0.027655954729688109	0.028360665581761875	0.02905711944551434	0.029745107390137051	0.030424415603605551	0.031094825284004254	0.03175611252850867	0.032408048219975602	0.033050397911090976	0.033682921706023855	0.034305374139534106	0.03491750405348034	0.035519054470673397	0.036109762466019289	0.036689359034895209	0.037257568958699971	0.037814110667519864	0.038358696099849238	0.038891030559303957	0.039410812568264952	0.03991773371838702	0.04041147851790762	0.040891724235688355	0.041358140741920645	0.04181039034542601	0.04224812762747944	0.042670999272083079	0.043078643892616099	0.043470691854784978	0.043846765095796575	0.044206476939675478	0.044549431908644653	0.044875225530487423	0.045183444141806833	0.045473664687096543	0.045745454513536211	0.045998371161421921	0.04623196215014061	0.046445764759595783	0.046639305806989412	0.046812101418863702	0.046963656798303562	0.047093465987199136	0.04720101162346587	0.04728576469311651	0.047347184277078763	0.047384717292648593	0.047397798229468067	0.047385848879913824	0.047348278063779961	0.047284481347136781	0.047193840755244673	0.047075724479399408	0.04692948657758305	0.046754466668791975	0.046549989620910746	0.046315365231997967	0.046049887904847715	0.045752836314687052	0.045423473069867187	0.045061044365403646	0.044664779629216958	0.04423389116092271	0.043767573763017091	0.043265004364300273	0.042725341635377202	0.042147725596071862	0.041531277214587818	0.040875097998244653	0.040178269575615863	0.039439853269890822	0.038658889663279523	0.03783439815227508	0.036965376493585361	0.036050800340541159	0.035089622769784043	0.034080773798034619	0.033023159888734707	0.031915663448356467	0.030757142312164483	0.029546429219214007	0.028282331276363124	0.026963629411073001	0.025589077812765142	0.024157403362500478	0.022667305050739255	0.021117453382937114	0.01950648977272695	0.017833025922431172	0.016095643190644188	0.01429289194661885	0.012423290911186187	0.01048532648393174	0.0084774520563453814	0.0063980873106580984	0.00091366374020063136	0.0018238093471916847	0.0027303402695982837	0.0036331576007136005	0.0045321600246325758	0.0054272437612029756	0.0063183025097685802	0.0072052273916787127	0.0080879068915377939	0.0089662267971680788	0.0098400701382581144	0.010709317123669021	0.011573845077369863	0.012433528372973113	0.013288238366840252	0.014137843329727263	0.014982208376938855	0.015821195396959767	0.016654662978530889	0.017482466336137023	0.018304457233872699	0.019120483907651642	0.019930390985724671	0.020734019407470203	0.02153120634042089	0.022321785095488791	0.023105585040351213	0.023882431510957956	0.024652145721120594	0.025414544670142966	0.026169441048451505	0.026916643141183201	0.027655954729688105	1.8474283081697249	0.029110098394545279	0.029824514598099844	0.030530208339520734	0.031226959327631219	0.031914542130154634	0.032592726059332423	0.033261275055077644	0.033919947565612188	0.034568496425534431	0.035206668731263692	0.035834205713805786	0.036450842608783986	0.037056308523677244	0.037650326302207472	0.038232612385815913	0.038802876672167246	0.039360822370619226	0.039906145854594295	0.040438536510787972	0.040957676585147568	0.041463241025554154	0.04195489732113783	0.042432305338156458	0.04289511715236554	0.043342976877805958	0.043775520491934443	0.044192375657020506	0.044593161537731373	0.044977488614825638	0.045344958494874125	0.045695163715924685	0.04602768754902687	0.046342103795529166	0.046637976580061483	0.046914860139111988	0.047172298605106855	0.047409825785899369	0.047626964939571872	0.0478232285444537	0.047998118064254996	0.048151123708214741	0.048281724186159204	0.048389386458364811	0.048473565480117491	0.04853370394085791	0.048569231997800062	0.04857956700390851	0.048564113230116779	0.048522261581667246	0.048453389308450542	0.048356859709219796	0.048232021829552454	0.048078210153430043	0.047894744288303419	0.047680928643508098	0.047436052101892404	0.047159387684516926	0.046850192208282168	0.046507705936337969	0.046131152221124551	0.045719737139893322	0.045272649122551266	0.044789058571670225	0.04426811747449888	0.043708959006812001	0.043110697128428195	0.042472426170223947	0.041793220412467864	0.04107213365429626	0.040308198774146736	0.039500427280962876	0.03864780885598005	0.037749310884897219	0.036803877980236981	0.035810431493690814	0.034767869018243427	0.033675063879865234	0.032530864618557864	0.031334094458533308	0.030083550767303045	0.028778004503448092	0.027416199652837533	0.025996852653057234	0.024518651805806278	0.022980256677013415	0.021380297484420822	0.019717374472377536	0.017990057273579354	0.016196884257487224	0.014336361865149498	0.012406963930149725	0.010407130985394069	0.0083352695554480462	0.0061897514341253271	0.00093724227644612253	0.0018708629451765029	0.0028007626150699442	0.0037268394703988319	0.0046489892153785441	0.0055671050174994257	0.0064810774496153736	0.0073907944307624544	0.0082961411656805126	0.0091970000830100991	0.010093250772136493	0.010984769918652014	0.011871431238407172	0.0127531054101207	0.013629660006517641	0.014500959423964451	0.015366864810568906	0.016227233992712385	0.017081921399981076	0.017930777988462265	0.018773651162370925	0.019610384693971208	0.02044081864175655	0.021264789266851838	0.022082128947599484	0.022892666092291326	0.023696225050006944	0.024492626019518179	0.025281684956219314	0.026063213477040763	0.026837018763303834	0.027602903461473125	0.028360665581761875	0.029110098394545276	1.882173205998656	0.030583124842669202	0.031306280355665586	0.032020230093195393	0.032724741992620827	0.033419578581249332	0.03410449685605018	0.0347792481607812	0.035443578060470181	0.036097226213195763	0.036739926239111043	0.037371405586651717	0.037991385395869652	0.038599580358831549	0.039195698577021022	0.039779441415681099	0.040350503355032992	0.040908571838305749	0.041453327116509404	0.041984442089883889	0.042501582145953808	0.043004404994117756	0.043492560496700035	0.04396569049639016	0.044423428639994891	0.04486540019842556	0.045291221882841966	0.045700501656872158	0.04609283854482648	0.046467822435821836	0.046825033883731125	0.047164043902870004	0.047484413759332558	0.047785694757884842	0.048067428024323448	0.048329144283204825	0.048570363630848476	0.048790595303515635	0.048989337440663	0.049166076843168628	0.049320288726425618	0.049451436468196254	0.049558971351118079	0.049642332299750173	0.049700945612046056	0.04973422468513785	0.049741569735312609	0.049722367512060731	0.049675991006072853	0.049601799151059944	0.049499136519267892	0.049367333010555806	0.049205703534904686	0.04901354768821977	0.048790149421287739	0.048534776701746454	0.048246681168923035	0.047925097781391604	0.047569244457100368	0.047178321705914378	0.046751512254415949	0.04628798066280343	0.045786872933724319	0.045247316112875725	0.044668417881202335	0.044049266138517451	0.043388928578370296	0.042686452253978616	0.041940863135041591	0.04115116565524491	0.040316342250265792	0.039435352886081895	0.038507134577383278	0.037530600895884378	0.036504641468326438	0.035428121463958455	0.03429988107127932	0.033118734963820125	0.031883471754740315	0.030592853440007572	0.029245614829925895	0.027840462968772225	0.026376076542296834	0.024851105272836904	0.023264169301789747	0.021613858559184022	0.019898732120084927	0.018117317547561712	0.016268110221941693	0.014349572656068918	0.012360133796279323	0.010298188308799902	0.0081620958512715631	0.0059501803290906135	0.0009605706009243011	0.001917416119626696	0.0028704343252396675	0.0038195204930148137	0.0047645673472879483	0.0057054650031920021	0.0066421009070909802	0.0075743597757076979	0.0085021235339174158	0.009425271251178995	0.010343679076574434	0.011257220172427257	0.012165764646469427	0.01306917948252591	0.013967328469685342	0.014860072129924637	0.015747267644154652	0.016628768776653376	0.017504425797852309	0.018374085405441259	0.01923759064375561	0.020094780821409895	0.020945491427140254	0.021789554043817976	0.022626796260595286	0.023457041583143757	0.024280109341945241	0.025095814598593648	0.025903968050065975	0.026704375930919181	0.027496839913369493	0.02828115700520905	0.029057119445514337	0.02982451459809984	0.030583124842669208	1.9175449345971332	0.032073094536419877	0.032803992811601672	0.033525183596161863	0.034236422632473736	0.0349374599745629	0.03562803986172311	0.036307900589411489	0.036976774377366094	0.03763438723488724	0.03828045882322309	0.038914702314998391	0.03953682425062463	0.040146524391627789	0.040743495570829298	0.041327423539313846	0.041897986810116979	0.042454856498563308	0.042997696159185347	0.043526161619151259	0.044039900808128196	0.044538553584506833	0.045021751557910661	0.045489117907912387	0.045940267198877956	0.046374805190857404	0.046792328646439597	0.047192425133486586	0.047574672823661554	0.047938640286662261	0.048283886280070534	0.048609959534726035	0.048916398535530953	0.049202731297590396	0.04946847513759095	0.049713136440318412	0.049936210420212922	0.050137180877858491	0.050315519951301159	0.050470687862088054	0.050602132655917578	0.050709289937788317	0.050791582601532444	0.050848420553616512	0.05087920043109067	0.050883305313564414	0.050860104429085035	0.050808952853791521	0.050729191205215102	0.050620145329094431	0.050481125979570295	0.050311428492623114	0.050110332452612663	0.04987710135177658	0.049610982242542408	0.049311205382503762	0.048976983871908276	0.048607513283502733	0.048201971284576865	0.047759517251043902	0.047279291873393595	0.046760416754349082	0.046201993998055982	0.045603105790628796	0.044962813971875466	0.044280159598018107	0.043554162495223529	0.042783820803753723	0.041968110512542574	0.041105984984000941	0.040196374468848613	0.039238185610766918	0.038230300940662064	0.03717157836032503	0.036060850615269112	0.034896924756521716	0.033678581591143411	0.032404575121241029	0.031073631971238493	0.029684450803162756	0.028235701719698761	0.026726025654760878	0.025154033751324679	0.023518306726255878	0.021817394221869724	0.020049814143947495	0.018214051985931901	0.016308560139016763	0.014331757187841654	0.012282027191494935	0.01015771894952436	0.0079571452526463419	0.0056785821178400231	0.00098364238239854844	0.0019634562080690266	0.0029393364063975969	0.0039111753436150689	0.0048788627641776945	0.0058422857308609898	0.0068013285635390693	0.0077558727766214872	0.0087057970151189368	0.0096509769893085729	0.010591285407969126	0.011526591910155322	0.012456762995480571	0.013381661952876087	0.014301148787794071	0.015215080147821917	0.016123309246673566	0.017025685786523595	0.017922055878648858	0.01881226196234162	0.019696142722057722	0.020573533002762091	0.021444263723433526	0.022308161788689763	0.023165049998492785	0.024014746955893947	0.02485706697277739	0.025691819973559057	0.026518811396798615	0.027337842094679647	0.028148708230313256	0.028951201172819158	0.029745107390137054	0.030530208339520734	0.031306280355665586	0.032073094536419877	1.9535526647499588	0.033578006895858568	0.034315620022549564	0.035043004963540889	0.035759904829914438	0.036466056756499894	0.037161191769183748	0.037845034649363431	0.038517303795486527	0.039177711081613595	0.03982596171294233	0.040461754078228988	0.041084779599041922	0.04169472257578094	0.042291260030394184	0.042874061545723742	0.043442789101408828	0.043997096906274506	0.044536631227132466	0.045061030213918461	0.04556992372108952	0.046062933125203147	0.046539671138597909	0.046999741619094433	0.047442739375633029	0.047868249969763278	0.048275849512899024	0.048665104459249639	0.04903557139433784	0.049386796819011584	0.049718316928856074	0.050029657388909701	0.050320333103586024	0.050589847981701845	0.050837694696509228	0.051063354440627137	0.05126629667576698	0.051445978877142737	0.05160184627245562	0.051733331575340095	0.051839854713155824	0.051920822549008101	0.05197562859787639	0.052003652736728932	0.052004260908497746	0.051976804819786976	0.051920621632183861	0.051835033647040028	0.05171934798358678	0.051572856250246664	0.051394834208999568	0.051184541432659575	0.050941220954915489	0.050664098912984505	0.050352384182726688	0.050005268006063218	0.049621923610539416	0.049201505820869754	0.048743150662298347	0.048245974955606306	0.047709075903592475	0.047131530668850931	0.046512395942665985	0.045850707504840306	0.045145479774268825	0.04439570535006742	0.043600354543060924	0.042758374897431339	0.041868690702323241	0.040930202493198599	0.039941786542729854	0.038902294341015137	0.03781055206489508	0.036665360036147253	0.035465492168327679	0.03420969540202632	0.032896689128297477	0.031525164600021235	0.030093784330947525	0.028601181482169179	0.027045959235764937	0.025426690155348531	0.0237419155332542	0.021990144724083643	0.020169854464334377	0.018279488177822479	0.016317455266608261	0.014282130387126861	0.012171852711219079	0.0099849251717534539	0.0077196136925218499	0.0053741464020861003	0.0010064511417166068	0.0020089702521989793	0.0030074494210869615	0.0040017781055905694	0.0049918430702865007	0.0059775283255928489	0.0069587150648938358	0.0079352816002857696	0.0089071032969147597	0.0098740525058762709	0.010835998495645744	0.011792807382009132	0.012744342056461268	0.01369046211303962	0.014631023773559976	0.015565879811220183	0.01649487947253727	0.017417868397582428	0.018334688538477823	0.019245178076118218	0.020149171335079881	0.021046498696678132	0.021936986510134478	0.022820457001813035	0.023696728182485575	0.024565613752583256	0.025426923005392444	0.02628046072815117	0.027126027101001801	0.02796341759375447	0.028792422860415206	0.029612828631431238	0.030424415603605554	0.031226959327631219	0.032020230093195393	0.032803992811601672	0.033578006895858568	1.9902057091776906	0.035095798584845905	0.035839066408360494	0.036571565776862248	0.037293026720716771	0.038003172996239891	0.038701721946488472	0.039388384359057324	0.040062864320819451	0.040724859069545434	0.041374058842336324	0.042010146720802832	0.042632798472923145	0.043241682391508898	0.043836459129208721	0.044416781529976364	0.044982294456929479	0.045532634616523335	0.04606743037896216	0.046586301594769453	0.047088859407436692	0.047574706062068338	0.048043434709939624	0.048494629208881132	0.048927863919403285	0.049342703496471622	0.04973870267684169	0.05011540606186117	0.050472347895644185	0.05080905183852151	0.051125030735667661	0.051419786380804668	0.051692809274879563	0.051943578379610625	0.052171560865795781	0.052376211856273731	0.052556974163426383	0.052713278021109068	0.052844540810892286	0.05295016678249681	0.053029546768301031	0.053082057891797402	0.053107063269872135	0.053103911708779851	0.053071937393681462	0.053010459571612586	0.052918782227745126	0.052796193754803128	0.05264196661549083	0.052455356997787549	0.052235604462961924	0.051981931586153655	0.051693543589369673	0.051369627966736477	0.051009354101848876	0.050611872877050643	0.050176316274480978	0.049701796968714899	0.049187407910824973	0.048632221903685595	0.048035291168339399	0.047395646901240547	0.046712298822186318	0.045984234712744522	0.045210419944980103	0.04438979700028068	0.04352128497807653	0.042603779094245779	0.041636150168992643	0.040617244103980661	0.039545881348499838	0.038420856354440563	0.037240937019844711	0.03600486412079678	0.034711350731416193	0.033359081631704667	0.031946712702998474	0.030472870310770589	0.028936150674521755	0.027335119224494959	0.025668309944942156	0.023934224703666032	0.02213133256755492	0.02025806910382243	0.018312835666658065	0.016293998668988612	0.01419988883904469	0.012028800461419681	0.0097789906023028113	0.0074486783185613572	0.0050360438503401061	0.0010289902485173987	0.0020539449912943993	0.0030747534782245242	0.0040913022574970053	0.0051034751138089715	0.0061111530052211042	0.0071142139986277381	0.0081125332038119204	0.0091059827060551869	0.0100944314972713	0.011077745405632434	0.012055787023655729	0.013028415634717494	0.013995487137961423	0.014956853971566875	0.015912365034342183	0.016861865605607446	0.017805197263330463	0.01874219780047872	0.019672701139549477	0.020596537245239431	0.021513532035214316	0.022423507288938271	0.023326280554521881	0.024221665053546702	0.025109469583823624	0.025989498420041311	0.026861551212259825	0.02772542288220424	0.028580903517311285	0.029427778262481871	0.030265827209490791	0.031094825284004254	0.031914542130154627	0.032724741992620827	0.03352518359616187	0.034315620022549558	0.035095798584845912	2.0275135245298253	0.036624341752489457	0.037372170970602137	0.038108671279208417	0.038833559165053572	0.039546544532853785	0.040247330559351098	0.04093561354423101	0.041611082757836995	0.042273420285614823	0.042922300869217667	0.043557391744202027	0.044178352474243038	0.044784834781795825	0.045376482375128778	0.045952930771652044	0.046513807117464515	0.047058730003038937	0.047587309274965219	0.048099145843668777	0.048593831487020032	0.049070948649748806	0.049530070238575953	0.049970759412972722	0.050392569371456392	0.050795043133328666	0.05117771331576218	0.051540101906137205	0.051881720029530051	0.052202067711251458	0.052500633634331918	0.052776894891848607	0.053030316733986095	0.053260352309721225	0.053466442403019995	0.053648015163432296	0.053804485830967502	0.053935256455132238	0.054039715608008278	0.054117238091247168	0.054167184636854299	0.054188901601634018	0.054181720655163343	0.054144958461160103	0.05407791635210818	0.053979879996999817	0.053850119062051803	0.053687886864250071	0.053492420017573393	0.05326293807174478	0.052998643143355083	0.0526987195392008	0.052362333371675007	0.051988632166045969	0.05157674445945605	0.051125779391469089	0.050634826285991134	0.050102954224386043	0.049529211609603857	0.048912625721135757	0.048252202260605698	0.047546924887805674	0.046795754746976267	0.04599762998313156	0.045151465248222021	0.044256151196925983	0.043310553971855285	0.042313514677956382	0.041263848845883917	0.040160345884119729	0.039001768519604019	0.037786852226642818	0.036514304643849228	0.035182804978872141	0.033791003400660651	0.032337520419007316	0.030820946251108025	0.029239840174871405	0.02759272986870475	0.025878110737498291	0.024094445224523191	0.022240162108954239	0.020313655788721227	0.018313285548387088	0.016237374811745125	0.014084210378821439	0.011852041646961914	0.0095390798156765565	0.0071434970749081148	0.0046634257763839646	0.0010512529178668486	0.0020983668554871346	0.0031412282230080619	0.0041797206595980711	0.0052137249700747344	0.0062431190601413087	0.0072677778702022449	0.0082875733077273309	0.0093023741781335326	0.010312046114152911	0.011316451503654358	0.012315449415886229	0.013308895526106269	0.014296642038564436	0.015278537607803644	0.016254427258242707	0.017224152302004803	0.018187550254954336	0.019144454750904115	0.020094695453953901	0.021038097968920807	0.021974483749820972	0.022903670006361222	0.023825469608398531	0.024739690988324278	0.025646138041329095	0.026544610023503921	0.027434901447730906	0.028316801977317757	0.02919009631732784	0.030054564103556929	0.030909979789107384	0.03175611252850867	0.032592726059332423	0.033419578581249332	0.034236422632473736	0.035043004963540889	0.035839066408360494	0.036624341752489457	2.0654857134010265	0.038161442228836974	0.038912705464743721	0.03965205852345953	0.040379203871360049	0.041093837074334505	0.041795646644880842	0.042484313885915476	0.043159512731228922	0.043820909582516734	0.044468163142913811	0.045100924246958711	0.045718835686913151	0.046321532035360026	0.046908639464002144	0.047479775558581898	0.048034549129840565	0.048572560020434453	0.04909339890772299	0.049596647102342524	0.050081876342477454	0.050548648583738927	0.050996515784558986	0.051425019687006593	0.051833691592929727	0.052222052135325915	0.052589611044841625	0.052935866911298708	0.053260306940144019	0.05356240670371655	0.053841629887223699	0.054097428029316275	0.054329240257150052	0.054536493015818283	0.054718599792038865	0.054874960831975267	0.055004962853070133	0.055107978749766383	0.055183367292988596	0.055230472823255189	0.055248624937288521	0.055237138167988087	0.05519531165762865	0.055122428824142346	0.055017757020341743	0.054880547185936407	0.054710033492193846	0.054505432979092432	0.054265945184809525	0.053990751767387032	0.053679016118411138	0.053329882968541395	0.052942477984719585	0.052515907358886615	0.052049257388031053	0.051541594045389827	0.050991962542618244	0.050399386882741946	0.049762869403700574	0.049081390312287969	0.04835390720829081	0.047579354598622475	0.046756643401246141	0.045884660438675069	0.044962267920835824	0.043988302917073896	0.042961576817077858	0.041880874780493557	0.040744955174994706	0.039552549002571172	0.038302359313793312	0.036993060609802751	0.035623298231777754	0.034191687737615009	0.032696814265563152	0.031137231884541053	0.029511462930865342	0.027817997331107562	0.026055291910796096	0.02422176968867059	0.022315819156192483	0.020335793542007631	0.018280010061052406	0.016146749147986549	0.013934253674631797	0.011640728151086438	0.0092643379101811744	0.0068032082749343459	0.0042554237086560344	0.0010732322068212235	0.0021422219588897204	0.0032068528266063737	0.0042670055401188367	0.0053225579243651212	0.0063733848326910621	0.0074193580790112255	0.0084603463684821429	0.0094962152266562048	0.010526826927083772	0.011552040417330454	0.012571711243375827	0.013585691472359076	0.014593829613636393	0.015595970538114288	0.016591955395822033	0.017581621531685878	0.018564802399466861	0.019541327473823082	0.020511022160456822	0.021473707704305595	0.022429201095735974	0.023377314974697416	0.024317857532793381	0.025250632413224967	0.026175438608562623	0.027092070356299517	0.028000317032139874	0.028899963040974114	0.029790787705492146	0.030672565152384652	0.031545064196081586	0.032408048219975602	0.033261275055077644	0.03410449685605018	0.0349374599745629	0.035759904829914438	0.036571565776862255	0.037372170970602143	0.038161442228836981	2.1041320263705003	0.03970483767368585	0.040458372524877266	0.041199394472483011	0.041927591471539516	0.042642644247357218	0.043344226135425427	0.044032002917879412	0.044705632656457127	0.045364765521871825	0.046009043619525555	0.046638100811486574	0.047251562534652312	0.047849045615018189	0.048430158077970117	0.048994498954517969	0.049541658083384392	0.050071215908862869	0.050582743274355586	0.051075801211501612	0.051549940724802304	0.052004702571650567	0.052439617037667079	0.052854203707246	0.053247971229209802	0.053620417077471096	0.053971027306597315	0.054299276302171462	0.054604626525841006	0.054886528254943549	0.055144419316596159	0.055377724816133442	0.055585856859776107	0.055768214271409884	0.055924182303352395	0.056053132340982359	0.056154421601103705	0.056227392823914216	0.056271373958445142	0.05628567784133702	0.056269601868811782	0.056222427661701047	0.056143420723385302	0.056031830090497399	0.055886887976239592	0.05570780940616122	0.055493791846239961	0.055244014823107666	0.054957639536257333	0.054633808462064753	0.054271644949455945	0.053870252807046298	0.053428715881575189	0.052946097627455946	0.052421440667256416	0.051853766342923234	0.051242074257557724	0.050585341807548041	0.04988252370485783	0.049132551489268428	0.048334333030366113	0.047486752019063029	0.0465886674484354	0.045638913083657938	0.044636296920809615	0.043579600634321349	0.042467579012830187	0.041298959383201557	0.040072441022475119	0.03878669455748554	0.037440361351902873	0.036032052880435012	0.034560350089925883	0.033023802747080437	0.031420928772540505	0.029750213561030584	0.028010109287286575	0.026199034197474977	0.024315371885804071	0.022357470556021726	0.020323642267489964	0.018212162165518558	0.016021267695633747	0.013749157801452833	0.011393992105826504	0.0089538900749063233	0.0064269301647860129	0.0038111489503584459	0.00109492101091646	0.0021854960925740295	0.0032716059756272716	0.0043531284812030509	0.0054299384543598159	0.0065019076960859887	0.0075689048938062404	0.0086307955503638484	0.0096874419114466349	0.010738702891423247	0.011784433997556035	0.01282448725255577	0.013858711115443083	0.014886950400680424	0.015909046195537867	0.016924835775655147	0.017934152518761615	0.018936825816514905	0.019932680984418433	0.020921539169776973	0.021903217257648492	0.022877527774749933	0.02384427879127346	0.024803273820568916	0.025754311716647212	0.026697186569458544	0.027631687597898379	0.02855759904049298	0.029474700043715451	0.030382764547882309	0.031281561170579113	0.032170853087563366	0.033050397911090976	0.033919947565612188	0.0347792481607812	0.035628039861723117	0.036466056756499894	0.037293026720716764	0.038108671279208417	0.038912705464743715	0.03970483767368585	2.1434623640646806	0.041252195677352076	0.042006803739803894	0.042748274050083343	0.043476279546313279	0.044190485596555883	0.044890549831291281	0.045576121972299759	0.046246843657872932	0.046902348264276368	0.047542260723384792	0.048166197336410282	0.048773765583640785	0.04936456393010577	0.049938181627083654	0.050494198509363521	0.051032184788172751	0.051551700839679519	0.052052296988977474	0.052533513289458295	0.052994879297475622	0.053435913842201872	0.053856124790577442	0.054255008807249705	0.054632051109397464	0.05498672521633366	0.055318492693777498	0.05562680289268495	0.055911092682523728	0.056170786178877198	0.056405294465258896	0.05661401530901685	0.056796332871204717	0.056951617410294218	0.057079224979600093	0.057178497118287423	0.057248760535827024	0.057289326789763215	0.057299491956654465	0.057278536296045283	0.057225723907324146	0.057140302379319809	0.057021502432485445	0.056868537553516077	0.056680603622242677	0.056456878530642442	0.056196521793801683	0.055898674152664335	0.055562457168395932	0.055186972808188961	0.054771303022332317	0.054314509312363958	0.053815632290121894	0.053273691227504846	0.05268768359675096	0.052056584601037147	0.051379346695199953	0.050654899096373003	0.049882147284332233	0.049059972491336777	0.048187231181247896	0.047262754517704543	0.046285347821129634	0.04525379001433584	0.044166833056496248	0.043023201365239037	0.041821591226621477	0.040560670192733052	0.03923907646667258	0.037855418274638744	0.036408273224868816	0.034896187653154172	0.033317675954655991	0.031671219901739059	0.029955267947535818	0.028168234514946402	0.026308499270775637	0.024374406384700155	0.022364263772754415	0.020276342325016621	0.018108875117169847	0.01586005660560692	0.013528041805740758	0.01111094545317436	0.008606841147380126	0.0060137604775271974	0.0033296921300912628	0.001116312060581924	0.0022281747173987934	0.0033354658613588511	0.0044380604045681738	0.0055358302122056492	0.0066286440329022768	0.0077163674275928414	0.008798862696807375	0.0098759888063691022	0.010947601311464999	0.012013552279054113	0.01307369020857844	0.01412785995094004	0.015175902625707624	0.016217655536514844	0.017252952084611903	0.018281621680531209	0.019303489653827017	0.020318377160848094	0.021326101090501683	0.022326473967966162	0.023319303856308895	0.024304394255964725	0.025281544002029907	0.026250547159325132	0.027211192915180375	0.028163265469893381	0.029106543924812434	0.030040802167993388	0.030965808757379278	0.031881326801450602	0.032787113837292423	0.033682921706023855	0.034568496425534438	0.035443578060470174	0.036307900589411482	0.037161191769183748	0.038003172996239884	0.038833559165053572	0.03965205852345953	0.040458372524877266	0.041252195677352076	2.183486779243303	0.042801111812214757	0.043555557679287385	0.044296218141499748	0.045022750599487037	0.045734804532074042	0.046432021321083504	0.047114034072385423	0.047780467433108764	0.048430937404934829	0.049065051153390292	0.049682406813055621	0.050282593288603926	0.050865190051582035	0.051429766932845546	0.051975883910555791	0.05250309089364686	0.053010927500666979	0.053498922833898115	0.053966595248654735	0.054413452117660965	0.054838989590403391	0.055242692347354364	0.055624033348958837	0.055982473579275237	0.056317461784158987	0.056628434203874541	0.056914814300019795	0.057176012476644375	0.057411425795440729	0.057620437684884174	0.057802417643196352	0.057956720935003044	0.058082688281555085	0.058179645544378614	0.058246903402217554	0.058283757021129201	0.058289485717590087	0.058263352614467211	0.058204604289705857	0.05811247041758312	0.057986163402372566	0.057824878004261879	0.05762779095736368	0.057394060579654724	0.057122826374675667	0.056813208624821539	0.056464307976047505	0.056075205013812593	0.055644959830079208	0.055172611581183847	0.054657178036389198	0.054097655116924909	0.053493016425320505	0.052842212764828575	0.052144171648734132	0.051397796799340673	0.05060196763641877	0.049755538754900387	0.048857339391595887	0.047906172880707067	0.046900816097904953	0.045840018892735916	0.044722503509115205	0.043546963993662154	0.042312065591625946	0.04101644413014572	0.039658705388584591	0.038237424455669751	0.036751145073168012	0.035198378965818088	0.033577605157237407	0.03188726927151371	0.030125782820187363	0.028291522474322848	0.026382829321363061	0.024398008106453224	0.022335326457914279	0.020193014096540646	0.017969262028388857	0.015662221720718083	0.013270004260736844	0.010790679496800612	0.0082222751617025448	0.0055627759776871889	0.0028101227428130797	0.001137397917477005	0.0022702429566827912	0.0033984101687792824	0.0045217715568517643	0.0056401960061995661	0.0067535492130962691	0.0078616936119867697	0.0089644883010878366	0.010061788966358133	0.011153447803802919	0.012239313440077979	0.013319230851356513	0.014393041280422033	0.015460582151949478	0.016521686985936087	0.017576185309242522	0.018623902565204294	0.019664660021272259	0.020698274674640485	0.021724559155818723	0.022743321630105784	0.023754365696919442	0.024757490286937186	0.025752489557001705	0.026739152782743497	0.027717264248872272	0.028686603137088044	0.02964694341156119	0.030598053701930215	0.031539697183764773	0.032471631456440227	0.033393608418369213	0.034305374139534106	0.035206668731263685	0.036097226213195763	0.036976774377366094	0.037845034649363431	0.038701721946488472	0.039546544532853785	0.040379203871360049	0.041199394472483011	0.042006803739803887	0.042801111812214757	2.2242154789090582	0.044349107633824179	0.045102117869248622	0.045840671542210179	0.046564409979878443	0.047272966224118515	0.047965964848378777	0.048643021770651634	0.049303744062424992	0.049947729753540032	0.05057456763286982	0.051183837044731006	0.051775107680939014	0.052347939368415752	0.052901881852256652	0.053436474574161591	0.053951246446133486	0.054445715619344595	0.054919389248070119	0.055371763248585962	0.055802322052924874	0.056210538357384161	0.056595872865674912	0.056957774026601134	0.057295677766154463	0.057609007213907742	0.057897172423589077	0.058159570087714399	0.058395583246154993	0.058604580988513545	0.058785918150179646	0.058938935001933139	0.059062956932960993	0.059157294127150338	0.059221241232518235	0.059254077023634937	0.059255064056895061	0.059223448318488109	0.05915845886491615	0.059059307455904729	0.058925188179547526	0.058755277069525123	0.058548731714231791	0.058304690857643678	0.058022273991755975	0.057700580940414699	0.057338691434364687	0.056935664677331452	0.056490538902950922	0.056002330922358109	0.055470035662240465	0.0548926256931586	0.054269050747933319	0.053598237229892862	0.052879087710770815	0.052110480418040457	0.051291268711467011	0.050420280548655348	0.049496317939364827	0.048518156388360149	0.047484544326560463	0.046394202530245794	0.045245823528073582	0.044038070995654356	0.042769579137429098	0.041438952055586668	0.040044763105754493	0.038585554239188323	0.037059835331184371	0.035466083495428798	0.033802742383995207	0.032068221472694398	0.030260895331474559	0.028379102879564473	0.026421146625045331	0.024385291888530745	0.022269766010628328	0.020072757542848457	0.017792415421621188	0.015426848125072194	0.012974122812205445	0.010432264444128992	0.0077992548869566455	0.0050730319960086111	0.0022514886809259942	0.0011581709707489348	0.0023116855887204868	0.0034604160653302603	0.0046042314946427498	0.0057429977820777278	0.006876577571551354	0.008004830171018636	0.0091276114763830882	0.010244773893738795	0.011356166259909328	0.012461633761247181	0.013561017850656774	0.014654156162803049	0.015740882427467209	0.016821026381010053	0.017894413675902731	0.018960865788283814	0.020020199923500771	0.021072228919593004	0.022116761148672743	0.023153600416159242	0.024182545857820655	0.025203391834577156	0.026215927825017877	0.027219938315583062	0.028215202688362213	0.029201495106457635	0.030178584396861708	0.031146233930795658	0.032104201501455723	0.033052239199112175	0.03399009328350517	0.034917504053480347	0.035834205713805786	0.03673992623911105	0.037634387234887233	0.03851730379548652	0.039388384359057324	0.040247330559351098	0.041093837074334505	0.041927591471539509	0.042748274050083343	0.043555557679287378	0.044349107633824179	2.2656588264408524	0.045893628630332535	0.046643890714645239	0.047379000853771586	0.048098583749619117	0.048802255443214537	0.04948962312341379	0.05016028493151127	0.050813829761662731	0.051449837057033855	0.052067876601584788	0.052667508307399517	0.053248281997466375	0.053809737183814731	0.054351402840910418	0.054872797174210938	0.05537342738377881	0.05585278942285013	0.056310367751252421	0.056745635083564692	0.057158052131909116	0.057547067343263023	0.057912116631175951	0.058252623101775661	0.058567996773943545	0.058857634293537776	0.059120918641540655	0.059357218836002368	0.059565889627652885	0.059746271189049766	0.059897688797126966	0.060019452509007434	0.060110856830939405	0.060171180380213123	0.060199685539911764	0.060195618106347978	0.060158206929033738	0.0600866635430281	0.059980181793504762	0.059837937452377823	0.059659087826820514	0.059442771359508845	0.059188107220418514	0.058894194889998967	0.0585601137335474	0.058184922566598261	0.057767659211143518	0.057307340042492716	0.056802959526579364	0.056253489747515574	0.055657879925192937	0.055015055922723585	0.054323919743511515	0.053583349017738695	0.05279219647804826	0.051949289424200143	0.051053429176472057	0.050103390517572378	0.049097921122828674	0.048035740978408292	0.046915541787324828	0.045735986362977953	0.044495708009969381	0.043193309891931903	0.041827364386104134	0.040396412424377803	0.038898962820537113	0.037333491583407798	0.035698441215623399	0.033992219997713777	0.032213201257212692	0.030359722622476219	0.028430085260897426	0.026422553101195737	0.024335352039453317	0.02216666912856417	0.019914651750754953	0.017577406772829016	0.015152999683778645	0.012639453714403327	0.010034748938563494	0.0073368213556938098	0.0045435619541898441	0.0016528157552754671	0.0011786234332101615	0.0023524870391367757	0.0035214601894491271	0.0046854090691909236	0.005844196603902372	0.0069976823851422166	0.0081457225943755793	0.0092881699251927147	0.010424873503823135	0.011555678807908703	0.012680427583498653	0.013798957760228589	0.014911103364644929	0.016016694431635094	0.017115556913923479	0.018207512589591683	0.019292378967581382	0.020369969191136629	0.021440091939142165	0.022502551325312699	0.023557146795187927	0.024603673020886396	0.025641919793570972	0.026671671913577166	0.027692709078155051	0.028704805766773891	0.029707731123938229	0.030701248839462524	0.031685117026150719	0.032659088094825581	0.03362290862665232	0.034576319242698633	0.035519054470673397	0.036450842608783986	0.037371405586651717	0.038280458823223076	0.039177711081613602	0.040062864320819451	0.04093561354423101	0.041795646644880842	0.042642644247357211	0.043476279546313286	0.044296218141499755	0.045102117869248629	0.045893628630332535	2.3078273437508701	0.047432042118977218	0.048178203368750956	0.048908492325395257	0.049622516497515159	0.050319874344830103	0.051000155078440988	0.051662938456818172	0.052307794577419901	0.05293428366384989	0.05354195584846063	0.054130350950306876	0.054698998248352025	0.05524741624982777	0.055775112453646206	0.056281583108760178	0.05676631296736654	0.057228775032844577	0.057668430302319468	0.058084727503738394	0.058477102827344744	0.058844979651433635	0.059187768262269014	0.059504865568040737	0.059795654806737257	0.060059505247807003	0.060295771887479109	0.060503795137610887	0.060682900507927851	0.060832398281517978	0.060951583183440371	0.061039734042304346	0.061096113444673167	0.061119967382143051	0.061110524890944651	0.061066997683912459	0.060988579774662363	0.060874447093816418	0.060723757097109005	0.060535648365206148	0.060309240195065485	0.060043632182662156	0.05973790379690011	0.059391113944527521	0.059002300525868537	0.05857047998118161	0.05809464682744981	0.057573773185405186	0.057006808296584568	0.05639267803021044	0.055730284379686384	0.055018504948491941	0.054256192425257657	0.05344217404779647	0.052575251055862984	0.051654198132407708	0.050677762833088183	0.049644665003794788	0.048553596185942939	0.047403219009279969	0.046192166571947781	0.044919041807539181	0.04358241683887875	0.042180832318254972	0.040712796753823721	0.039176785821897847	0.037571241664832437	0.035894572174208536	0.034145150259012186	0.032321313098500074	0.030421361379436261	0.02844355851737811	0.026386129861683184	0.024247261883902173	0.02202510134921562	0.019717754470566399	0.017323286045131062	0.014839718572768681	0.01226503135607398	0.0095971595816600787	0.0068339933822823247	0.0039733768794117811	0.0010131072058549386	0.0011987473374335956	0.00239263137307748	0.0035815186388546178	0.0047652724107879272	0.005943752634538055	0.0071168158493063287	0.0082843151100679743	0.0094460999081000009	0.010602016089767336	0.011751905773530155	0.012895607265134402	0.014032954970946903	0.015163779309395499	0.016287906620473885	0.017405159073270011	0.018515354571475958	0.019618306656836466	0.020713824410492219	0.02180171235217325	0.022881770337196801	0.023953793451222952	0.025017571902720699	0.026072890913095545	0.027119530604429443	0.028157265884782227	0.029185866331002942	0.030205096068998422	0.031214713651405164	0.032214471932609789	0.033204117941061671	0.03418339274882088	0.035152031338282735	0.036109762466019289	0.037056308523677244	0.037991385395869652	0.038914702314998391	0.039825961712942323	0.040724859069545434	0.041611082757836988	0.042484313885915476	0.043344226135425427	0.04419048559655589	0.045022750599487037	0.045840671542210179	0.046643890714645239	0.047432042118977225	2.3507317134654642	0.048961635088316288	0.049702301547519534	0.050426349639926142	0.051133369096118958	0.051822940197005465	0.05249463356537061	0.053148009952965133	0.053782620023036375	0.05439800412820537	0.054993692083593219	0.055569202935097345	0.056124044722715344	0.056657714238813939	0.0571696967812362	0.057659465901139795	0.058126483145455807	0.05857019779385552	0.058990046590111103	0.059385453467732108	0.059755829269759232	0.06010057146259247	0.06041906384373031	0.060710676243291233	0.060974764219190056	0.061210668745834786	0.061417715896210028	0.061595216517209263	0.061742465898074562	0.061858743431801096	0.061943312269359216	0.061995418966585364	0.062014293123588665	0.061999147016517868	0.061949175221529949	0.061863554230797618	0.06174144206039129	0.061581977849865611	0.061384281453379382	0.061147453022171963	0.060870572578217805	0.060552699578875463	0.060192872472344089	0.059790108243737469	0.059343401951580554	0.058851726254529967	0.058314030928116274	0.057729242371301046	0.05709626310263765	0.056413971245821086	0.055681220004406465	0.054896837125472872	0.05405962435200317	0.053168356863746526	0.052221782706326339	0.051218622208349142	0.050157567386268205	0.049037281336747167	0.047856397616266907	0.046613519607711602	0.045307219873665129	0.043936039496143983	0.0424984874024864	0.040993039677112486	0.039418138858863576	0.037772193223624316	0.036053576051923115	0.034260624881202219	0.032391640742441323	0.030444887380812399	0.028418590460037037	0.026310936750111102	0.024120073298053692	0.021844106581331995	0.019481101643604799	0.017029081212422473	0.014486024798510161	0.011849867776258348	0.0091185004450325385	0.0062897670709089878	0.0033614649084339693	0.00033134320199704567	0.0012185345317639999	0.0024321022872321246	0.0036405669585810188	0.0048437889128128105	0.0060416251157085887	0.0072339290541122599	0.0084205506565091653	0.0096013362118630482	0.010776128286674272	0.011944765640221306	0.013107083137946826	0.014262911662948857	0.015412078025536692	0.016554404870810262	0.017689710584221096	0.018817809195071755	0.019938510277910052	0.021051618851773268	0.022156935277236802	0.023254255151220309	0.024343369199504375	0.025424063166908355	0.026496117705080431	0.027559308257849	0.028613404944083664	0.029658172438013244	0.030693369846946816	0.031718750586342957	0.03273406225217098	0.033739046490506845	0.034733438864305521	0.035716968717289882	0.036689359034895209	0.037650326302207465	0.038599580358831556	0.039536824250624616	0.040461754078228981	0.041374058842336331	0.042273420285614816	0.043159512731228915	0.044032002917879405	0.044890549831291281	0.045734804532074035	0.046564409979878436	0.047379000853771586	0.048178203368750956	0.048961635088316288	2.3943827811300729	0.050479611984885389	0.051213347287685645	0.051929691642863318	0.052628216401132431	0.053308483049592445	0.053970042994286781	0.054612437338106251	0.055235196653940444	0.055837840752976889	0.056419878448046933	0.056980807311914149	0.057520113430399873	0.0580372711502374	0.058531742821545218	0.059002978534806148	0.059450415852237704	0.059873479533436906	0.060271581255179549	0.060644119325251815	0.060990478390189937	0.061310029136800809	0.061602127987333166	0.061866116788168023	0.062101322491892312	0.062307056832618023	0.062482615994406479	0.062627280272653921	0.0627403137282916	0.062820963834650842	0.062868461116841301	0.062882018783484969	0.062860832350648752	0.062804079257812034	0.062710918475704466	0.062580490105844683	0.062411914971607765	0.062204294200645126	0.061956708798477825	0.061668219213079911	0.061337864890264229	0.060964663819681034	0.060547612071233707	0.060085683321713781	0.059577828371451404	0.059022974650775634	0.058420025716072743	0.057767860735227036	0.0570653339622249	0.05631127420069712	0.055504484256171285	0.054643740376799942	0.053727791682327122	0.052755359581048926	0.051725137174521076	0.050635788649759608	0.049485948658676303	0.048274221684485752	0.046999181394814231	0.045659369981236902	0.044253297484962047	0.042779441108377593	0.041236244512167966	0.039622117097703032	0.037935433274396892	0.036174531711725327	0.034337714575586868	0.032423246748684152	0.030429355034597091	0.028354227345211532	0.026196011871161523	0.023952816234934705	0.021622706626284783	0.019203706919586755	0.016693797772764227	0.014090915707408974	0.011392952169707093	0.0085977525717763296	0.0057031153130138743	0.0027067907810414977	-0.00039351966816875177	0.0012379766762437635	0.0024708831016854878	0.0036985801287554975	0.0049209252154351329	0.0061377723476259208	0.0073489719598143479	0.0085543708539958675	0.0097538121168209719	0.010947135034925443	0.012134175008406058	0.013314763462402202	0.014488727756743121	0.015655891093619544	0.016816072423237665	0.01796908634741257	0.019114743021057302	0.020252848051522731	0.021383202395742793	0.02250560225513815	0.02361983896823101	0.024725698900922338	0.025822963334381915	0.026911408350500592	0.027990804714853188	0.029060917757119081	0.030121507248906866	0.031172327278927901	0.032213126125462822	0.033243646126063606	0.034263623544432818	0.035272788434420325	0.036270864501076527	0.037257568958699964	0.038232612385815906	0.039195698577021022	0.040146524391627782	0.041084779599041922	0.042010146720802825	0.042922300869217667	0.043820909582516734	0.044705632656457127	0.045576121972299759	0.046432021321083504	0.047272966224118508	0.048098583749619117	0.04890849232539525	0.049702301547519534	0.050479611984885382	2.4387915574381545	0.051983092442913117	0.052708416647224983	0.053415550013026052	0.054104044891730353	0.054773443343673817	0.055423276911390873	0.056053066388039627	0.056662321580874003	0.057250541069659378	0.05781721195992516	0.05836180963094733	0.058883797478349521	0.059382626651210961	0.059857735783566145	0.060308550720178843	0.060734484236471049	0.061134935752484687	0.061509291040751458	0.061856921927943821	0.062177185990177089	0.062469426241830189	0.062732970817750505	0.062967132648703725	0.063171209129929171	0.063344481782656295	0.06348621590843527	0.063595660236133361	0.06367204656144311	0.063714589378747216	0.063722485505180629	0.063694913696728347	0.063631034256192223	0.063529988632858761	0.063390899013694921	0.063212867905896059	0.062994977710606345	0.062736290287628643	0.062435846510936276	0.062092665814796597	0.061705745730310908	0.061274061412172308	0.060796565155438735	0.060272185902113903	0.059699828737325371	0.059078374374884175	0.058406678632005549	0.057683571892967245	0.056907858561475649	0.056078316501506832	0.0551936964663833	0.054252721515843622	0.053254086420856814	0.05219645705592766	0.051078469778634998	0.049898730796138824	0.048655815518387296	0.047348267897749	0.045974599754790131	0.044533290089910894	0.043022784380548941	0.041441493863652937	0.039787794803121383	0.038060027741897672	0.036256496738405156	0.034375468586998449	0.032415172022103284	0.030373796905707424	0.02824949339786105	0.026040371109836334	0.023744498239589483	0.021359900689160678	0.018884561163641105	0.016316418251327826	0.013653365484679011	0.010893250381676357	0.0080338734671900527	0.0050729872739380599	0.0020082953226175505	-0.0011625489192164707	0.0012570652384512587	0.0025089567515943138	0.0037555325521131705	0.0049966471889683799	0.0062321516681819083	0.0074618933718828221	0.0086857159755766907	0.0099034593636007466	0.011114959542726201	0.01232004855386812	0.013518554381862627	0.014710300863270163	0.015895107592162911	0.017072789823853313	0.018243158376520026	0.01940601953068655	0.020561174926506862	0.021708421458811491	0.022847551169866396	0.023978351139796336	0.025100603374622662	0.02621408469186557	0.027318566603658567	0.028413815197322917	0.029499591013347783	0.03057564892072151	0.031641737989557737	0.032697601360959172	0.033742976114060436	0.034777593130190736	0.035801176954094793	0.036813445652150563	0.037814110667519857	0.038802876672167246	0.039779441415681099	0.040743495570829298	0.04169472257578094	0.042632798472923145	0.043557391744202034	0.044468163142913811	0.045364765521871825	0.046246843657872939	0.04711403407238543	0.04796596484837877	0.04880225544321453	0.049622516497515166	0.050426349639926135	0.051213347287685652	0.051983092442913117	2.4839692204843167	0.053469108955700978	0.054184497346761708	0.054880866873437989	0.055557750250358348	0.056214669459700731	0.056851135514891758	0.057466648219251869	0.058060695919480224	0.058632755253872335	0.059182290895158689	0.059708755287853209	0.060211588379995989	0.060690217349173209	0.061144056322694811	0.061572506091807762	0.061974953819820107	0.062350772744009124	0.062699321871183489	0.06301994566676683	0.063311973737268462	0.063574720506001908	0.063807484881911777	0.064009549921364789	0.064180182482758225	0.064318632873796411	0.064424134491282703	0.064495903453270692	0.064533138223416164	0.064535019227367096	0.064500708461026443	0.064429349090518631	0.064320065043687022	0.064171960592946886	0.063984119929313785	0.063755606727424807	0.063485463701364334	0.063172712151105245	0.062816351499369316	0.062415358818708883	0.061968688348606707	0.061475271002387241	0.060934013863727675	0.060343799672554176	0.059703486300102401	0.059011906212918581	0.058267865925571767	0.057470145441844117	0.056617497684160072	0.055708647911012051	0.05474229312213328	0.053717101451165566	0.052631711545562843	0.051484731933466726	0.050274740377285382	0.049000283213700625	0.047659874679823258	0.046251996225210604	0.04477509580945474	0.043227587185043007	0.041607849165188379	0.039914224876317891	0.038145020994904404	0.036298506968318642	0.034372914219371484	0.032366435334211581	0.03027722323323467	0.028103390324655093	0.025843007640383449	0.023494103953844308	0.021054664879364297	0.018522631952750977	0.015895901692674613	0.013172324642460008	0.010349704391884247	0.0074257965785702205	0.0043983078685563932	0.0012648949156155115	-0.001976836701114711	0.0012757914892499497	0.0025463057786855319	0.0038113980412444307	0.005070919916866411	0.0063247194316938737	0.0075726409154984733	0.0088145249172958857	0.010050208119110088	0.011279523247847714	0.012502298985242136	0.013718359875826197	0.014927526232891557	0.016129614042391827	0.017324434864745698	0.018511795734495413	0.019691499057774932	0.020863342507541318	0.022027118916521694	0.023182616167827377	0.024329617083185578	0.025467899308738096	0.026597235198355523	0.027717391694414055	0.028828130205981354	0.029929206484356388	0.031020370495907255	0.032101366292149873	0.033171931877008995	0.034231799071201954	0.035280693373684523	0.036318333820096325	0.037344432838142871	0.038358696099849238	0.039360822370619226	0.040350503355032999	0.041327423539313846	0.042291260030394184	0.043241682391508905	0.044178352474243038	0.045100924246958718	0.046009043619525548	0.046902348264276361	0.047780467433108764	0.048643021770651641	0.049489623123413796	0.050319874344830103	0.051133369096118958	0.051929691642863318	0.052708416647224997	0.053469108955700985	2.5299271180416696	0.054934604487239566	0.055638486350479063	0.056322492340967492	0.056986134880526375	0.057628915202850885	0.058250323107327834	0.058849836707590447	0.059426922174700053	0.059981033474841822	0.060511612101419893	0.061018086801435202	0.06149987329602561	0.061956373995047317	0.062386977705572187	0.062791059334174434	0.063167979582876926	0.063517084638624405	0.063837705856149118	0.064129159434090463	0.064390746084228234	0.064621750693685961	0.064821441979957733	0.064989072138608647	0.065123876483497295	0.065225073079362997	0.065291862366620379	0.065323426778198412	0.065318930348258045	0.065277518312620283	0.065198316700731951	0.065080431918993348	0.064922950325268042	0.064724937794392021	0.064485439274494891	0.064203478333942909	0.063878056698708247	0.063508153779967297	0.06309272619172332	0.062630707258248805	0.062121006511134585	0.061562509175731493	0.060954075646764166	0.060294540952893036	0.059582714209995218	0.058817378062931136	0.057997288115558585	0.05712117234875054	0.056187730526169204	0.055195633587542522	0.054143523029185119	0.053030010271500005	0.051853676013191637	0.050613069571916372	0.049306708211089574	0.047933076452564304	0.046490625374889086	0.044977771896847707	0.043392898045977485	0.041734350211755387	0.040000438383137112	0.038189435370125029	0.036299576009037243	0.034329056351140801	0.032276032834307369	0.03013862143734056	0.027914896816619118	0.02560289142469167	0.023200594610451444	0.020705951700511517	0.018116863061395608	0.015431183142147323	0.012646719496958078	0.0097612317874005029	0.0067724307638498543	0.0036779772256653972	0.00047548095969538172	-0.0028375003433396676	0.0012941464984463781	0.0025829123225722247	0.0038661498055689082	0.0051437076783553918	0.0064154309871945325	0.0076811610095005572	0.0089407351677992467	0.01019398694180133	0.011440745778548872	0.012680837000593538	0.013914081712164897	0.015140296703285811	0.016359294351791332	0.017570882523206422	0.018774864468436871	0.019971038719227115	0.021159198981337321	0.022339134025391193	0.023510627575345385	0.024673458194529579	0.025827399169206032	0.026972218389595723	0.028107678228317522	0.029233535416185518	0.030349540915308434	0.031455439789434186	0.03255097107148093	0.033635867628195482	0.034709856021877886	0.035772656369110464	0.036823982196427733	0.037863540292862798	0.038891030559303957	0.039906145854594295	0.040908571838305749	0.041897986810116979	0.042874061545723749	0.043836459129208721	0.044784834781795825	0.045718835686913151	0.04663810081148656	0.047542260723384799	0.048430937404934822	0.049303744062424992	0.050160284931511263	0.051000155078440981	0.051822940197005465	0.052628216401132431	0.053415550013026052	0.054184497346761701	0.054934604487239573	2.5766767698635209	0.056376430022600232	0.057067187385054452	0.057737182013227598	0.058385905361083346	0.059012837224074889	0.059617445482769482	0.060199185840994367	0.060757501558389208	0.061291823177248614	0.061801568243534173	0.062286141021935519	0.062744932204855081	0.063177318615189604	0.063582662902779502	0.063960313234393176	0.064309602977111552	0.064629850374975345	0.064920358218754096	0.065180413508693941	0.065409287110097289	0.065606233401585473	0.065770489915891739	0.0659012769730285	0.065997797305671319	0.066059235676595926	0.066084758488004255	0.066073513382570295	0.066024628836033106	0.065937213741162043	0.06581035698291425	0.065643127004601495	0.065434571364880206	0.065183716285372714	0.064889566188726891	0.064551103226914514	0.064167286799566223	0.063737053062136492	0.063259314423687277	0.06273295903407608	0.062156850260327197	0.061529826151963819	0.060850698895071095	0.060118254254856937	0.05933125100647333	0.058488420353853612	0.057588465336319325	0.056630060222702429	0.055611849892725593	0.05453244920537622	0.053390442354006466	0.05218438220788358	0.050912789639912068	0.049574152840241012	0.04816692661546558	0.046689531673125534	0.045140353891196458	0.043517743572265337	0.041820014682073595	0.040045444072105314	0.038192270685892385	0.036258694748700276	0.034242876940252298	0.032142937550143025	0.029956955615584101	0.027682968041118472	0.025318968699933019	0.022862907516389391	0.020312689529387282	0.01766617393616645	0.014921173116144089	0.012075451634377943	0.0091267252242363418	0.0060726597488467773	0.0029108701408893764	-0.0003610806797120127	-0.0037456829106543468	0.0013121211303551191	0.0026187581118835429	0.0039197604380303164	0.0052149739306936232	0.0065042406562567457	0.0077873988397765027	0.009064282777288787	0.010334722746191072	0.011598544913660835	0.012855571243068051	0.014105619398339014	0.015348502646227792	0.016584029756450888	0.017812004899639498	0.019032227543063	0.020244492344076305	0.021448589041242624	0.022644302343082304	0.023831411814397296	0.025009691760119804	0.026178911106632501	0.027338833280506767	0.028489216084604141	0.029629811571485129	0.030760365914068263	0.031880619273481209	0.0329903056640444	0.034089152815326693	0.035176882031210825	0.036253208045905712	0.037317838876840814	0.038370475674376722	0.039410812568264959	0.040438536510787972	0.041453327116509411	0.042454856498563308	0.043442789101408828	0.044416781529976364	0.045376482375128771	0.046321532035360019	0.047251562534652312	0.048166197336410282	0.049065051153390292	0.049947729753540039	0.050813829761662724	0.051662938456818172	0.05249463356537061	0.053308483049592445	0.054104044891730353	0.054880866873437982	0.055638486350479077	0.056376430022600232	2.6242298700094642	0.05779134205560623	0.058467308395105951	0.059121594391205227	0.059753669835423698	0.060362992375262554	0.060949007247314987	0.06151114700467529	0.062048831238528293	0.062561466293796428	0.06304844497872103	0.063509146268250743	0.063942935001107218	0.06434916157039712	0.064727161607634268	0.065076255660035845	0.065395748860951008	0.065684930593279511	0.065943074145733749	0.066169436361795009	0.066363257281211979	0.066523759773885804	0.066650149165983066	0.066741612858115348	0.066797319935419389	0.06681642076937036	0.06679804661115514	0.066741309176430855	0.066645300221289366	0.066509091109244592	0.066331732369056803	0.066112253243202579	0.065849661226797016	0.065542941596769683	0.06519105693109184	0.06479294661784854	0.064347526353945306	0.063853687633233777	0.063310297223837894	0.062716196634455559	0.062070201569408394	0.061371101372206353	0.06061765845738825	0.059808607730397437	0.058942655995242892	0.058018481349694603	0.057034732567754473	0.055990028469139766	0.054882957275510791	0.053712075953168667	0.052475909541943595	0.051172950469988134	0.04980165785418509	0.048360456785871836	0.046847737601579231	0.045261855138474798	0.043601127974195159	0.041863837650746014	0.040048227882140061	0.038152503745438569	0.036174830854854394	0.034113334518567261	0.031966098877894533	0.029731166028455738	0.027406535122958226	0.024990161455227054	0.022479955525092295	0.019873782083740375	0.017169459159127026	0.014364757061042828	0.01145739736541217	0.0084450518773986818	0.0053253415728825313	0.0020958355178646304	-0.0012459502346558828	-0.004702553770793004	0.0013297060392687401	0.0026538244552046209	0.0039722019015063685	0.0052846812910513734	0.0065911017103433642	0.0078912983320817368	0.0091851023258124938	0.010472340766619851	0.011752836541816723	0.013026408255591374	0.014292870131566821	0.01555203191322835	0.016803698762173896	0.018047671154140913	0.019283744772762339	0.02051171040100357	0.021731353810230884	0.022942455646861259	0.024144791316541955	0.025338130865807652	0.026522238861161472	0.027696874265525185	0.028861790312003022	0.030016734374901897	0.031161447837950124	0.032295665959655134	0.033419117735739655	0.034531525758594556	0.035632606073685319	0.036722068032847416	0.037799614144405178	0.038864939920046797	0.039917733718387027	0.040957676585147575	0.041984442089883896	0.042997696159185347	0.043997096906274513	0.044982294456929479	0.045952930771652051	0.046908639464002144	0.047849045615018196	0.048773765583640792	0.049682406813055628	0.050574567632869827	0.051449837057033855	0.052307794577419908	0.053148009952965133	0.053970042994286788	0.054773443343673817	0.055557750250358348	0.056322492340967499	0.057067187385054452	0.05779134205560623	2.6725982891959124	0.059176000012252754	0.059835458933600427	0.060472288236050692	0.061085935334038728	0.061675834996923633	0.062241409071254243	0.062782066197105732	0.063297201518361268	0.06378619638681407	0.064248418059958776	0.064683219392342117	0.065089938520336843	0.065467898540202393	0.065816407179292047	0.066134756460263483	0.066422222358146613	0.066678064450120103	0.066901525557844163	0.067091831382194794	0.067248190130241081	0.067369792134303691	0.067455809462930283	0.0675053955236187	0.067517684657117175	0.067491791723125555	0.067426811677219062	0.067321819138811967	0.067175867949975238	0.066987990724917235	0.066757198389934894	0.066482479713636161	0.066162800827232221	0.065797104734693773	0.065384310812560409	0.064923314299188517	0.064412985773219578	0.063852170621043883	0.063239688493032978	0.062574332748306913	0.061854869887800396	0.061080038975383236	0.060248551046790069	0.059359088506105606	0.058410304509548226	0.057400822336289715	0.056329234746042053	0.055194103323138316	0.053993957806828696	0.0527272954075063	0.051392580108571846	0.049988241953641717	0.048512676318795508	0.046964243169555213	0.045341266302280282	0.043642032569656999	0.041864791089955347	0.040007752439716583	0.038069087829531389	0.036046928262560146	0.033939363675438643	0.031744442061207349	0.029460168573893532	0.027084504614369065	0.024615366897097053	0.022050626497376158	0.0193881078786792	0.01662558789967818	0.013760794800537043	0.010791407168046604	0.0077150528791662624	0.0045293080225284853	0.0012316957974549019	-0.0021803146099798874	-0.0057093091743070888	0.0013468916648308022	0.0026880922318225811	0.0040234455149277407	0.0053527915180028888	0.006675966347672189	0.0079928021242776093	0.0093031268908752816	0.010606764520236164	0.011903534619808575	0.013193252434599111	0.014475728747927475	0.01575076978001019	0.017018177084326628	0.018277747441720484	0.019529272752188291	0.020772539924305888	0.022007330762242643	0.023233421850312144	0.024450584435006972	0.025658584304464323	0.026857181665307692	0.028046131016809299	0.02922518102231603	0.030394074377881233	0.031552547678043004	0.032700331278688516	0.033837149156942796	0.034962718768018756	0.036076750898964588	0.037178949519242332	0.038269011628071198	0.039346627098466987	0.04041147851790762	0.041463241025554161	0.042501582145953801	0.043526161619151259	0.044536631227132466	0.045532634616523335	0.046513807117464522	0.047479775558581898	0.048430158077970131	0.049364563930105777	0.050282593288603919	0.051183837044731006	0.052067876601584781	0.05293428366384989	0.053782620023036375	0.054612437338106251	0.055423276911390873	0.056214669459700738	0.056986134880526375	0.057737182013227591	0.058467308395105951	0.059176000012252754	2.7217940771711939	0.060526963608308337	0.061168147485638813	0.061785719858424473	0.062379105028790183	0.062947714136739594	0.06349094487123802	0.064008181175129436	0.064498792943758834	0.064962135717167011	0.065397550365725671	0.065804362769073643	0.06618188348821602	0.066529407430642215	0.066846213508318333	0.067131564288404527	0.067384705636545736	0.067604866352581006	0.067791257798513763	0.067943073518580921	0.068059488851257358	0.068139660533026739	0.068182726293747928	0.068187804443442357	0.068153993450322761	0.068080371509882512	0.067965996104858345	0.067809903555877959	0.067611108562598166	0.06736860373513627	0.067081359115592792	0.066748321689460655	0.066368414886710067	0.065940538072334964	0.065463566026142936	0.064936348411565009	0.064357709233257968	0.06372644628326686	0.063041330575510396	0.062301105768347888	0.061504487574980116	0.060650163161433047	0.059736790531867	0.058762997900948979	0.057727383053020553	0.056628512687788346	0.055464921752258305	0.054235112758629696	0.052937555087858378	0.051570684278593334	0.050132901301184529	0.048622571816453825	0.047038025418914366	0.045377554864117271	0.043639415279798845	0.041821823360493157	0.039922956545269971	0.037940952178249575	0.035873906651539611	0.03371987453023223	0.031476867659090746	0.029142854250550524	0.026715757953647438	0.024193456903483051	0.021573782750824375	0.018854519671430876	0.016033403354690608	0.013108119971140985	0.010076305118439341	0.0069355427453404459	0.0036833640532294627	0.00031724637474864556	-0.003165387970951858	-0.0067671728468206571	0.0013636682273098367	0.0027215418822744857	0.0040734619391000334	0.005419265492622294	0.0067587856695858727	0.0080918515379753263	0.0094182880143568841	0.010737915769188254	0.012050551130053183	0.013356005982776566	0.014654087670374835	0.015944598889795707	0.017227337586400014	0.01850209684613769	0.019768664785368838	0.021026824438279773	0.022276353641842953	0.023517024918268549	0.024748605354894485	0.025970856481460445	0.027183534144710357	0.028386388380266827	0.029579163281719417	0.030761596866867923	0.031933420941060206	0.033094360957563199	0.034244135874904207	0.035382458011118223	0.036509032894836084	0.037623559113146438	0.03872572815616341	0.039815224258230308	0.040891724235688355	0.04195489732113783	0.043004404994117756	0.044039900808128189	0.045061030213918454	0.046067430378962153	0.04705873000303893	0.048034549129840565	0.048994498954517969	0.049938181627083654	0.050865190051582035	0.051775107680939014	0.052667508307399517	0.053541955848460623	0.054398004128205377	0.055235196653940444	0.056053066388039641	0.056851135514891758	0.057628915202850878	0.058385905361083346	0.059121594391205221	0.059835458933600427	0.06052696360830833	2.7718294651152036	0.061840690139494378	0.062461778723994631	0.063058240338758217	0.06362947541724337	0.06417487069730568	0.064693798920749987	0.065185618526472908	0.065649673337061537	0.066085292238712456	0.066491788854330713	0.066868461209666816	0.067214591392346493	0.067529445203644359	0.067812271802850585	0.068062303344076452	0.06827875460533997	0.068460822609771793	0.068607686238776819	0.068718505836984023	0.06879242280881312	0.068828559206484105	0.068826017309291443	0.068783879193960895	0.068701206295903816	0.068577038961179476	0.0684103959889725	0.068200274164387939	0.067945647781363347	0.067645468155492092	0.06729866312654878	0.066904136550503063	0.066460767780803245	0.065967411138707979	0.065422895372437992	0.064826023104916572	0.064175570269862287	0.063470285535992377	0.06270888971909086	0.061890075181689395	0.061012505220105387	0.060074813438574869	0.059075603110213155	0.058013446524531789	0.056886884321232012	0.0556944248099926	0.05443454327596195	0.053105681270658754	0.051706245887980062	0.05023460902500957	0.048689106627311358	0.047068037918389635	0.045369664612987429	0.043592210113890743	0.041733858691897975	0.039792754648607417	0.037767001461668781	0.035654660912137148	0.033453752193560768	0.031162251002426124	0.028778088609576334	0.026299150912211685	0.023723277466071852	0.02104826049739247	0.018271843894219316	0.015391722176656792	0.012405539445615715	0.0093108883096197272	0.00610530878921931	0.0027862871985521055	-0.00064874499641901699	-0.00420241234346839	-0.0078773965939617548	0.0013800257227722529	0.0027541533986931541	0.0041222211622224669	0.0054840631991752258	0.0068395096564164634	0.008188386549573325	0.0095305156687221521	0.010865714482007396	0.012193796037148225	0.013514568860787831	0.014827836855639379	0.016133399195381797	0.017431050217257348	0.018720579312322225	0.020001770813300089	0.021274403879987761	0.022538252382160725	0.023793084779925807	0.025038664001466229	0.026274747318124174	0.02750108621676401	0.028717426269358717	0.029923506999740574	0.03111906174745575	0.032303817528661918	0.03347749489400579	0.034639807783416895	0.035790463377752338	0.036929161947225612	0.038055596696551966	0.039169453606740408	0.040270411273461829	0.041358140741920638	0.042432305338156458	0.043492560496700035	0.044538553584506833	0.04556992372108952	0.046586301594769453	0.047587309274965212	0.048572560020434447	0.049541658083384392	0.050494198509363521	0.051429766932845546	0.052347939368415752	0.053248281997466375	0.054130350950306876	0.054993692083593212	0.055837840752976882	0.05666232158087401	0.057466648219251869	0.058250323107327834	0.059012837224074889	0.059753669835423698	0.060472288236050678	0.06116814748563882	0.061840690139494371	2.8227168680636767	0.063113531702600881	0.063712650694745673	0.064286092676749979	0.06483323343535953	0.065353434511340153	0.065846042887139966	0.06631039066789246	0.066745794755619009	0.067151556516490879	0.067526961441004216	0.067871278796920745	0.068183761274823645	0.068463644626133288	0.068710147293427226	0.068922470032902305	0.069099795528816566	0.069241287999742898	0.069346092796464254	0.06941333599133645	0.069442123958940574	0.06943154294784426	0.069380658643286103	0.069288515720595606	0.069154137389154491	0.068976524926704252	0.068754657203798281	0.068487490198194417	0.068173956498978783	0.067812964800207653	0.067403399383850107	0.066944119591808945	0.066433959286793923	0.065871726301815287	0.065256201878062872	0.064586140090928792	0.063860267263928794	0.063077281370271604	0.062235851421819872	0.061334616845182335	0.060372186844670599	0.059347139751848618	0.058258022361397641	0.057103349253013691	0.055881602099048334	0.054591228957599026	0.053230643550747296	0.051798224527638402	0.050292314712089593	0.048711220334407224	0.047053210247086592	0.045316515124062685	0.043499326643171188	0.041599796651474716	0.039616036313100143	0.037546115239226602	0.035388060599856608	0.033139856216994723	0.030799441638850247	0.028364711194674302	0.025833513029831476	0.023203648120699579	0.020472869268982796	0.017638880075013456	0.014699333889612068	0.011651832744062805	0.0084939262577559856	0.0052231105230374861	0.0018368269667972512	-0.0016675388116807108	-0.0052926582270955173	-0.0090412609192299757	0.0013959539181520348	0.002785906314946554	0.0041696924850970016	0.0055471437053976197	0.0069180871428338835	0.0082823457606755226	0.0096397382225089801	0.010990078794165465	0.012333177243499562	0.013668838737972757	0.014996863739994962	0.016317047899976282	0.01762918194704045	0.018933051577349879	0.020228437339991849	0.021515114520373597	0.022792853021073735	0.024061417240095664	0.025320565946467945	0.026570052153135227	0.027809622987082349	0.029039019556632691	0.030257976815861152	0.031466223426060376	0.032663481614197798	0.033849467028299898	0.035023888589698488	0.036186448342072713	0.03733684129721878	0.038474755277478484	0.039599870754755774	0.04071186068604906	0.041810390345426017	0.04289511715236554	0.043965690496390153	0.045021751557910661	0.046062933125203147	0.047088859407436692	0.048099145843668763	0.04909339890772299	0.050071215908862869	0.051032184788172751	0.051975883910555791	0.052901881852256652	0.053809737183814731	0.054698998248352018	0.055569202935097345	0.056419878448046933	0.057250541069659378	0.058060695919480224	0.058849836707590447	0.059617445482769482	0.060362992375262554	0.061085935334038714	0.061785719858424473	0.062461778723994631	0.063113531702600881	2.87446888735714	0.064341732345857827	0.064916951931298553	0.065465408868372793	0.065986453496806957	0.066479421342601125	0.066943632793434779	0.067378392767154377	0.067782990373197238	0.068156698566805077	0.068498773795875878	0.068808455640301205	0.069084966443631643	0.069327510936911002	0.069535275854515036	0.069707429541829083	0.069843121554594073	0.069941482249746958	0.070001622367579619	0.07002263260503426	0.07000358317995159	0.069943523386083242	0.06984148113867665	0.069696462510436138	0.069507451257660058	0.069273408336350012	0.06899327140808427	0.068665954335441606	0.068290346666760038	0.067865313110008069	0.067389692995542982	0.066862299727525443	0.066281920223755522	0.065647314343689492	0.064957214304392968	0.064210324084180245	0.063405318813684816	0.06254084415410012	0.061615515662326426	0.060627918142750904	0.059576604985386021	0.058460097490082893	0.057276884176532074	0.056025420079758116	0.054704126030807515	0.053311387922324587	0.051845555958702806	0.050304943890493087	0.04868782823274391	0.046992447466941797	0.045217001226213541	0.043359649463444568	0.041418511601961736	0.039391665668420492	0.037277147407529437	0.035072949378238544	0.032777020031008373	0.030387262765771497	0.027901534970186815	0.025317647037783154	0.022633361365576577	0.019846391330739718	0.016954400245891604	0.013955000292568709	0.010845751432428668	0.0076241602957282896	0.0042876790466090265	0.00083370422471332846	-0.0027404244373542032	-0.0064374252212170318	-0.010260075655075458	0.001411442346215091	0.0028167796965665026	0.0042158445060213601	0.0056084651423531119	0.0069944657926676798	0.0083736663678773676	0.0097458824050787353	0.011110924967789728	0.012468600544000365	0.013818710941990435	0.015161053183866558	0.016495419396770065	0.017821596701706115	0.019139367099943388	0.020448507356932707	0.021748788883691823	0.023039977615602402	0.024321833888564456	0.025594112312451865	0.026856561641811785	0.028108924643749457	0.029350937962938695	0.030582331983697052	0.031802830689063588	0.033012151516815538	0.034210005212359153	0.035396095678428503	0.036570119821524777	0.037731767395026893	0.038880720838903225	0.040016655115952642	0.041139237544501051	0.04224812762747944	0.043342976877805958	0.044423428639994891	0.045489117907912394	0.046539671138597909	0.047574706062068345	0.048593831487020032	0.049596647102342524	0.050582743274355579	0.051551700839679512	0.052503090893646867	0.053436474574161598	0.054351402840910425	0.055247416249827763	0.05612404472271533	0.056980807311914156	0.05781721195992516	0.058632755253872335	0.059426922174700053	0.060199185840994381	0.060949007247314987	0.061675834996923619	0.06237910502879019	0.063058240338758204	0.063712650694745687	0.064341732345857827	2.9270983131145565	0.065521425146843601	0.066070758495065759	0.066592206908636847	0.067085094457108571	0.06754872981070667	0.067982405903102561	0.068385399586999698	0.068756971282385365	0.069096364617293682	0.069402806060924707	0.069675504548959211	0.069913651100907276	0.070116418429323535	0.070282960540720682	0.070412412328007573	0.070503889154275204	0.070556486427751683	0.070569279167740098	0.070541321561354342	0.070471646510859048	0.070359265171419702	0.070203166479063064	0.070002316668644343	0.069755658781613578	0.069462112163369227	0.069120571949982793	0.068729908544074028	0.068288967079610921	0.067796566875405112	0.067251500877068424	0.066652535087190476	0.065998407983494073	0.065287829924718419	0.064519482543976256	0.063692018129325817	0.062804058991291503	0.061854196817064853	0.06084099201110884	0.059762973021884297	0.058618635654412214	0.057406442368377886	0.056124821561478577	0.054772166837709968	0.053346836260279168	0.051847151588827779	0.050271397500640413	0.048617820795507714	0.046884629583907371	0.045069992458158036	0.043172037646194837	0.041188852147608965	0.039118480851584349	0.036958925636359025	0.034708144449830426	0.032364050370915429	0.029924510651269328	0.027387345736959147	0.024750328269677921	0.022011182067079933	0.019167581081806384	0.016217148338762616	0.013157454850201466	0.009986018508153973	0.0067003029537433265	0.0032977164229066238	-0.00022438943196142705	-0.0038687207449350628	-0.0076380426645627315	-0.011535180607461743	0.0014264803004160323	0.0028467521304622206	0.0042606451053593701	0.0056679846838601439	0.0070685920731909007	0.0084622841319065192	0.0098488732706136853	0.011228167350517073	0.012599969579742135	0.013964078407386964	0.01532028741525489	0.016668385207218459	0.018008155296164282	0.019339375988467286	0.020661820265941863	0.021975255665216215	0.023279444154475113	0.024574142007515176	0.025859099675055609	0.027134061653246045	0.028398766349312158	0.029652945944278163	0.03089632625270429	0.032128626579376034	0.033349559572880397	0.034558831076003389	0.035756139972881393	0.03694117803283762	0.038113629750833669	0.03927317218446455	0.040419474787423942	0.041552199239365394	0.042670999272083079	0.04377552049193445	0.044865400198425574	0.045940267198877949	0.046999741619094433	0.048043434709939624	0.049070948649748806	0.050081876342477454	0.051075801211501605	0.052052296988977474	0.053010927500666979	0.053951246446133486	0.054872797174210931	0.055775112453646213	0.056657714238813932	0.05752011343039988	0.05836180963094733	0.059182290895158689	0.059981033474841815	0.060757501558389208	0.06151114700467529	0.062241409071254243	0.062947714136739608	0.06362947541724337	0.064286092676749965	0.064916951931298553	0.065521425146843601	2.9806181267316512	0.066648629216169722	0.067170030941015577	0.067662387718302755	0.068124996500803212	0.068557138238013265	0.068958077525902592	0.069327062249203944	0.069663323216087689	0.069966073785062255	0.070234509483938737	0.070467807620693365	0.070665126886059762	0.070825606947677894	0.070948368035624487	0.071032510519144859	0.071077114474402972	0.071081239243063046	0.071043922981512159	0.070964182200527789	0.070841011295193504	0.070673382064858695	0.070460243222935232	0.070200519896321562	0.06989311311423646	0.069536899286244153	0.069130729669246091	0.068673429823209717	0.068163799055401139	0.067600609852883173	0.06698260730303511	0.066308508501846219	0.065577001949729263	0.064786746934595574	0.06393637290192801	0.063024478811581908	0.062049632481040291	0.061010369914841572	0.059905194619895269	0.058732576906392144	0.057490953174012122	0.056178725183125465	0.054794259310676705	0.053335885790435883	0.051801897937292778	0.050190551355265567	0.048500063128887314	0.046728610997626631	0.044874332512994074	0.042935324177974556	0.0409096405684235	0.038795293436053389	0.036590250792631743	0.034292435975003366	0.031899726690541287	0.029409954042623972	0.026820901535726169	0.024130304059705194	0.021335846852853713	0.018435164443281297	0.015425839568179873	0.012305402070518386	0.0090713277727012612	0.0057210373267181916	0.0022518950403019023	-0.0013387923214004669	-0.0050537767591425338	-0.0088958702883971119	-0.012867946214198782	0.0014410568296451371	0.0028758017144142663	0.0043040614297818755	0.0057256585254798304	0.0071404112288549378	0.0085481333461046582	0.0099486341613457801	0.011341718333469725	0.01272718579073738	0.014104831623065124	0.015474445971953018	0.016835813918004826	0.018188715365988581	0.019532924927385474	0.020868211800373463	0.022194339647191221	0.02351106646882661	0.024818144476972847	0.026115319963194453	0.02740233316524357	0.028678918130466295	0.029944802576237228	0.0311997077473593	0.032443348270364422	0.033675432004649349	0.034895659890379904	0.036103725793094704	0.037299316344939049	0.038482110782457203	0.039651780780870748	0.040807990284768302	0.041950395335130959	0.043078643892616099	0.044192375657020513	0.045291221882841966	0.046374805190857418	0.047442739375633022	0.048494629208881125	0.04953007023857596	0.050548648583738927	0.051549940724802304	0.052533513289458302	0.053498922833898115	0.054445715619344595	0.05537342738377881	0.056281583108760184	0.0571696967812362	0.0580372711502374	0.058883797478349521	0.059708755287853202	0.0605116121014199	0.061291823177248621	0.062048831238528286	0.062782066197105732	0.06349094487123802	0.06417487069730568	0.064833233435359516	0.065465408868372793	0.066070758495065759	0.066648629216169722	3.0350415034040306	0.06771924662514045	0.068210611206271241	0.06867173199270224	0.069101877949754587	0.069500301416664245	0.069866237742909482	0.07019890491679677	0.07049750318614309	0.070761214670889666	0.070989202967479084	0.071180612744823735	0.071334569331691022	0.071450178295325614	0.071526525011126801	0.071562674223194636	0.071557669595554638	0.071510533253866707	0.071420265317421447	0.071285843421220463	0.071106222227935542	0.07088033292953555	0.070607082738367147	0.070285354367469452	0.069914005499899387	0.069491868246840283	0.069017748594258799	0.068490425837875568	0.067908652006204467	0.067271151271414392	0.066576619347761185	0.065823722877331153	0.06501109880283408	0.064137353727177507	0.063201063259547857	0.062200771347719348	0.061134989596306193	0.060002196570666327	0.058800837086160303	0.057529321482462786	0.056186024882616793	0.054769286436516067	0.053277408548493443	0.051708656088686814	0.050061255587848012	0.048333394415252209	0.046523219939359373	0.0446288386708718	0.042648315387824126	0.040579672242336044	0.038420887848648597	0.036169896352058792	0.033824586478358766	0.031382800563377812	0.028842333562217385	0.026200932037760111	0.023456293128027668	0.020606063491950866	0.017647838233107678	0.014579159800976771	0.011397516869243059	0.0081003431906845006	0.0046850164281572486	0.0011488569611895155	-0.0025108733323190319	-0.0062969723198013474	-0.010212298883654625	-0.014259774217330875	0.0014551607328632072	0.0029039060463442426	0.0043460598761712703	0.005781441863055378	0.0072098672544637999	0.0086311468042365776	0.010045086670000623	0.011451488308334099	0.012850148367633304	0.014240858578632935	0.015623405642529765	0.016997571116658755	0.018363131297669418	0.019719857102149158	0.021067513944639526	0.022405861612989669	0.023734654140990501	0.025053639678231876	0.026362560357123626	0.027661152157020388	0.028949144765388672	0.030226261435953528	0.031492218843760494	0.032746726937087925	0.03398948878614242	0.035220200428469489	0.036438550711010056	0.037644221128731462	0.038836885659760706	0.040016210596945913	0.041181854375770585	0.042333467398543392	0.043470691854784978	0.044593161537731366	0.045700501656872158	0.046792328646439597	0.047868249969763278	0.048927863919403278	0.049970759412972715	0.050996515784558993	0.052004702571650567	0.052994879297475615	0.053966595248654735	0.054919389248070119	0.05585278942285013	0.05676631296736654	0.057659465901139795	0.058531742821545225	0.059382626651210961	0.060211588379995989	0.061018086801435195	0.061801568243534173	0.062561466293796428	0.063297201518361268	0.06400818117512945	0.064693798920749987	0.065353434511340153	0.065986453496806971	0.066592206908636847	0.067170030941015577	0.06771924662514045	3.0903818146749602	0.068729059255544497	0.069188219419894975	0.069615896970778676	0.070011331990697562	0.070373747293875646	0.070702348048755428	0.070996321392462522	0.07125483603706817	0.071477041867481272	0.071662069530793182	0.07180903001689859	0.071917014230210033	0.071985092552281083	0.072012314395147728	0.071997707745196496	0.071940278697360499	0.071839010979443299	0.071692865466364566	0.071500779684118485	0.071261667303230927	0.070974417621496769	0.07063789503577543	0.070250938502616711	0.069812360987485347	0.069320948902347745	0.068775461531378881	0.06817463044454361	0.067517158898800542	0.066801721226672037	0.066026962211917797	0.065191496452046305	0.064293907707389727	0.06333274823646548	0.062306538117339064	0.061213764554700401	0.060052881172355847	0.058822307290835998	0.057520427189809924	0.056145589354993676	0.054696105709229864	0.053170250827414327	0.051566261134933164	0.049882334089271667	0.048116627344447375	0.046267257897911369	0.044332301219557738	0.042309790362470796	0.040197715055034715	0.037994020774018929	0.035696607798249846	0.033303330242467136	0.030811995070956378	0.028220361090541709	0.025526137922513951	0.022726984953058995	0.019820510261745777	0.016804269527620871	0.013675764912449371	0.010432443920632483	0.0070716982353214225	0.0035908625302389103	-1.2786743291331803e-05	-0.0037420325946170936	-0.0075997187578505593	-0.011588750982313614	-0.015712098349875414	0.0014687805536219656	0.0029310422133555954	0.0043866060751827363	0.0058352888707936777	0.0072769028677761019	0.0087112557676126395	0.01013815060144029	0.011557385623523979	0.012968754202395428	0.014372044709607625	0.015767040406054079	0.017153519325800969	0.018531254157379204	0.019900012122482491	0.021259554852015933	0.022609638259439131	0.023950012411346106	0.025280421395223303	0.026600603184325892	0.027910289499610972	0.029209205668665531	0.030497070481564963	0.031773596043597536	0.033038487624788004	0.034291443506152708	0.035532154822616978	0.036760305402524028	0.037975571603663182	0.039177622145744176	0.040366117939241726	0.041540711910534205	0.04270104882325787	0.043846765095796568	0.044977488614825645	0.046092838544826473	0.047192425133486586	0.048275849512899024	0.049342703496471622	0.050392569371456392	0.051425019687006593	0.052439617037667072	0.053435913842201872	0.054413452117660972	0.055371763248585962	0.056310367751252415	0.057228775032844577	0.058126483145455807	0.059002978534806155	0.059857735783566145	0.060690217349173209	0.06149987329602561	0.062286141021935519	0.06304844497872103	0.06378619638681407	0.064498792943758834	0.065185618526472908	0.06584604288713998	0.066479421342601125	0.067085094457108571	0.067662387718302741	0.068210611206271227	0.068729059255544497	3.1466526310079432	0.0696737255696918	0.070098450631947459	0.070490413122416426	0.070848823320067963	0.071172873573481024	0.07146173790908944	0.071714571631094903	0.071930510912872392	0.072108672379692221	0.07224815268257638	0.072348028063105529	0.072407353908987004	0.072425164300193121	0.07240047154547137	0.07233226570902801	0.072219514127179571	0.072061160914763764	0.071856126461097292	0.071603306915262788	0.071301573660503575	0.070949772777499309	0.070546724496292554	0.070091222636629716	0.069582034036476628	0.069017897968462763	0.068397525544004092	0.067719599104848718	0.066982771601785493	0.066185665960247858	0.065326874432542592	0.064404957936426727	0.0634184453797485	0.062365832970864912	0.061245583514541437	0.060056125693032932	0.058795853332039821	0.057463124651225939	0.056056261498980006	0.054573548571093942	0.053013232613026214	0.051373521605411115	0.049652583932467714	0.047848547532955567	0.045959499033317058	0.043983482862638	0.041918500349052631	0.039762508797209169	0.037513420546405704	0.035169102008998081	0.032727372688673401	0.030186004178173367	0.027542719136045311	0.024795190241987702	0.021941039130350903	0.018977835301341991	0.01590309500947602	0.012714280128804656	0.0094087969944452489	0.005983995219922357	0.0024371664898253662	-0.0012344566727266681	-0.0050337021643290401	-0.0089634595857730273	-0.013026681553305193	-0.017226385037211835	0.0014819045744676126	0.002957186780540725	0.0044256648744548628	0.0058871526788795321	0.0073414594815228483	0.0087883899315100242	0.010227743933488175	0.011659316539408968	0.013082897837939547	0.014498272841451203	0.01590522137053417	0.017303517935985831	0.018692931618218538	0.020073225944032259	0.02144415876069565	0.022805482107278809	0.024156942083178808	0.025498278713778726	0.026829225813179019	0.028149510843939334	0.029458854773767033	0.030756971929087943	0.032043569845433002	0.033318349114573376	0.034581003228335197	0.035831218419023564	0.037068673496383937	0.03829303968102777	0.039503980434247431	0.040701151284144185	0.041884199647991373	0.043052764650752778	0.044206476939675471	0.045344958494874119	0.046467822435821836	0.047574672823661547	0.048665104459249632	0.049738702676841683	0.050795043133328659	0.05183369159292972	0.052854203707246	0.053856124790577442	0.054838989590403384	0.055802322052924874	0.056745635083564692	0.057668430302319461	0.05857019779385552	0.059450415852237697	0.060308550720178843	0.061144056322694817	0.061956373995047311	0.062744932204855081	0.06350914626825073	0.064248418059958776	0.064962135717166997	0.065649673337061551	0.06631039066789246	0.066943632793434779	0.067548729810706656	0.068124996500803212	0.068671731992702226	0.069188219419894975	0.0696737255696918	3.2038677243839548	0.07054877729876402	0.070936771459869846	0.071290680752081795	0.071609684704114968	0.071892944231711636	0.07213960123120372	0.072348778164432526	0.072519577634847149	0.072651081954597047	0.072742352702430596	0.072792430272209496	0.072800333411841986	0.07276505875243662	0.072685580327472799	0.072560849081779982	0.072389792370114003	0.07217131344511396	0.071904290934419537	0.071587578306722091	0.0712200033265218	0.070800367497353842	0.070327445493246432	0.069799984578164831	0.069216704013192867	0.06857629445119752	0.067877417318716771	0.067118704184805852	0.066298756116571531	0.065416143021119449	0.064469402973631212	0.063457041531285882	0.062377531032731984	0.061229309882810612	0.060010781822225072	0.058720315181845575	0.057356242121330725	0.055916857851742087	0.05440041984182057	0.052805147007587545	0.051129218884925463	0.049370774784786971	0.047527912930673953	0.045598689578019755	0.043581118115102201	0.041473168145105217	0.039272764548941262	0.036977786528437015	0.034586066629477781	0.032095389744698014	0.029503492095295705	0.026808060191541017	0.024006729771540496	0.021097084717808707	0.018076655951190967	0.014942920301670846	0.011693299355586507	0.0083251582787714547	0.0048358046151236568	0.0012224870600989191	-0.002517605791387976	-0.0063873467231799069	-0.010389671202747629	-0.014527578713261987	-0.018804134113426556	0.0014945208112250856	0.0029823157795495071	0.0044632003214624709	0.0059369853506126913	0.0074034771748287256	0.0088624773908783684	0.010313782776918839	0.011757185182588566	0.013192471416690102	0.014619423132413045	0.01603781671004435	0.017447423137112606	0.018848007885911622	0.020239330788347588	0.02162114590805277	0.02299320140970771	0.024355239425512556	0.025706995918747012	0.027048200544356863	0.02837857650650422	0.029697840413016895	0.031005702126671114	0.032301864613240479	0.033586023786242578	0.034857868348313358	0.036117079629137648	0.037363331419863186	0.038596289803923482	0.039815612984193616	0.041020951106401429	0.042211946078715167	0.043388231387426111	0.044549431908644653	0.045695163715924685	0.046825033883731125	0.047938640286662261	0.04903557139433784	0.050115406061861177	0.051177713315762173	0.052222052135325915	0.053247971229209809	0.054255008807249712	0.055242692347354377	0.056210538357384154	0.057158052131909116	0.058084727503738387	0.058990046590111096	0.059873479533436913	0.060734484236471049	0.061572506091807769	0.062386977705572194	0.063177318615189604	0.063942935001107218	0.064683219392342117	0.065397550365725657	0.06608529223871247	0.066745794755619009	0.067378392767154363	0.067982405903102561	0.068557138238013265	0.0691018779497546	0.069615896970778676	0.070098450631947459	0.070548777298764034	3.2620410709234009	0.071349616047503783	0.071698516650187963	0.072011966516753026	0.072289113452249906	0.072529085945140501	0.072730992745732415	0.07289392243565368	0.073016942988181038	0.073099101319230961	0.073139422828819023	0.073136910932789706	0.073090546584612545	0.072999287787040082	0.07286206909341475	0.072677801098410363	0.072445369917988625	0.072163636658345964	0.071831436873622187	0.071447580012137732	0.071010848850920447	0.070519998918280258	0.069973757904181949	0.069370825058163638	0.068709870574543544	0.067989534964649212	0.067208428415802296	0.066365130136783329	0.065458187689496225	0.064486116306547395	0.063447398194446822	0.06234048182213444	0.061163781194526978	0.059915675110776168	0.058594506406922132	0.057198581182618162	0.055726168011598638	0.054175497135553537	0.052544759641067029	0.050832106619269721	0.049035648307848061	0.047153453215045854	0.04518354722528789	0.043123912686043694	0.040972487475546895	0.038727164050974344	0.036385788476681086	0.033946159432082068	0.031406027198759019	0.028763092626366154	0.026015006076896725	0.023159366346865093	0.020193719566950222	0.017115558078635497	0.013922319287373024	0.010611384491787558	0.007180077688428683	0.0036256643515678415	-5.4649812472681071e-05	-0.0038637201369827595	-0.0078044642930525298	-0.011879863614832061	-0.016092964452416744	-0.020446879552927608	0.0015066170071605463	0.0030064046969142644	0.0044991756460040413	0.0059847378590578018	0.0074628946640245431	0.0089334446053146391	0.010396181334595429	0.011850893499192066	0.013297364628042549	0.014735373015154768	0.016164691600512399	0.017585087848375237	0.018996323622918549	0.020398155061154766	0.021790332443079714	0.023172600058984409	0.024544696073872115	0.025906352388919088	0.02725729449991646	0.028597241352628866	0.029925905195004501	0.031242991426170021	0.032548198442141678	0.033841217478183493	0.035121732447741208	0.036389419777879406	0.037643948241148119	0.038884978783802891	0.040112164350301467	0.041325149703998337	0.042523571243956573	0.043707056817795076	0.044875225530487423	0.04602768754902687	0.047164043902870004	0.048283886280070534	0.049386796819011577	0.050472347895644178	0.051540101906137212	0.052589611044841618	0.053620417077471089	0.054632051109397464	0.055624033348958844	0.056595872865674919	0.057547067343263023	0.058477102827344744	0.059385453467732101	0.060271581255179556	0.06113493575248468	0.061974953819820107	0.062791059334174434	0.063582662902779502	0.064349161570397106	0.065089938520336857	0.065804362769073657	0.066491788854330713	0.067151556516490865	0.067782990373197224	0.068385399586999698	0.068958077525902592	0.069500301416664245	0.070011331990697562	0.070490413122416412	0.070936771459869846	0.071349616047503783	3.321186853532728	0.072071509813219345	0.072378885553494393	0.072649399856069344	0.072882167801536321	0.073076284428669369	0.073230824297275246	0.073344841041758202	0.073417366915202384	0.073447412323777675	0.073433965351264424	0.073375991273493479	0.073272432062490428	0.073122205880110466	0.072924206560945781	0.072677303084280331	0.072380339034867444	0.072032132052295306	0.07163147326870456	0.071177126734615973	0.070667828832621057	0.070102287678683928	0.069479182510797405	0.068797163064730563	0.068054848936600548	0.067250828931995688	0.066383660401369921	0.065451868561425888	0.064453945802194407	0.063388350979516644	0.062253508692623742	0.061047808546508084	0.059769604398770076	0.058417213590619542	0.056988916161704456	0.055482954048432002	0.053897530265441244	0.052230808069879266	0.050480910108124805	0.048645917544597808	0.046723869172284549	0.044712760504600726	0.04261054284820788	0.040415122356389291	0.038124359062586065	0.035736065893681813	0.03324800766262092	0.030657900039932587	0.02796340850372727	0.025162147267721067	0.022251678186836408	0.019229509639916313	0.016093095389082619	0.012839833415255778	0.009467064729347132	0.0059720721586224053	0.0023520791077264653	-0.0013957517061519145	-0.0052743195445070024	-0.0092865869656766891	-0.013435581170490053	-0.017724395375967098	-0.02215619021764605	0.0015181806270195412	0.0030294284621260898	0.0045335532423162149	0.0060303600631970477	0.007519649272838028	0.0090012163632921145	0.010474851859736753	0.011940341207183836	0.013397464654706802	0.014845997137131819	0.016285708154139315	0.017716361646720281	0.019137715870931417	0.020549523268891413	0.021951530336959662	0.023343477491037653	0.024725098928931728	0.026096122489714782	0.027456269510023227	0.028805254677224175	0.030142785879386319	0.031468564051986656	0.03278228302128415	0.034083629344289226	0.035372282145257401	0.036647912948633059	0.037910185508368471	0.039158755633541216	0.040393271010191793	0.041613371019301237	0.042818686550827524	0.044008839813717109	0.045183444141806833	0.046342103795529173	0.047484413759332551	0.048609959534726042	0.049718316928856088	0.05080905183852151	0.051881720029530051	0.052935866911298708	0.053971027306597315	0.05498672521633366	0.055982473579275244	0.056957774026601134	0.057912116631175951	0.058844979651433635	0.059755829269759225	0.060644119325251801	0.061509291040751451	0.062350772744009117	0.063167979582876926	0.063960313234393162	0.064727161607634254	0.065467898540202393	0.06618188348821602	0.066868461209666816	0.067526961441004202	0.068156698566805091	0.068756971282385365	0.06932706224920393	0.069866237742909468	0.070373747293875646	0.070848823320067963	0.071290680752081795	0.071698516650187977	0.072071509813219359	3.3813194645756237	0.072709589417035966	0.072972938510612567	0.073197969332579604	0.073383763210177255	0.073529380681391338	0.073633861041753235	0.073696221881515311	0.073715458613001383	0.07369054398792782	0.073620427604486602	0.073504035403976362	0.073340269156765447	0.073128005937363849	0.072866097588378226	0.072553370173118706	0.072188623416621731	0.071770630134848343	0.071298135651811895	0.070769857204385722	0.070184483334533421	0.069540673268702141	0.068837056284112005	0.068072231061669999	0.067244765025230691	0.066353193666921745	0.0653960198582441	0.064371713146653603	0.063278709037322106	0.062115408259772249	0.060880176019072002	0.059571341231270301	0.058187195742746847	0.056725993533144121	0.055185949901542249	0.053565240635529442	0.051862001162815467	0.050074325685027378	0.048200266293318618	0.04623783206541781	0.044184988143731722	0.042039654794113701	0.039799706444896839	0.037462970705786532	0.035027227366194853	0.032490207372595656	0.029849591784465574	0.027103010708371289	0.024248042209751835	0.021282211201937597	0.018202988311935883	0.015007788722506717	0.011693970990039068	0.0082588358377308057	0.0046996249235637813	0.0010135195825563097	-0.0028023604572364404	-0.0067509583855130681	-0.010835281647859052	-0.015058403311782702	-0.019423463461228609	-0.023933670620152246	0.0015291988509382427	0.0030513614354573289	0.0045662946508075054	0.0060738006835751208	0.0075736769019500499	0.0090657157456278253	0.010549704613296013	0.012025425747653263	0.013492656117908406	0.014951167299705951	0.016400725352423009	0.017841090693781789	0.01927201797172046	0.020693255933463928	0.022104547291735197	0.023505628588046206	0.024896230053006355	0.026276075463585177	0.027644881997264399	0.029002360083013635	0.030348213249021965	0.031682137967116851	0.033003823493799864	0.034312951707827909	0.035609196944266258	0.036892225824939062	0.038161697085200869	0.039417261396951307	0.040658561187813601	0.041885230456395327	0.043096894583549379	0.04429317013954976	0.045473664687096543	0.046637976580061483	0.047785694757884842	0.048916398535530953	0.050029657388909701	0.051125030735667654	0.052202067711251465	0.053260306940144019	0.054299276302171462	0.055318492693777505	0.056317461784158987	0.057295677766154469	0.058252623101775661	0.059187768262269021	0.060100571462592477	0.060990478390189951	0.061856921927943828	0.062699321871183489	0.063517084638624405	0.064309602977111566	0.065076255660035831	0.065816407179292033	0.066529407430642215	0.067214591392346493	0.067871278796920745	0.068498773795875892	0.069096364617293696	0.069663323216087689	0.070198904916796784	0.070702348048755456	0.071172873573481024	0.071609684704114968	0.072011966516753054	0.072378885553494393	0.072709589417035966	3.4424535085687973	0.073258844845275561	0.073475593147802234	0.073652518879924272	0.073788668557806233	0.073883067138106884	0.073934717548246487	0.073942600206702958	0.073905672533128866	0.073822868448077048	0.073693097862119403	0.073515246154137223	0.073288173638558454	0.073010715021312386	0.072681678844265921	0.072299846917903754	0.071863973742007342	0.071372785914082873	0.07082498152528513	0.070219229543577316	0.069554169183861037	0.068828409264807378	0.068040527552112998	0.067189070087898956	0.066272550505966463	0.065289449332615018	0.06423821327272515	0.063117254480799731	0.061924949816652572	0.060659640085427499	0.059319629261621758	0.057903183696784953	0.056408531310554351	0.054833860764682794	0.053177320619707598	0.051437018473901426	0.049611020084139347	0.047697348468308629	0.045693982988879937	0.043598858417251266	0.041409863978467777	0.039124842375912385	0.036741588795554579	0.034257849889335189	0.031671322737257437	0.028979653787745304	0.026180437775821727	0.023271216618648796	0.020249478287964699	0.017112655658941076	0.013858125334976166	0.010483206447927411	0.0069851594332792253	0.0033611847797295584	-0.00039157824732978167	-0.004276052908977087	-0.0082952263231155544	-0.012452150822578119	-0.016749945341552445	-0.021191796830907488	-0.02578096170301597	0.0015396585682251245	0.0030721773955249285	0.0045973605394033388	0.0061150072774259151	0.0076249119979029702	0.0091268640881726221	0.010620647820432552	0.012106042235068131	0.013582821021423646	0.015050752395961878	0.016509598977756688	0.017959117661261476	0.019399059486295861	0.020829169505191009	0.022249186647033445	0.02365884357894564	0.025057866564340069	0.026445975318082831	0.027822882858501	0.029188295356166686	0.030541911979389411	0.031883424736347012	0.033212518313783738	0.034528869912202928	0.035832149077479628	0.037122017528817775	0.03839812898297415	0.039660128974670514	0.040907654673112651	0.042140334694534841	0.043357788910684827	0.044559628253164188	0.045745454513536205	0.046914860139111995	0.048067428024323455	0.049202731297590403	0.050320333103586024	0.051419786380804675	0.052500633634331918	0.05356240670371655	0.054604626525840999	0.05562680289268495	0.056628434203874541	0.05760900721390777	0.058567996773943545	0.05950486556804073	0.060419063843730303	0.061310029136800809	0.062177185990177089	0.06301994566676683	0.063837705856149132	0.064629850374975345	0.065395748860951008	0.066134756460263483	0.066846213508318347	0.067529445203644373	0.068183761274823645	0.068808455640301205	0.069402806060924693	0.069966073785062255	0.070497503186143104	0.070996321392462522	0.07146173790908944	0.071892944231711636	0.072289113452249906	0.072649399856069344	0.072972938510612581	0.073258844845275561	3.5046038049022243	0.073714121498797622	0.073881620578812118	0.074007743956730196	0.074091502250337726	0.07413188372422308	0.074127853803018187	0.074078354574311611	0.07398230428101743	0.07383859680298055	0.073646101127595232	0.073403660809207544	0.073110093417069116	0.072764189971603888	0.072364714368744809	0.071910402792093611	0.071399963112649192	0.070832074275848075	0.070205385675652973	0.069518516515419765	0.068770055155270793	0.067958558445692194	0.067082551047071712	0.06614052473488384	0.065130937690226792	0.06405221377540575	0.06290274179425448	0.061680874736878284	0.060384929008496464	0.059013183642054906	0.057563879494273024	0.056035218424782665	0.054425362458009677	0.052732432927440259	0.050954509601910003	0.049089629793542186	0.047135787446957629	0.045090932209369196	0.04295296848116615	0.040719754446585391	0.038389101084059615	0.035958771155822605	0.033426478176343651	0.030789885359155476	0.028046604541629522	0.02519419508724487	0.022230162764886579	0.019151958604700741	0.015956977730023428	0.01264255816489092	0.0092059796166292542	0.0056444622330092831	0.0019551653334452502	-0.0018648138862977131	-0.0058184416764315034	-0.0099087490830636251	-0.014138833326274613	-0.018511859206931349	-0.023031060542827313	-0.027699741634752667	0.0015495463710103717	0.003091849526589259	0.0046267106844942677	0.0061539262132701703	0.0076732875213477185	0.0091845809437076098	0.010687587626057631	0.012182083406469922	0.013667838694424159	0.015144618347201459	0.016612181543572375	0.018070281654721541	0.019518666112349991	0.020957076273895165	0.022385247284807171	0.023802907937818925	0.025209780529145964	0.026605580711551041	0.027990017344206541	0.029362792339287055	0.030723600505222517	0.032072129386541186	0.033408059100230009	0.034731062168538711	0.036040803348152121	0.037336939455653952	0.038619119189203306	0.03988698294634388	0.04114016263786429	0.042378281497625306	0.043600953888269588	0.044807785102726296	0.045998371161421914	0.047172298605106848	0.048329144283204832	0.049468475137590943	0.050589847981701845	0.051692809274879563	0.052776894891848614	0.053841629887223706	0.054886528254943542	0.055911092682523721	0.056914814300019795	0.057897172423589084	0.058857634293537776	0.059795654806737257	0.060710676243291233	0.061602127987333152	0.062469426241830189	0.063311973737268462	0.064129159434090463	0.064920358218754096	0.065684930593279525	0.066422222358146613	0.067131564288404541	0.067812271802850585	0.068463644626133288	0.069084966443631643	0.069675504548959211	0.070234509483938709	0.070761214670889666	0.071254836037068156	0.071714571631094903	0.072139601231203734	0.072529085945140501	0.072882167801536335	0.073197969332579618	0.073475593147802234	0.073714121498797636	3.5677853905838073	0.074070116348083928	0.074185641511536365	0.074258187603949213	0.074286728227078547	0.074270213811710686	0.074207571113370133	0.074097702697331944	0.073939486412714209	0.073731774855424079	0.073473394819725854	0.073163146738193491	0.072799804109807825	0.072382112915950161	0.071908791024042504	0.071378527578576531	0.070789982379270491	0.070141785246086372	0.069432535370834672	0.068660800655088741	0.067825117034124263	0.066923987786595571	0.065955882829650828	0.064919237999186474	0.063812454314932626	0.062633897230053873	0.061381895864947002	0.060054742224906886	0.058650690401327844	0.057167955756099217	0.055604714088847547	0.053959100786671356	0.052229209956006134	0.05041309353625021	0.048508760394774912	0.046514175402934885	0.044427258492685216	0.042245883693406067	0.039967878148526433	0.037591021111528636	0.035113042920910761	0.032531623953670652	0.029844393556870425	0.027048928956828883	0.024142754145481556	0.021123338743436318	0.017988096839247143	0.014734385804414439	0.011359505083612756	0.0078606949596364706	0.004235135292543212	0.00047994423246313126	-0.0034078230944652229	-0.0074311759275870696	-0.011593189241214436	-0.015897005142675513	-0.020345834299516256	-0.024942957396454829	-0.029691726622698537	0.0015588485477602543	0.0031103504055828598	0.0046543039514791041	0.0061905026449729679	0.0077187349146156442	0.0092387840430304125	0.010750428049435169	0.012253439569588798	0.013747585733106405	0.015232628038087399	0.016708322222999061	0.018174418135757237	0.019630659599944405	0.021076784278104239	0.022512523532050445	0.023937602280126376	0.025351738851350683	0.026754644836382714	0.028146024935240169	0.029525576801700135	0.03089299088431299	0.032247950263957374	0.033590130487862919	0.034919199400025754	0.036234816967940536	0.03753663510557069	0.038824297492477608	0.040097439389027087	0.04135568744759037	0.042598659519654858	0.043825964458758068	0.04503720191915675	0.04623196215014061	0.047409825785899369	0.048570363630848483	0.049713136440318412	0.050837694696509228	0.051943578379610625	0.053030316733986095	0.054097428029316275	0.055144419316596159	0.056170786178877198	0.057176012476644375	0.058159570087714392	0.059120918641540655	0.06005950524780701	0.06097476421919007	0.061866116788168016	0.062732970817750505	0.063574720506001908	0.064390746084228248	0.065180413508693941	0.065943074145733749	0.066678064450120103	0.067384705636545736	0.068062303344076466	0.06871014729342724	0.069327510936911002	0.069913651100907276	0.070467807620693365	0.07098920296747907	0.071477041867481272	0.071930510912872392	0.07234877816443254	0.072730992745732415	0.073076284428669369	0.073383763210177227	0.073652518879924272	0.073881620578812132	0.074070116348083928	3.6320135230083403	0.074321373991796363	0.0743821222569791	0.074398236403317233	0.074368651867750962	0.07429228007374096	0.074168007908923375	0.073994697191689426	0.073771184126459194	0.073496278747414975	0.073168764350453303	0.072787396913111854	0.072350904502220315	0.071857986669020851	0.071307313831497909	0.070697526643651531	0.07002723535144309	0.069295019135137539	0.068499425437759207	0.067638969279373629	0.066712132556901366	0.065717363329164308	0.064653075086857331	0.063517646007135345	0.062309418192493776	0.061026696893620794	0.059667749715886939	0.058230805809135151	0.056714055040424358	0.055115647149375967	0.05343369088576129	0.05166625312896489	0.049811357988947869	0.047866985888329855	0.045831072625198976	0.043701508416252546	0.041476136919862135	0.039152754238648203	0.036729107901143039	0.034202895822108899	0.031571765241072233	0.028833311638624577	0.025985077630032282	0.023024551835686767	0.019949167727919194	0.016756302453691294	0.013443275632667914	0.010007348130161662	0.0064457208044354742	0.0027555332278334436	-0.001066137618798033	-0.0050222786789470078	-0.0091159421810923132	-0.013350247027750353	-0.017728380213496892	-0.022253598272557056	-0.026929228756573657	-0.031758671743171048	0.0015675510766536664	0.0031276519888635201	0.004680098274894527	0.0062246804852498835	0.0077611840686012167	0.0092893892552143864	0.010809070937817411	0.012319998549855906	0.013821935941080409	0.01531464125040863	0.016797866776004568	0.018271358842515278	0.019734857665404688	0.021188097212322721	0.022630805061446647	0.024062702256730299	0.025483503159995407	0.026892915299797905	0.028290639217000847	0.029676368306983805	0.031049788658417558	0.032410578888531189	0.033758409974796975	0.035092945082957488	0.036413839391317149	0.03772073991121918	0.039013285303627195	0.040291105691729105	0.041553822469478793	0.042801048105990273	0.044032385945695959	0.045247430004180141	0.04644576475959579	0.047626964939571866	0.048790595303515635	0.049936210420212922	0.051063354440627137	0.052171560865795788	0.053260352309721211	0.054329240257150052	0.055377724816133442	0.056405294465258903	0.057411425795440722	0.058395583246154993	0.059357218836002354	0.060295771887479116	0.061210668745834793	0.062101322491892312	0.062967132648703711	0.063807484881911763	0.064621750693685961	0.065409287110097289	0.066169436361794995	0.066901525557844149	0.067604866352581006	0.068278754605339984	0.068922470032902319	0.069535275854515036	0.070116418429323549	0.070665126886059748	0.071180612744823721	0.071662069530793154	0.072108672379692207	0.072519577634847177	0.072893922435653666	0.073230824297275246	0.073529380681391324	0.07378866855780622	0.074007743956730196	0.074185641511536365	0.07432137399179635	3.6973036827506829	0.074462282616486644	0.074465370638177	0.074422116334555921	0.074331415797019962	0.074192140235566542	0.074003135437859913	0.073763221216833069	0.073471190846586432	0.07312581048633901	0.072725818592185326	0.072269925316403347	0.071756811894055569	0.07118513001661933	0.070553501192376064	0.069860516093286792	0.069104733888070979	0.068284681561203805	0.067398853217540564	0.066445709372268319	0.065423676225882424	0.064331144923876427	0.063166470800829724	0.061927972608568874	0.060613931728073313	0.059222591364789343	0.05775215572700821	0.056200789186958915	0.05456661542425733	0.052847716551347672	0.051042132220563578	0.049147858712429	0.047162848004811804	0.045085006822533601	0.042912195667034018	0.040642227825675691	0.03827286836027103	0.035801833074402045	0.033226787459095228	0.030545345616405501	0.027755069160453952	0.024853466095454312	0.021837989670254295	0.01870603720890783	0.015454948916784953	0.012082006661714276	0.0085844327296468893	0.0049593885543143552	0.0012039734203470821	-0.0026847768606922326	-0.0067098913019184268	-0.010874465120943602	-0.015181661148488781	-0.019634711266377135	-0.024236917875513245	-0.028991655394464199	-0.033902371789271704	0.0015756396188179407	0.0031437255986859051	0.0047040506381225413	0.0062564023786102476	0.0078005632889411019	0.009336310547023545	0.010863415919095693	0.012381645636289915	0.013890760268492177	0.015390514595438486	0.016880657474989565	0.018360931708523681	0.01983107390338619	0.021290814332333288	0.022739876789905789	0.024177978445668016	0.025604829694244782	0.027020134002088622	0.028423587750907912	0.029814880077684711	0.031193692711210252	0.032559699805063992	0.033912567766960888	0.035251955084389948	0.036577512146465346	0.037888881061910087	0.039185695473090094	0.040467580366015284	0.041734151876222245	0.042985017090451577	0.044219773844030585	0.04543801051387112	0.046639305806989412	0.047823228544453707	0.048989337440663	0.050137180877858491	0.05126629667576698	0.052376211856273731	0.053466442403020002	0.05453649301581829	0.055585856859776107	0.056614015309016857	0.057620437684884188	0.058604580988513552	0.059565889627652885	0.060503795137610887	0.061417715896210021	0.062307056832618009	0.063171209129929184	0.064009549921364775	0.064821441979957733	0.065606233401585487	0.066363257281211979	0.06709183138219478	0.067791257798513763	0.068460822609771793	0.069099795528816593	0.069707429541829083	0.070282960540720682	0.070825606947677894	0.071334569331691008	0.07180903001689859	0.07224815268257638	0.07265108195459706	0.073016942988181052	0.073344841041758202	0.073633861041753235	0.073883067138106898	0.074091502250337726	0.074258187603949199	0.074382122256979114	0.074462282616486672	3.7636715763830111	0.07448706985508062	0.074429531796675524	0.074323888528884635	0.0741689955840662	0.073963682719157695	0.073706753355605142	0.073396984007426946	0.073033123697164554	0.072613893359469564	0.072137985232067978	0.07160406223384283	0.071010757329764043	0.070356672882394833	0.069640379989695675	0.068860417808840252	0.068015292865755236	0.067103478350085149	0.066123413395283784	0.065073502343519982	0.063952113995085741	0.062757580841985239	0.061488198285375918	0.06014222383652873	0.058717876300965394	0.057213334945425846	0.05562673864730884	0.053956185026224915	0.052199729557291158	0.050355384665790308	0.048421118802809075	0.046394855501463397	0.044274472413308813	0.042057800324526953	0.039742622151471549	0.037326671915147047	0.034807633694185061	0.032183140555876448	0.029450773464804542	0.026608060168619992	0.023652474060483864	0.020581433017700157	0.017392298216045831	0.014082372919298555	0.010648901243451549	0.0070890668950939527	0.0033999918834259723	-0.00042126479463565987	-0.0043777084968120439	-0.008472410305844431	-0.012708508428478697	-0.017089209623640196	-0.021617790660399483	-0.026297599806340645	-0.031132058346955205	-0.0361246621367022	0.0015830995114210235	0.0031585419093859064	0.004726117052666976	0.0062856096737258461	0.0078367992614750276	0.0093794599414655459	0.010913360353445629	0.012438263526234391	0.013953926749853221	0.015460101444856425	0.01695653302880145	0.018442960779797773	0.019919117697072202	0.021384730358487154	0.022839518774947051	0.02428319624162667	0.025715469185953896	0.027136037012277892	0.028544591943152332	0.02994081885716179	0.03132439512321792	0.03269499043125057	0.03405226661921739	0.035395877496353784	0.036725468662583742	0.038040677324010029	0.039341132104400808	0.040626452852588063	0.041896250445691126	0.043150126588077112	0.044387673605968271	0.045608474237603974	0.046812101418863702	0.047998118064255003	0.049166076843168635	0.050315519951301159	0.051445978877142737	0.052556974163426376	0.053648015163432296	0.054718599792038872	0.055768214271409898	0.056796332871204724	0.057802417643196352	0.058785918150179653	0.059746271189049759	0.060682900507927851	0.06159521651720927	0.062482615994406486	0.063344481782656309	0.064180182482758211	0.064989072138608647	0.065770489915891725	0.066523759773885804	0.067248190130241081	0.067943073518580921	0.068607686238776833	0.069241287999742898	0.069843121554594087	0.070412412328007559	0.070948368035624487	0.0714501782953256	0.071917014230210047	0.072348028063105516	0.07274235270243061	0.073099101319230961	0.07341736691520237	0.073696221881515298	0.073934717548246487	0.074131883724223066	0.074286728227078561	0.074398236403317233	0.074465370638177014	0.07448706985508062	3.8311331393160528	0.074389798541705784	0.074268583894098669	0.074097444916354033	0.073875195334682509	0.073600622179043007	0.07327248520337204	0.072889516293533657	0.072450418862735982	0.071953867234153715	0.071398506010489915	0.070782949430207354	0.070105780710151069	0.069365551374280784	0.068560780568224733	0.06768995435936051	0.066751525022122449	0.065743910308230735	0.064665492701527799	0.063514618657104102	0.06228959782438865	0.060988702253869771	0.059610165587109631	0.058152182229705938	0.056612906506846715	0.054990451801100779	0.053282889672073341	0.0514882489575543	0.049604514855775425	0.047629627988386367	0.04556148344375114	0.043397929800158844	0.041136768128533494	0.038775750974219925	0.036312581317414418	0.033744911511798231	0.031070342200926526	0.028286421211911286	0.025390642425932541	0.022380444625098719	0.019253210315170195	0.016006264523646646	0.012636873572713911	0.0091422438265294035	0.005519520412320485	0.001765785914755688	-0.0021219409569614369	-0.0061467067298360562	-0.010311624556235967	-0.014619875632040411	-0.019074710644379347	-0.023679451249570944	-0.028437491581878298	-0.033352299793717587	-0.038427419627965136	0.0015899157606170024	0.0031720709332716999	0.0047462525369900976	0.0063122423952130281	0.0078698170169734325	0.0094187474754649191	0.010958799283945834	0.012489732268922036	0.014011300440550321	0.015523251860203318	0.017025328505135186	0.018517266130186612	0.019998794126465842	0.021469635376941562	0.022929506108881743	0.024378115743071659	0.025815166739742237	0.027240354441139276	0.028653366910661785	0.030053884768496783	0.031441581023676383	0.032816120902480851	0.034177161673110475	0.035524352466547109	0.036857334093524527	0.038175738857525218	0.039479190363719691	0.040767303323761939	0.042039683356353982	0.043295926783489515	0.044535620422285718	0.045758341372309504	0.046963656798303569	0.048151123708214741	0.049320288726425618	0.050470687862088061	0.05160184627245562	0.052713278021109068	0.053804485830967509	0.054874960831975274	0.055924182303352402	0.056951617410294225	0.057956720935003044	0.058938935001933146	0.059897688797126945	0.060832398281517985	0.061742465898074569	0.062627280272653921	0.063486215908435256	0.064318632873796411	0.065123876483497295	0.0659012769730285	0.066650149165983053	0.067369792134303691	0.068059488851257371	0.068718505836984023	0.069346092796464268	0.069941482249746972	0.070503889154275218	0.071032510519144845	0.071526525011126801	0.071985092552281083	0.072407353908987004	0.072792430272209496	0.073139422828819037	0.073447412323777689	0.073715458613001397	0.073942600206702958	0.074127853803018201	0.074270213811710714	0.074368651867750976	0.074422116334555907	0.07442953179667551	0.074389798541705798	3.899704538664079	0.074164362360372743	0.073976333706294889	0.073736503764453162	0.073443643173319695	0.073096494926748842	0.072693773773927231	0.072234165606619882	0.071716326833449723	0.071138883740940281	0.070500431841046859	0.069799535204896263	0.069034725782447792	0.068204502707784026	0.067307331589733552	0.066341643787520402	0.065305835671131282	0.064198267866082015	0.063017264482261859	0.061761112326524356	0.060428060098688736	0.059016317570608622	0.057524054747957236	0.055949401014371319	0.054290444257589381	0.052545229977211338	0.050711760373699871	0.048787993418235864	0.046771841903031838	0.044661172471699963	0.042453804629262924	0.040147509731387018	0.037740009952408171	0.035228977231714455	0.032612032198036982	0.029886743071195161	0.027050624540829429	0.024101136621649359	0.021035683484710823	0.017851612264230234	0.014546211839430476	0.011116711590905158	0.0075602801309760242	0.0038740240075086124	5.498638063994375e-05	-0.0038998543281397982	-0.0079935858151197713	-0.012229363302294136	-0.016610410974675967	-0.021140023447599417	-0.025821567264630432	-0.030658482426711015	-0.03565428395318225	-0.040812563475337349	0.0015960730343419424	0.0031842820062154159	0.0047644110949001074	0.0063362392148160552	0.0078995398951166446	0.0094540811566380684	0.010999625386148775	0.012535929207841369	0.014062743352008083	0.015579812520839826	0.017086875251287499	0.018583663774923001	0.020069903874736002	0.021545314738801443	0.023009608810750877	0.024462491636980024	0.02590366171052293	0.027332810311521981	0.028749621344221488	0.030153771170411008	0.031544928439243045	0.032922753913348292	0.034286900291169702	0.035637012025435545	0.036972725137689365	0.03829366702879345	0.039599456285320557	0.040889702481746747	0.042164005978356726	0.043421957714770788	0.044663138999000998	0.045887121291941793	0.047093465987199143	0.048281724186159204	0.049451436468196254	0.050602132655917585	0.051733331575340095	0.052844540810892293	0.053935256455132231	0.05500496285307014	0.056053132340982366	0.057079224979600093	0.058082688281555085	0.059062956932961	0.060019452509007434	0.060951583183440385	0.061858743431801103	0.0627403137282916	0.063595660236133347	0.064424134491282703	0.065225073079362997	0.065997797305671319	0.066741612858115348	0.067455809462930283	0.068139660533026752	0.068792422808813133	0.06941333599133645	0.070001622367579605	0.070556486427751683	0.071077114474402972	0.07156267422319465	0.072012314395147728	0.072425164300193121	0.072800333411841986	0.073136910932789678	0.073433965351264424	0.073690543987927848	0.073905672533128866	0.074078354574311611	0.074207571113370133	0.07429228007374096	0.074331415797019976	0.074323888528884649	0.074268583894098683	0.074164362360372757	3.9694021761335758	0.073804481384965717	0.073546412107482875	0.073234605105384307	0.072867786612442573	0.072444654241166695	0.071963876361878634	0.071424091468649586	0.070823907531823396	0.070161901336848229	0.069436617809132309	0.068646569324634477	0.067790235005891958	0.066866060003184138	0.065872454760524862	0.064807794266167271	0.063670417287300787	0.062458625588613023	0.061170683134382439	0.059804815273759013	0.058359207908887899	0.056832006645517838	0.055221315925734177	0.053525198142445225	0.051741672735245492	0.049868715267270637	0.047904256482650467	0.045846181344160408	0.043692328050660839	0.041440487033908076	0.039088399934310472	0.036633758555195274	0.034074203795142331	0.031407324557932534	0.028630656639649546	0.025741681592462404	0.022737825564609928	0.019616458116095619	0.016374891009591958	0.013010376976044966	0.0095201084544559861	0.0059012163053111287	0.002150768497114262	-0.0017342312345292321	-0.0057568447558427067	-0.0099202009323989537	-0.014227497055819016	-0.018682000300249205	-0.023287049209228292	-0.028046055213569537	-0.032962504180894601	-0.038039957997468739	-0.043282056183002522	0.0016015556549569163	0.0031951437729391997	0.0047805456934802183	0.0063575374219792171	0.0079258895077100253	0.0094853669191514202	0.011035728916581953	0.012576728921880973	0.014108114385476147	0.01562962665037668	0.017141000813230198	0.018641965582339794	0.0201322431325766	0.0216115489571218	0.023079591715970509	0.024536073081128935	0.025980687578434195	0.027413122425925286	0.02883305736869185	0.030240164510125914	0.031634108139500433	0.033014544555796492	0.034381121887699699	0.035733479909684771	0.037071249854105037	0.03839405421920257	0.039701506572952336	0.040993211352652499	0.042268763660170447	0.043527749052753077	0.044769743329307297	0.045994312312055176	0.047201011623465863	0.048389386458364804	0.049558971351118079	0.050709289937788331	0.051839854713155824	0.052950166782496824	0.054039715608008278	0.055107978749766383	0.056154421601103705	0.057178497118287402	0.058179645544378621	0.059157294127150338	0.060110856830939398	0.06103973404230436	0.061943312269359223	0.062820963834650842	0.06367204656144311	0.064495903453270692	0.065291862366620379	0.06605923567659594	0.066797319935419389	0.0675053955236187	0.068182726293747942	0.068828559206484119	0.069442123958940574	0.070022632605034288	0.070569279167740098	0.071081239243063046	0.071557669595554652	0.071997707745196482	0.07240047154547137	0.072765058752436634	0.073090546584612545	0.073375991273493493	0.073620427604486616	0.073822868448077048	0.07398230428101743	0.074097702697331944	0.074168007908923375	0.074192140235566556	0.074168995584066214	0.074097444916354033	0.073976333706294889	0.073804481384965703	4.0402426909353695	0.073303697507935195	0.07297226944176162	0.072585106049339043	0.072140887806498966	0.071638265562120246	0.071075859895722335	0.070452260461469393	0.069766025318302352	0.06901568024591119	0.068199718046254187	0.067316597830322872	0.06636474428984776	0.065342546953632466	0.064248359428196331	0.063080498622402628	0.06183724395573735	0.060516836549903655	0.059117478403382537	0.05763733154861049	0.056074517191411828	0.054427114832320427	0.052693161369414439	0.050870650182283067	0.048957530196734766	0.046951704929848556	0.044851031514962524	0.042653319706185251	0.040356330862006698	0.037957776907577533	0.035455319275216002	0.032846567822693934	0.030129079728841855	0.027300358366007724	0.024357852148889077	0.021298953359254288	0.018120996946054221	0.014821259300417625	0.011396957005013362	0.0078452455572508434	0.004163218065780276	0.00034790391974391383	-0.0036037325697844368	-0.0076947935567415584	-0.011928449075984083	-0.016307938488759777	-0.020836571958348326	-0.025517731956492866	-0.030354874801254643	-0.035351532226933963	-0.040511312986720859	-0.045837904488743399	0.00160634759173504	0.0032046241719892832	0.0047946082405497751	0.006376072893794979	0.0079487857011191574	0.0095125085786436619	0.011066997660157171	0.012612003165225778	0.014147269264412558	0.015672533941545028	0.01718752885296753	0.018691979183714371	0.020185603500538135	0.021668113601726234	0.023139214363637382	0.024598603583888243	0.026045971821119004	0.027481002231265289	0.028903370400262043	0.030312744173103812	0.031708783479183954	0.033091140153833958	0.03445945775598213	0.03581337138184959	0.037152507474599458	0.03847648362985355	0.039784908396989144	0.041077381076126428	0.042353491510715512	0.04361281987562983	0.044854936460671235	0.04607940144938933	0.04728576469311651	0.048473565480117491	0.049642332299750173	0.050791582601532458	0.051920822549008101	0.053029546768301031	0.054117238091247168	0.055183367292988603	0.056227392823914209	0.057248760535827038	0.058246903402217567	0.059221241232518235	0.06017118038021313	0.061096113444673181	0.061995418966585364	0.062868461116841287	0.063714589378747216	0.064533138223416178	0.065323426778198426	0.066084758488004269	0.06681642076937036	0.067517684657117175	0.068187804443442357	0.068826017309291443	0.06943154294784426	0.070003583179951603	0.070541321561354356	0.071043922981512159	0.07151053325386672	0.071940278697360513	0.07233226570902801	0.072685580327472812	0.072999287787040068	0.073272432062490442	0.073504035403976362	0.073693097862119403	0.07383859680298055	0.073939486412714195	0.07399469719168944	0.074003135437859913	0.073963682719157695	0.073875195334682522	0.073736503764453162	0.073546412107482889	0.073303697507935181	4.1122429627200194	0.072655369755027746	0.072247170779287412	0.071781175981046275	0.071256018687740064	0.070670301564336485	0.070022595948819974	0.069311441173624255	0.06853534387272095	0.067692777274067875	0.066782180477110889	0.06580195771503175	0.06475047760142337	0.063626072361072081	0.062427037044514258	0.061151628726034607	0.059798065684761002	0.058364526568505243	0.056849149539995328	0.055250031405131218	0.053565226722895265	0.051792746896535409	0.049930559245635608	0.047976586058677009	0.045928703625687829	0.043784741250569005	0.041542480242677177	0.03919965288723605	0.036753941394138463	0.034202976824693754	0.031544337995865632	0.028775550361534459	0.02589408487031232	0.022897356799425356	0.019782724564171423	0.016547488502448717	0.013188889633842267	0.0097041083927439046	0.0060902633349709228	0.0023444098173379096	-0.0015364613503747963	-0.0055554252816247904	-0.0097156244180624449	-0.014020269963828196	-0.018472643349796241	-0.023076097728379961	-0.027834059499527025	-0.032750029868545825	-0.03782758643641633	-0.043070384823253108	-0.048482160325601077	0.0016104324531892728	0.0032126904203915846	0.0048065495616476644	0.0063917800643151779	0.0079681465179088345	0.0095354077861925703	0.011093316876465158	0.012641620805979454	0.014180060465433948	0.015708370479474466	0.017226279064142067	0.018733507881202278	0.020229771889289094	0.021714779191796211	0.023188230881445903	0.024649820881465292	0.026099235783297668	0.027536154680775252	0.028960249000678326	0.030371182329603893	0.031768610237065772	0.033152180094745826	0.034521530891815082	0.035876293046241042	0.037216088211996602	0.038540529082083379	0.039849219187280918	0.041141752690531434	0.042417714176867738	0.043676678438789897	0.044918210256994592	0.046141864176358981	0.04734718427707877	0.04853370394085791	0.049700945612046063	0.050848420553616512	0.051975628597876397	0.053082057891797395	0.054167184636854299	0.055230472823255182	0.056271373958445135	0.057289326789763215	0.058283757021129208	0.059254077023634937	0.060199685539911743	0.061119967382143044	0.062014293123588658	0.062882018783484983	0.063722485505180629	0.064535019227367096	0.065318930348258031	0.066073513382570281	0.066798046611155126	0.067491791723125555	0.068153993450322775	0.068783879193960895	0.069380658643286103	0.069943523386083242	0.070471646510859048	0.070964182200527789	0.071420265317421447	0.071839010979443299	0.072219514127179557	0.072560849081779996	0.07286206909341475	0.073122205880110494	0.073340269156765447	0.073515246154137223	0.073646101127595204	0.073731774855424065	0.073771184126459194	0.073763221216833069	0.073706753355605129	0.073600622179042993	0.073443643173319681	0.073234605105384307	0.072972269441761606	0.072655369755027732	4.1854201145362762	0.071852669483324569	0.071364191054358483	0.070815791636800796	0.070206055981067605	0.069533537108963706	0.068796755626415351	0.067994199021676083	0.067124320948702978	0.066185540495396503	0.065176241436389407	0.064094771470064218	0.062939441439473678	0.061708524536827916	0.060400255491210017	0.059012829739172531	0.057544402577858311	0.055993088300286709	0.054356959312433277	0.0526340452317288	0.050822331966591167	0.048919760776599049	0.046924227312906304	0.044833580638490314	0.04264562222781472	0.040358104945484426	0.037968732003456879	0.035475155896366892	0.032874977314515219	0.030165744034057175	0.027344949783922937	0.024410033088988908	0.021358376089009787	0.018187303332812776	0.014894080547243551	0.01147591338034336	0.0079299461182269753	0.0042532603751196645	0.000442873756000291	-0.0035042615087125997	-0.0075912599570081606	-0.011821304318250238	-0.016197646965863021	-0.020723611400347459	-0.025402593763250218	-0.030238064382723556	-0.035233569351323532	-0.040392732136709089	-0.045719255225919381	-0.051216921803916807	0.0016137934792376746	0.0032193089979822244	0.0048163193765280556	0.0064045918932120515	0.0079838881576693565	0.0095539639813064826	0.011114569244932331	0.012665447763486482	0.014206337147802867	0.015736968663345598	0.017257067085852461	0.018766350553820189	0.020264530417764243	0.021751311086184551	0.023226389868166952	0.024689456812549054	0.026140194543577217	0.027578278092980274	0.029003374728383793	0.03041514377798735	0.031813236451425135	0.033197295656729423	0.034566955813313906	0.035921842660892524	0.037261573064247967	0.038585754813761593	0.039893986421615228	0.041185856913573161	0.04246094561625087	0.043718821939774999	0.044959045155737155	0.046181164170342036	0.0473847172926486	0.048569231997800062	0.04973422468513785	0.050879200431090663	0.052003652736728918	0.053107063269872128	0.054188901601634018	0.055248624937288521	0.056285677841337013	0.057299491956654472	0.058289485717590087	0.059255064056895068	0.060195618106347965	0.061110524890944644	0.061999147016517861	0.062860832350648765	0.063694913696728347	0.064500708461026443	0.065277518312620283	0.06602462883603312	0.066741309176430855	0.067426811677219076	0.068080371509882512	0.068701206295903802	0.069288515720595606	0.069841481138676664	0.070359265171419702	0.070841011295193504	0.071285843421220463	0.071692865466364566	0.072061160914763764	0.072389792370114003	0.072677801098410363	0.072924206560945781	0.073128005937363849	0.07328817363855844	0.073403660809207544	0.073473394819725854	0.073496278747414961	0.073471190846586445	0.07339698400742696	0.073272485203372026	0.073096494926748842	0.072867786612442559	0.072585106049339029	0.072247170779287412	0.071852669483324583	4.2597915158123767	0.070888575459798348	0.070316210082583416	0.069681732059114765	0.068983676095017626	0.068220544069710842	0.067390804325729733	0.066492890943030861	0.065525202997969059	0.064486103806628045	0.063373920152180213	0.062186941495944691	0.060923419171805111	0.059581565563643107	0.058159553265435968	0.056655514223657444	0.055067538861618297	0.053393675185369631	0.051631927870790892	0.049780257331469679	0.047836578766979346	0.045798761191146689	0.043664626439897984	0.041431948158259777	0.039098450766085292	0.036661808402065468	0.034119643845577287	0.031469527415912739	0.028708975848418899	0.025835451147075875	0.022846359413024118	0.019739049648546919	0.016510812536000986	0.013158879191179463	0.0096804198905796994	0.006072542772039561	0.0023322925081920723	-0.0015433510478195327	-0.0055574742449385397	-0.0097132310456855449	-0.014013844467137732	-0.018462608052003473	-0.023062887370409995	-0.027818121553037742	-0.032731824856243222	-0.037807588259830049	-0.04304908109813655	-0.048460052725126261	-0.054044334214178834	0.0016164135332027323	0.0032244456314061759	0.0048238662751584156	0.0064144398337755495	0.0079959249370131578	0.0095680743439203325	0.011130634808816093	0.012683346944326757	0.014225945081421682	0.015758157126383284	0.017279704414646074	0.018790301561437982	0.020289656309155926	0.021777469371406073	0.023253434273637838	0.024717237190299311	0.026168556778439902	0.027607064007685082	0.029032421986505748	0.030444285784703932	0.031842302252034264	0.033226109832879464	0.034595338376895823	0.035949608945543762	0.037288533614415739	0.03861171527127287	0.039918747409699251	0.041209213918281258	0.042482688865217021	0.04373873627825979	0.044976909919896058	0.046196753057658115	0.047397798229468067	0.048579567003908503	0.049741569735312602	0.050883305313564414	0.052004260908497739	0.053103911708779851	0.054181720655163329	0.055237138167988101	0.056269601868811789	0.05727853629604529	0.058263352614467211	0.059223448318488109	0.060158206929033745	0.061066997683912452	0.061949175221529942	0.062804079257812034	0.063631034256192223	0.064429349090518631	0.065198316700731951	0.065937213741162043	0.066645300221289366	0.067321819138811967	0.067965996104858345	0.06857703896117949	0.069154137389154491	0.069696462510436138	0.070203166479063064	0.070673382064858695	0.071106222227935528	0.071500779684118485	0.071856126461097292	0.07217131344511396	0.072445369917988639	0.072677303084280345	0.072866097588378226	0.073010715021312358	0.073110093417069102	0.073163146738193477	0.073168764350453303	0.073125810486338996	0.073033123697164554	0.072889516293533643	0.072693773773927245	0.072444654241166695	0.072140887806498966	0.071781175981046261	0.071364191054358497	0.070888575459798348	4.3353747853599076	0.069755868817531805	0.069095907454244432	0.068371573426070656	0.067581349885922098	0.066723686030615861	0.065796996366107807	0.064799659957207364	0.06373001966144913	0.062586381346795283	0.061367013092831497	0.060070144375114647	0.058693965232325195	0.057236625415865092	0.055696233521539018	0.054070856102948761	0.052358516766221705	0.050557195245685312	0.048664826460097149	0.046679299549025256	0.044598456888969268	0.042420093088804525	0.040141953964120486	0.037761735490018405	0.035277082731922836	0.032685588753953193	0.029984793504392392	0.02717218267777952	0.024245186553144261	0.021201178807891477	0.018037475306832869	0.014751332865854744	0.01133994798969752	0.0078004555833149081	0.0041299276362675259	0.00032537187959655312	-0.0036162695853906245	-0.0076981216869990319	-0.01192337781228078	-0.016295301266026536	-0.020817226760228531	-0.025492561934640532	-0.030324788909076528	-0.035317465868097475	-0.040474228678754609	-0.045798792542065307	-0.05129495367891785	-0.056966591051108982	0.0016182750936413141	0.0032280652777771745	0.00482913769320935	0.0064212538002331419	0.0080041692487245793	0.0095776337453753295	0.011141390918014523	0.012695178176955223	0.014238726573302215	0.015771760654156215	0.017293998314648448	0.018805150646738069	0.020304921784703431	0.021793008747256933	0.023269101276211585	0.024732881671625944	0.026184024623352509	0.027622197038913332	0.029047057867624647	0.030458257920890984	0.031855439688587416	0.033238237151447012	0.034606275589368803	0.035959171385559582	0.037296531826421626	0.038617954897095783	0.039923029072568443	0.041211333104248037	0.042482435801915366	0.043735895810950297	0.044971261384734201	0.04618807015212692	0.047385848879913831	0.048564113230116779	0.049722367512060738	0.050860104429085035	0.051976804819786969	0.053071937393681455	0.054144958461160117	0.055195311657628643	0.05622242766170104	0.057225723907324152	0.058204604289705857	0.059158458864916143	0.0600866635430281	0.060988579774662363	0.061863554230797618	0.062710918475704466	0.063529988632858747	0.064320065043687022	0.065080431918993348	0.065810356982914237	0.066509091109244592	0.067175867949975238	0.067809903555877959	0.0684103959889725	0.068976524926704252	0.069507451257660058	0.070002316668644343	0.070460243222935259	0.07088033292953555	0.071261667303230941	0.071603306915262788	0.071904290934419524	0.072163636658345978	0.072380339034867472	0.07255337017311872	0.072681678844265907	0.072764189971603874	0.072799804109807825	0.072787396913111868	0.072725818592185326	0.072613893359469564	0.072450418862735969	0.072234165606619868	0.071963876361878648	0.07163826556212026	0.071256018687740064	0.070815791636800796	0.070316210082583416	0.069755868817531805	4.4121877944000145	0.068447127886676604	0.067695757300899648	0.066877683752382913	0.065991337292225019	0.065035112852381338	0.064007369486115739	0.062906429592413896	0.061730578124027609	0.060478061778808795	0.059147088173988407	0.057735825003045062	0.056242399174805446	0.054664895934405183	0.053001357965737697	0.051249784475005639	0.049408130254985035	0.047474304729603546	0.045446170978423538	0.043321544740617848	0.041098193398010602	0.038773834936754147	0.036346136887198018	0.033812715241500348	0.031171133348522648	0.028418900785539141	0.025553472206280802	0.022572246164826806	0.019472563914846471	0.016251708183680012	0.012906901920743187	0.0094353070197238254	0.0058340230140317339	0.0021000857449507181	-0.0017695339980702092	-0.0057779318655594054	-0.00992827136518366	-0.014223785308526648	-0.018667777288092498	-0.023263623185157095	-0.028014772709101132	-0.032924750968871853	-0.037997160077234776	-0.043235680788488585	-0.04864407417033003	-0.054226183310571753	-0.059985935059428119	0.0016193602460017251	0.0032301321079918331	0.004832079887025771	0.006424962134378054	0.0080085315200451469	0.009582534698361303	0.011146712170665757	0.012700798144958324	0.014244520392479209	0.015777600101147433	0.017299751725790947	0.018810682835100102	0.020310093955234705	0.021797678410013396	0.023273122157612781	0.024736103623701846	0.026186293530936201	0.027623354724734504	0.029046941995258303	0.030456701895514634	0.031852272555498967	0.033233283492294818	0.03459935541604385	0.035950100031699302	0.037285119836473229	0.038604007912886248	0.039906347717327026	0.041191712864026009	0.042459666904346771	0.0437097631012957	0.044941544199149065	0.046154542188094283	0.047348278063779961	0.048522261581667246	0.049675991006072846	0.050808952853791514	0.051920621632183861	0.053010459571612573	0.05407791635210818	0.055122428824142353	0.056143420723385296	0.057140302379319816	0.058112470417583141	0.059059307455904729	0.059980181793504769	0.060874447093816418	0.061741442060391269	0.062580490105844697	0.063390899013694921	0.064171960592946872	0.064922950325268056	0.065643127004601509	0.066331732369056803	0.066987990724917235	0.067611108562598179	0.068200274164387939	0.068754657203798281	0.069273408336350012	0.069755658781613578	0.070200519896321562	0.070607082738367133	0.070974417621496783	0.071301573660503575	0.071587578306722091	0.071831436873622201	0.072032132052295306	0.072188623416621731	0.072299846917903768	0.072364714368744823	0.072382112915950175	0.072350904502220315	0.072269925316403347	0.072137985232067978	0.071953867234153715	0.071716326833449737	0.071424091468649586	0.071075859895722335	0.070670301564336485	0.070206055981067605	0.06968173205911482	0.069095907454244432	0.068447127886676604	4.4902486696116641	0.066954722897162283	0.066108022932199195	0.065192217459111454	0.064205681835854012	0.063146755104145053	0.062013739204421388	0.060804898174224437	0.059518457329672682	0.058152602429670443	0.056705478822495048	0.055175190574397764	0.053559799579845205	0.051857324653022147	0.05006574060020693	0.048182977272624078	0.046206918599371032	0.044135401600004821	0.041966215376371123	0.039697100083243189	0.037325745877336218	0.034849791844247899	0.032266824902869862	0.02957437868680602	0.026769932402321662	0.023850909662339482	0.020814677295988761	0.017658544133202666	0.014379759763850211	0.010975513270876525	0.0074429319369167645	0.0037790799238371238	-1.9043075355695161e-05	-0.0039545032128047433	-0.0080304338908741453	-0.012250037196592442	-0.016616585366074785	-0.021133422279538929	-0.025803964987544465	-0.030631705269098582	-0.035620211222282247	-0.040773128888065266	-0.046094183907993955	-0.051587183216444274	-0.057256016768153478	-0.063104659301752936	0.0016196506741042783	0.0032306094896907755	0.0048326379080686184	0.006425491571491534	0.0080089201700764261	0.0095826673058001261	0.011146470353511987	0.012700060318898566	0.014243161693335483	0.015775492305560079	0.017296763170097009	0.018806678332367842	0.020304934710413822	0.021791221933159858	0.023265222175146094	0.024726609987652026	0.026175052126136317	0.027610207373914227	0.029031726361992673	0.030439251384981124	0.031832416212995512	0.033210845899469744	0.034574156584788171	0.03592195529565044	0.037253839740078371	0.038569398097972392	0.039868208807123433	0.041149840344583993	0.042413851003300307	0.043659788663905345	0.044887190561570325	0.046095583047810182	0.047284481347136781	0.048453389308450542	0.049601799151059944	0.050729191205215095	0.051835033647040028	0.052918782227745119	0.053979879996999804	0.055017757020341743	0.056031830090497392	0.057021502432485452	0.057986163402372545	0.058925188179547526	0.059837937452377803	0.060723757097109012	0.061581977849865611	0.062411914971607751	0.063212867905896059	0.063984119929313785	0.064724937794392021	0.065434571364880206	0.066112253243202565	0.06675719838993488	0.067368603735136284	0.067945647781363347	0.068487490198194417	0.06899327140808427	0.069462112163369213	0.069893113114236446	0.070285354367469438	0.070637895035775417	0.070949772777499309	0.071220003326521786	0.071447580012137718	0.071631473268704574	0.071770630134848329	0.071863973742007342	0.071910402792093597	0.071908791024042504	0.071857986669020837	0.071756811894055583	0.071604062233842816	0.071398506010489915	0.071138883740940295	0.07082390753182341	0.070452260461469393	0.070022595948819974	0.069533537108963692	0.068983676095017626	0.068371573426070656	0.067695757300899648	0.066954722897162297	4.5695757962016028	0.065270810550097619	0.064324751339822142	0.063307109808893036	0.062216204987482926	0.061050318357479531	0.059807693041214062	0.058486532973071541	0.057085002053629513	0.055601223285964251	0.054033277893751466	0.052379204420788819	0.050636997811552377	0.048804608472396004	0.046879941312993008	0.044860854767610474	0.042745159795800326	0.040530618862080724	0.038214944894174339	0.035795800219358971	0.033270795478480518	0.030637488517164316	0.02789338325375643	0.025035928523513398	0.02206251689854968	0.018970483483044115	0.015757104683194585	0.012419596951398213	0.0089551155041297393	0.0053607530129718417	0.0016335382682467763	-0.0022295651853156593	-0.0062316604414508672	-0.010375918654358272	-0.014665580490428431	-0.019103957610308087	-0.023694434181928223	-0.028440468425132464	-0.033345594188554595	-0.038413422559409043	-0.04364764350687008	-0.049052027559731502	-0.054630427519048542	-0.060386780206483102	-0.066325108249083692	0.001619127651441713	0.0032294599698594801	0.0048307555768161113	0.0064227672055445382	0.0080052415662821095	0.00957791920864824	0.011140534381002383	0.012692814886717852	0.014234481937305693	0.01576525000232153	0.017284826655986758	0.018792912420454159	0.020289200605646394	0.021773377145594647	0.023245120431202634	0.024704101139360307	0.026149982058329406	0.027582417909321831	0.029001055164189778	0.030405531859145234	0.031795477404424559	0.033170512389812064	0.034530248385934756	0.035874287741238728	0.037202223374555553	0.038513638563165462	0.03980810672626163	0.041085191203718611	0.042344445030065368	0.043585410703561443	0.044807619950272909	0.046010593483042303	0.047193840755244687	0.048356859709219796	0.049499136519267899	0.050620145329094431	0.051719347983586787	0.052796193754803128	0.05385011906205181	0.0548805471859364	0.055886887976239592	0.056868537553516084	0.057824878004261886	0.05875527706952513	0.059659087826820514	0.060535648365206148	0.061384281453379361	0.06220429420064514	0.062994977710606345	0.063755606727424793	0.064485439274494891	0.065183716285372742	0.065849661226797016	0.066482479713636161	0.067081359115592792	0.067645468155492106	0.068173956498978783	0.06866595433544162	0.069120571949982793	0.069536899286244139	0.069914005499899401	0.070250938502616711	0.070546724496292568	0.070800367497353842	0.071010848850920447	0.071177126734615973	0.071298135651811909	0.071372785914082873	0.071399963112649192	0.071378527578576531	0.071307313831497937	0.071185130016619344	0.071010757329764029	0.070782949430207381	0.070500431841046859	0.070161901336848229	0.069766025318302366	0.069311441173624228	0.068796755626415351	0.068220544069710856	0.067581349885922112	0.066877683752382885	0.066108022932199195	0.06527081055009766	4.6501878209957654	0.063387328454732647	0.062337767565366714	0.061214071203490247	0.06001450039244207	0.058737277339342975	0.057380584596844419	0.055942564207197773	0.054421316828277361	0.052814900841183995	0.051121331439046069	0.049338579696631052	0.047464571620368545	0.045497187178380291	0.04343425931010321	0.041273572915083871	0.039012863820513367	0.036649817727063279	0.034182069132574489	0.031607200233140752	0.028922739801121203	0.026126162039604335	0.023214885412837408	0.02018627145212696	0.017037623536701588	0.013766185649023318	0.010369141104017968	0.0068436112516896261	0.0031866541525683626	-0.00060473677456712759	-0.0045336341332644428	-0.0086031779588506344	-0.012816577157361266	-0.017177110974548566	-0.021688130495590482	-0.026353060176131853	-0.031175399405299981	-0.036158724101355282	-0.041306688340645457	-0.046623026020549706	-0.052111552557108989	-0.0577761666180579	-0.063620851891982841	-0.069649678894349601	0.0016177720322957171	0.0032266452570613251	0.004826375456113312	0.0064167124536638233	0.007997399980070645	0.009568175532595773	0.011128770233108778	0.012678908682669705	0.014218308812925034	0.015746681734248688	0.017263731580558783	0.018769155350739312	0.020262642746594391	0.02174387600726144	0.023212529740007738	0.024668270747333708	0.026110757850304197	0.027539641708027696	0.028954564633201708	0.030355160403640745	0.031741054069701582	0.033111861757518922	0.034467190467962455	0.035806637871224678	0.037129792096947001	0.038436231519789366	0.039725524540347244	0.040997229361317243	0.042250893758810991	0.043486054848714657	0.044702238847989163	0.04589896083080465	0.047075724479399401	0.048232021829552454	0.049367333010555806	0.050481125979570288	0.051572856250246671	0.052641966615490816	0.053687886864250058	0.054710033492193846	0.055707809406161213	0.056680603622242691	0.05762779095736368	0.058548731714231791	0.059442771359508845	0.060309240195065492	0.061147453022171963	0.061956708798477825	0.062736290287628643	0.06348546370136432	0.064203478333942909	0.064889566188726891	0.065542941596769683	0.066162800827232221	0.066748321689460641	0.06729866312654878	0.06781296480020764	0.068290346666760038	0.068729908544074028	0.069130729669246091	0.069491868246840283	0.06981236098748532	0.070091222636629702	0.070327445493246432	0.070519998918280258	0.070667828832621057	0.070769857204385722	0.07082498152528513	0.070832074275848075	0.070789982379270491	0.070697526643651531	0.07055350119237605	0.070356672882394819	0.070105780710151083	0.069799535204896263	0.069436617809132295	0.069015680245911162	0.068535343872720936	0.067994199021676083	0.067390804325729733	0.066723686030615834	0.065991337292225019	0.065192217459111398	0.064324751339822128	0.063387328454732619	4.7321036555517768	0.06129598942778202	0.060138668928955828	0.058904581340379486	0.05759192795396334	0.05619886994062534	0.0547235274842904	0.053163978897631532	0.051518259719174064	0.049784361791377449	0.047960232319300501	0.046043772909448437	0.044032838588391472	0.041925236800736392	0.039718726386024479	0.037411016534119601	0.034999765718642474	0.032482580607996629	0.029857014953524365	0.027120568454318105	0.024270685598208615	0.02130475447843436	0.0182201055854938	0.015014010573665196	0.011683681001674856	0.0082262670469770306	0.0046388561931054355	0.00091847188953745359	-0.0029379278164920284	-0.0069334516768075321	-0.011071276668328323	-0.01535464944892556	-0.019786887843713286	-0.024371382362401051	-0.029111597748347026	-0.034011074559962488	-0.039073430785134221	-0.044302363489343841	-0.049701650498174481	-0.055275152114915148	-0.061026812873979285	-0.066960663330878134	-0.073080821889494482	0.00161556424266575	0.0032221262032952266	0.0048194388239585981	0.0064072490198472222	0.007985297541439321	0.009553318833639475	0.011111040891827365	0.012658185114749781	0.014194466154188625	0.015719591761336128	0.017233262629807122	0.018735172235216806	0.020225006671250746	0.021702444482152611	0.02316715649155324	0.024618805627563568	0.026057046744051467	0.027481526438022059	0.028891882863018178	0.030287745538456819	0.031668735154815185	0.033034463374578396	0.034384532628858794	0.035718535909595318	0.037036056557239141	0.038336668043829986	0.039619933751365591	0.040885406745364637	0.042132629543521406	0.043361133879348666	0.044570440460702292	0.045760058723079922	0.046929486577583057	0.04807821015343005	0.04920570353490468	0.050311428492623121	0.051394834208999568	0.052455356997787542	0.053492420017573386	0.054505432979092425	0.05549379184623994	0.056456878530642449	0.057394060579654724	0.058304690857643685	0.0591881072204185	0.060043632182662156	0.060870572578217805	0.061668219213079918	0.062435846510936276	0.063172712151105245	0.063878056698708247	0.064551103226914541	0.065191056931091854	0.065797104734693773	0.066368414886710067	0.066904136550503063	0.067403399383850107	0.067865313110008069	0.068288967079610921	0.068673429823209717	0.069017748594258799	0.069320948902347745	0.069582034036476642	0.069799984578164817	0.069973757904181949	0.070102287678683942	0.070184483334533448	0.070219229543577302	0.070205385675652987	0.070141785246086344	0.07002723535144309	0.069860516093286792	0.069640379989695661	0.069365551374280784	0.069034725782447792	0.06864656932463449	0.068199718046254201	0.067692777274067875	0.067124320948703006	0.066492890943030847	0.065796996366107807	0.065035112852381338	0.064205681835854012	0.063307109808893036	0.062337767565366749	0.061295989427782048	4.8153424792921031	0.058988275651831942	0.057718819115243396	0.056369883225026188	0.054939607770364725	0.053426091076857682	0.051827389111976367	0.05014151457167082	0.048366435947731545	0.046500076575508663	0.044540313661583092	0.04248497729097344	0.040331849413456383	0.03807866280856792	0.035723100028844726	0.033262792320856459	0.030695318523569753	0.028018203943574842	0.025228919206697877	0.022324879085511836	0.019303441302246441	0.016161905306591739	0.012897511027875896	0.0095074376010893819	0.005988802066215237	0.002338658040316367	-0.001446005638182326	-0.0053682662935897697	-0.0094312688260073645	-0.013638227153946839	-0.017992425687114559	-0.02249722082998672	-0.027156042516804268	-0.0319723957786388	-0.036949862343185536	-0.04209210226795787	-0.047402855607570703	-0.052885944115811934	-0.058545272983217822	-0.064384832610881307	-0.070408700421237938	-0.076621042706587802	0.0016124842710062461	0.0032158627854700543	0.0048098856457152728	0.0063942968579124727	0.0079688341926603089	0.0095332290425059526	0.011087206276339195	0.012630484090593561	0.014162773857186386	0.015683779968128191	0.017193199676730549	0.018690722935339854	0.020176032229523133	0.021648802408630263	0.023108700512655709	0.024555385595320823	0.02598850854329661	0.027407711891484766	0.028812629634273453	0.030202887032682157	0.031578100417308526	0.032937876986988072	0.034281814603075791	0.035609501579257075	0.036920516466792876	0.038214427835102677	0.039490794047586465	0.040749163032584995	0.04198907204937527	0.043210047449096622	0.044411604430499796	0.045593246790409984	0.046754466668791982	0.047894744288303412	0.049013547688219763	0.050110332452612663	0.051184541432659582	0.052235604462961924	0.05326293807174478	0.054265945184809525	0.055244014823107666	0.056196521793801683	0.057122826374675674	0.058022273991755989	0.058894194889998967	0.05973790379690011	0.060552699578875463	0.061337864890264229	0.062092665814796597	0.062816351499369316	0.063508153779967311	0.06416728679956625	0.064792946617848526	0.065384310812560395	0.065940538072334964	0.066460767780803245	0.066944119591808959	0.067389692995542996	0.067796566875405126	0.068163799055401153	0.068490425837875554	0.068775461531378881	0.069017897968462777	0.069216704013192867	0.069370825058163638	0.069479182510797433	0.069540673268702141	0.069554169183861009	0.069518516515419751	0.069432535370834686	0.069295019135137553	0.069104733888070979	0.068860417808840252	0.068560780568224747	0.068204502707784026	0.067790235005891944	0.067316597830322844	0.066782180477110903	0.066185540495396503	0.065525202997969059	0.064799659957207364	0.064007369486115726	0.063146755104145039	0.062216204987482926	0.061214071203490247	0.060138668928955863	0.058988275651831928	4.8999237426576157	0.056455432689478446	0.055069342113430668	0.053600977035416365	0.05204841392270753	0.050409686397574253	0.048682784313391125	0.046865652811279607	0.044956191356881274	0.042952252756852681	0.040851642154660708	0.038652116005252278	0.036351381028157721	0.03394709313858657	0.031436856356057787	0.028818221690100624	0.026088686002553568	0.023245690845976358	0.020286621277684224	0.017208804648898027	0.014009509368499659	0.010685943640867052	0.0072352541772549833	0.0036545248801748277	-5.9224499780869028e-05	-0.0039090397352397766	-0.0078980335220546465	-0.012029386908604049	-0.016306350754991449	-0.020732247222759431	-0.025310471295745537	-0.030044492332722401	-0.034937855652475001	-0.039994184151982484	-0.045217179958384847	-0.050610626115430615	-0.056178388305111848	-0.06192441660521248	-0.067852747283504836	-0.073967504629348771	-0.080272902823461861	0.0016085116587682519	0.0032078140864879021	0.0047976545457364787	0.0063777741336637633	0.0079479076409888511	0.0095077834079014944	0.011057123176801593	0.012595641941809422	0.01412304779497774	0.015639041769135362	0.017143317677290593	0.018635561948521031	0.020115453460275132	0.021582663367009064	0.023036854925080816	0.024477683313822246	0.025904795452707421	0.027317829814534653	0.028716416234537422	0.030100175715337702	0.031468720227653589	0.032821652506670962	0.034158565843987521	0.035479043875035067	0.036782660361884344	0.038068978971334599	0.03933755304818809	0.040587925383607643	0.041819627978452928	0.043032181801489856	0.044225096542364083	0.045397870359228383	0.046549989620910753	0.047680928643508098	0.048790149421287739	0.049877101351776587	0.050941220954915489	0.051981931586153662	0.052998643143355083	0.053990751767387039	0.054957639536257333	0.055898674152664335	0.056813208624821539	0.05770058094041472	0.0585601137335474	0.059391113944527521	0.060192872472344089	0.060964663819681027	0.061705745730310901	0.06241535881870889	0.06309272619172332	0.063737053062136478	0.064347526353945292	0.064923314299188503	0.06546356602614295	0.065967411138707979	0.066433959286793964	0.066862299727525457	0.06725150087706841	0.067600609852883159	0.067908652006204467	0.06817463044454361	0.068397525544004079	0.06857629445119752	0.068709870574543558	0.068797163064730577	0.068837056284112019	0.068828409264807378	0.068770055155270793	0.068660800655088727	0.06849942543775922	0.068284681561203805	0.068015292865755236	0.06768995435936051	0.067307331589733566	0.066866060003184152	0.06636474428984776	0.06580195771503175	0.065176241436389407	0.064486103806628059	0.06373001966144913	0.062906429592413854	0.062013739204421402	0.061050318357479531	0.060014500392442098	0.058904581340379514	0.057718819115243396	0.056455432689478453	4.9858671702809758	0.053688463349771065	0.052181116007825393	0.050588613835336298	0.048908968109372501	0.047140145840733443	0.045280068819871164	0.043326612642718892	0.041277605716008629	0.039130828241656194	0.036884011179777632	0.034534835189898389	0.032080929549900931	0.029519871052253056	0.02684918287704699	0.024066333441369235	0.021168735224513315	0.018153743568536659	0.015018655453651197	0.011760708247930714	0.0083770784308028617	0.0048648802897866108	0.0012211645899220867	-0.0025570827846688985	-0.0064729422176665434	-0.010529561776467401	-0.014730158657727029	-0.019078020663140981	-0.023576507706087536	-0.028229053349766151	-0.033039166377480757	-0.038010432395730077	-0.043146515470776782	-0.048451159799387702	-0.053928191414444819	-0.059581519926144522	-0.065415140299518476	-0.071433134669018128	-0.077639674190927904	-0.084039020934382619	0.001603625490741423	0.0031979382759280803	0.0047826827783911795	0.0063575971862597147	0.0079224133103732216	0.0094768564385640259	0.011020645186742143	0.012553491346714607	0.014075099730669572	0.015585168012254187	0.017083386564173447	0.018569438292236184	0.020042998465772288	0.021503734544344164	0.022951306000673407	0.024385364139702315	0.025805551913708032	0.0272115037333855	0.028602845274813521	0.029979193282216546	0.031340155366433101	0.03268532979899947	0.034014305301756045	0.035326660831881018	0.036621965362254941	0.037899777657056814	0.039159646042491197	0.040401108172542909	0.041623690789654354	0.042826909480218063	0.044010268424774499	0.045173260142804053	0.04631536523199796	0.047436052101892397	0.048534776701746454	0.049610982242542401	0.050664098912984512	0.051693543589369666	0.052698719539200786	0.053679016118411138	0.054633808462064747	0.055562457168395932	0.056464307976047505	0.057338691434364694	0.058184922566598261	0.05900230052586853	0.059790108243737476	0.060547612071233707	0.061274061412172308	0.061968688348606714	0.062630707258248805	0.063259314423687291	0.063853687633233791	0.064412985773219564	0.064936348411564995	0.065422895372437992	0.065871726301815273	0.066281920223755536	0.066652535087190462	0.066982607303035083	0.067271151271414364	0.067517158898800528	0.067719599104848691	0.067877417318716757	0.067989534964649212	0.068054848936600562	0.068072231061669999	0.068040527552112998	0.067958558445692194	0.067825117034124263	0.067638969279373629	0.067398853217540564	0.067103478350085149	0.066751525022122463	0.06634164378752036	0.065872454760524862	0.06534254695363248	0.06475047760142337	0.064094771470064246	0.063373920152180255	0.062586381346795283	0.061730578124027588	0.060804898174224443	0.059807693041214062	0.058737277339342975	0.057591927953963333	0.05636988322502616	0.055069342113430668	0.053688463349771051	5.0731927641795806	0.050678121403450342	0.049044766615392317	0.047323289132809206	0.045511633123925206	0.04360769702852333	0.041609332572828263	0.039514343763647722	0.037320485861345634	0.035025464331208331	0.032626933772755606	0.03012249682654294	0.027509703057987188	0.024786047817743351	0.021948971078146133	0.018995856245222698	0.015924028945772592	0.012730755788998953	0.0094132431021675487	0.0059686356397555679	0.0023940152655464327	-0.0013136003928913415	-0.0051572593179064243	-0.0091400765042317367	-0.013265235390807402	-0.017535989322566038	-0.021955663042795389	-0.02652765421670944	-0.031255434986869224	-0.036142553561110562	-0.041192635833645304	-0.046409387040020185	-0.051796593446628562	-0.057358124075485677	-0.063097932464992762	-0.069020058467428896	-0.075128630083924647	-0.081427865337689115	-0.087922074186274179	0.001597804385192247	0.0031861925903235639	0.0047649061984788403	0.006333680488766277	0.0078922442921458558	0.009440319844092479	0.010977622634026272	0.012503861251441008	0.014018737228660292	0.015521944880149538	0.017013171138310492	0.018492095385683176	0.019958389283478931	0.021411716596366419	0.022851733013430794	0.024278085965224828	0.025690414436828762	0.02708834877683412	0.028471510502165027	0.029839512098648456	0.031191956817243339	0.032528438465836369	0.033848541196510602	0.03515183928819067	0.036437896924566893	0.037706267967198018	0.038956495723690927	0.040188112710852458	0.041400640412707745	0.042593589033275848	0.043766457243992175	0.044918731925664646	0.046049887904847722	0.047159387684516919	0.048246681168923049	0.049311205382503769	0.050352384182726688	0.051369627966736497	0.052362333371675007	0.053329882968541402	0.054271644949455952	0.055186972808188954	0.056075205013812593	0.056935664677331459	0.057767659211143518	0.058570479981181603	0.059343401951580554	0.060085683321713781	0.060796565155438742	0.061475271002387248	0.062121006511134579	0.062732959034076094	0.06331029722383788	0.063852170621043883	0.064357709233257981	0.064826023104916586	0.065256201878062886	0.065647314343689506	0.065998407983494073	0.066308508501846206	0.066576619347761212	0.066801721226672051	0.066982771601785507	0.067118704184805852	0.067208428415802296	0.067250828931995715	0.067244765025230704	0.067189070087898956	0.067082551047071712	0.066923987786595585	0.066712132556901366	0.066445709372268319	0.066123413395283742	0.065743910308230735	0.065305835671131296	0.064807794266167285	0.064248359428196344	0.063626072361072095	0.062939441439473692	0.062186941495944718	0.061367013092831497	0.06047806177880883	0.059518457329672703	0.058486532973071541	0.057380584596844454	0.056198869940625347	0.054939607770364753	0.053600977035416358	0.052181116007825393	0.050678121403450356	5.1619208069674842	0.047414905143392382	0.045650660966667533	0.043795236280016275	0.041846506172552714	0.039802298500792505	0.037660392871619083	0.035418519603845101	0.033074358667926664	0.030625538603378286	0.028069635413427992	0.025404171436441938	0.022626614193637987	0.019734375212598989	0.016724808826085579	0.01359521094563977	0.010342817809455722	0.0069648047039909495	0.0034582846587725719	-0.00017969288615187219	-0.003952143440685279	-0.0078621488536468869	-0.01191285873082199	-0.016107491882694776	-0.020449337802474866	-0.024941758175042	-0.029588188417445812	-0.034392139251609277	-0.039357198309899574	-0.044487031774242049	-0.049785386049467431	-0.055256089471595521	-0.060903054051775068	-0.066730277256611958	-0.072741843825632549	-0.078941927626646743	-0.085334793549788304	-0.091924799441026273	0.0015910264837942704	0.0031725333130214468	0.004744259231020097	0.0063059366078776378	0.0078572912946744816	0.0093980424745281205	0.010927902510368792	0.012446576789377011	0.01395376356401179	0.01544915378955688	0.016932430958110718	0.018403270928944553	0.019861341755151168	0.021306303506505458	0.022737808088456161	0.024155499057166532	0.025559011430519852	0.026947971495004306	0.02832199660838932	0.029680694998104346	0.031023665555228737	0.032350497623999622	0.033660770786742726	0.034954054644129082	0.036229908590658784	0.037487881585270395	0.038727511916973024	0.039948326965395589	0.041149842956145884	0.042331564710869581	0.043492985391896992	0.044633586241363578	0.045752836314687045	0.046850192208282161	0.047925097781391604	0.048976983871908263	0.050005268006063218	0.051009354101848869	0.051988632166045969	0.052942477984719578	0.053870252807046291	0.054771303022332317	0.055644959830079208	0.056490538902950915	0.057307340042492709	0.05809464682744981	0.058851726254529953	0.059577828371451411	0.06027218590211391	0.060934013863727661	0.061562509175731493	0.062156850260327197	0.062716196634455545	0.063239688493032964	0.06372644628326686	0.064175570269862287	0.064586140090928779	0.064957214304392955	0.065287829924718419	0.065577001949729249	0.065823722877331139	0.066026962211917783	0.066185665960247844	0.066298756116571531	0.066365130136783329	0.066383660401369948	0.066353193666921745	0.066272550505966463	0.06614052473488384	0.065955882829650828	0.065717363329164308	0.06542367622588241	0.065073502343519982	0.064665492701527799	0.064198267866082001	0.06367041728730076	0.0630804986224026	0.062427037044514251	0.061708524536827888	0.060923419171805118	0.06007014437511466	0.059147088173988414	0.058152602429670443	0.057085002053629499	0.055942564207197752	0.0547235274842904	0.053426091076857668	0.052048413922707544	0.050588613835336319	0.049044766615392324	0.047414905143392388	5.2520718650858722	0.043889050786587419	0.041988900626320158	0.039994419710945833	0.037903412027271627	0.03571363278225672	0.033422787353162092	0.031028530215613671	0.028528463849120712	0.025920137619584043	0.023201046638319015	0.020368630597106092	0.017420272578776416	0.01435329784282441	0.011164972585533978	0.007852502674090692	0.0044130323541437229	0.00084364293027023804	-0.0028586485812183478	-0.006696890827696169	-0.010674199524452957	-0.014793758888326881	-0.019058823101345646	-0.023472717804995925	-0.028038841625749558	-0.032760667732491908	-0.037641745426507882	-0.04268570176469591	-0.047896243216695077	-0.053277157356619649	-0.058832314590116272	-0.064565669917467164	-0.070481264733482554	-0.076583228664936526	-0.082875781446318034	-0.089363234834685196	-0.096049994564424854	0.0015832694413460142	0.0031569157536187708	0.0047206748404105183	0.00627427616278788	0.0078174425919517159	0.0093498902586620931	0.010871328399359359	0.012381459198910776	0.013879977629910788	0.015366571288461433	0.016840920226357883	0.018302696779602584	0.01975156539316977	0.021187182441940591	0.022609196047727344	0.024017245892303758	0.025410963026356218	0.026789969674269474	0.028153879034658307	0.029502295076554653	0.030834812331158284	0.032151015679056753	0.033450480132818428	0.034732770614860783	0.035997441730493719	0.037244037536035522	0.038472091301897576	0.039681125270530901	0.040870650409125943	0.04204016615695496	0.043189160167243175	0.044317108043453603	0.04542347306986718	0.046507705936337969	0.047569244457100368	0.048607513283502726	0.049621923610539423	0.050611872877050636	0.05157674445945605	0.052515907358886622	0.053428715881575189	0.054314509312363958	0.055172611581183841	0.056002330922358116	0.056802959526579357	0.057573773185405179	0.058314030928116253	0.05902297465077562	0.059699828737325392	0.060343799672554176	0.060954075646764166	0.061529826151963833	0.062070201569408387	0.062574332748306913	0.063041330575510368	0.063470285535992391	0.063860267263928794	0.064210324084180231	0.064519482543976256	0.06478674693459556	0.065011098802834066	0.065191496452046277	0.065326874432542592	0.065416143021119436	0.065458187689496211	0.065451868561425888	0.065396019858244087	0.065289449332615004	0.065130937690226764	0.064919237999186474	0.064653075086857317	0.064331144923876413	0.063952113995085713	0.063514618657104074	0.063017264482261831	0.062458625588613023	0.061837243955737344	0.061151628726034621	0.060400255491210017	0.059581565563643107	0.058693965232325181	0.057735825003045055	0.05670547882249502	0.055601223285964257	0.054421316828277333	0.053163978897631539	0.051827389111976332	0.050409686397574253	0.048908968109372494	0.047323289132809192	0.045650660966667506	0.043889050786587433	5.3436667920516072	0.040090525713897721	0.038049314849562497	0.035910528012924103	0.033671896011017319	0.031331099279551765	0.028885766799323115	0.02633347498983523	0.023671746579661999	0.020898049453067589	0.018009795472395437	0.015004339275724825	0.011878977049283887	0.0086309452740986944	0.0052574194463457418	0.0017555127708665393	-0.0018777251727125656	-0.0056453097918155136	-0.0095503228712880712	-0.013595913992890422	-0.01778530198451329	-0.022121776399728215	-0.026608699028299064	-0.031249505438289509	-0.036047706550420763	-0.041006890245339392	-0.046130723004475488	-0.051422951585181537	-0.056887404730855677	-0.062527994916771051	-0.068348720132343582	-0.074353665700587726	-0.08054700613552522	-0.086933007038324267	-0.09351602703296763	-0.10030051974225905	0.0015745104152721935	0.0031392942269649646	0.0046940844989242425	0.0062386077831958634	0.0077725839711011227	0.0092957261410426713	0.010807740402970967	0.012308325739440023	0.013797173843179699	0.015273968951110333	0.016738387674723826	0.018190098826753837	0.019628763244056033	0.021054033606617808	0.02246555425261506	0.023862960989431956	0.025245880900557974	0.02661393214827449	0.027966723772041558	0.029303855482493656	0.030624917450950959	0.031929490094351441	0.033217143855506143	0.034487438978578956	0.03573992527968952	0.036974141912535959	0.038189617128931902	0.039385868034150395	0.040562400336964628	0.041718708094273402	0.042854273450196836	0.043968566369525529	0.045061044365403653	0.046131152221124537	0.047178321705914378	0.048201971284576858	0.049201505820869747	0.050176316274480971	0.051125779391469083	0.052049257388031046	0.052946097627455946	0.05381563229012188	0.054657178036389198	0.055470035662240465	0.056253489747515567	0.057006808296584555	0.057729242371301039	0.058420025716072757	0.059078374374884154	0.059703486300102401	0.060294540952893036	0.060850698895071081	0.061371101372206333	0.061854869887800382	0.062301105768347888	0.062708889719090846	0.063077281370271604	0.063405318813684802	0.063692018129325789	0.063936372901927996	0.064137353727177493	0.0642939077073897	0.06440495793642674	0.064469402973631212	0.064486116306547381	0.064453945802194393	0.064371713146653603	0.06423821327272515	0.06405221377540575	0.06381245431493264	0.063517646007135345	0.063166470800829724	0.062757580841985225	0.06228959782438865	0.061761112326524342	0.061170683134382418	0.060516836549903641	0.059798065684760961	0.059012829739172531	0.058159553265435968	0.057236625415865092	0.056242399174805419	0.055175190574397764	0.054033277893751439	0.052814900841183995	0.051518259719174071	0.05014151457167082	0.048682784313391146	0.047140145840733443	0.045511633123925206	0.043795236280016275	0.041988900626320158	0.040090525713897755	5.4367267317231756	0.036009021543750443	0.033821453570522381	0.03153296682809812	0.02914121681063608	0.026643807004101586	0.02403828776799331	0.02132215519355786	0.018492849938008496	0.015547756034251611	0.012484199675614593	0.009299447975059107	0.0059907076983534164	0.0025551239706654702	-0.0010102210439717149	-0.0047083094908819331	-0.0085421892012247889	-0.012514975097317532	-0.016629850627391116	-0.02089006923038848	-0.025298955831425298	-0.029859908368542097	-0.034576399351394928	-0.039451977452540574	-0.044490269131987545	-0.049694980295697279	-0.055069897988735746	-0.060618892123785059	-0.066345917245744762	-0.072255014333164461	-0.078350312637263053	-0.084636031559309585	-0.091116482567151741	-0.097796071151696681	-0.10467929882416567	0.0015647260549037311	0.0031196220317218758	0.0046644181545540449	0.0061988380664252801	0.0077225986787773249	0.0092354100176554061	0.010736975066520089	0.012226989605612134	0.013705142047796838	0.015171113270812824	0.016624576445848721	0.018065196862369393	0.019492631749111953	0.020906530091170047	0.022306532443083147	0.023692270737845876	0.025063368091750821	0.026419438604975941	0.027760087157826619	0.029084909202539831	0.030393490550556203	0.031685407155164047	0.032960224889417092	0.0342174993192257	0.035456775471519292	0.036677587597375716	0.037879458930010892	0.039061901437519926	0.040224415570258708	0.041366490002752589	0.042487601370016642	0.04358721399816895	0.044664779629216965	0.045719737139893329	0.046751512254415949	0.047759517251043902	0.048743150662298347	0.049701796968714899	0.050634826285991134	0.051541594045389827	0.052421440667256423	0.053273691227504874	0.054097655116924916	0.0548926256931586	0.055657879925192937	0.056392678030210433	0.057096263102637657	0.05776786073522705	0.058406678632005563	0.059011906212918595	0.059582714209995218	0.060118254254856937	0.060617658457388264	0.061080038975383229	0.061504487574980123	0.061890075181689382	0.062235851421819872	0.06254084415410012	0.062804058991291503	0.063024478811581908	0.063201063259547857	0.063332748236465466	0.063418445379748528	0.063457041531285896	0.063447398194446836	0.063388350979516644	0.06327870903732212	0.063117254480799731	0.06290274179425448	0.062633897230053887	0.062309418192493755	0.061927972608568894	0.061488198285375918	0.060988702253869771	0.060428060098688695	0.059804815273759027	0.059117478403382537	0.058364526568505243	0.057544402577858339	0.056655514223657472	0.055696233521539018	0.054664895934405211	0.053559799579845205	0.052379204420788826	0.051121331439046069	0.04978436179137747	0.048366435947731518	0.046865652811279614	0.045280068819871164	0.043607697028523337	0.041846506172552665	0.039994419710945826	0.038049314849562497	0.03600902154375047	5.5312731215836823	0.031633947035834983	0.029294580218598782	0.026850851580845485	0.024300339113710576	0.021640567116687322	0.018869005043694952	0.015983066324896038	0.012980107163759724	0.0098574253088616129	0.0066122587998968833	0.0032417846873762446	-0.00025688227454139016	-0.0038866909626312576	-0.0076506552471672252	-0.011551855383044667	-0.015593439430052354	-0.019778624702891597	-0.02411069925155819	-0.028593023372711416	-0.033229031152668849	-0.038022232042678697	-0.042976212467133547	-0.04809463746540335	-0.053381252367981344	-0.05883988450764694	-0.064474444966365993	-0.07028893035866482	-0.076287424652226238	-0.08247410102647372	-0.088853223769924036	-0.095429150217103936	-0.10220633272584528	-0.10918932069578635	0.0015538924905320098	0.0030978514284722694	0.0046316041981740675	0.0061548715336416622	0.0076673673664372265	0.0091687986702485777	0.010658865302046398	0.012137259839758179	0.013603667416384631	0.015057765550482712	0.016499223972937758	0.017927704449945826	0.019342860602125502	0.020744337719676664	0.022131772573502344	0.023504793222207672	0.024863018814888258	0.026206059389618713	0.027533515667549753	0.028844978842520817	0.030140030366092963	0.03141824172790493	0.032679174231253091	0.033922378763794239	0.035147395563267562	0.036353753978130732	0.037540972223001866	0.038708557128798206	0.039856003887458254	0.040982795791134008	0.042088403965735377	0.043172287098708066	0.04423389116092271	0.045272649122551266	0.04628798066280343	0.047279291873393588	0.048245974955606313	0.04918740791082498	0.050102954224386043	0.05099196254261823	0.051853766342923213	0.05268768359675096	0.053493016425320505	0.054269050747933319	0.055015055922723599	0.055730284379686384	0.056413971245821086	0.057065333962224893	0.057683571892967245	0.058267865925571767	0.058817378062931136	0.05933125100647333	0.059808607730397437	0.060248551046790062	0.060650163161433041	0.061012505220105408	0.061334616845182335	0.061615515662326426	0.06185419681706484	0.062049632481040277	0.062200771347719355	0.062306538117339071	0.062365832970864905	0.062377531032731984	0.062340481822134433	0.062253508692623742	0.062115408259772235	0.061924949816652572	0.061680874736878263	0.061381895864946995	0.061026696893620794	0.060613931728073327	0.06014222383652873	0.059610165587109624	0.059016317570608622	0.05835920790888794	0.057637331548610456	0.056849149539995335	0.055993088300286688	0.055067538861618297	0.054070856102948768	0.053001357965737697	0.051857324653022119	0.050636997811552356	0.049338579696631024	0.047960232319300473	0.046500076575508691	0.044956191356881274	0.043326612642718892	0.041609332572828284	0.039802298500792491	0.03790341202727162	0.035910528012924103	0.033821453570522381	0.031633947035834983	5.6273276960401191	0.026954420820783163	0.024457664358735479	0.021853000026996864	0.01913792606505527	0.016309885289502779	0.013366263903451168	0.010304390280932191	0.0071215337257696269	0.0038149032043925018	0.0003816460520535098	-0.0031811533480971431	-0.0068764749136428676	-0.010707364239807749	-0.014676934005223073	-0.018788365407148882	-0.023044909626757142	-0.027449889325096195	-0.032006700170369128	-0.036718812397170543	-0.04158977239834076	-0.046623204350107833	-0.051822811871203828	-0.057192379716653446	-0.062735775506949254	-0.068456951493341314	-0.074359946359982373	-0.080448887063688954	-0.086727990712088587	-0.09320156648094606	-0.09987401757146705	-0.1067498432084078	-0.11383364067982421	0.0015419853222326705	0.0030739336173674272	0.0045955694300112374	0.0061066105851475729	0.0076067680344590449	0.0090957456992760491	0.010573240310079378	0.012038941242483279	0.013492530349623883	0.014933681790876436	0.016362061856823002	0.017777328790390862	0.019179132604080024	0.020567114893196625	0.021940908645007272	0.023300138043727572	0.024644418271256206	0.025973355303564399	0.027286545702648168	0.02858357640394946	0.029864024499149763	0.031127457014238219	0.032373430682753883	0.03360149171409995	0.034811175556825426	0.036002006656767685	0.037173498209947205	0.038325151910103175	0.039456457690756896	0.040566893461686876	0.041655924839697989	0.042723004873563418	0.043767573763017091	0.044789058571670225	0.045786872933724306	0.046760416754349068	0.047709075903592461	0.048632221903685595	0.04952921160960385	0.050399386882741933	0.051242074257557724	0.05205658460103714	0.052842212764828575	0.053598237229892869	0.054323919743511508	0.055018504948491927	0.055681220004406458	0.05631127420069712	0.056907858561475642	0.05747014544184411	0.057997288115558585	0.058488420353853612	0.058942655995242878	0.059359088506105585	0.059736790531867	0.060074813438574869	0.060372186844670619	0.060627918142750883	0.060840992011108846	0.061010369914841558	0.061134989596306179	0.061213764554700401	0.06124558351454143	0.061229309882810598	0.061163781194526964	0.061047808546508077	0.060880176019071995	0.060659640085427499	0.060384929008496457	0.060054742224906872	0.059667749715886918	0.059222591364789329	0.058717876300965408	0.058152182229705925	0.057524054747957229	0.056832006645517831	0.056074517191411814	0.055250031405131211	0.054356959312433291	0.053393675185369631	0.052358516766221726	0.051249784475005639	0.050065740600206923	0.048804608472395983	0.047464571620368538	0.046043772909448437	0.044540313661583078	0.042952252756852681	0.041277605716008622	0.039514343763647715	0.037660392871619049	0.035713632782256706	0.033671896011017319	0.031532966828098148	0.029294580218598782	0.026954420820783163	5.7249124897383492	0.021959263951718915	0.019299374151449031	0.016527924620661414	0.013642331538621317	0.010639953881389259	0.0075180921935600045	0.0042739873342055061	0.00090481919648829651	-0.0025922945995965627	-0.0062203000419079084	-0.0099822080888370829	-0.01388109606055863	-0.017920109059439405	-0.022102461420210995	-0.026431438190515907	-0.030910396642455037	-0.035542767815775256	-0.04033205809334818	-0.045281850809606186	-0.050395807892613394	-0.05567767154046311	-0.061131265932711808	-0.066760498977565752	-0.072569364095558336	-0.078561942040469304	-0.084742402758248334	-0.091115007284728169	-0.097684109682920142	-0.1044541590207098	-0.11142970138977788	-0.11861538196659721	0.0015289796084542045	0.0030478187153043308	0.0045562390254110276	0.0060539554547369761	0.0075406759750852254	0.0090161014554287593	0.010479925499758477	0.011931834281375366	0.013371506373550991	0.014798612576478883	0.016212815740437855	0.017613770585086373	0.019001123514805898	0.020374512430008818	0.021733566534325312	0.023077906137581445	0.024407142454478996	0.025720877398885789	0.02701870337364316	0.028300203055795562	0.029564949177144906	0.030812504300030723	0.032042420588234762	0.033254239572906637	0.034447491913405091	0.035621697152947343	0.036776363468956089	0.037910987417992606	0.039025053675160862	0.040118034767865969	0.041189390803807659	0.042238569193086724	0.043265004364300273	0.044268117474498887	0.045247316112875725	0.046201993998055975	0.047131530668850931	0.048035291168339399	0.04891262572113575	0.049762869403700574	0.05058534180754802	0.051379346695199939	0.052144171648734132	0.052879087710770829	0.053583349017738688	0.054256192425257657	0.054896837125472879	0.055504484256171285	0.056078316501506832	0.056617497684160072	0.05712117234875054	0.057588465336319346	0.058018481349694603	0.058410304509548226	0.058762997900948993	0.059075603110213162	0.059347139751848618	0.059576604985386021	0.059762973021884297	0.059905194619895269	0.060002196570666279	0.060052881172355868	0.060056125693032918	0.060010781822225058	0.059915675110776175	0.059769604398770076	0.059571341231270308	0.059319629261621751	0.059013183642054913	0.058650690401327844	0.058230805809135151	0.057752155727008217	0.057213334945425846	0.056612906506846694	0.055949401014371319	0.055221315925734184	0.05442711483232042	0.05356522672289523	0.0526340452317288	0.051631927870790885	0.050557195245685312	0.049408130254985014	0.048182977272624071	0.046879941312992994	0.045497187178380291	0.044032838588391521	0.042484977290973433	0.040851642154660708	0.039130828241656201	0.03732048586134562	0.035418519603845094	0.033422787353162078	0.031331099279551758	0.029141216810636125	0.026850851580845485	0.024457664358735476	0.021959263951718978	5.8240498408931849	0.016636992273467644	0.013808068628355034	0.01086382469434798	0.0078015922204564452	0.0046186439218377515	0.0013121922128120022	-0.0021206120867242771	-0.0056826810720341792	-0.009376991101985338	-0.013206584175777089	-0.017174569338534302	-0.021284124116359573	-0.02553849598145606	-0.029941003847936763	-0.034495039598955141	-0.039204069645801878	-0.0440716365196255	-0.049101360496450579	-0.054296941256176671	-0.059662159576259373	-0.065200879060786407	-0.070917047905677377	-0.076814700700749819	-0.082897960269409723	-0.089171039546740674	-0.095638243496779296	-0.1023039710697852	-0.10917271720032257	-0.1162490748469969	-0.1235377370746983	0.0015148498543664582	0.0030194557326226742	0.0045135364998829756	0.0059968041630892571	0.0074689637141650044	0.0089297129697257852	0.010378742407272608	0.011815734997793207	0.013240366034694561	0.014652302958988528	0.016051205180650618	0.017436723896070511	0.018808501901511121	0.020166173402491078	0.021509363819004135	0.022837689586486829	0.024150757952444011	0.025448166768640118	0.026729504278761824	0.027994348901456047	0.029242269008645159	0.030472822699019065	0.031685557566602192	0.032880010464290559	0.034055707262252759	0.035212162601085714	0.036348879639614425	0.037465349797222186	0.038561052490595694	0.039635454864766627	0.040688011518329639	0.041718164222713038	0.042725341635377209	0.043708959006811994	0.044668417881202335	0.04560310579062879	0.046512395942665985	0.047395646901240547	0.048252202260605691	0.049081390312287969	0.049882523704857823	0.050654899096373003	0.051397796799340673	0.052110480418040457	0.052792196478048253	0.053442174047796463	0.05405962435200317	0.054643740376799942	0.0551936964663833	0.055708647911012044	0.056187730526169204	0.056630060222702429	0.05703473256775448	0.057400822336289722	0.057727383053020574	0.058013446524531782	0.058258022361397654	0.05846009749008288	0.058618635654412214	0.058732576906392137	0.058800837086160324	0.058822307290835991	0.058795853332039821	0.058720315181845568	0.058594506406922132	0.058417213590619542	0.058187195742746847	0.05790318369678496	0.057563879494273024	0.057167955756099224	0.056714055040424344	0.056200789186958901	0.055626738647308833	0.054990451801100751	0.054290444257589367	0.053525198142445184	0.052693161369414425	0.051792746896535409	0.050822331966591194	0.049780257331469666	0.048664826460097128	0.047474304729603518	0.046206918599371004	0.044860854767610439	0.043434259310103182	0.041925236800736405	0.040331849413456411	0.038652116005252285	0.03688401117977759	0.03502546433120831	0.033074358667926664	0.031028530215613661	0.028885766799323045	0.026643807004101586	0.024300339113710604	0.021853000026996864	0.019299374151449007	0.016636992273467651	5.9247623946328556	0.010975808605120478	0.0079717897788373349	0.0048485784479769837	0.001603419498259636	-0.0017665031007464895	-0.0052640676024112978	-0.0088922158172555759	-0.012653954475155493	-0.016552356616119212	-0.020590563010221465	-0.024771783607300712	-0.029099299017031476	-0.033576462019997103	-0.038206699110403954	-0.042993512071086377	-0.047940479581469929	-0.05305125885917137	-0.058329587335925907	-0.063779284368550779	-0.069404252985665341	-0.075208481670902702	-0.081196046183364123	-0.087371111416082448	-0.0937379332932744	-0.10030086070718133	-0.10706433749531022	-0.11403290445890456	-0.12121120142349459	-0.12860396934238741	0.0014995699999640973	0.002988792549311788	0.0044673836734110814	0.0059350524701830805	0.007391500951671715	0.0088364238821351249	0.010269508612584443	0.011690434911694133	0.013098874793006619	0.014494492338352032	0.015876943517402618	0.017245876003279287	0.018600928984126363	0.019941732970568747	0.021267909598963745	0.02257907143035838	0.023874821745060587	0.02515475433273141	0.026418453277902817	0.027665492740824263	0.028895436733538504	0.030107838891085873	0.03130224223773348	0.03247817894812375	0.033635170103235065	0.034772725441044108	0.035890343101778147	0.036987509367642578	0.038063698396906702	0.039118371952228857	0.040150979123098555	0.041160956042271685	0.042147725596071862	0.043110697128428202	0.044049266138517458	0.044962813971875473	0.045850707504840306	0.046712298822186318	0.04754692488780568	0.04835390720829081	0.049132551489268435	0.049882147284332247	0.050601967636418783	0.051291268711467025	0.05194928942420015	0.052575251055862998	0.053168356863746519	0.053727791682327122	0.054252721515843629	0.054742293122133294	0.055195633587542536	0.0556118498927256	0.055990028469139752	0.05632923474604204	0.05662851268778836	0.056886884321232012	0.057103349253013719	0.057276884176532081	0.057406442368377886	0.057490953174012142	0.0575293214824628	0.057520427189809917	0.057463124651225946	0.057356242121330774	0.057198581182618176	0.056988916161704456	0.056725993533144135	0.056408531310554379	0.056035218424782665	0.055604714088847561	0.055115647149375981	0.054566615424257336	0.053956185026224915	0.053282889672073348	0.052545229977211373	0.051741672735245499	0.05087065018228306	0.049930559245635601	0.048919760776599042	0.047836578766979353	0.046679299549025256	0.045446170978423565	0.044135401600004849	0.042745159795800354	0.041273572915083906	0.039718726386024521	0.038078662808567955	0.036351381028157721	0.034534835189898389	0.032626933772755641	0.030625538603378275	0.028528463849120712	0.026333474989835261	0.024038287767993338	0.021640567116687354	0.019137926065055273	0.016527924620661417	0.013808068628355034	0.010975808605120527	6.0270731063570855	0.0049635947315507791	0.0017782544434068375	-0.0015302652577237864	-0.0049648088470249079	-0.0085282836511328362	-0.012223661195825989	-0.016053978581989686	-0.020022339890439896	-0.024131917616201683	-0.028385954132849493	-0.032787763187528934	-0.037340731427294244	-0.042048319957404157	-0.046914065932236904	-0.051941584179495133	-0.057134568858387511	-0.062496795152484956	-0.068032120997966697	-0.073744488847983375	-0.079637927473881751	-0.085716553804046816	-0.091984574801138058	-0.098446289378505691	-0.10510609035659557	-0.11196846646016208	-0.1190380043571282	-0.12631939073994836	-0.13381741445034712	0.0014831134079199572	0.0029557758907173444	0.0044177006340138493	0.0058685938267097875	0.0073081545009695253	0.0087360743686937924	0.010152037654403819	0.011555720924460828	0.012946792912542653	0.014324914341297743	0.01568973774009506	0.017040907258786708	0.018378058477398478	0.019700818211661496	0.021008804314296674	0.022301625471961468	0.023578880997766928	0.024840160619270656	0.026085044261850016	0.027313101827356887	0.028523892967954489	0.029716966855033562	0.030891861943103859	0.032048105728554252	0.03318521450317289	0.034302693102316241	0.035400034647613834	0.036476720284093128	0.037532218911606123	0.038565986910437736	0.039577467860972326	0.040566092257293421	0.041531277214587825	0.042472426170223961	0.043388928578370296	0.044280159598018107	0.045145479774268825	0.045984234712744529	0.046795754746976267	0.047579354598622489	0.048334333030366113	0.04905997249133677	0.049755538754900394	0.050420280548655355	0.05105342917647205	0.051654198132407715	0.052221782706326318	0.052755359581048933	0.053254086420856814	0.053717101451165573	0.054143523029185119	0.054532449205376234	0.054882957275510784	0.055194103323138316	0.055464921752258305	0.055694424809992628	0.055881602099048341	0.05602542007975813	0.056124821561478577	0.056178725183125465	0.056186024882616793	0.056145589354993676	0.056056261498980027	0.055916857851742087	0.055726168011598652	0.055482954048432016	0.055185949901542256	0.054833860764682815	0.054425362458009677	0.053959100786671342	0.053433690885761317	0.052847716551347679	0.052199729557291144	0.0514882489575543	0.050711760373699871	0.049868715267270637	0.048957530196734739	0.04797658605867703	0.046924227312906297	0.045798761191146703	0.044598456888969296	0.043321544740617828	0.041966215376371109	0.040530618862080724	0.039012863820513388	0.037411016534119594	0.035723100028844712	0.033947093138586563	0.032080929549900952	0.030122496826542958	0.028069635413427992	0.025920137619584071	0.023671746579662041	0.021322155193557887	0.018869005043694924	0.016309885289502789	0.013642331538621329	0.010863824694347976	0.0079717897788373591	0.0049635947315508034	6.1310052451081773	-0.0014120968006247619	-0.0047851539908105043	-0.0082854953080482765	-0.011916057152241125	-0.015679840764425024	-0.019579913616494058	-0.023619410830072612	-0.027801536625135893	-0.0321295657989938	-0.036606845236263889	-0.041236795450470667	-0.046022912157925575	-0.050968767884550251	-0.056078013606324924	-0.061354380424049969	-0.066801681273132255	-0.07242381266911245	-0.078224756489673114	-0.084208581793874235	-0.090379446679384828	-0.09674160017849058	-0.10329938419367578	-0.11005723547359028	-0.11701968763023625	-0.12419137319821577	-0.13157702573690797	-0.13918148197645441	0.0014654528511831169	0.0029203513027374994	0.004364405700538517	0.0057973193244656926	0.0072187882268038382	0.0086285010670962576	0.010026138943374294	0.011411375219685917	0.012783875349844386	0.014143296697316452	0.015489288351167788	0.016821490937981728	0.018139536429665478	0.019443047947056445	0.020731639559239085	0.022004916078481353	0.023262472850697338	0.02450389554134131	0.025728759916635899	0.026936631620035512	0.028127065943823755	0.029299607595741833	0.030453790460542116	0.031589137356359938	0.032705159785793213	0.033801357681578166	0.03487721914674663	0.035932220189148066	0.036965824450217226	0.037977482927865576	0.038966633693372388	0.039932701602148721	0.04087509799824466	0.041793220412467864	0.042686452253978623	0.043554162495223529	0.044395705350067413	0.04521041994498011	0.04599762998313156	0.046756643401246134	0.047486752019063029	0.048187231181247896	0.048857339391595887	0.049496317939364841	0.050103390517572378	0.050677762833088197	0.051218622208349142	0.051725137174521083	0.052196457055927667	0.052631711545562843	0.053030010271500005	0.05339044235400648	0.053712075953168667	0.053993957806828703	0.054235112758629689	0.054434543275961957	0.054591228957599026	0.054704126030807501	0.054772166837709968	0.054794259310676718	0.054769286436516081	0.054696105709229871	0.054573548571093949	0.054400419841820584	0.054175497135553551	0.053897530265441251	0.053565240635529456	0.053177320619707605	0.052732432927440266	0.052229209956006155	0.051666253128964876	0.051042132220563592	0.050355384665790315	0.049604514855775418	0.048787993418235892	0.047904256482650495	0.046951704929848549	0.045928703625687843	0.0448335806384903	0.043664626439897963	0.042420093088804525	0.04109819339801063	0.039697100083243182	0.038214944894174332	0.03664981772706332	0.034999765718642481	0.033262792320856445	0.031436856356057787	0.029519871052253063	0.02750970305798723	0.025404171436441941	0.023201046638319112	0.020898049453067565	0.018492849938008506	0.015983066324896079	0.013366263903451157	0.010639953881389259	0.0078015922204564443	0.004848578447976956	0.0017782544434068082	-0.0014120968006247584	6.2365823969541534	-0.0081640510872452721	-0.011731394097112657	-0.01543024694608304	-0.019263640590450284	-0.023234672873117628	-0.027346509956517016	-0.031602387785574296	-0.03600561358133534	-0.040559567365888664	-0.045267703519229555	-0.050133552368721968	-0.055160721811831584	-0.060352898972815212	-0.065713851894065575	-0.071247431262825359	-0.076957572173996971	-0.082848295929794286	-0.088923711876990802	-0.095188019282539463	-0.10164550924835285	-0.10830056666604806	-0.11515767221248005	-0.12222140438689813	-0.12949644159058374	-0.13698756424984065	-0.14469965698322756	0.0014465605003164087	0.0028824631264979189	0.0043074153846735805	0.0057211176457021276	0.0071232629819888088	0.0085135370007195146	0.0098916176734356962	0.011257175161872067	0.012609871639977311	0.013949361112036478	0.01527528922681198	0.016587293087618332	0.017885001058244206	0.019168032564633248	0.020435997892233493	0.021688497978923353	0.022925124203420008	0.024145458169074343	0.025349071482954288	0.026535525530116757	0.027704371242965823	0.028855148865593011	0.029987387712993425	0.031100605925048798	0.032194310215166839	0.033267995613463532	0.034321145204372981	0.035353229858566725	0.036363707959062172	0.037352025121397396	0.038317613907746573	0.039259893534848288	0.04017826957561587	0.04107213365429626	0.041940863135041584	0.042783820803753723	0.043600354543060917	0.044389797000280687	0.045151465248222007	0.045884660438675076	0.0465886674484354	0.047262754517704536	0.047906172880707053	0.048518156388360163	0.04909792112282866	0.049644665003794775	0.050157567386268198	0.050635788649759594	0.051078469778635005	0.051484731933466733	0.051853676013191637	0.052184382207883594	0.052475909541943588	0.0527272954075063	0.052937555087858384	0.053105681270658768	0.053230643550747268	0.05331138792232458	0.053346836260279175	0.053335885790435862	0.05327740854849343	0.053170250827414334	0.053013232613026227	0.052805147007587545	0.052544759641067022	0.052230808069879266	0.051862001162815474	0.051437018473901419	0.050954509601910017	0.050413093536250182	0.049811357988947882	0.049147858712429007	0.048421118802809048	0.047629627988386367	0.046771841903031797	0.045846181344160408	0.044851031514962489	0.043784741250569005	0.042645622227814706	0.041431948158259777	0.0401419539641205	0.038773834936754174	0.037325745877336176	0.035795800219358971	0.034182069132574468	0.032482580607996622	0.030695318523569749	0.028818221690100596	0.026849182877046986	0.024786047817743337	0.022626614193637987	0.020368630597106089	0.018009795472395441	0.01554775603425161	0.01298010716375975	0.01030439028093218	0.0075180921935600383	0.0046186439218377654	0.0016034194982596415	-0.0015302652577238434	-0.004785153990810532	-0.0081640510872453102	6.34382846838324	-0.015305399475683259	-0.019073775123560986	-0.022978010594241531	-0.027021234101636784	-0.031206642848987123	-0.035537504506168438	-0.040017158717962152	-0.044649018643928673	-0.049436572530533553	-0.054383385316193397	-0.05949310026991779	-0.064769440664240271	-0.070216211483145968	-0.075837301165713009	-0.081636683386205749	-0.087618418871369688	-0.093786657255691505	-0.10014563897540821	-0.1066996972020587	-0.11345325981639398	-0.12041085142347323	-0.12757709540979331	-0.13495671604331494	-0.14255454061726644	-0.1503755016386237	0.0014264079105679964	0.0028420544724949304	0.0042466443521635309	0.0056398750114117447	0.0070214365427652605	0.0083910115010525452	0.0097482747313251683	0.011092893193004582	0.012424525780174904	0.01374282313793947	0.015047427474757416	0.016337972370674483	0.017614082581360779	0.018875373837866194	0.020121452642002331	0.021351916057258082	0.022566351495153715	0.023764336496936708	0.024945438510520317	0.02610921466256395	0.027255211525592085	0.028382964880046692	0.029491999471165525	0.030581828760576756	0.031651954672497859	0.032701867334424595	0.033731044812193342	0.03473895283929767	0.035725044540337696	0.036688760148478092	0.037629526716787896	0.038546757823333291	0.039439853269890808	0.040308198774146736	0.041151165655244897	0.041968110512542588	0.042758374897431332	0.04352128497807653	0.044256151196925983	0.044962267920835845	0.045638913083657945	0.046285347821129641	0.046900816097904946	0.047484544326560463	0.048035740978408292	0.048553596185942953	0.049037281336747174	0.049485948658676303	0.049898730796138831	0.050274740377285382	0.050613069571916372	0.050912789639912068	0.051172950469988134	0.051392580108571846	0.051570684278593341	0.051706245887980076	0.051798224527638423	0.051845555958702806	0.0518471515888278	0.051801897937292757	0.051708656088686807	0.05156626113493315	0.051373521605411115	0.051129218884925477	0.050832106619269735	0.050480910108124784	0.050074325685027371	0.04961102008413934	0.049089629793542151	0.048508760394774905	0.047866985888329869	0.047162848004811804	0.046394855501463411	0.045561483443751161	0.044661172471699977	0.043692328050660832	0.042653319706185258	0.041542480242677156	0.040358104945484453	0.039098450766085327	0.037761735490018433	0.036346136887198066	0.034849791844247885	0.033270795478480518	0.031607200233140752	0.029857014953524334	0.028018203943574814	0.026088686002553541	0.024066333441369242	0.021948971078146126	0.019734375212598992	0.017420272578776406	0.015004339275724882	0.012484199675614623	0.0098574253088616129	0.0071215337257696555	0.0042739873342055434	0.0013121922128120011	-0.0017665031007464869	-0.0049648088470249018	-0.0082854953080482747	-0.011731394097112657	-0.015305399475683231	6.4527676897088426	-0.022849628383617836	-0.026825965919493464	-0.030942640890498363	-0.035202881540681207	-0.039609987264868224	-0.044167330131576581	-0.048878356437837819	-0.053746588296588467	-0.058775625257297466	-0.063969145960518198	-0.069330909827061346	-0.074864758782504037	-0.080574619017760099	-0.086464502786455705	-0.092538510239867686	-0.098800831300196804	-0.10525574757296317	-0.11190763429933256	-0.11876096234918956	-0.12582030025579771	-0.13309031629290166	-0.14057578059514106	-0.14828156732266864	-0.15621265687087799	0.0014049660086715159	0.002799067194195805	0.0041820053832092776	0.0055534751285290888	0.0069131635428013689	0.0082607501284971668	0.0095959066041781584	0.010918296726952551	0.012227576111039869	0.013523392042361772	0.014805383289074105	0.016073179907953816	0.01732640304655246	0.018564664741026169	0.01978756770955014	0.020994705141223723	0.022185660480370253	0.023360007206133824	0.024517308607273032	0.025657117552049753	0.026778976253108919	0.027882416027242875	0.02896695704993207	0.030032108104551078	0.031077366326127166	0.032102216939535876	0.03310613299201582	0.034088575079882666	0.035048991069319226	0.035986815811116728	0.036901470849239108	0.037792364123080117	0.03865888966327951	0.039500427280962883	0.040316342250265813	0.041105984984000941	0.041868690702323241	0.042603779094245772	0.043310553971855299	0.043988302917073903	0.044636296920809622	0.045253790014335861	0.045840018892735909	0.046394202530245801	0.046915541787324828	0.047403219009279976	0.047856397616266907	0.048274221684485759	0.04865581551838729	0.049000283213700625	0.049306708211089588	0.049574152840241012	0.049801657854185104	0.049988241953641717	0.050132901301184543	0.05023460902500957	0.050292314712089607	0.050304943890493108	0.050271397500640413	0.050190551355265581	0.050061255587848012	0.04988233408927166	0.049652583932467721	0.049370774784786992	0.049035648307848061	0.048645917544597815	0.048200266293318632	0.047697348468308629	0.047135787446957629	0.046514175402934878	0.04583107262519899	0.045085006822533601	0.044274472413308841	0.043397929800158885	0.042453804629262938	0.041440487033908076	0.040356330862006691	0.039199652887236071	0.037968732003456879	0.036661808402065468	0.035277082731922864	0.033812715241500348	0.032266824902869848	0.030637488517164323	0.028922739801121235	0.027120568454318147	0.025228919206697877	0.023245690845976354	0.021168735224513326	0.018995856245222695	0.016724808826085583	0.014353297842824408	0.011878977049283887	0.0092994479750591035	0.0066122587998969102	0.0038149032043925291	0.00090481919648826832	-0.0021206120867242797	-0.0052640676024112987	-0.0085282836511328449	-0.011916057152241139	-0.015430246946083012	-0.019073775123560954	-0.022849628383617836	6.5634246184840421	-0.030810588332440565	-0.035002004079203321	-0.039338365944366897	-0.043823005047707565	-0.048459325881478339	-0.053250807880182618	-0.0582010070232271	-0.063313557471133319	-0.068592173235998338	-0.074040649886910337	-0.079662866291038026	-0.085462786391131251	-0.091444461020177795	-0.097612029753986126	-0.10396972280247019	-0.11052186294043437	-0.1172728674786708	-0.1242272502761977	-0.13138962379448277	-0.13876470119451845	-0.14635729847762358	-0.15417233667087557	-0.16221484405808501	0.0013822050793691825	0.0027534418610849743	0.0041134093320374645	0.0054617991360230234	0.0067982954058082162	0.0081225745915066722	0.0094343052851901827	0.010733148041653697	0.012018755195252171	0.013290770672725554	0.014548829801926417	0.015792559116362917	0.017021576155468059	0.018235489260504219	0.019433897366010165	0.020616389786695718	0.021782545999687295	0.022931935422025602	0.024064117183314557	0.025178639893418515	0.026275041405102843	0.027352848571510303	0.02841157699836399	0.029450730790784928	0.030469802294610167	0.031468271832094975	0.032445607431880318	0.033401264553103827	0.034334685803531051	0.035245300651579783	0.036132525132108906	0.036995761545839674	0.03783439815227508	0.03864780885598005	0.039435352886081909	0.04019637446884862	0.040930202493198592	0.041636150168992643	0.042313514677956375	0.042961576817077865	0.043579600634321342	0.044166833056496269	0.044722503509115219	0.045245823528073596	0.045735986362977953	0.046192166571947788	0.046613519607711609	0.046999181394814245	0.047348267897749013	0.047659874679823265	0.047933076452564304	0.048166926615465594	0.04836045678587185	0.048512676318795508	0.048622571816453825	0.048689106627311372	0.048711220334407224	0.04868782823274391	0.048617820795507714	0.048500063128887327	0.048333394415252209	0.048116627344447403	0.047848547532955581	0.047527912930673967	0.047153453215045868	0.046723869172284549	0.04623783206541781	0.045693982988879923	0.045090932209369217	0.044427258492685202	0.043701508416252588	0.042912195667034018	0.04205780032452696	0.041136768128533473	0.040147509731387039	0.039088399934310472	0.037957776907577533	0.036753941394138435	0.035475155896366913	0.034119643845577259	0.032685588753953193	0.031171133348522641	0.029574378686806013	0.027893383253756499	0.026126162039604321	0.024270685598208643	0.022324879085511836	0.020286621277684252	0.018153743568536666	0.015924028945772613	0.013595210945639778	0.01116497258553399	0.0086309452740986666	0.0059907076983534667	0.0032417846873762173	0.00038164605205354276	-0.002592294599596587	-0.0056826810720342113	-0.0088922158172556037	-0.012223661195825948	-0.015679840764425024	-0.019263640590450291	-0.022978010594241531	-0.026825965919493464	-0.030810588332440599	6.6758241429247347	-0.039202503200334513	-0.043616305307884323	-0.048179796817784733	-0.052896414646023945	-0.057769671364577023	-0.06280315681932104	-0.068000539781830349	-0.073365569635745753	-0.078902078098432207	-0.084613980978650943	-0.090505279970986993	-0.096580064487790385	-0.10284251352940087	-0.10929689759344585	-0.11594758062401361	-0.12279902200152314	-0.12985577857412547	-0.13712250673149345	-0.14460396452186686	-0.15230501381324363	-0.1602306224996258	-0.16838586675324124	0.001358094751652144	0.0027051177311447328	0.0040407650856215359	0.0053647255498581355	0.006676680276741535	0.0079763026640279431	0.0092632581772992741	0.010537204169037202	0.011797789693732116	0.013044655318942276	0.014277432932216966	0.015495745543795552	0.016699207084992496	0.017887422202176401	0.019059986046249616	0.020216484057532427	0.021356491745954352	0.022479574466452681	0.023585287189476674	0.024673174266493163	0.025742769190387954	0.026793594350654211	0.02782516078325771	0.028836967915065851	0.029828503302725507	0.030799242365871757	0.03174864811454773	0.032676170870713228	0.033581247983716409	0.034463303539601697	0.035321748064122804	0.03615597821932863	0.036965376493585368	0.03774931088489724	0.038507134577383278	0.039238185610766911	0.039941786542729861	0.040617244103980661	0.04126384884588391	0.041880874780493557	0.042467579012830187	0.043023201365239044	0.043546963993662167	0.044038070995654363	0.044495708009969381	0.044919041807539188	0.045307219873665136	0.045659369981236902	0.045974599754790124	0.046251996225210611	0.046490625374889093	0.046689531673125548	0.046847737601579231	0.046964243169555206	0.04703802541891438	0.047068037918389642	0.047053210247086613	0.046992447466941804	0.046884629583907378	0.046728610997626638	0.046523219939359373	0.046267257897911369	0.045959499033317065	0.045598689578019769	0.045183547225287918	0.044712760504600747	0.044184988143731736	0.043598858417251279	0.042952968481166157	0.042245883693406067	0.041476136919862107	0.040642227825675697	0.039742622151471549	0.038775750974219918	0.037740009952408178	0.036633758555195281	0.035455319275216002	0.034202976824693775	0.032874977314515219	0.031469527415912739	0.029984793504392392	0.028418900785539138	0.026769932402321648	0.025035928523513391	0.023214885412837401	0.021304754478434409	0.019303441302246437	0.017208804648898055	0.015018655453651168	0.012730755788998946	0.010342817809455724	0.0078525026740907042	0.0052574194463457687	0.0025551239706654984	-0.00025688227454137748	-0.0031811533480971292	-0.0062203000419078737	-0.0093769911019853294	-0.012653954475155509	-0.016053978581989703	-0.019579913616494065	-0.023234672873117621	-0.02702123410163677	-0.030942640890498356	-0.035002004079203279	-0.039202503200334457	6.7899914853404644	-0.048039979700190291	-0.052683673015064762	-0.057481937236187219	-0.0624383180730037	-0.06755643923786199	-0.072840004113389159	-0.07829279745476965	-0.0839186871276454	-0.089721625882369607	-0.095705653165363253	-0.10187489696833815	-0.10823357571616556	-0.11478600019418629	-0.12153657551577234	-0.12848980313096933	-0.13565028287706221	-0.14302271507192785	-0.15061190265105334	-0.15842275334911651	-0.1664602819270436	-0.17472961244547969	0.0013326039847122403	0.0026540327227587619	0.0039639795215370144	0.0052621302068017878	0.0065481629515605289	0.00782174810121203	0.0090825479948483043	0.010330216782637786	0.011564400239206282	0.012784735572930353	0.013990851231056003	0.015182366700553812	0.01635889230461968	0.017520028994728459	0.01866536813814608	0.019794491300803296	0.020906970025432698	0.022002365604868193	0.023080228850404342	0.024140099855110515	0.025181507751992915	0.026203970466895092	0.027206994466025518	0.02819007449799802	0.029152693330269264	0.030094321479854049	0.031014416938197818	0.031912424890082405	0.032787777426438673	0.03363989325093765	0.034468177380227928	0.035272020837685929	0.036050800340541152	0.036803877980236994	0.037530600895884399	0.038230300940662057	0.038902294341015144	0.039545881348499831	0.040160345884119743	0.040744955174994706	0.041298959383201543	0.041821591226621491	0.042312065591625952	0.042769579137429105	0.043193309891931889	0.043582416838878743	0.043936039496143997	0.04425329748496204	0.044533290089910894	0.044775095809454754	0.044977771896847714	0.045140353891196458	0.045261855138474784	0.045341266302280282	0.045377554864117278	0.045369664612987429	0.045316515124062706	0.045217001226213541	0.045069992458158036	0.044874332512994081	0.0446288386708718	0.044332301219557724	0.043983482862637986	0.043581118115102208	0.043123912686043681	0.042610542848207887	0.042039654794113715	0.041409863978467784	0.040719754446585398	0.039967878148526446	0.039152754238648176	0.038272868360271058	0.037326671915147054	0.036312581317414404	0.035228977231714469	0.034074203795142338	0.032846567822693934	0.031544337995865673	0.030165744034057178	0.028708975848418899	0.027172182677779523	0.025553472206280799	0.023850909662339506	0.022062516898549697	0.020186271452126977	0.018220105585493831	0.016161905306591777	0.014009509368499659	0.011760708247930707	0.0094132431021675816	0.006964804703990979	0.0044130323541437602	0.0017555127708665692	-0.0010102210439717127	-0.0038866909626313127	-0.0068764749136428676	-0.0099822080888371106	-0.013206584175777093	-0.01655235661611924	-0.020022339890439868	-0.023619410830072581	-0.027346509956516961	-0.031206642848987151	-0.035202881540681269	-0.039338365944366842	-0.043616305307884323	-0.048039979700190236	6.9059522055718805	-0.057338017087637194	-0.062219308140865688	-0.06726019353516835	-0.072464330849364031	-0.077835458077131797	-0.083377395345200139	-0.089094046667487908	-0.09498940173594074	-0.10106753774881487	-0.10733262127718404	-0.11378891017045126	-0.12044075550167031	-0.1272926035534977	-0.13434899784560511	-0.1416145812044112	-0.14909409787599723	-0.156792395683098	-0.16471442822707044	-0.17286525713576517	-0.1812500543582449	0.0013057010535992204	0.0026001233860265581	0.0038829574649331413	0.0051538862070529753	0.006412584805513941	0.0076587205533574154	0.0088919526631855254	0.010111932082853443	0.011318301307122402	0.012510694185187261	0.013688735723990758	0.014852041887234676	0.016000219389996344	0.017132865488856893	0.01824956776744581	0.019349903917304314	0.020433441513968073	0.021499737788167612	0.022548339392042812	0.023578782160265543	0.024590590865962405	0.025583278971327408	0.02655634837281164	0.027509289140775394	0.028441579253485082	0.029352684325335297	0.030242057329173757	0.031109138312604329	0.031953354108140597	0.032774118037080122	0.033570829606966425	0.034342874202503496	0.035089622769784036	0.035810431493690807	0.036504641468326438	0.037171578360325017	0.037810552064895073	0.038420856354440563	0.039001768519604026	0.039552549002571172	0.040072441022475119	0.040560670192733045	0.041016444130145734	0.041438952055586668	0.041827364386104127	0.042180832318254965	0.042498487402486393	0.042779441108377565	0.043022784380548962	0.043227587185043014	0.043392898045977485	0.043517743572265365	0.043601127974195172	0.043642032569656992	0.043639415279798845	0.043592210113890757	0.043499326643171195	0.043359649463444561	0.043172037646194844	0.042935324177974563	0.042648315387824119	0.042309790362470796	0.041918500349052652	0.041473168145105217	0.040972487475546895	0.040415122356389291	0.03979970644489686	0.039124842375912391	0.038389101084059622	0.037591021111528636	0.036729107901143011	0.035801833074402011	0.034807633694185068	0.033744911511798203	0.032612032198036975	0.031407324557932548	0.030129079728841855	0.028775550361534431	0.027344949783922965	0.025835451147075878	0.024245186553144248	0.022572246164826806	0.020814677295988737	0.018970483483044122	0.017037623536701546	0.015014010573665202	0.012897511027875898	0.010685943640867085	0.0083770784308028375	0.0059686356397555549	0.0034582846587725572	0.00084364293027023229	-0.0018777251727125784	-0.0047083094908819288	-0.0076506552471671966	-0.010707364239807801	-0.013881096060558644	-0.01717456933853433	-0.020590563010221493	-0.024131917616201738	-0.027801536625135882	-0.031602387785574296	-0.03553750450616841	-0.039609987264868161	-0.043823005047707558	-0.048179796817784733	-0.052683673015064818	-0.057338017087637153	7.0237322044337951	-0.067112017104586877	-0.072238819220549089	-0.07753038484825496	-0.08299048659243656	-0.088622979951365796	-0.094431805087238876	-0.10042098863359318	-0.1065946455405211	-0.11295698095845778	-0.11951229216133766	-0.12626497050992852	-0.13321950345617015	-0.14038047658936109	-0.14775257572505354	-0.15534058903753317	-0.16314940923678231	-0.17118403579083694	-0.17944957719447266	-0.18795125328516896	0.0012773535345773422	0.0025433248734766374	0.003797601644602697	0.0050398638556687289	0.0062697837199230623	0.0074870254780496515	0.0086912452161607336	0.0098820906797982295	0.011059201083858798	0.012222206918355589	0.013370729749928074	0.014504382019009242	0.015622766832557857	0.016725477752261311	0.017812098578112653	0.018882203127263585	0.019935355008052852	0.020971107389107586	0.021989002763412983	0.022988572707243395	0.0239693376338459	0.024930806541764848	0.025872476757694048	0.026793833673740185	0.027694350478979463	0.028573487885186235	0.029430693846610522	0.030265403273678219	0.031077037740485626	0.031865005185956828	0.032628699608530314	0.03336750075423759	0.034080773798034619	0.034767869018243448	0.035428121463958434	0.036060850615269105	0.03666536003614726	0.037240937019844725	0.037786852226642818	0.038302359313793319	0.038786694557485547	0.039239076466672566	0.039658705388584591	0.040044763105754486	0.040396412424377796	0.040712796753823728	0.040993039677112486	0.041236244512167966	0.041441493863652937	0.041607849165188393	0.041734350211755401	0.041820014682073588	0.041863837650746014	0.041864791089955347	0.041821823360493171	0.041733858691898017	0.041599796651474737	0.041418511601961756	0.041188852147608979	0.040909640568423528	0.040579672242336044	0.040197715055034736	0.039762508797209183	0.039272764548941283	0.038727164050974351	0.038124359062586093	0.037462970705786525	0.036741588795554614	0.035958771155822619	0.035113042920910761	0.034202895822108913	0.033226787459095207	0.032183140555876427	0.031070342200926544	0.029886743071195158	0.028630656639649588	0.027300358366007714	0.02589408487031232	0.024410033088988908	0.022846359413024112	0.021201178807891477	0.019472563914846468	0.017658544133202676	0.015757104683194561	0.013766185649023311	0.011683681001674856	0.0095074376010893854	0.0072352541772549833	0.0048648802897866368	0.0023940152655464596	-0.0001796928861518607	-0.002858648581218373	-0.0056453097918154988	-0.0085421892012247924	-0.011551855383044672	-0.01467693400522304	-0.017920109059439384	-0.021284124116359545	-0.024771783607300684	-0.028385954132849493	-0.032129565798993773	-0.036005613581335305	-0.040017158717962124	-0.044167330131576553	-0.048459325881478353	-0.052896414646023959	-0.057481937236187219	-0.062219308140865688	-0.067112017104586766	7.1433577271627353	-0.077377794163813171	-0.082758232692938041	-0.088308753541442284	-0.094033247579141416	-0.099935691116508463	-0.10602014772867324	-0.11229077011756373	-0.11875180201297666	-0.12540758011337835	-0.13226253606724964	-0.13932119849581437	-0.14658819505799794	-0.15406825455848541	-0.16176620909976747	-0.16968699627907374	-0.17783566143111965	-0.18621735991760502	-0.19483735946442687	0.0012475282901751458	0.0024835709101660806	0.003707812648131296	0.0049199306027632112	0.0061195940074305951	0.0073064640504599812	0.0084801936914737138	0.0096404274737004712	0.010786801332172328	0.011918942397720742	0.013036468796681891	0.014138989446219991	0.015226103845175238	0.016297401860341273	0.01735246350807473	0.018390858731137768	0.019412147170672217	0.020415877933201831	0.021401589352557104	0.022368808746614902	0.023317052168742698	0.02424582415383528	0.025154617458829114	0.026042912797577332	0.026910178569965897	0.0277558705851489	0.028579431778778679	0.029380291924103189	0.030157867336801387	0.030911560573423986	0.031640760123304336	0.032344840093801508	0.033023159888734714	0.033675063879865234	0.034299881071279313	0.034896924756521709	0.035465492168327679	0.036004864120796787	0.036514304643849242	0.036993060609802737	0.037440361351902866	0.037855418274638751	0.038237424455669758	0.03858555423918833	0.038898962820537113	0.039176785821897854	0.039418138858863576	0.039622117097703032	0.039787794803121376	0.039914224876317905	0.040000438383137112	0.040045444072105314	0.040048227882140068	0.040007752439716583	0.039922956545269984	0.039792754648607397	0.039616036313100143	0.039391665668420506	0.03911848085158437	0.038795293436053389	0.038420887848648611	0.037994020774018936	0.037513420546405711	0.036977786528437001	0.0363857884766811	0.035736065893681827	0.035027227366194832	0.034257849889335182	0.033426478176343678	0.032531623953670652	0.031571765241072212	0.030545345616405518	0.029450773464804528	0.028286421211911272	0.027050624540829456	0.025741681592462404	0.024357852148889064	0.02289735679942536	0.021358376089009787	0.019739049648546919	0.018037475306832872	0.016251708183680012	0.014379759763850204	0.012419596951398257	0.010369141104017997	0.008226267046977067	0.0059888020662152543	0.0036545248801748277	0.0012211645899220989	-0.0013136003928913213	-0.003952143440685279	-0.0066968908276961734	-0.0095503228712880001	-0.012514975097317527	-0.015593439430052345	-0.018788365407148854	-0.022102461420210967	-0.02553849598145606	-0.029099299017031455	-0.032787763187528879	-0.036606845236263889	-0.040559567365888692	-0.044649018643928631	-0.048878356437837812	-0.053250807880182618	-0.057769671364577023	-0.062438318073003755	-0.067260193535168461	-0.072238819220549089	-0.077377794163813171	7.264855366867863	-0.088151585780216909	-0.09379400345842373	-0.099611975900273195	-0.1056095155645148	-0.11179072296787027	-0.11815978856410346	-0.12472099466237314	-0.13147871738567682	-0.13843742867020903	-0.14560169830647721	-0.15297619602303339	-0.16056569361369655	-0.16837506710916128	-0.17640929899390514	-0.18467348046932239	-0.19317281376403786	-0.20191261449236561	0.001216191453922091	0.0024207937631538067	0.0036134888761073184	0.0047939509824542585	0.0059618463356838304	0.0071168330717651558	0.0082585610238306902	0.0093866715327958466	0.01050079725382813	0.011600561958577298	0.012685580333076261	0.013755457771220427	0.014809790163731454	0.015848163682509225	0.016870154560273923	0.017875328865398221	0.01886324227182699	0.019833439823980614	0.020785455696534907	0.021718812948969216	0.022633023274771475	0.023527586745186832	0.024401991547394437	0.025255713716993859	0.026088216864680852	0.026898951896989255	0.027687356730973674	0.028452856002704141	0.029194860769442298	0.02991276820536538	0.030605961290701752	0.031273808494137967	0.03191566344835646	0.032530864618557857	0.033118734963820111	0.033678581591143411	0.034209695402026327	0.034711350731416186	0.035182804978872148	0.035623298231777768	0.036032052880435025	0.036408273224868816	0.036751145073168026	0.037059835331184378	0.037333491583407798	0.037571241664832437	0.03777219322362433	0.037935433274396878	0.038060027741897692	0.038145020994904404	0.038189435370125029	0.038192270685892399	0.038152503745438576	0.038069087829531389	0.037940952178249589	0.037767001461668809	0.037546115239226602	0.037277147407529458	0.036958925636359045	0.036590250792631743	0.036169896352058806	0.035696607798249846	0.03516910200899806	0.034586066629477781	0.03394615943208204	0.033248007662620961	0.032490207372595663	0.031671322737257451	0.030789885359155479	0.029844393556870408	0.028833311638624563	0.027755069160453956	0.026608060168619999	0.025390642425932496	0.024101136621649387	0.022737825564609935	0.021298953359254302	0.019782724564171416	0.018187303332812776	0.016510812536001028	0.014751332865854771	0.012906901920743187	0.010975513270876517	0.0089551155041297775	0.0068436112516896399	0.0046388561931054364	0.0023386580403163869	-5.9224499780813191e-05	-0.0025570827846688841	-0.0051572593179064138	-0.0078621488536468869	-0.010674199524452964	-0.013595913992890393	-0.016629850627391089	-0.019778624702891601	-0.023044909626757114	-0.026431438190515907	-0.029941003847936763	-0.033576462019997075	-0.037340731427294292	-0.041236795450470695	-0.045267703519229555	-0.049436572530533518	-0.053746588296588467	-0.058201007023227093	-0.06280315681932104	-0.067556439237862045	-0.072464330849364017	-0.077530384848255043	-0.082758232692938125	-0.088151585780216909	7.3882520679840402	-0.09945006325455262	-0.10536302569240302	-0.11145717307536973	-0.11773664286176698	-0.12420566325719389	-0.1308685551501711	-0.13772973408822745	-0.1447937122952713	-0.15206510073109392	-0.15954861119387373	-0.16724905846656313	-0.17517136250806165	-0.18332055069009373	-0.19170176008073342	-0.20032023977552982	-0.20918135327721407	0.00118330841476559	0.0023549242103346403	0.0035145264953730009	0.0046617865505315199	0.0057963676494198384	0.0069179248756496515	0.0080261049358635386	0.0091205459686636483	0.010200877349352915	0.011266719490399398	0.012317683637532724	0.013353371661379506	0.014373375844542867	0.015377278664028922	0.016364652568921438	0.017335059753203527	0.018288051923623181	0.019223170062497366	0.020139944185347237	0.021037893093254618	0.021916524119827863	0.022775332872662563	0.023613802969180506	0.024431405766727671	0.025227600086809614	0.026001831933339999	0.026753534204775622	0.027482126400008588	0.028187014317883223	0.028867589750203426	0.029523230168092315	0.030153298401564121	0.03075714231216449	0.031334094458533308	0.031883471754740322	0.032404575121241022	0.032896689128297484	0.033359081631704653	0.033791003400660657	0.034191687737615009	0.03456035008992589	0.034896187653154179	0.035198378965818088	0.035466083495428791	0.035698441215623392	0.035894572174208529	0.036053576051923109	0.03617453171172532	0.036256496738405128	0.036298506968318628	0.036299576009037222	0.036258694748700256	0.03617483085485438	0.036046928262560146	0.035873906651539632	0.035654660912137141	0.035388060599856601	0.03507294937823853	0.034708144449830419	0.034292435975003345	0.033824586478358759	0.033303330242467136	0.032727372688673408	0.032095389744698014	0.031406027198759005	0.030657900039932587	0.029849591784465574	0.028979653787745276	0.028046604541629504	0.02704892895682889	0.025985077630032251	0.024853466095454312	0.023652474060483861	0.022380444625098719	0.021035683484710809	0.019616458116095605	0.018120996946054221	0.016547488502448696	0.014894080547243553	0.013158879191179485	0.01133994798969752	0.0094353070197238272	0.0074429319369167237	0.0053607530129718183	0.0031866541525683661	0.0009184718895374614	-0.0014460056381823234	-0.0039090397352397133	-0.0064729422176665425	-0.0091400765042317367	-0.011912858730822045	-0.014793758888326881	-0.017785301984513252	-0.02089006923038848	-0.024110699251558215	-0.027449889325096222	-0.030910396642454995	-0.034495039598955141	-0.038206699110403967	-0.042048319957404219	-0.046022912157925568	-0.050133552368721961	-0.054383385316193425	-0.058775625257297459	-0.063313557471133347	-0.068000539781830349	-0.072840004113389215	-0.077835458077131769	-0.08299048659243656	-0.088308753541442256	-0.093794003458423841	-0.09945006325455262	7.5135751297258357	-0.11129034261552553	-0.11748264392012112	-0.12386192229246321	-0.1304324436899873	-0.1371985675805755	-0.14416474893628825	-0.15133554026874727	-0.15871559370702754	-0.16630966311893447	-0.17412260627655382	-0.18215938706698911	-0.19042507774921311	-0.19892486125797862	-0.20766403355575927	-0.21664800603370374	0.0011488438011618618	0.0022858915086210203	0.0034108193912970059	0.0045232958208198748	0.0056229810909197084	0.0067095272328507906	0.0077825778267657918	0.0088417678089536406	0.0098867232748526563	0.010917061277749229	0.011932389623069681	0.012932306658171874	0.013916401057540339	0.014884251603287428	0.01583542696086053	0.016769485449853218	0.017685974809816506	0.018584431960964022	0.019464382759662238	0.020325341748595471	0.021166811901492492	0.021988284362299281	0.022789238178680348	0.023569140029728063	0.024327443947757731	0.025063591034062842	0.025777009168502431	0.026467112712790654	0.027133302207354569	0.027774964061624625	0.028391470237618871	0.028982177926679047	0.02954642921921399	0.030083550767303034	0.030592853440007554	0.031073631971238476	0.031525164600021222	0.031946712702998453	0.032337520419007303	0.032696814265563146	0.033023802747080423	0.033317675954655977	0.033577605157237393	0.033802742383995207	0.03399221999771377	0.034145150259012179	0.034260624881202219	0.034337714575586875	0.034375468586998449	0.03437291421937147	0.034329056351140801	0.034242876940252312	0.034113334518567254	0.033939363675438622	0.033719874530232237	0.033453752193560775	0.033139856216994723	0.032777020031008408	0.032364050370915408	0.031899726690541294	0.031382800563377833	0.030811995070956388	0.030186004178173378	0.029503492095295684	0.028763092626366154	0.02796340850372725	0.027103010708371254	0.026180437775821713	0.025194195087244856	0.024142754145481563	0.02302455183568676	0.02183798967025426	0.020581433017700126	0.01925321031517015	0.017851612264230203	0.016374891009591944	0.014821259300417602	0.01318888963384225	0.011475913380343377	0.0096804198905796716	0.0078004555833148803	0.0058340230140317122	0.0037790799238371238	0.0016335382682467975	-0.00060473677456715838	-0.002937927816492015	-0.005368266293589787	-0.0078980335220546691	-0.010529561776467401	-0.013265235390807404	-0.016107491882694776	-0.01905882310134565	-0.022121776399728215	-0.025298955831425298	-0.028593023372711416	-0.0320067001703691	-0.035542767815775256	-0.039204069645801823	-0.042993512071086391	-0.046914065932236924	-0.050968767884550265	-0.055160721811831612	-0.05949310026991779	-0.06396914596051817	-0.068592173235998338	-0.073365569635745725	-0.078292797454769664	-0.083377395345200139	-0.088622979951365768	-0.094033247579141416	-0.099611975900273111	-0.10536302569240302	-0.11129034261552559	7.6408522095411593	-0.12368999582630343	-0.13017066435903793	-0.13684426833310642	-0.1437152057957527	-0.15078797114356893	-0.15806715717589023	-0.1655574571910757	-0.17326366712655689	-0.18119068774355332	-0.18934352685737293	-0.19772730161423591	-0.20634724081557448	-0.21520868729078671	-0.22431710031943838	0.0011127614648338776	0.0022136233614588881	0.003302259119048241	0.0043783342002112072	0.0054415059187983006	0.0064914232537063906	0.0075277266585982638	0.0085500478674495825	0.0095580096958340997	0.010551225837856493	0.011529300658639845	0.012491828982273169	0.013438395875122477	0.01436857642440637	0.015281935511935798	0.016178027582914797	0.017056396409697493	0.017916574850394097	0.018758084602216393	0.019580435949451216	0.02038312750594776	0.021165645952002415	0.021927465765522309	0.022668048947346298	0.023386844740599485	0.024083289343955032	0.024756805618674344	0.025406802789293585	0.026032676137822525	0.026633806691318169	0.027209560902693487	0.027759290324617752	0.028282331276363117	0.028778004503448088	0.029245614829925898	0.02968445080316276	0.030093784330947518	0.030472870310770603	0.030820946251108011	0.03113723188454106	0.031420928772540498	0.031671219901739066	0.03188726927151371	0.032068221472694391	0.032213201257212672	0.032321313098500087	0.032391640742441309	0.032423246748684145	0.032415172022103297	0.032366435334211581	0.032276032834307376	0.032142937550143032	0.031966098877894526	0.031744442061207349	0.031476867659090739	0.031162251002426124	0.030799441638850233	0.030387262765771514	0.029924510651269359	0.029409954042623972	0.028842333562217371	0.028220361090541712	0.027542719136045307	0.026808060191541003	0.026015006076896739	0.02516214726772106	0.024248042209751863	0.023271216618648814	0.022230162764886565	0.021123338743436314	0.019949167727919187	0.018706037208907858	0.017392298216045831	0.016006264523646653	0.014546211839430475	0.013010376976044952	0.011396957005013319	0.0097041083927438768	0.0079299461182269736	0.0060725427720395514	0.004129927636267525	0.0021000857449507328	-1.9043075355695002e-05	-0.0022295651853156814	-0.0045336341332644159	-0.0069334516768075052	-0.0094312688260073784	-0.01202938690860403	-0.014730158657727031	-0.017535989322566038	-0.020449337802474866	-0.023472717804995952	-0.026608699028299064	-0.029859908368542097	-0.03322903115266887	-0.036718812397170543	-0.040332058093348236	-0.044071636519625472	-0.047940479581469943	-0.051941584179495189	-0.056078013606324896	-0.06035289897281524	-0.064769440664240299	-0.069330909827061346	-0.074040649886910337	-0.078902078098432263	-0.0839186871276454	-0.089094046667487908	-0.094431805087238876	-0.099935691116508546	-0.1056095155645148	-0.11145717307536976	-0.11748264392012112	-0.12368999582630348	7.7701113265631925	-0.13666706226162628	-0.14344536653496331	-0.15042273529239225	-0.15760370235503621	-0.16499290080994408	-0.17259506512475886	-0.18041503330653846	-0.18845774910563609	-0.19672826426556428	-0.20523174081979054	-0.21397345343642643	-0.22295879181179448	-0.23219326311387781	0.0010750244641895533	0.0021380458856640745	0.003188734853850456	0.0042267539223371734	0.0052517574250951918	0.0062633912886639505	0.0072612928402163565	0.0082450906114147956	0.0092144041379684759	0.010168843754800363	0.011108010386730245	0.012031495334578382	0.012938880056592184	0.013829735945096551	0.014703624098265962	0.015560095086914924	0.016398688716200691	0.017218933782130033	0.018020347822760074	0.018802436863980154	0.019564695159759875	0.020306604926746019	0.021027636073088444	0.021727245921372373	0.022404878925532692	0.02305996638162237	0.02369192613230504	0.024300162264938991	0.024884064803116574	0.025443009391521516	0.025976356973961535	0.026483453464433569	0.026963629411073015	0.02741619965283754	0.027840462968772246	0.028235701719698747	0.028601181482169186	0.028936150674521755	0.029239840174871391	0.029511462930865356	0.029750213561030591	0.029955267947535832	0.030125782820187366	0.03026089533147458	0.030359722622476205	0.030421361379436268	0.030444887380812403	0.030429355034597084	0.030373796905707438	0.030277223233234653	0.030138621437340557	0.029956955615584105	0.029731166028455765	0.029460168573893553	0.029142854250550524	0.028778088609576358	0.028364711194674312	0.027901534970186836	0.027387345736959147	0.026820901535726166	0.026200932037760142	0.025526137922513951	0.024795190241987702	0.02400672977154051	0.023159366346865124	0.022251678186836446	0.021282211201937594	0.020249478287964681	0.019151958604700762	0.017988096839247153	0.016756302453691346	0.01545494891678495	0.014082372919298583	0.012636873572713933	0.011116711590905185	0.0095201084544559826	0.0078452455572508382	0.0060902633349709488	0.0042532603751197114	0.0023322925081920589	0.00032537187959653133	-0.0017695339980702204	-0.0039545032128047468	-0.0062316604414508403	-0.0086031779588506638	-0.011071276668328295	-0.013638227153946815	-0.016306350754991452	-0.019078020663140998	-0.021955663042795368	-0.024941758175042027	-0.028038841625749534	-0.031249505438289488	-0.0345763993513949	-0.038022232042678697	-0.041589772398340732	-0.045281850809606158	-0.049101360496450565	-0.053051258859171342	-0.057134568858387517	-0.061354380424049913	-0.065713851894065603	-0.070216211483145954	-0.074864758782504037	-0.079662866291038026	-0.084613980978650916	-0.089721625882369677	-0.094989401735940768	-0.10042098863359314	-0.10602014772867331	-0.11179072296787027	-0.11773664286176702	-0.12386192229246325	-0.13017066435903793	-0.13666706226162623	7.9013808650592701	-0.15024006046183216	-0.1573255151783598	-0.16461633862014799	-0.1721172041619588	-0.17983288744071899	-0.1877682685331136	-0.19592833417862879	-0.20431818004898197	-0.21294301306488797	-0.22180815376113736	-0.23091903870097763	-0.24028122294080903	0.0010355950473931765	0.0020590835775651578	0.0030701333401965147	0.004068403979854935	0.0050535468506318227	0.0060252048267091978	0.0069830121087700722	0.0079265940261636011	0.0088555668347343828	0.0097695375102237123	0.010668103537148076	0.011550852693058965	0.012417362828085221	0.01326720163965798	0.014099926442315319	0.014915083932482233	0.015712209948119001	0.016490829223129024	0.017250455136414773	0.017990589455468053	0.01871072207437887	0.019410330746144486	0.020088880809157383	0.020745824907749195	0.021380602706664607	0.021992640599336352	0.022581351409830367	0.023146134088326911	0.02368637340000115	0.024201439607163259	0.024690688144516016	0.025153459287383734	0.025589077812765121	0.025996852653057227	0.026376076542296838	0.026726025654760868	0.02704595923576493	0.027335119224494959	0.02759272986870475	0.027817997331107576	0.028010109287286564	0.028168234514946402	0.028291522474322851	0.028379102879564477	0.028430085260897405	0.028443558517378106	0.028418590460037009	0.028354227345211539	0.028249493397861043	0.028103390324655104	0.027914896816619121	0.027682968041118469	0.027406535122958219	0.027084504614369044	0.026715757953647432	0.026299150912211678	0.025833513029831473	0.02531764703778315	0.024750328269677914	0.02413030405970518	0.023456293128027651	0.022726984953058992	0.021941039130350878	0.021097084717808696	0.020193719566950204	0.019229509639916299	0.018202988311935869	0.017112655658941069	0.015956977730023414	0.014734385804414404	0.013443275632667914	0.012082006661714278	0.010648901243451527	0.0091422438265293757	0.0075602801309759965	0.0059012163053111634	0.0041632180657802768	0.0023444098173379035	0.00044287375600030347	-0.0015433510478195299	-0.0036162695853906093	-0.0057779318655594193	-0.008030433890874121	-0.010375918654358263	-0.012816577157361267	-0.015354649448925567	-0.017992425687114594	-0.020732247222759452	-0.023576507706087511	-0.026527654216709426	-0.029588188417445812	-0.032760667732491852	-0.036047706550420763	-0.039451977452540601	-0.042976212467133547	-0.046623204350107833	-0.050395807892613366	-0.054296941256176671	-0.058329587335925963	-0.062496795152485012	-0.066801681273132227	-0.071247431262825386	-0.07583730116571312	-0.080574619017760127	-0.085462786391131251	-0.090505279970987035	-0.09570565316536328	-0.10106753774881487	-0.1065946455405211	-0.11229077011756379	-0.11815978856410346	-0.12420566325719389	-0.1304324436899873	-0.13684426833310639	-0.14344536653496331	-0.15024006046183216	8.0346895778751897	-0.16442800017026959	-0.17183037240735377	-0.17944459745221969	-0.18727549211107761	-0.19532797853023917	-0.20360708643832409	-0.21211795543525394	-0.22086583732899165	-0.22985609852100666	-0.23909422244147135	-0.2485858120352025	0.00099443463508295713	0.0019766592784385552	0.0029463388400010463	0.0039031300553173244	0.0048466812985992385	0.0057766323916713892	0.0066926144087268965	0.0075942494768016571	0.0084811505718757115	0.0093529213105086311	0.010209155736913642	0.011049438105373434	0.011873342657898311	0.012680433397025627	0.013470263853657061	0.014242376849828056	0.01499630425630198	0.015731566744878862	0.016447673535306462	0.0171441221366791	0.017820398083207203	0.018475974664238445	0.019110312648407932	0.019722860001793786	0.020313051599950456	0.020880308933690438	0.021424039808481923	0.02194363803732725	0.022438483126984269	0.022907939957389736	0.023351358454141314	0.023768073253890923	0.024157403362500472	0.024518651805806271	0.024851105272836897	0.025154033751324675	0.025426690155348524	0.025668309944942142	0.025878110737498284	0.026055291910796079	0.02619903419747497	0.026308499270775623	0.026382829321363058	0.026421146625045307	0.026422553101195716	0.02638612986168317	0.026310936750111095	0.026196011871161506	0.026040371109836327	0.025843007640383456	0.02560289142469167	0.025318968699933008	0.024990161455227047	0.024615366897097039	0.024193456903483054	0.023723277466071838	0.023203648120699583	0.02263336136557657	0.022011182067079926	0.021335846852853713	0.020606063491950866	0.019820510261745763	0.018977835301341971	0.018076655951190956	0.017115558078635493	0.016093095389082605	0.015007788722506696	0.013858125334976138	0.012642558164890919	0.011359505083612742	0.010007348130161646	0.0085844327296468719	0.0070890668950939388	0.0055195204123204408	0.003874024007508596	0.0021507684971142213	0.00034790391974390955	-0.0015364613503748229	-0.0035042615087126374	-0.0055574742449385518	-0.0076981216869990302	-0.0099282713651836739	-0.01225003719659244	-0.014665580490428458	-0.017177110974548555	-0.019786887843713286	-0.022497220829986734	-0.025310471295745565	-0.028229053349766116	-0.031255434986869252	-0.034392139251609312	-0.037641745426507882	-0.041006890245339392	-0.044490269131987517	-0.048094637465403364	-0.051822811871203842	-0.055677671540463138	-0.059662159576259401	-0.063779284368550751	-0.068032120997966669	-0.072423812669112478	-0.076957572173996971	-0.081636683386205749	-0.08646450278645576	-0.09144446102017785	-0.096580064487790357	-0.10187489696833818	-0.1073326212771841	-0.11295698095845781	-0.11875180201297672	-0.12472099466237314	-0.13086855515017118	-0.1371985675805755	-0.1437152057957527	-0.15042273529239225	-0.15732551517835985	-0.16442800017026959	8.1700665898735263	-0.17925039466070702	-0.18697971020414167	-0.19492754723861125	-0.20309886998005341	-0.21149875114622196	-0.22013237426524268	-0.2290050360323258	-0.2381221487156206	-0.24748924261222316	-0.25711196855536828	0.0009515038027273886	0.0018906941392212542	0.0028172330796695268	0.0037307744505983178	0.0046309636463399053	0.00551743743636148	0.0063898237683662797	0.0072477415670769213	0.0080908005286088949	0.0089186009103400521	0.009730733316180365	0.01052677847714371	0.011306307027121855	0.012068879273758394	0.012814044964318573	0.013541343046448285	0.014250301423714026	0.014940436705812415	0.015611253953336509	0.016262246416983137	0.016892895271083206	0.017502669341334688	0.01809102482661545	0.018657405014749998	0.019201239992102565	0.019721946346865457	0.020218926865909058	0.020691570225057836	0.021139250672652262	0.021561327706255757	0.021957145742360802	0.022326033778946926	0.022667305050739255	0.022980256677013425	0.023264169301789765	0.023518306726255888	0.023741915533254197	0.023934224703666036	0.024094445224523191	0.024221769688670614	0.024315371885804085	0.024374406384700179	0.02439800810645323	0.024385291888530777	0.024335352039453337	0.024247261883902187	0.024120073298053692	0.023952816234934744	0.023744498239589466	0.023494103953844308	0.023200594610451458	0.022862907516389412	0.022479955525092306	0.022050626497376168	0.021573782750824406	0.021048260497392494	0.020472869268982809	0.019846391330739729	0.019167581081806384	0.018435164443281297	0.017647838233107695	0.016804269527620857	0.015903095009476041	0.014942920301670874	0.013922319287373053	0.012839833415255819	0.011693970990039097	0.010483206447927438	0.0092059796166292542	0.0078606949596365019	0.0064457208044355011	0.0049593885543144046	0.0033999918834259732	0.0017657859147557097	5.4986380639985384e-05	-0.0017342312345292174	-0.0036037325697843943	-0.0055554252816247913	-0.0075912599570081537	-0.0097132310456855223	-0.01192337781228074	-0.014223785308526631	-0.016616585366074767	-0.019103957610308052	-0.021688130495590489	-0.024371382362401023	-0.027156042516804233	-0.030044492332722401	-0.033039166377480729	-0.036142553561110478	-0.039357198309899553	-0.042685701764695855	-0.046130723004475432	-0.049694980295697223	-0.053381252367981344	-0.057192379716653391	-0.061131265932711766	-0.065200879060786435	-0.069404252985665313	-0.073744488847983375	-0.078224756489673114	-0.08284829592979423	-0.087618418871369688	-0.092538510239867713	-0.097612029753986099	-0.10284251352940087	-0.10823357571616553	-0.1137889101704512	-0.11951229216133766	-0.1254075801133783	-0.13147871738567682	-0.13772973408822747	-0.14416474893628817	-0.15078797114356893	-0.15760370235503621	-0.16461633862014799	-0.17183037240735383	-0.17925039466070697	8.3075414013643396	-0.19472727336150558	-0.20279382319163197	-0.21108575267540047	-0.21960817751969788	-0.22836632518085462	-0.23736553724132867	-0.24661127183594814	-0.25610910612873405	-0.2658647388413386	0.00090676226261300499	0.001801107584486323	0.0026826951960615616	0.0035511760148440497	0.004406192455286501	0.0052473782344986813	0.006074358173693944	0.0068867479952816682	0.0076841541155127308	0.0084661734325833325	0.0092323931101001115	0.0099823903558082031	0.010715732195480778	0.011431975241867717	0.012130665458597818	0.012811337918927475	0.013473516559226193	0.014116713927087266	0.014740430923949055	0.01534415654211089	0.015927367596024054	0.016489528447736983	0.017030090726370198	0.017548493041494619	0.018044160690284264	0.018516505358311217	0.01896492481384816	0.019388802595541529	0.019787507693314603	0.020160394222357287	0.020506801090056988	0.020826051655720879	0.021117453382937142	0.021380297484420833	0.021613858559184025	0.021817394221869721	0.021990144724083668	0.02213133256755492	0.022240162108954249	0.022315819156192494	0.022357470556021712	0.022364263772754425	0.022335326457914289	0.022269766010628311	0.02216666912856418	0.022025101349215634	0.021844106581331992	0.021622706626284814	0.021359900689160678	0.021054664879364325	0.020705951700511548	0.0203126895293873	0.019873782083740393	0.019388107878679221	0.018854519671430876	0.01827184389421934	0.01763888007501347	0.016954400245891618	0.016217148338762623	0.015425839568179873	0.014579159800976791	0.013675764912449382	0.012714280128804678	0.011693299355586545	0.010611384491787565	0.0094670647293471598	0.0082588358377308196	0.0069851594332792392	0.0056444622330092988	0.0042351352925432397	0.0027555332278334454	0.0012039734203470986	-0.00042126479463564507	-0.0021219409569614078	-0.0038998543281397978	-0.0057568447558427093	-0.0076947935567415297	-0.0097156244180624171	-0.011821304318250231	-0.014013844467137737	-0.016295301266026525	-0.01866777728809247	-0.021133422279538887	-0.023694434181928209	-0.026353060176131839	-0.029111597748346991	-0.031972395778638828	-0.034937855652475029	-0.038010432395730077	-0.041192635833645276	-0.044487031774242049	-0.047896243216695021	-0.051422951585181495	-0.055069897988735718	-0.058839884507646857	-0.062735775506949254	-0.066760498977565752	-0.070917047905677405	-0.075208481670902674	-0.079637927473881751	-0.084208581793874207	-0.088923711876990802	-0.093786657255691422	-0.098800831300196762	-0.10396972280247022	-0.10929689759344582	-0.11478600019418624	-0.12044075550167034	-0.12626497050992849	-0.13226253606724969	-0.13843742867020897	-0.1447937122952713	-0.15133554026874721	-0.15806715717589018	-0.16499290080994403	-0.17211720416195883	-0.17944459745221969	-0.18697971020414167	-0.19472727336150558	8.4471438915267516	-0.21087919478346945	-0.21929354171732299	-0.22794032094750802	-0.2368248038585597	-0.24595237692018335	-0.25532854413388661	-0.26495892953061495	-0.27484927972043721	0.00086016884545595147	0.0017078172756660511	0.0025426016813255904	0.0033641700709191018	0.0041721618790197439	0.0049662077703798687	0.0057459294397229285	0.0065109394071450506	0.0072608408090325529	0.007995227184399897	0.0087136822565505052	0.0094157797099606675	0.01010108296228502	0.01076914493137969	0.011419507797237041	0.012051702758723942	0.012665249785012996	0.013259657361594094	0.013834422230750895	0.014389029126385238	0.014922950503068865	0.015435646259200578	0.015926563454143585	0.016395136019215207	0.01684078446239928	0.017262915566647594	0.017660922081635201	0.018034182408830521	0.018382060279739536	0.018703904427178758	0.01899904824943046	0.019266809467129345	0.019506489772726947	0.019717374472377518	0.01989873212008492	0.020049814143947488	0.020169854464334381	0.020258069103822423	0.020313655788721217	0.020335793542007621	0.020323642267489953	0.020276342325016607	0.020193014096540646	0.020072757542848436	0.019914651750754964	0.019717754470566392	0.019481101643604795	0.019203706919586748	0.018884561163641088	0.018522631952750977	0.018116863061395597	0.017666173936166429	0.017169459159127012	0.016625587899678159	0.016033403354690588	0.015391722176656776	0.014699333889612063	0.013955000292568669	0.013157454850201455	0.012305402070518362	0.011397516869243033	0.010432443920632455	0.0094087969944452524	0.00832515827877142	0.0071800776884286491	0.0059720721586223931	0.0046996249235638082	0.003361184779729545	0.0019551653334452372	0.00047994423246308876	-0.0010661376187980764	-0.0026847768606922439	-0.0043777084968120846	-0.006146706729836071	-0.0079935858151197556	-0.0099202009323989798	-0.011928449075984095	-0.0140202699638282	-0.016197646965863049	-0.018462608052003497	-0.020817226760228558	-0.023263623185157123	-0.025803964987544465	-0.028440468425132457	-0.031175399405300008	-0.03401107455996244	-0.036949862343185577	-0.039994184151982512	-0.043146515470776782	-0.046409387040020185	-0.049785386049467514	-0.053277157356619649	-0.056887404730855663	-0.060618892123785059	-0.064474444966365993	-0.068456951493341314	-0.072569364095558364	-0.076814700700749819	-0.081196046183364151	-0.085716553804046844	-0.090379446679384856	-0.095188019282539491	-0.10014563897540824	-0.10525574757296317	-0.1105218629404344	-0.11594758062401364	-0.12153657551577231	-0.12729260355349772	-0.13321950345617017	-0.13932119849581445	-0.14560169830647732	-0.15206510073109403	-0.15871559370702756	-0.16555745719107576	-0.17259506512475889	-0.17983288744071904	-0.18727549211107766	-0.1949275472386113	-0.20279382319163203	-0.2108791947834695	8.5889043218195891	-0.22772725975845096	-0.23650024525156638	-0.24551291528955582	-0.25477070122937201	-0.2642791529392014	-0.27404394131691451	-0.28407086086099759	0.00081168148162963794	0.0016107390735072601	0.0023968263265818392	0.003169588340317114	0.0039286615694066902	0.0046736736262454961	0.0054042430790670996	0.0061199792456543556	0.0068204819825290301	0.0075053414695238803	0.0081741379896390458	0.0088264417040820053	0.0094618124223888773	0.010079799367522027	0.010679940935837368	0.011261764451812248	0.01182478591742238	0.012368509756054233	0.012892428550836794	0.013396022777274405	0.013878760530059217	0.014340097243940461	0.014779475408523948	0.015196324276873535	0.015590059567782774	0.01596008316158324	0.016305782789352238	0.016626531715380241	0.016921688412755948	0.017190596231922407	0.017432583062056899	0.017646960985121515	0.017833025922431165	0.017990057273579364	0.018117317547561695	0.018214051985931901	0.018279488177822479	0.018312835666658037	0.018313285548387081	0.018280010061052402	0.018212162165518537	0.018108875117169829	0.017969262028388843	0.017792415421621174	0.017577406772829016	0.01732328604513108	0.017029081212422467	0.01669379777276421	0.016316418251327826	0.015895901692674581	0.015431183142147318	0.014921173116144075	0.014364757061042814	0.013760794800537039	0.013108119971140992	0.012405539445615708	0.011651832744062786	0.01084575143242867	0.0099860185081539592	0.0090713277727012681	0.0081003431906844937	0.0070716982353214095	0.0059839952199223752	0.0048358046151236378	0.0036256643515678428	0.0023520791077264792	0.0010135195825563095	-0.0003915782473297602	-0.0018648138862977263	-0.0034078230944652307	-0.0050222786789470078	-0.0067098913019184225	-0.0084724103058444293	-0.010311624556235995	-0.012229363302294157	-0.014227497055819084	-0.016307938488759808	-0.018472643349796293	-0.020723611400347459	-0.023062887370410016	-0.025492561934640546	-0.028014772709101174	-0.030631705269098579	-0.033345594188554629	-0.036158724101355282	-0.039073430785134249	-0.042092102267957857	-0.045217179958384861	-0.048451159799387758	-0.051796593446628535	-0.055256089471595556	-0.058832314590116272	-0.062527994916771107	-0.066345917245744762	-0.070288930358664792	-0.074359946359982373	-0.078561942040469332	-0.082897960269409751	-0.087371111416082461	-0.091984574801138086	-0.096741600178490608	-0.10164550924835286	-0.10669969720205875	-0.11190763429933256	-0.11727286747867083	-0.12279902200152316	-0.12848980313096936	-0.13434899784560517	-0.14038047658936109	-0.14658819505799797	-0.15297619602303344	-0.15954861119387381	-0.16630966311893441	-0.17326366712655694	-0.18041503330653838	-0.18776826853311365	-0.19532797853023923	-0.20309886998005353	-0.21108575267540053	-0.21929354171732299	-0.22772725975845096	8.7328533393794832	-0.24529312499594388	-0.25443587610753998	-0.26382576887221781	-0.27346839902484288	-0.28336948433021009	-0.29353486717522326	0.00076125718200056088	0.0015097869997429412	0.002245240164429793	0.0029672588665040737	0.0036754765807798144	0.0043695178672945303	0.0050489981677919044	0.0057135235977415523	0.0063626907338006251	0.0069960863966202118	0.007613287428897152	0.0082138604685701774	0.008797361717056789	0.0093633367024256366	0.0099113200373962228	0.010440835172056344	0.010951394141184772	0.011442497306064607	0.011913633090670171	0.01236427771210827	0.012793894905191497	0.013201935641019501	0.013587837839440753	0.013951026075265518	0.014290911278097148	0.014606890425646977	0.01489834623039458	0.015164646819452536	0.015405145407492136	0.015619179962583154	0.015806072864797554	0.015965130557425225	0.016095643190644191	0.016196884257487217	0.016268110221941672	0.016308560139016787	0.016317455266608265	0.016293998668988573	0.016237374811745114	0.016146749147986545	0.016021267695633716	0.015860056605606947	0.015662221720718073	0.015426848125072187	0.015152999683778626	0.014839718572768671	0.014486024798510137	0.014090915707408979	0.013653365484679008	0.013172324642459991	0.012646719496958078	0.012075451634377937	0.01145739736541212	0.010791407168046595	0.010076305118439327	0.0093108883096197619	0.0084939262577559821	0.0076241602957282479	0.0067003029537433196	0.0057210373267182089	0.0046850164281572486	0.0035908625302389025	0.0024371664898253523	0.0012224870600989184	-5.4649812472695599e-05	-0.0013957517061519017	-0.0028023604572364417	-0.0042760529089771009	-0.0058184416764314895	-0.0074311759275870748	-0.0091159421810923288	-0.010874465120943574	-0.012708508428478711	-0.01461987563204044	-0.016610410974675967	-0.018682000300249219	-0.020836571958348368	-0.023076097728379975	-0.025402593763250249	-0.0278181215530377	-0.030324788909076542	-0.032924750968871846	-0.035620211222282212	-0.038413422559409022	-0.041306688340645499	-0.044302363489343854	-0.047402855607570731	-0.050610626115430622	-0.053928191414444826	-0.057358124075485677	-0.060903054051775068	-0.06456566991746715	-0.068348720132343638	-0.072255014333164461	-0.076287424652226238	-0.080448887063688954	-0.084742402758248375	-0.089171039546740702	-0.093737933293274373	-0.098446289378505719	-0.10329938419367581	-0.10830056666604806	-0.11345325981639401	-0.11876096234918962	-0.12422725027619767	-0.12985577857412556	-0.13565028287706227	-0.14161458120441123	-0.14775257572505354	-0.15406825455848544	-0.16056569361369652	-0.16724905846656321	-0.17412260627655388	-0.18119068774355332	-0.18845774910563604	-0.19592833417862882	-0.20360708643832409	-0.21149875114622202	-0.21960817751969794	-0.22794032094750802	-0.23650024525156627	-0.24529312499594388	8.8790219804045609	-0.26359901696506721	-0.27312295349040938	-0.2829016990216327	-0.29294101819045676	-0.30324680127220266	0.00070885201836426047	0.0014048731979641772	0.0020877114102560838	0.0027570059366621383	0.0034123872721168245	0.0040534769243002417	0.0046798872084661599	0.0052912210377709656	0.0058870717090072234	0.0064670226836443176	0.0070306473640758304	0.0075775088649716838	0.0081071597796308348	0.0086191419412281443	0.0091129861788467412	0.0095882120681848731	0.010044327676824378	0.010480829303944981	0.010897201214366332	0.01129291536679769	0.011667431136172109	0.012020195029939668	0.012350640398191453	0.012658187137484182	0.012942241388230958	0.013202195225522989	0.013437426343241961	0.013647297731322597	0.013831157346018941	0.013988337773027177	0.014118155883314405	0.014219912481497857	0.014292891946618841	0.014336361865149494	0.014349572656068921	0.014331757187841652	0.014282130387126838	0.014199888839044689	0.014084210378821432	0.013934253674631785	0.013749157801452814	0.013528041805740762	0.013270004260736813	0.01297412281220545	0.012639453714403335	0.01226503135607394	0.011849867776258372	0.011392952169707074	0.010893250381676342	0.010349704391884238	0.0097612317874005011	0.0091267252242363279	0.0084450518773986471	0.0077150528791662589	0.0069355427453404494	0.0061053087892193212	0.0052231105230374835	0.0042876790466090265	0.0032977164229065748	0.0022518950403018875	0.0011488569611894869	-1.2786743291324865e-05	-0.0012344566727266824	-0.0025176057913879834	-0.0038637201369827326	-0.0052743195445069963	-0.006750958385513056	-0.0082952263231155614	-0.0099087490830636268	-0.011593189241214424	-0.013350247027750367	-0.015181661148488753	-0.017089209623640161	-0.019074710644379385	-0.021140023447599444	-0.023287049209228292	-0.025517731956492928	-0.027834059499527025	-0.03023806438272357	-0.032731824856243208	-0.035317465868097517	-0.037997160077234818	-0.040773128888065308	-0.043647643506870101	-0.046623026020549692	-0.049701650498174474	-0.052885944115811948	-0.056178388305111834	-0.059581519926144529	-0.06309793246499279	-0.066730277256612	-0.07048126473348261	-0.074353665700587754	-0.078350312637263053	-0.082474101026473692	-0.086727990712088643	-0.091115007284728197	-0.095638243496779352	-0.10030086070718136	-0.10510609035659563	-0.11005723547359031	-0.11515767221248002	-0.12041085142347326	-0.12582030025579777	-0.13138962379448285	-0.13712250673149348	-0.14302271507192785	-0.1490940978759972	-0.15534058903753314	-0.16176620909976755	-0.16837506710916139	-0.17517136250806165	-0.18215938706698911	-0.18934352685737293	-0.19672826426556428	-0.204318180048982	-0.21211795543525405	-0.22013237426524274	-0.22836632518085456	-0.23682480385855986	-0.24551291528955582	-0.25443587610753998	-0.26359901696506727	9.0274416735219027	-0.28266774610950363	-0.29258458788333258	-0.30276412177962081	-0.31321228596210648	0.00065442110347319277	0.0012959078936758779	0.0019241054023180645	0.0025386500018011356	0.0031391692071800052	0.0037252814737773364	0.0042965959903570571	0.0048527124677622373	0.0053932209229209148	0.0059177014581207653	0.0064257240354520708	0.0069168482463159622	0.0073906230758928907	0.0078465866624639405	0.008284266051475777	0.008703176944237119	0.0091028234411329699	0.0094826977792395462	0.0098422800642218988	0.010181037996391773	0.010498426590802619	0.010793887891254943	0.011066850678082525	0.011316730169588392	0.011542927716995633	0.011744830492775004	0.011921811172210629	0.012073227608059232	0.012198422498157484	0.012296723045828259	0.012367440612933437	0.012409870365417909	0.012423290911186198	0.012406963930149723	0.012360133796279321	0.01228202719149492	0.012171852711219094	0.012028800461419655	0.011852041646961887	0.011640728151086428	0.011393992105826492	0.011110945453174341	0.010790679496800595	0.010432264444128973	0.010034748938563492	0.0095971595816600769	0.0091185004450325367	0.0085977525717763296	0.0080338734671900804	0.0074257965785702474	0.0067724307638498535	0.0060726597488467522	0.005325341572882507	0.0045293080225284662	0.0036833640532294466	0.0027862871985520872	0.0018368269667972347	0.00083370422471331458	-0.00022438943196144119	-0.0013387923214004814	-0.0025108733323190762	-0.0037420325946170814	-0.0050337021643290436	-0.0063873467231799217	-0.0078044642930525368	-0.0092865869656766978	-0.01083528164785906	-0.012452150822578154	-0.01413883332627462	-0.015897005142675519	-0.017728380213496892	-0.019634711266377169	-0.021617790660399511	-0.023679451249570972	-0.025821567264630425	-0.0280460552135696	-0.030354874801254598	-0.032750029868545853	-0.035233569351323539	-0.037807588259830063	-0.040474228678754609	-0.043235680788488579	-0.046094183907993969	-0.049052027559731509	-0.052111552557109031	-0.055275152114915162	-0.058545272983217822	-0.06192441660521255	-0.065415140299518518	-0.069020058467428896	-0.072741843825632563	-0.07658322866493647	-0.080547006135525248	-0.084636031559309585	-0.088853223769924092	-0.09320156648094606	-0.09768410968292017	-0.1023039710697852	-0.10706433749531025	-0.11196846646016213	-0.1170196876302363	-0.12222140438689816	-0.12757709540979337	-0.13309031629290169	-0.13876470119451847	-0.14460396452186691	-0.15061190265105343	-0.15679239568309808	-0.16314940923678231	-0.16968699627907383	-0.17640929899390514	-0.18332055069009379	-0.19042507774921313	-0.19772730161423596	-0.20523174081979054	-0.21294301306488803	-0.22086583732899165	-0.22900503603232586	-0.23736553724132872	-0.24595237692018335	-0.25477070122937195	-0.26382576887221781	-0.27312295349040938	-0.28266774610950357	9.1781442431367957	-0.30252272140313313	-0.31284449577814022	-0.32343706681262063	0.00059791857064813109	0.0011827993535195897	0.0017542845405780672	0.0023120075952041551	0.0028555930525732054	0.0033846563156504682	0.0038988034467099821	0.004397630954281557	0.0048807255754286533	0.005347664053257253	0.0057980129095543511	0.0062313282124523226	0.0066471553390130122	0.0070450287326237855	0.0074244716550948466	0.0077849959333454611	0.0081261017005636021	0.008447277131722216	0.0087479981733315851	0.0090277282673059504	0.0092859180688192322	0.0095220051580223123	0.0097354137454916667	0.009925554371276778	0.010091823597410392	0.010233603693743164	0.010350262316961442	0.01044115218264397	0.010505610730210136	0.010542959780609411	0.010552505186598657	0.010533536475450139	0.010485326483931726	0.010407130985394071	0.010298188308799918	0.010157718949524377	0.0099849251717534469	0.0097789906023028183	0.0095390798156765495	0.0092643379101811849	0.0089538900749063337	0.0086068411473800843	0.0082222751617025309	0.0077992548869566716	0.0073368213556938098	0.0068339933822823542	0.0062897670709089635	0.0057031153130139064	0.0050729872739380365	0.0043983078685564253	0.0036779772256654063	0.0029108701408894146	0.0020958355178646404	0.0012316957974549121	0.00031724637474863108	-0.00064874499641897276	-0.0016675388116807195	-0.0027404244373542136	-0.0038687207449350737	-0.0050537767591425416	-0.0062969723198013786	-0.0075997187578505619	-0.0089634595857730308	-0.010389671202747633	-0.011879863614832089	-0.013435581170490025	-0.015058403311782704	-0.016749945341552445	-0.018511859206931339	-0.020345834299516249	-0.022253598272557049	-0.024236917875513204	-0.026297599806340631	-0.028437491581878284	-0.030658482426711035	-0.032962504180894615	-0.035351532226933949	-0.037827586436416358	-0.040392732136709075	-0.043049081098136537	-0.045798792542065286	-0.048644074170330023	-0.051587183216444246	-0.054630427519048598	-0.057776166618057928	-0.061026812873979285	-0.064384832610881321	-0.067852747283504836	-0.071433134669018156	-0.075128630083924675	-0.078941927626646785	-0.082875781446317992	-0.086933007038324253	-0.091116482567151741	-0.095429150217103964	-0.099874017571467022	-0.10445415902070979	-0.10917271720032251	-0.11403290445890456	-0.11903800435712823	-0.12419137319821585	-0.12949644159058377	-0.13495671604331494	-0.14057578059514103	-0.14635729847762358	-0.15230501381324366	-0.15842275334911649	-0.16471442822707039	-0.17118403579083699	-0.17783566143111967	-0.18467348046932233	-0.19170176008073347	-0.19892486125797862	-0.20634724081557454	-0.21397345343642638	-0.22180815376113741	-0.22985609852100672	-0.23812214871562054	-0.24661127183594814	-0.25532854413388673	-0.26427915293920129	-0.27346839902484299	-0.2829016990216327	-0.29258458788333253	-0.30252272140313313	9.331161912761841	-0.32318796525427707	-0.33392701475868608	0.00053929755296452768	0.0010654538436462198	0.0015781082242624464	0.0020768912491730095	0.0025614244736737019	0.0030313202483723601	0.003486181509053111	0.0039256015619325464	0.0043491638642095256	0.0047564417998083334	0.0051469984502126847	0.0055203863602861893	0.0058761472989721057	0.0062138120147640389	0.0065328999858358201	0.0068329191647171364	0.0071133657173990741	0.0073737237567511318	0.0076134650701289502	0.007832048841049313	0.0080289213648065093	0.008203515757901788	0.0083552516611544066	0.0084835349363601657	0.0085877573563616499	0.0086672962883892687	0.0087215143705315773	0.0087497591811895366	0.0087513629013651322	0.0087256419696343825	0.00867189672964906	0.0085894110700090471	0.0084774520563453779	0.0083352695554480567	0.0081620958512715423	0.0079571452526463315	0.0077196136925218378	0.0074486783185613702	0.0071434970749080819	0.0068032082749343121	0.0064269301647860043	0.006013760477527187	0.0055627759776871871	0.005073031996008579	0.0045435619541898389	0.0039733768794117733	0.0033614649084339606	0.0027067907810414326	0.0020082953226175588	0.0012648949156155178	0.00047548095969538731	-0.00036108067971200744	-0.0012459502346558813	-0.0021803146099799156	-0.0031653879709518584	-0.0042024123434683995	-0.005292658227095526	-0.0064374252212170456	-0.007638042664562722	-0.0088958702883971032	-0.010212298883654615	-0.011588750982313604	-0.013026681553305193	-0.014527578713261959	-0.016092964452416748	-0.017724395375967077	-0.019423463461228616	-0.021191796830907467	-0.02303106054282732	-0.024942957396454836	-0.026929228756573588	-0.02899165539446422	-0.031132058346955226	-0.03335229979371758	-0.03565428395318225	-0.038039957997468704	-0.040511312986720831	-0.043070384823253115	-0.045719255225919374	-0.048460052725126275	-0.051294953678917822	-0.054226183310571802	-0.057256016768153464	-0.060386780206483116	-0.063620851891982827	-0.066960663330878134	-0.07040870042123791	-0.073967504629348743	-0.077639674190927849	-0.081427865337689087	-0.085334793549788318	-0.08936323483468521	-0.093516027032967616	-0.097796071151696723	-0.1022063327258453	-0.10674984320840782	-0.11142970138977788	-0.11624907484699688	-0.12121120142349456	-0.12631939073994838	-0.13157702573690802	-0.13698756424984065	-0.1425545406172665	-0.14828156732266864	-0.15417233667087563	-0.16023062249962577	-0.16646028192704362	-0.17286525713576517	-0.17944957719447263	-0.18621735991760502	-0.19317281376403789	-0.2003202397755299	-0.20766403355575924	-0.21520868729078668	-0.22295879181179448	-0.23091903870097763	-0.23909422244147135	-0.24748924261222305	-0.25610910612873411	-0.26495892953061495	-0.27404394131691445	-0.28336948433021009	-0.29294101819045676	-0.30276412177962075	-0.31284449577814016	-0.32318796525427707	9.486527308323808	-0.3446881287666449	0.00047851016200513839	0.00094377558722127637	0.001395432788119469	0.0018331094100387186	0.002256424028395267	0.0026649859414395283	0.0030583949584657402	0.0034362411833772488	0.0037981047935083207	0.0041435558136015509	0.0044721538848374025	0.0047834480288106223	0.0050769764063459538	0.0053522660710432985	0.005608832717440013	0.0058461804236762428	0.0060638013885461585	0.0062611756628159123	0.0064377708746864012	0.0065930419492769505	0.006726430822002279	0.0068373661457140173	0.0069252629914739973	0.0069895225428246704	0.0070295317834182221	0.0070446631778648822	0.0070342743456555529	0.0069977077280131018	0.0069342902475223196	0.0068433329603857966	0.0067241307011500677	0.0065759617197428044	0.0063980873106580993	0.006189751434125321	0.0059501803290906239	0.0056785821178400135	0.0053741464020860795	0.0050360438503400653	0.0046634257763839681	0.0042554237086560179	0.0038111489503584459	0.0033296921300912693	0.0028101227428130485	0.0022514886809259973	0.0016528157552754769	0.0010131072058549759	0.00033134320199703526	-0.00039351966816875562	-0.0011625489192164679	-0.0019768367011147084	-0.0028375003433397127	-0.0037456829106543577	-0.0047025537707930361	-0.0057093091743070932	-0.0067671728468206554	-0.0078773965939617462	-0.0090412609192299861	-0.01026007565507547	-0.011535180607461747	-0.01286794621419878	-0.014259774217330873	-0.015712098349875435	-0.017226385037211817	-0.01880413411342656	-0.020446879552927611	-0.022156190217646046	-0.023933670620152239	-0.02578096170301598	-0.027699741634752681	-0.029691726622698544	-0.031758671743171048	-0.033902371789271725	-0.036124662136702214	-0.038427419627965149	-0.040812563475337356	-0.043282056183002598	-0.045837904488743426	-0.048482160325601042	-0.051216921803916821	-0.054044334214178841	-0.056966591051108989	-0.059985935059428119	-0.063104659301752991	-0.066325108249083664	-0.069649678894349587	-0.073080821889494524	-0.076621042706587844	-0.08027290282346182	-0.084039020934382633	-0.087922074186274166	-0.091924799441026286	-0.096049994564424826	-0.10030051974225913	-0.1046792988241657	-0.10918932069578639	-0.11383364067982425	-0.1186153819665972	-0.12353773707469826	-0.12860396934238741	-0.13381741445034709	-0.13918148197645444	-0.14469965698322762	-0.15037550163862376	-0.15621265687087804	-0.16221484405808506	-0.16838586675324124	-0.17472961244547972	-0.18125005435824493	-0.18795125328516898	-0.19483735946442693	-0.20191261449236567	-0.20918135327721407	-0.21664800603370371	-0.22431710031943838	-0.23219326311387781	-0.24028122294080909	-0.24858581203520247	-0.25711196855536828	-0.26586473884133865	-0.27484927972043721	-0.28407086086099753	-0.29353486717522315	-0.30324680127220272	-0.31321228596210654	-0.32343706681262063	-0.33392701475868614	-0.3446881287666449	9.6442734614460957
A	0.12499058772989306	0.12491529807354369	0.12476476411251865	0.12453907652284725	0.12423837125029451	0.1238628294284725	0.1234126772697323	0.12288818592890204	0.12228967133995346	0.12161749402569502	0.12087205888060651	0.12005381492694572	0.11916325504427423	0.11820091567256516	0.11716737648907187	0.11606326005915195	0.11488923146125722	0.1136459978863153	0.11233430821174423	0.11095495255035674	0.10950876177442583	0.10799660701519834	0.10641939913815815	0.10477808819435476	0.10307366284812816	0.10130714978157435	0.099479613076110446	0.097592153571511811	0.09564590820280737	0.093642049315432421	0.091581783959051602	0.089466353160477338	0.087297031176121614	0.085075124724431628	0.082801972198771473	0.080478942861223937	0.078107436017798307	0.075688880175540693	0.073224732182054858	0.070716476347951654	0.068165623552755808	0.065573710334808605	0.062942297965714697	0.060272971509890354	0.057567338869780001	0.054827029817315964	0.052053695012204665	0.049249005007631012	0.0464146492439797	0.043552335031179314	0.040663786520282873	0.037750743664903524	0.034814961173131632	0.031858207450564328	0.02888226353508391	0.02588892202402732	0.022879985994392633	0.019857267916732674	0.016822588563390778	0.013777775911735398	0.010724664043054985	0.007665092037776081	0.0046009028676698739	0.0015339422857149931	-0.0015339422857149779	-0.0046009028676698583	-0.0076650920377760662	-0.010724664043054969	-0.013777775911735382	-0.016822588563390764	-0.01985726791673266	-0.022879985994392615	-0.025888922024027306	-0.028882263535083892	-0.031858207450564315	-0.034814961173131619	-0.037750743664903511	-0.040663786520282859	-0.0435523350311793	-0.046414649243979686	-0.049249005007630998	-0.052053695012204623	-0.054827029817315923	-0.057567338869780008	-0.060272971509890347	-0.062942297965714683	-0.065573710334808591	-0.06816562355275578	-0.070716476347951668	-0.073224732182054858	-0.075688880175540679	-0.078107436017798279	-0.080478942861223909	-0.082801972198771487	-0.085075124724431642	-0.087297031176121601	-0.089466353160477324	-0.091581783959051588	-0.093642049315432394	-0.09564590820280737	-0.097592153571511811	-0.099479613076110432	-0.10130714978157433	-0.10307366284812813	-0.10477808819435476	-0.10641939913815814	-0.10799660701519834	-0.10950876177442581	-0.11095495255035673	-0.11233430821174424	-0.1136459978863153	-0.11488923146125721	-0.11606326005915193	-0.11716737648907186	-0.11820091567256516	-0.11916325504427423	-0.12005381492694572	-0.12087205888060651	-0.12161749402569501	-0.12228967133995344	-0.12288818592890204	-0.1234126772697323	-0.1238628294284725	-0.12423837125029451	-0.12453907652284725	-0.12476476411251865	-0.12491529807354369	-0.12499058772989306	0.12496235233702553	0.12466130708483628	0.12405994182483875	0.12315970529861765	0.12196276625481607	0.12047200822442998	0.11869102257412958	0.11662409985434237	0.11427621946294134	0.11165303764943942	0.10876087388858893	0.10560669565621339	0.10219810164394796	0.098543303453325778	0.094651105813310571	0.090530885368933375	0.086192568092133368	0.081646605369222108	0.076903948822578352	0.071976023927230667	0.066874702485887158	0.061612274028723012	0.056201416206825824	0.050655164250623733	0.044986879566873535	0.039210217549861447	0.033339094684362303	0.027387655019608721	0.021370236095037669	0.015301334399902035	0.0091955704499584318	0.003067653565364033	-0.0030676535653640178	-0.0091955704499584161	-0.015301334399902019	-0.021370236095037656	-0.027387655019608707	-0.033339094684362289	-0.039210217549861426	-0.044986879566873521	-0.050655164250623719	-0.056201416206825838	-0.061612274028722998	-0.06687470248588713	-0.071976023927230667	-0.076903948822578352	-0.081646605369222067	-0.086192568092133368	-0.090530885368933348	-0.094651105813310571	-0.098543303453325778	-0.10219810164394795	-0.10560669565621339	-0.10876087388858892	-0.1116530376494394	-0.11427621946294134	-0.11662409985434236	-0.11869102257412958	-0.12047200822442998	-0.12196276625481606	-0.12315970529861765	-0.12405994182483875	-0.12466130708483628	-0.12496235233702553	-0.12496235233702553	-0.12466130708483628	-0.12405994182483875	-0.12315970529861767	-0.12196276625481607	-0.12047200822442999	-0.1186910225741296	-0.11662409985434237	-0.11427621946294135	-0.11165303764943942	-0.10876087388858893	-0.1056066956562134	-0.10219810164394796	-0.098543303453325792	-0.094651105813310599	-0.090530885368933375	-0.086192568092133381	-0.081646605369222136	-0.076903948822578408	-0.071976023927230653	-0.066874702485887158	-0.061612274028723026	-0.056201416206825866	-0.050655164250623795	-0.0449868795668735	-0.039210217549861433	-0.033339094684362316	-0.027387655019608763	-0.021370236095037711	-0.015301334399901995	-0.0091955704499584196	-0.0030676535653640486	0.0030676535653640026	0.0091955704499583728	0.01530133439990195	0.021370236095037666	0.027387655019608718	0.033339094684362275	0.039210217549861391	0.044986879566873451	0.050655164250623753	0.056201416206825824	0.061612274028722984	0.066874702485887116	0.071976023927230612	0.07690394882257838	0.081646605369222094	0.086192568092133354	0.090530885368933334	0.094651105813310529	0.098543303453325737	0.10219810164394796	0.10560669565621338	0.1087608738885889	0.11165303764943939	0.11427621946294129	0.11662409985434237	0.11869102257412958	0.12047200822442998	0.12196276625481606	0.12315970529861764	0.12405994182483875	0.12466130708483628	0.12496235233702553	0.12491529807354369	0.12423837125029451	0.12288818592890204	0.12087205888060651	0.11820091567256516	0.11488923146125722	0.11095495255035674	0.10641939913815815	0.10130714978157435	0.09564590820280737	0.089466353160477338	0.082801972198771473	0.075688880175540693	0.068165623552755808	0.060272971509890354	0.052053695012204665	0.043552335031179314	0.034814961173131632	0.02588892202402732	0.016822588563390778	0.0076650920377761087	-0.0015339422857149779	-0.010724664043054997	-0.019857267916732688	-0.028882263535083868	-0.037750743664903483	-0.046414649243979686	-0.054827029817315971	-0.062942297965714683	-0.070716476347951668	-0.078107436017798279	-0.085075124724431642	-0.091581783959051588	-0.097592153571511811	-0.10307366284812813	-0.10799660701519834	-0.11233430821174421	-0.11606326005915193	-0.11916325504427423	-0.12161749402569502	-0.1234126772697323	-0.12453907652284725	-0.12499058772989306	-0.12476476411251865	-0.1238628294284725	-0.12228967133995347	-0.12005381492694575	-0.11716737648907187	-0.11364599788631531	-0.1095087617744258	-0.10477808819435475	-0.09947961307611046	-0.093642049315432407	-0.087297031176121628	-0.08047894286122402	-0.073224732182054886	-0.065573710334808674	-0.057567338869779987	-0.049249005007631026	-0.040663786520282914	-0.031858207450564294	-0.022879985994392619	-0.013777775911735414	-0.0046009028676699164	0.0046009028676698704	0.013777775911735367	0.022879985994392574	0.031858207450564245	0.040663786520282866	0.049249005007630985	0.057567338869779952	0.065573710334808633	0.073224732182054844	0.080478942861223979	0.087297031176121559	0.093642049315432407	0.099479613076110418	0.10477808819435472	0.10950876177442578	0.1136459978863153	0.11716737648907186	0.12005381492694571	0.12228967133995343	0.1238628294284725	0.12476476411251865	0.12499058772989306	0.12453907652284725	0.12341267726973232	0.12161749402569501	0.11916325504427423	0.11606326005915196	0.11233430821174425	0.10799660701519839	0.10307366284812811	0.097592153571511839	0.091581783959051574	0.085075124724431711	0.078107436017798321	0.070716476347951793	0.062942297965714669	0.054827029817315964	0.046414649243979735	0.03775074366490358	0.028882263535083993	0.019857267916732597	0.010724664043055042	0.0015339422857149683	-0.0076650920377759526	-0.016822588563390733	-0.025888922024027358	-0.034814961173131535	-0.0435523350311793	-0.0520536950122047	-0.06027297150989027	-0.068165623552755614	-0.075688880175540749	-0.082801972198771417	-0.089466353160477338	-0.095645908202807287	-0.10130714978157432	-0.10641939913815815	-0.11095495255035669	-0.11488923146125721	-0.11820091567256517	-0.12087205888060648	-0.12288818592890204	-0.12423837125029451	-0.12491529807354368	0.12484943202564655	0.12364706374559763	0.121253906649318	0.1176930081478776	0.11299866164043042	0.10721607625003401	0.10040094143508062	0.092618890669369902	0.083944869355877291	0.074462413061554183	0.064262843024152708	0.053444386678785274	0.042111231674027506	0.030372522487907998	0.018341309306920218	0.0061334592909272657	-0.006133459290927251	-0.018341309306920205	-0.030372522487907984	-0.042111231674027493	-0.053444386678785233	-0.064262843024152708	-0.07446241306155417	-0.083944869355877305	-0.09261889066936986	-0.1004009414350806	-0.107216076250034	-0.11299866164043042	-0.11769300814787759	-0.121253906649318	-0.12364706374559763	-0.12484943202564655	-0.12484943202564655	-0.12364706374559763	-0.121253906649318	-0.1176930081478776	-0.11299866164043043	-0.10721607625003403	-0.10040094143508062	-0.092618890669369888	-0.083944869355877333	-0.074462413061554142	-0.064262843024152722	-0.053444386678785309	-0.042111231674027493	-0.030372522487908015	-0.018341309306920288	-0.0061334592909272536	0.0061334592909272076	0.018341309306920243	0.03037252248790797	0.042111231674027451	0.053444386678785268	0.064262843024152694	0.074462413061554114	0.083944869355877305	0.092618890669369847	0.10040094143508063	0.107216076250034	0.11299866164043039	0.1176930081478776	0.121253906649318	0.12364706374559761	0.12484943202564655	0.12484943202564655	0.12364706374559761	0.12125390664931801	0.11769300814787761	0.11299866164043042	0.10721607625003403	0.10040094143508066	0.092618890669369902	0.083944869355877333	0.074462413061554156	0.064262843024152735	0.053444386678785323	0.042111231674027506	0.030372522487908029	0.018341309306920305	0.0061334592909272692	-0.0061334592909271929	-0.018341309306920118	-0.030372522487907849	-0.042111231674027541	-0.053444386678785261	-0.06426284302415268	-0.0744624130615541	-0.083944869355877208	-0.092618890669369916	-0.10040094143508062	-0.10721607625003399	-0.11299866164043039	-0.11769300814787756	-0.12125390664931801	-0.12364706374559763	-0.12484943202564655	-0.12484943202564655	-0.12364706374559764	-0.12125390664931804	-0.11769300814787759	-0.11299866164043042	-0.10721607625003404	-0.10040094143508067	-0.092618890669369972	-0.083944869355877277	-0.07446241306155417	-0.064262843024152749	-0.053444386678785337	-0.042111231674027624	-0.030372522487907935	-0.018341309306920208	-0.006133459290927284	0.0061334592909271773	0.018341309306920104	0.030372522487907831	0.042111231674027527	0.05344438667878524	0.064262843024152666	0.074462413061554086	0.083944869355877194	0.092618890669369902	0.1004009414350806	0.10721607625003399	0.11299866164043038	0.11769300814787755	0.12125390664931801	0.12364706374559763	0.12484943202564655	0.12476476411251865	0.12288818592890204	0.11916325504427423	0.1136459978863153	0.10641939913815815	0.097592153571511811	0.087297031176121601	0.075688880175540693	0.062942297965714697	0.049249005007631012	0.034814961173131632	0.019857267916732702	0.0046009028676698462	-0.010724664043054969	-0.025888922024027334	-0.040663786520282859	-0.054827029817315971	-0.06816562355275578	-0.080478942861223909	-0.091581783959051588	-0.10130714978157433	-0.10950876177442581	-0.11606326005915193	-0.12087205888060652	-0.1238628294284725	-0.12499058772989306	-0.12423837125029451	-0.12161749402569502	-0.11716737648907188	-0.11095495255035677	-0.10307366284812816	-0.093642049315432407	-0.082801972198771501	-0.070716476347951682	-0.057567338869779987	-0.043552335031179355	-0.028882263535083975	-0.013777775911735414	0.001533942285715018	0.016822588563390747	0.031858207450564245	0.046414649243979776	0.060272971509890277	0.073224732182054844	0.085075124724431669	0.095645908202807356	0.10477808819435472	0.11233430821174423	0.11820091567256515	0.12228967133995346	0.12453907652284725	0.12491529807354369	0.12341267726973229	0.12005381492694575	0.11488923146125724	0.10799660701519832	0.09947961307611046	0.08946635316047731	0.078107436017798321	0.065573710334808674	0.052053695012204665	0.03775074366490358	0.022879985994392744	0.0076650920377760289	-0.0076650920377759526	-0.02287998599439256	-0.037750743664903504	-0.052053695012204498	-0.065573710334808522	-0.078107436017798265	-0.089466353160477338	-0.099479613076110487	-0.1079966070151983	-0.11488923146125721	-0.12005381492694574	-0.12341267726973228	-0.12491529807354368	-0.12453907652284725	-0.1222896713399535	-0.11820091567256522	-0.11233430821174427	-0.10477808819435476	-0.095645908202807481	-0.085075124724431558	-0.073224732182054914	-0.060272971509890347	-0.046414649243979846	-0.031858207450564426	-0.016822588563390604	-0.0015339422857149835	0.013777775911735226	0.028882263535083795	0.043552335031179286	0.057567338869780021	0.070716476347951709	0.082801972198771404	0.093642049315432394	0.10307366284812805	0.11095495255035669	0.11716737648907191	0.12161749402569501	0.12423837125029448	0.12499058772989306	0.12386282942847252	0.12087205888060651	0.11606326005915192	0.10950876177442588	0.10130714978157437	0.091581783959051741	0.080478942861223882	0.068165623552755697	0.054827029817315992	0.04066378652028306	0.025888922024027462	0.010724664043055073	-0.0046009028676698245	-0.019857267916732708	-0.034814961173131508	-0.049249005007630943	-0.062942297965714489	-0.075688880175540721	-0.08729703117612167	-0.097592153571511769	-0.10641939913815802	-0.11364599788631523	-0.11916325504427426	-0.12288818592890204	-0.12476476411251865	0.12466130708483628	0.12196276625481607	0.11662409985434237	0.10876087388858893	0.098543303453325778	0.086192568092133381	0.071976023927230653	0.056201416206825852	0.039210217549861419	0.021370236095037669	0.003067653565364033	-0.015301334399902019	-0.033339094684362289	-0.050655164250623719	-0.06687470248588713	-0.081646605369222067	-0.094651105813310571	-0.10560669565621339	-0.11427621946294134	-0.12047200822442998	-0.12405994182483875	-0.12496235233702553	-0.12315970529861765	-0.11869102257412958	-0.11165303764943944	-0.10219810164394799	-0.090530885368933375	-0.076903948822578325	-0.061612274028723026	-0.0449868795668735	-0.027387655019608763	-0.0091955704499584196	0.0091955704499583728	0.027387655019608718	0.044986879566873451	0.061612274028722984	0.076903948822578297	0.090530885368933334	0.10219810164394796	0.11165303764943944	0.11869102257412958	0.12315970529861767	0.12496235233702553	0.12405994182483876	0.12047200822442999	0.11427621946294138	0.10560669565621347	0.094651105813310571	0.08164660536922215	0.066874702485887075	0.050655164250623705	0.03333909468436233	0.015301334399902011	-0.003067653565363987	-0.021370236095037434	-0.03921021754986137	-0.056201416206825713	-0.071976023927230695	-0.08619256809213334	-0.098543303453325723	-0.10876087388858896	-0.11662409985434236	-0.12196276625481606	-0.12466130708483626	-0.12466130708483628	-0.12196276625481607	-0.1166240998543424	-0.108760873888589	-0.098543303453325778	-0.086192568092133409	-0.071976023927230764	-0.056201416206825797	-0.039210217549861461	-0.021370236095037524	-0.00306765356536419	0.01530133439990203	0.03333909468436224	0.050655164250623622	0.066874702485886992	0.081646605369222081	0.094651105813310515	0.10560669565621331	0.11427621946294124	0.12047200822442997	0.12405994182483876	0.12496235233702553	0.12315970529861765	0.11869102257412968	0.11165303764943939	0.10219810164394796	0.090530885368933403	0.07690394882257845	0.061612274028723164	0.044986879566873333	0.027387655019608808	0.0091955704499583537	-0.0091955704499582167	-0.027387655019608673	-0.044986879566873202	-0.061612274028723046	-0.076903948822578339	-0.090530885368933306	-0.10219810164394788	-0.11165303764943932	-0.11869102257412964	-0.12315970529861764	-0.12496235233702553	-0.12405994182483877	-0.12047200822443001	-0.11427621946294129	-0.1056066956562135	-0.094651105813310599	-0.081646605369222011	-0.066874702485887297	-0.050655164250624156	-0.033339094684362164	-0.015301334399902167	0.0030676535653640525	0.021370236095037388	0.039210217549861329	0.056201416206825866	0.071976023927230473	0.086192568092133312	0.098543303453325834	0.10876087388858884	0.11662409985434234	0.1219627662548161	0.12466130708483626	0.12453907652284725	0.12087205888060651	0.1136459978863153	0.10307366284812816	0.089466353160477338	0.073224732182054872	0.054827029817315936	0.03481496117313166	0.01377777591173537	-0.0076650920377760385	-0.028882263535083892	-0.049249005007630998	-0.068165623552755822	-0.0850751247244316	-0.099479613076110432	-0.11095495255035673	-0.11916325504427423	-0.1238628294284725	-0.12491529807354369	-0.12228967133995347	-0.11606326005915198	-0.10641939913815816	-0.093642049315432407	-0.078107436017798307	-0.060272971509890416	-0.040663786520282914	-0.019857267916732691	0.001533942285715018	0.022879985994392574	0.043552335031179314	0.062942297965714725	0.080478942861223979	0.095645908202807287	0.1079966070151983	0.11716737648907186	0.12288818592890204	0.12499058772989306	0.1234126772697323	0.11820091567256517	0.10950876177442581	0.097592153571511839	0.082801972198771473	0.065573710334808591	0.046414649243979832	0.025888922024027324	0.004600902867669932	-0.016822588563390622	-0.037750743664903504	-0.057567338869779834	-0.075688880175540749	-0.091581783959051533	-0.10477808819435472	-0.11488923146125721	-0.12161749402569502	-0.12476476411251863	-0.12423837125029449	-0.12005381492694575	-0.11233430821174417	-0.10130714978157437	-0.087297031176121767	-0.070716476347951612	-0.052053695012204783	-0.031858207450564426	-0.010724664043055058	0.010724664043054952	0.031858207450564321	0.052053695012204686	0.070716476347951529	0.087297031176121684	0.1013071497815743	0.11233430821174412	0.12005381492694572	0.12423837125029448	0.12476476411251865	0.12161749402569504	0.11488923146125725	0.10477808819435477	0.091581783959051602	0.075688880175540832	0.057567338869779931	0.037750743664903608	0.016822588563391059	-0.0046009028676696033	-0.025888922024027327	-0.046414649243979735	-0.065573710334808494	-0.08280197219877139	-0.097592153571511631	-0.10950876177442581	-0.11820091567256517	-0.1234126772697323	-0.12499058772989306	-0.12288818592890211	-0.11716737648907181	-0.10799660701519824	-0.095645908202807495	-0.080478942861224062	-0.062942297965714808	-0.043552335031179411	-0.022879985994392681	-0.0015339422857150141	0.019857267916732695	0.040663786520282498	0.060272971509890035	0.07810743601779839	0.093642049315432518	0.10641939913815801	0.11606326005915187	0.12228967133995342	0.12491529807354369	0.12386282942847252	0.11916325504427425	0.11095495255035676	0.099479613076110696	0.085075124724431919	0.068165623552755725	0.049249005007630894	0.028882263535084159	0.0076650920377763117	-0.013777775911735181	-0.034814961173131903	-0.054827029817315839	-0.073224732182054789	-0.089466353160477297	-0.1030736628481279	-0.11364599788631531	-0.12087205888060652	-0.12453907652284726	0.12439809083402462	0.1196175419665261	0.11024015804354438	0.096626306670342124	0.079299160520455686	0.058924592103249726	0.036285584656807791	0.012252142541195096	-0.012252142541195081	-0.036285584656807771	-0.058924592103249712	-0.079299160520455672	-0.096626306670342124	-0.11024015804354437	-0.1196175419665261	-0.1243980908340246	-0.12439809083402462	-0.11961754196652612	-0.11024015804354438	-0.096626306670342138	-0.079299160520455728	-0.05892459210324974	-0.036285584656807805	-0.012252142541195056	0.012252142541195011	0.036285584656807757	0.058924592103249698	0.0792991605204557	0.096626306670342083	0.11024015804354435	0.1196175419665261	0.12439809083402462	0.12439809083402462	0.11961754196652612	0.11024015804354438	0.09662630667034211	0.079299160520455741	0.058924592103249747	0.036285584656807819	0.012252142541195072	-0.012252142541194996	-0.036285584656807854	-0.058924592103249684	-0.079299160520455603	-0.096626306670342138	-0.11024015804354435	-0.11961754196652606	-0.12439809083402462	-0.12439809083402462	-0.11961754196652609	-0.1102401580435444	-0.096626306670342194	-0.079299160520455672	-0.058924592103249761	-0.036285584656807937	-0.012252142541195086	0.01225214254119498	0.036285584656807833	0.058924592103249671	0.079299160520455589	0.096626306670342124	0.11024015804354434	0.11961754196652606	0.1243980908340246	0.12439809083402462	0.1196175419665261	0.11024015804354441	0.096626306670342207	0.079299160520455686	0.058924592103249775	0.036285584656807951	0.012252142541195101	-0.012252142541194964	-0.036285584656807819	-0.058924592103249657	-0.079299160520455575	-0.096626306670342124	-0.11024015804354434	-0.11961754196652606	-0.1243980908340246	-0.12439809083402462	-0.11961754196652617	-0.11024015804354452	-0.096626306670342069	-0.0792991605204557	-0.058924592103249789	-0.036285584656807965	-0.012252142541195337	0.012252142541195171	0.036285584656807805	0.058924592103249643	0.079299160520455561	0.096626306670341972	0.11024015804354444	0.11961754196652612	0.1243980908340246	0.12439809083402463	0.11961754196652617	0.11024015804354452	0.096626306670342083	0.079299160520455714	0.058924592103249802	0.036285584656807986	0.012252142541195353	-0.012252142541195155	-0.036285584656807791	-0.058924592103249629	-0.079299160520455547	-0.096626306670341958	-0.11024015804354442	-0.11961754196652612	-0.1243980908340246	-0.12439809083402463	-0.11961754196652617	-0.11024015804354453	-0.096626306670342096	-0.079299160520455728	-0.058924592103249816	-0.036285584656808	-0.012252142541195369	0.01225214254119514	0.036285584656807778	0.058924592103249615	0.079299160520455547	0.096626306670341944	0.11024015804354442	0.1196175419665261	0.1243980908340246
B	0.019819146066075159	0.055045135628177325	0.019911593232148452	0.055431933012129675	0.020099191331919699	0.056089250177079469	0.020387549256482798	0.057037068271271057
CENTER	1.0578721017219148	1.2416625489424111	1.1512475414180356	0.8226568918240672	0.497290400800317	0.40201035625309256	0.54283833248335323	0.70185410898768397	0.64006920147046453	0.3196757895063348	-0.058738898319455946	-0.23829751504047644	-0.13989311720076522	0.066935251717952171	0.12143141170370733	-0.087415806065470836	-0.41793642332992437	-0.60551594533429454	-0.50572145910507471	-0.22727303677126492	-0.032581909186689628	-0.097266138657694928	-0.34970273259460616	-0.53808450671524799	-0.46327952209699741	-0.16335100179358386	0.11996119020060028	0.16203109501153073	-0.039537618013047858	-0.26401104533748415	-0.27163139442631634	-0.025046550003544228	0.27554025727396025	0.37583109192786857	0.20083750185175914	-0.07636399966135074	-0.19374727840504571	-0.041047891812479517	0.23921794504355323	0.38327810827469133	0.24922148504043989	-0.051843891643691582	-0.25720892741817664	-0.19334539035556614	0.065292590563967329	0.26542169474252242	0.20843426837530915	-0.066448362662635457	-0.31777995497728506	-0.3235273599831584	-0.084975458962316439	0.17456907174961839	0.21508677780790783	0.00041455558076480131	-0.26870425879644344	-0.33946089327836876	-0.13975497930392258	0.15512774540733093	0.28325553604768616	0.13644328874496892	-0.14070045357317573	-0.28411919173956413	-0.15343508676723339	0.13868494888936464	0.3298715068360622	0.24909719159167124	-0.026188543299131915	-0.24130296788324646	-0.19845355963580083	0.061505571682978773	0.29678303178134158	0.28714634400764799	0.036632554222987272	-0.22990928844569561	-0.27327664323053513	-0.059567551280315587	0.20890767697488161	0.27986721817396015	0.083213376844468778	-0.20434676434447133	-0.32163284473187259	-0.16303134033804037	0.12444615461661925	0.27632201330482897	0.15376679048769634	-0.12884550328192451	-0.30920940456384932	-0.21839420004070242	0.063678737238183472	0.28154032302639964	0.23887195121618537	-0.021175341978769715	-0.25581826536396435	-0.24600259559164606	0.0020742445203904281	0.26256242540519381	0.29753571638589238	0.075701360018480685	-0.19883684964963594	-0.27420802793028853	-0.082292823656907821	0.19872262606363714	0.30826504983872588	0.14305410083438075	-0.14782186673241227	-0.29985196860303526	-0.17616862328364449	0.10673542805002699	0.2862178922069864	0.19505235863746528	-0.084749015816130258	-0.29728183354384313	-0.24799318870277967	0.017458693421831074	0.25517207155837607	0.24721304150412077	0.0019338501222873339	-0.25377078333616038	-0.28314652333227769	-0.057335708146197331	0.21800095160567148	0.29167707008019311	0.097832479074608111	-0.18359630973918706	-0.29238020800031689	-0.1273099037821474	0.16070820498057789	0.30736579480513732
TARGET	0.059600799238518361	0.27961172579016785	0.24254892114587701	-0.017512243028274026	-0.26147273172407642	-0.26503639671604595	-0.024926820845248918	0.23810035915474592	0.2822191670039319	0.066866974230074289	-0.2099624062780627	-0.29375331874539523	-0.1074687846710486	0.17762205441216691	0.29940799581490851	0.1459196066561399	-0.14172659591953984	-0.29907001981247883	-0.18144984672188522	0.10299447864596861	0.29274615533009263	0.21334836687179473	-0.062200926182027633	-0.28056297455836166	-0.24097671800818643	0.020162421757642476	0.26276432394326682	0.26378191849521726	0.022279633675308393	-0.23970644359788409	-0.28130752209008431	-0.0642757620887663	0.21185083715410033	0.29320275371767757	0.10498541068699865	-0.17975503476427956	-0.29922953023609439	-0.1435937755765245	0.14406143413147768	0.29926722567234154	0.17932811007157642	-0.10548444291504488	-0.29331508555200625	-0.21147319122427441	0.064796179856467226	0.28149224200006628	0.23938563501678925	-0.022811020817506068	-0.26403532931059859	-0.26250677369683401	-0.019630700958212084	0.24129374770977421	0.28037383751652439	0.061679514120780349	-0.2137226701079562	-0.29262921707202927	-0.10249381138885544	0.18187393181080369	0.29902762085821954	0.14125669432511601	-0.14638498553187726	-0.29944098477981113	-0.17719232356403966	0.1079661427722428	0.29386103535510283	0.20958144724207917	-0.067386356930948327	-0.28239945530976895	-0.23777579682860131	0.025457832697513741	0.26528564824634532	0.26121106222493545	0.016980230230452174	-0.24286214712956503	-0.27941818643483496	-0.05907843373490515	0.2155777584867403	0.29203275374344656	0.099994181986473279	-0.18397857954206673	-0.29880228350032051	-0.13890854600571079	0.14869706807696825	0.29959128352134623	0.17504265453218967	-0.1104393837833017	-0.29438396196573835	-0.20767328313807265	0.069971254472322941	0.28328454340983761	0.2361473295699538	-0.028102650027338437	-0.26651518279150638	-0.25989488559490087	-0.014328429149016223	0.24441151897753741	0.27844064371761229	0.05647272471853277	-0.21741595694945245	-0.29141341046316743	-0.097486718318843688	0.18606881306478934	0.29855353581695071	0.13654951458918008	-0.15099750062153236	-0.29971811012145966	-0.17287927139659903	0.11290397217668691	0.29488382441407146	0.20574884841159	-0.072550669961078659	-0.28414743695608835	-0.2345003608267141	0.030745265592919492	0.26772383661547972	0.25855834692549806	0.011675505475122369	-0.24594174186472864	-0.2774412859526017	-0.053862591221696614	0.21923712147837029	0.29077123575501052	0.09497161683875098	-0.18814446861500528	-0.29828139729679737	-0.13417978489905535	0.15328610293309619	0.29982145464364113
MULTIPLIERS	0.5	0.64285714285714279	0.7857142857142857	0.9285714285714286	1.0714285714285714	1.2142857142857142	1.3571428571428572	1.5
X0	0	0	0	0	0	0	0	0	0	0	0	0	0	0	0	0	0	0	0	0	0	0	0	0	0	0	0	0	0	0	0	0	0	0	0	0	0	0	0	0	0	0	0	0	0	0	0	0	0	0	0	0	0	0	0	0	0	0	0	0	0	0	0	0	0	0	0	0	0	0	0	0	0	0	0	0	0	0	0	0	0	0	0	0	0	0	0	0	0	0	0	0	0	0	0	0	0	0	0	0	0	0	0	0	0	0	0	0	0	0	0	0	0	0	0	0	0	0	0	0	0	0	0	0	0	0	0	0
END
CASE	equality-dense-128-s1
KIND	0
EQUALITIES	8
INEQUALITIES	0
Q	1.0000291885461445	5.8273617782314911e-05	8.7252375167906355e-05	0.00011612190928022487	0.00014487924023970971	0.00017352131568894232	0.00020204500913803395	0.00023044711827372946	0.00025872436323145283	0.00028687338482950549	0.00031489074276460998	0.00034277291376797505	0.00037051628972104418	0.00039811717573006654	0.00042557178815861516	0.00045287625261716011	0.00048002660190878056	0.00050701877393008736	0.0005338486095263998	0.00056051185030021281	0.00058700413637195379	0.0006133210040920262	0.00063945788370310056	0.00066541009695160176	0.00069117285464731352	0.00071674125417000223	0.00074211027692194136	0.00076727478572518389	0.00079222952216242406	0.00081696910386024394	0.00084148802171353943	0.00086578063704986948	0.00088984117873246963	0.00091366374020063147	0.00093724227644612242	0.0009605706009243011	0.00098364238239854822	0.0010064511417166066	0.0010289902485173987	0.0010512529178668486	0.0010732322068212235	0.0010949210109164602	0.001116312060581924	0.001137397917477005	0.0011581709707489346	0.0011786234332101615	0.0011987473374335956	0.0012185345317639999	0.0012379766762437635	0.0012570652384512584	0.0012757914892499497	0.0012941464984463781	0.0013121211303551189	0.0013297060392687399	0.0013468916648308022	0.0013636682273098367	0.0013800257227722529	0.0013959539181520346	0.001411442346215091	0.0014264803004160323	0.0014410568296451371	0.0014551607328632072	0.0014687805536219658	0.0014819045744676126	0.0014945208112250854	0.0015066170071605463	0.0015181806270195409	0.0015291988509382427	0.0015396585682251242	0.0015495463710103715	0.0015588485477602541	0.0015675510766536664	0.0015756396188179407	0.0015830995114210235	0.0015899157606170022	0.001596073034341942	0.0016015556549569161	0.00160634759173504	0.0016104324531892725	0.0016137934792376746	0.0016164135332027323	0.0016182750936413141	0.0016193602460017249	0.0016196506741042783	0.0016191276514417128	0.0016177720322957168	0.00161556424266575	0.0016124842710062463	0.0016085116587682519	0.0016036254907414232	0.0015978043851922468	0.0015910264837942704	0.001583269441346014	0.0015745104152721935	0.0015647260549037307	0.0015538924905320096	0.0015419853222326705	0.001528979608454205	0.0015148498543664582	0.0014995699999640968	0.0014831134079199572	0.0014654528511831165	0.0014465605003164087	0.0014264079105679964	0.0014049660086715157	0.0013822050793691825	0.001358094751652144	0.00133260398471224	0.0013057010535992204	0.0012773535345773418	0.0012475282901751458	0.001216191453922091	0.00118330841476559	0.0011488438011618622	0.0011127614648338779	0.0010750244641895531	0.0010355950473931767	0.000994434635082958	0.00095150380272738871	0.00090676226261300521	0.00086016884545595147	0.00081168148162963827	0.00076125718200056045	0.00070885201836426025	0.00065442110347319331	0.00059791857064813076	0.00053929755296452779	0.00047851016200513844	5.8273617782314911e-05	1.0184122885684566	0.00017419432681732051	0.00023182992053579347	0.00028924110794859909	0.0003464217843409003	0.00040336569673291944	0.00046006644049814645	0.00051651745590742908	0.00057271202459737033	0.00062864326596141524	0.00068430413346198132	0.00073968741086195551	0.00079478570837383615	0.00084959145872476945	0.00090409691313569516	0.00095829413721277201	0.0010121750067492215	0.0010657312034356825	0.0011189542104771443	0.0011718353081144623	0.001224365569048443	0.0012765358537644275	0.0013283368057552662	0.0013797588466405253	0.0014307921711797387	0.0014814267421774528	0.0015316522852777739	0.0015814582836460903	0.0016308339725355661	0.0016797683337359929	0.0017282500899024889	0.0017762676987615252	0.0018238093471916847	0.0018708629451765024	0.001917416119626696	0.0019634562080690261	0.0020089702521989788	0.0020539449912943993	0.0020983668554871346	0.0021422219588897204	0.0021854960925740299	0.0022281747173987934	0.0022702429566827912	0.0023116855887204864	0.0023524870391367762	0.00239263137307748	0.0024321022872321246	0.0024708831016854878	0.0025089567515943138	0.0025463057786855319	0.0025829123225722247	0.0026187581118835429	0.0026538244552046205	0.0026880922318225807	0.0027215418822744862	0.0027541533986931541	0.0027859063149465535	0.0028167796965665026	0.0028467521304622206	0.0028758017144142668	0.0029039060463442426	0.0029310422133555954	0.002957186780540725	0.0029823157795495067	0.0030064046969142644	0.0030294284621260898	0.0030513614354573289	0.0030721773955249281	0.0030918495265892586	0.0031103504055828598	0.0031276519888635201	0.0031437255986859047	0.0031585419093859064	0.0031720709332716999	0.003184282006215415	0.0031951437729391997	0.0032046241719892832	0.0032126904203915842	0.0032193089979822244	0.0032244456314061754	0.003228065277777175	0.0032301321079918326	0.0032306094896907751	0.0032294599698594801	0.0032266452570613247	0.0032221262032952266	0.0032158627854700548	0.0032078140864879021	0.0031979382759280807	0.0031861925903235639	0.0031725333130214473	0.0031569157536187704	0.003139294226964965	0.0031196220317218754	0.0030978514284722694	0.0030739336173674272	0.0030478187153043317	0.0030194557326226742	0.0029887925493117876	0.0029557758907173444	0.002920351302737499	0.0028824631264979189	0.0028420544724949304	0.0027990671941958045	0.0027534418610849743	0.0027051177311447328	0.002654032722758761	0.0026001233860265577	0.0025433248734766365	0.0024835709101660806	0.0024207937631538067	0.0023549242103346408	0.0022858915086210211	0.0022136233614588885	0.0021380458856640741	0.0020590835775651582	0.001976659278438556	0.0018906941392212535	0.0018011075844863225	0.0017078172756660511	0.0016107390735072607	0.0015097869997429412	0.0014048731979641768	0.0012959078936758781	0.0011827993535195899	0.00106545384364622	0.00094377558722127822	8.7252375167906355e-05	0.00017419432681732051	1.0371874556230538	0.00034711267478142616	0.00043307140439506869	0.00051868436747795447	0.0006039421845604174	0.00068883524870269153	0.00077335372031104926	0.00085748752184039553	0.00094122633238089655	0.0010245595821261801	0.0011074764467205759	0.0011899658414828308	0.0012720164155036638	0.0013536165456144865	0.0014347543302245366	0.0015154175830236437	0.0015955938265477705	0.0016752702856043969	0.0017544338805548074	0.0018330712204502123	0.0019111685960186231	0.0019887119724993152	0.0020656869823216383	0.0021420789176248927	0.0022178727226158973	0.002293052985760814	0.0023676039318077215	0.0024415094136363688	0.002514752903931443	0.0025873174866756204	0.0026591858484586099	0.0027303402695982842	0.0028007626150699442	0.0028704343252396675	0.0029393364063975969	0.0030074494210869615	0.0030747534782245242	0.0031412282230080615	0.0032068528266063732	0.0032716059756272716	0.0033354658613588511	0.0033984101687792832	0.0034604160653302603	0.0035214601894491271	0.0035815186388546178	0.0036405669585810188	0.0036985801287554979	0.0037555325521131705	0.0038113980412444307	0.0038661498055689086	0.0039197604380303156	0.0039722019015063685	0.0040234455149277407	0.0040734619391000334	0.0041222211622224678	0.0041696924850970016	0.0042158445060213601	0.0042606451053593701	0.0043040614297818755	0.0043460598761712703	0.0043866060751827363	0.0044256648744548628	0.00446320032146247	0.0044991756460040413	0.0045335532423162149	0.0045662946508075045	0.0045973605394033388	0.0046267106844942677	0.0046543039514791041	0.004680098274894527	0.0047040506381225413	0.0047261170526669751	0.0047462525369900985	0.0047644110949001083	0.0047805456934802183	0.004794608240549776	0.0048065495616476644	0.0048163193765280547	0.0048238662751584165	0.00482913769320935	0.004832079887025771	0.0048326379080686193	0.0048307555768161113	0.004826375456113312	0.0048194388239585972	0.0048098856457152728	0.0047976545457364796	0.0047826827783911795	0.0047649061984788403	0.004744259231020097	0.0047206748404105192	0.0046940844989242425	0.0046644181545540458	0.0046316041981740675	0.0045955694300112374	0.0045562390254110284	0.0045135364998829756	0.0044673836734110805	0.0044177006340138493	0.004364405700538517	0.0043074153846735814	0.0042466443521635309	0.0041820053832092776	0.0041134093320374645	0.0040407650856215359	0.0039639795215370144	0.0038829574649331417	0.0037976016446026974	0.0037078126481312956	0.0036134888761073184	0.0035145264953730013	0.0034108193912970063	0.0033022591190482418	0.0031887348538504551	0.0030701333401965147	0.0029463388400010463	0.0028172330796695246	0.0026826951960615612	0.0025426016813255912	0.0023968263265818405	0.0022452401644297926	0.0020877114102560851	0.0019241054023180662	0.001754284540578067	0.0015781082242624508	0.0013954327881194675	0.00011612190928022487	0.00023182992053579347	0.00034711267478142611	1.0563601529695121	0.00057635558447517341	0.00069029161097537077	0.00080375410947500421	0.00091673027072105315	0.0010292069752552136	0.0011411707863506911	0.001252607942794376	0.001363504351511103	0.0014738455800266466	0.0015836168487660029	0.0016928030231834644	0.0018013886057209111	0.0019093577275906598	0.0020166941403791539	0.0021233812074676708	0.0022294018952661895	0.0023347387642564206	0.0024393739598399769	0.0025432892029875411	0.002646465780684813	0.0027488845361709267	0.0028505258589649482	0.0029513696746759715	0.0030513954345922092	0.0031505821050444366	0.0032489081565389832	0.0033463515526554318	0.0034428897387040187	0.0035384996301376869	0.0036331576007136005	0.0037268394703988315	0.0038195204930148133	0.0039111753436150689	0.0040017781055905694	0.0040913022574970053	0.0041797206595980711	0.0042670055401188376	0.0043531284812030517	0.004438060404568173	0.0045217715568517643	0.0046042314946427498	0.0046854090691909244	0.0047652724107879272	0.0048437889128128105	0.0049209252154351329	0.0049966471889683799	0.005070919916866411	0.0051437076783553918	0.0052149739306936223	0.0052846812910513725	0.0053527915180028888	0.005419265492622294	0.0054840631991752258	0.0055471437053976197	0.0056084651423531119	0.0056679846838601439	0.0057256585254798304	0.0057814418630553772	0.0058352888707936786	0.005887152678879533	0.0059369853506126913	0.005984737859057801	0.0060303600631970477	0.0060738006835751208	0.0061150072774259143	0.0061539262132701703	0.006190502644972967	0.0062246804852498835	0.0062564023786102476	0.0062856096737258461	0.0063122423952130273	0.0063362392148160534	0.0063575374219792171	0.006376072893794979	0.006391780064315177	0.0064045918932120515	0.0064144398337755495	0.0064212538002331428	0.0064249621343780532	0.006425491571491534	0.0064227672055445382	0.0064167124536638233	0.0064072490198472222	0.0063942968579124727	0.0063777741336637625	0.0063575971862597155	0.0063336804887662761	0.0063059366078776387	0.0062742761627878792	0.0062386077831958642	0.0061988380664252793	0.0061548715336416622	0.0061066105851475729	0.006053955454736977	0.0059968041630892571	0.0059350524701830788	0.0058685938267097875	0.0057973193244656917	0.0057211176457021276	0.0056398750114117447	0.0055534751285290888	0.0054617991360230243	0.0053647255498581363	0.0052621302068017869	0.0051538862070529753	0.0050398638556687272	0.0049199306027632103	0.0047939509824542585	0.0046617865505315208	0.0045232958208198774	0.0043783342002112081	0.0042267539223371734	0.0040684039798549359	0.0039031300553173274	0.003730774450598317	0.0035511760148440488	0.0033641700709191018	0.0031695883403171153	0.0029672588665040737	0.0027570059366621392	0.002538650001801136	0.0023120075952041555	0.0020768912491730099	0.0018331094100387188	0.00014487924023970971	0.00028924110794859909	0.00043307140439506869	0.00057635558447517341	1.075935931938683	0.00086122563555578559	0.0010027806123197563	0.0011437276675167454	0.0012840504018238742	0.0014237320193326501	0.0015627553185266847	0.0017011026830620229	0.0018387560723458808	0.0019756970119095053	0.0021119065835707601	0.0022473654153819965	0.0023820536713586122	0.0025159510409836572	0.002649036728483733	0.0027812894418713105	0.0029126873817485271	0.0030432082298674011	0.0031728291374412852	0.0033015267132023044	0.0034292770111993753	0.0035560555183313304	0.0036818371416095382	0.0038065961951442655	0.0039303063868489762	0.004052940804856589	0.004174471903641579	0.0042948714898417397	0.0044141107077732529	0.0045321600246325758	0.0046489892153785441	0.0047645673472879475	0.0048788627641776954	0.0049918430702865007	0.0051034751138089715	0.0052137249700747344	0.0053225579243651204	0.0054299384543598176	0.0055358302122056492	0.0056401960061995661	0.0057429977820777269	0.0058441966039023737	0.005943752634538055	0.0060416251157085887	0.0061377723476259208	0.0062321516681819083	0.0063247194316938728	0.0064154309871945325	0.0065042406562567457	0.0065911017103433642	0.006675966347672189	0.0067587856695858727	0.0068395096564164634	0.0069180871428338843	0.0069944657926676798	0.0070685920731909007	0.0071404112288549378	0.007209867254463799	0.0072769028677761019	0.0073414594815228483	0.0074034771748287256	0.007462894664024544	0.007519649272838028	0.007573676901950049	0.007624911997902971	0.0076732875213477185	0.0077187349146156442	0.0077611840686012167	0.0078005632889411028	0.0078367992614750276	0.0078698170169734325	0.0078995398951166463	0.0079258895077100253	0.0079487857011191574	0.0079681465179088345	0.0079838881576693565	0.007995924937013156	0.0080041692487245793	0.0080085315200451434	0.0080089201700764261	0.0080052415662821078	0.007997399980070645	0.0079852975414393228	0.0079688341926603089	0.0079479076409888511	0.0079224133103732216	0.007892244292145854	0.0078572912946744834	0.0078174425919517142	0.0077725839711011236	0.0077225986787773241	0.0076673673664372282	0.0076067680344590457	0.0075406759750852271	0.0074689637141650044	0.0073915009516717133	0.0073081545009695253	0.007218788226803839	0.0071232629819888097	0.0070214365427652588	0.006913163542801368	0.0067982954058082154	0.006676680276741535	0.0065481629515605289	0.006412584805513941	0.0062697837199230631	0.0061195940074305968	0.0059618463356838278	0.0057963676494198384	0.0056229810909197084	0.0054415059187982989	0.0052517574250951918	0.005053546850631821	0.0048466812985992402	0.0046309636463399044	0.0044061924552865001	0.0041721618790197456	0.003928661569406691	0.0036754765807798149	0.0034123872721168245	0.0031391692071800065	0.0028555930525732075	0.0025614244736737062	0.0022564240283952691	0.00017352131568894235	0.0003464217843409003	0.00051868436747795447	0.00069029161097537088	0.00086122563555578559	1.095920433254761	0.0012010003265927422	0.0013698030202304202	0.0015378565288002653	0.0017051406972120875	0.0018716348836462192	0.0020373179484899154	0.0022021682430318369	0.0023661635979094764	0.0025292813113042723	0.0026914981368790468	0.0028527902714522769	0.003013133342403621	0.0031725023948050044	0.0033308718782713866	0.003488215633525337	0.0036445068786692767	0.0037997181951592279	0.0039538215134737415	0.0041067880984715175	0.0042585885344311562	0.0044091927097662954	0.0045585698014092577	0.0047066882588562026	0.0048535157878666271	0.0049990193338099046	0.0051431650646513892	0.0052859183535704972	0.0054272437612029756	0.0055671050174994265	0.0057054650031920021	0.0058422857308609898	0.0059775283255928489	0.0061111530052211042	0.0062431190601413087	0.0063733848326910621	0.0065019076960859887	0.0066286440329022768	0.0067535492130962708	0.006876577571551354	0.0069976823851422175	0.0071168158493063287	0.0072339290541122599	0.0073489719598143488	0.007461893371882823	0.0075726409154984733	0.007681161009500558	0.0077873988397765027	0.0078912983320817368	0.0079928021242776093	0.0080918515379753263	0.0081883865495733267	0.0082823457606755226	0.0083736663678773676	0.0084622841319065192	0.0085481333461046582	0.0086311468042365776	0.0087112557676126395	0.0087883899315100242	0.0088624773908783667	0.0089334446053146391	0.0090012163632921163	0.0090657157456278253	0.0091268640881726221	0.0091845809437076098	0.0092387840430304125	0.0092893892552143864	0.009336310547023545	0.0093794599414655424	0.0094187474754649191	0.0094540811566380702	0.0094853669191514185	0.0095125085786436636	0.0095354077861925703	0.0095539639813064809	0.0095680743439203325	0.0095776337453753295	0.009582534698361303	0.0095826673058001278	0.0095779192086482418	0.0095681755325957712	0.0095533188336394733	0.0095332290425059543	0.0095077834079014979	0.0094768564385640276	0.0094403198440924773	0.0093980424745281187	0.0093498902586620948	0.0092957261410426713	0.0092354100176554061	0.0091687986702485794	0.0090957456992760491	0.009016101455428761	0.0089297129697257852	0.0088364238821351249	0.0087360743686937924	0.0086285010670962576	0.0085135370007195146	0.0083910115010525452	0.0082607501284971668	0.0081225745915066705	0.0079763026640279431	0.00782174810121203	0.0076587205533574154	0.0074870254780496524	0.0073064640504599803	0.0071168330717651558	0.0069179248756496515	0.0067095272328507915	0.0064914232537063906	0.0062633912886639487	0.0060252048267091986	0.0057766323916713892	0.0055174374363614756	0.0052473782344986805	0.0049662077703798704	0.0046736736262454988	0.0043695178672945294	0.0040534769243002443	0.0037252814737773364	0.0033846563156504678	0.0030313202483723653	0.0026649859414395287	0.00020204500913803395	0.0004033656967329195	0.0006039421845604174	0.00080375410947500421	0.0010027806123197563	0.0012010003265927422	1.1163193883749569	0.0015949313169429666	0.0017905972177753879	0.0019853655550901147	0.0021792122467642022	0.0023721126299161171	0.0025640414477159589	0.0027549728359074726	0.0029448803090356699	0.0031337367463738415	0.0033215143775435444	0.0035081847678210478	0.003693718803123594	0.0038780866746686432	0.0040612578632991869	0.0042432011234680494	0.0044238844668739287	0.0046032751457417967	0.0047813396357401349	0.004958043618527315	0.0051333519639192452	0.0053072287116703015	0.0054796370528593366	0.0056505393108724376	0.0058198969219738625	0.0059876704154565282	0.0061538193933630891	0.0063183025097685802	0.0064810774496153736	0.0066421009070909811	0.0068013285635390684	0.0069587150648938358	0.0071142139986277372	0.007267777870202244	0.0074193580790112255	0.0075689048938062413	0.0077163674275928414	0.0078616936119867697	0.008004830171018636	0.0081457225943755811	0.008284315110067976	0.0084205506565091653	0.0085543708539958675	0.0086857159755766907	0.0088145249172958857	0.0089407351677992467	0.0090642827772887853	0.0091851023258124921	0.0093031268908752834	0.0094182880143568841	0.0095305156687221521	0.0096397382225089819	0.009745882405078737	0.0098488732706136853	0.0099486341613457801	0.010045086670000623	0.010138150601440287	0.010227743933488175	0.010313782776918839	0.010396181334595429	0.010474851859736753	0.010549704613296013	0.010620647820432549	0.010687587626057631	0.010750428049435167	0.010809070937817411	0.010863415919095695	0.010913360353445629	0.01095879928394583	0.010999625386148775	0.011035728916581953	0.011066997660157171	0.01109331687646516	0.011114569244932331	0.011130634808816093	0.011141390918014523	0.011146712170665757	0.011146470353511987	0.011140534381002383	0.011128770233108778	0.011111040891827366	0.011087206276339193	0.011057123176801589	0.011020645186742143	0.010977622634026272	0.010927902510368792	0.010871328399359358	0.010807740402970971	0.010736975066520091	0.010658865302046398	0.01057324031007938	0.010479925499758477	0.010378742407272611	0.010269508612584442	0.010152037654403817	0.010026138943374291	0.0098916176734356945	0.0097482747313251683	0.0095959066041781584	0.0094343052851901827	0.0092632581772992724	0.0090825479948483043	0.0088919526631855185	0.0086912452161607336	0.0084801936914737173	0.0082585610238306885	0.0080261049358635421	0.007782577826765791	0.0075277266585982655	0.0072612928402163573	0.0069830121087700731	0.0066926144087268991	0.0063898237683662788	0.0060743581736939405	0.0057459294397229311	0.0054042430790670996	0.0050489981677919078	0.0046798872084661625	0.0042965959903570597	0.0038988034467099834	0.0034861815090531123	0.0030583949584657394	0.00023044711827372946	0.00046006644049814639	0.00068883524870269142	0.00091673027072105315	0.0011437276675167454	0.0013698030202304202	0.0015949313169429666	1.1371386208469094	0.0020422436479299445	0.0022643745698341794	0.0024854521824348285	0.0027054482995815627	0.0029243340563259294	0.0031420798935179219	0.0033586555420661245	0.0035740300068542977	0.003788171550307075	0.0040010476755973426	0.0042126251094876561	0.0044228697847979734	0.0046317468224917144	0.004839220513372107	0.0050452542993805159	0.0052498107544883396	0.0054528515651738468	0.0056543375104751697	0.005854228441610496	0.0060524832611562511	0.0062490599017739849	0.0064439153044763588	0.0066370053964225351	0.0068282850682329886	0.0070177081508136048	0.0072052273916787127	0.0073907944307624526	0.007574359775707697	0.0077558727766214863	0.0079352816002857679	0.0081125332038119204	0.0082875733077273309	0.0084603463684821429	0.0086307955503638501	0.008798862696807375	0.0089644883010878366	0.0091276114763830882	0.0092881699251927165	0.0094460999081000009	0.0096013362118630482	0.0097538121168209719	0.0099034593636007449	0.010050208119110088	0.010193986941801328	0.01033472274619107	0.010472340766619851	0.010606764520236163	0.010737915769188254	0.010865714482007396	0.010990078794165463	0.011110924967789728	0.011228167350517073	0.011341718333469725	0.011451488308334099	0.011557385623523979	0.011659316539408968	0.011757185182588564	0.011850893499192064	0.011940341207183836	0.012025425747653263	0.012106042235068129	0.012182083406469922	0.012253439569588796	0.012319998549855906	0.012381645636289915	0.012438263526234391	0.012489732268922034	0.012535929207841365	0.012576728921880971	0.012612003165225778	0.012641620805979453	0.012665447763486482	0.012683346944326756	0.012695178176955223	0.012700798144958324	0.012700060318898565	0.012692814886717852	0.012678908682669703	0.012658185114749781	0.012630484090593561	0.01259564194180942	0.012553491346714607	0.012503861251441008	0.012446576789377013	0.012381459198910772	0.012308325739440023	0.012226989605612132	0.012137259839758179	0.012038941242483279	0.011931834281375368	0.011815734997793205	0.011690434911694131	0.011555720924460826	0.011411375219685915	0.011257175161872066	0.011092893193004581	0.010918296726952549	0.010733148041653697	0.010537204169037201	0.010330216782637784	0.010111932082853442	0.009882090679798226	0.0096404274737004712	0.0093866715327958466	0.00912054596866365	0.008841767808953644	0.0085500478674495825	0.0082450906114147956	0.0079265940261636029	0.0075942494768016598	0.007247741567076923	0.0068867479952816639	0.0065109394071450541	0.0061199792456543582	0.0057135235977415523	0.0052912210377709639	0.0048527124677622381	0.0043976309542815544	0.0039256015619325473	0.0034362411833772492	0.00025872436323145283	0.00051651745590742908	0.00077335372031104926	0.0010292069752552136	0.0012840504018238742	0.0015378565288002651	0.0017905972177753877	0.0020422436479299445	1.1583840476840572	0.002542134942798523	0.0027903186121477604	0.0030372855991113432	0.0032830034306222649	0.0035274388526367628	0.003770557812426998	0.0040123254404871985	0.0042527060320450803	0.0044916630281701389	0.004729158996470249	0.0049651556113678641	0.0051996136339468287	0.0054324928913607783	0.0056637522557937458	0.005893349622963554	0.0061212418901582582	0.0063473849337957536	0.0065717335864965021	0.0067942416136589833	0.0070148616895274419	0.0072335453727411193	0.007450243081354075	0.0076649040673143418	0.007877476390391042	0.0080879068915377939	0.0082961411656805144	0.0085021235339174158	0.0087057970151189368	0.0089071032969147597	0.0091059827060551869	0.0093023741781335344	0.009496215226656203	0.0096874419114466332	0.0098759888063691039	0.010061788966358133	0.010244773893738795	0.010424873503823135	0.010602016089767338	0.010776128286674274	0.010947135034925445	0.011114959542726201	0.011279523247847712	0.011440745778548872	0.011598544913660835	0.011752836541816723	0.011903534619808575	0.012050551130053187	0.012193796037148225	0.012333177243499562	0.012468600544000365	0.012599969579742135	0.012727185790737379	0.012850148367633304	0.012968754202395426	0.013082897837939549	0.013192471416690102	0.013297364628042548	0.013397464654706802	0.013492656117908407	0.013582821021423644	0.013667838694424159	0.013747585733106403	0.013821935941080409	0.013890760268492178	0.013953926749853221	0.014011300440550321	0.014062743352008083	0.014108114385476146	0.014147269264412557	0.014180060465433946	0.014206337147802867	0.014225945081421682	0.014238726573302213	0.014244520392479209	0.014243161693335483	0.014234481937305695	0.014218308812925035	0.014194466154188625	0.014162773857186384	0.014123047794977738	0.014075099730669574	0.014018737228660288	0.013953763564011793	0.013879977629910788	0.013797173843179701	0.013705142047796836	0.01360366741638463	0.013492530349623885	0.013371506373550991	0.013240366034694563	0.013098874793006615	0.012946792912542651	0.012783875349844384	0.012609871639977311	0.012424525780174899	0.012227576111039869	0.012018755195252169	0.011797789693732118	0.011564400239206284	0.011318301307122405	0.011059201083858796	0.010786801332172325	0.01050079725382813	0.010200877349352919	0.009886723274852658	0.0095580096958340997	0.0092144041379684759	0.0088555668347343828	0.0084811505718757098	0.0080908005286088915	0.0076841541155127308	0.0072608408090325547	0.0068204819825290267	0.006362690733800626	0.0058870717090072199	0.0053932209229209183	0.0048807255754286516	0.0043491638642095282	0.0037981047935083233	0.00028687338482950549	0.00057271202459737033	0.00085748752184039553	0.0011411707863506909	0.0014237320193326501	0.0017051406972120875	0.0019853655550901147	0.0022643745698341794	0.002542134942798523	1.1800616807590951	0.003093774584904316	0.0033675842183250784	0.0036400059012428802	0.0039110026847202157	0.0041805367323928108	0.0044485693003653692	0.0047150607166686872	0.0049799703602688636	0.0052432566396191016	0.0055048769707443414	0.0057647877548488618	0.0060229443554366954	0.0062793010749345492	0.0065338111308066733	0.0067864266311509014	0.007037098549764898	0.0072857767006713993	0.0075324097120909395	0.0077769449998504464	0.0080193287402157594	0.0082595058421358249	0.0084974199188862336	0.0087330132590993457	0.0089662267971680788	0.0091970000830100991	0.0094252712511789932	0.0096509769893085729	0.0098740525058762709	0.0100944314972713	0.010312046114152911	0.01052682692708377	0.010738702891423249	0.010947601311464999	0.011153447803802919	0.011356166259909328	0.011555678807908705	0.011751905773530153	0.011944765640221308	0.012134175008406058	0.01232004855386812	0.012502298985242135	0.012680837000593538	0.012855571243068051	0.013026408255591374	0.013193252434599111	0.013356005982776566	0.013514568860787831	0.013668838737972757	0.013818710941990435	0.013964078407386964	0.014104831623065126	0.014240858578632932	0.014372044709607623	0.014498272841451203	0.014619423132413045	0.014735373015154769	0.014845997137131819	0.014951167299705947	0.015050752395961878	0.015144618347201459	0.015232628038087398	0.01531464125040863	0.015390514595438486	0.015460101444856421	0.015523251860203317	0.015579812520839828	0.015629626650376677	0.015672533941545025	0.015708370479474466	0.015736968663345598	0.015758157126383284	0.015771760654156211	0.01577760010114743	0.015775492305560079	0.01576525000232153	0.015746681734248688	0.015719591761336128	0.015683779968128191	0.015639041769135362	0.015585168012254185	0.015521944880149536	0.01544915378955688	0.015366571288461431	0.015273968951110337	0.015171113270812824	0.015057765550482717	0.014933681790876438	0.014798612576478886	0.01465230295898853	0.01449449233835203	0.014324914341297741	0.014143296697316454	0.013949361112036481	0.013742823137939465	0.013523392042361771	0.013290770672725553	0.013044655318942276	0.012784735572930351	0.012510694185187261	0.012222206918355591	0.011918942397720745	0.011600561958577293	0.011266719490399398	0.01091706127774923	0.010551225837856493	0.010168843754800363	0.0097695375102237123	0.0093529213105086346	0.0089186009103400504	0.008466173432583329	0.0079952271843999004	0.0075053414695238812	0.0069960863966202127	0.0064670226836443167	0.0059177014581207679	0.0053476640532572504	0.0047564417998083352	0.0041435558136015552	0.00031489074276460998	0.00062864326596141524	0.00094122633238089633	0.0012526079427943758	0.0015627553185266847	0.0018716348836462188	0.0021792122467642026	0.0024854521824348285	0.0027903186121477604	0.003093774584904316	1.2021776282157464	0.0036963028735834311	0.0039952967442451687	0.004292723225522389	0.0045885406974144	0.00488270654163637	0.0051751771190221701	0.00546590774643452	0.0057548526731719353	0.0060419650568618536	0.0063271969388289783	0.0066104992189277498	0.0068918216298275436	0.0071711127107390339	0.0074483197805698381	0.0077233889104973905	0.0079962648959466948	0.00826689122796034	0.0085352100639479542	0.0088011621978019497	0.0090646870293661728	0.0093257225332437806	0.0095842052269303601	0.0098400701382581144	0.010093250772136493	0.010343679076574434	0.010591285407969126	0.010835998495645746	0.011077745405632434	0.011316451503654358	0.011552040417330456	0.011784433997556035	0.012013552279054113	0.012239313440077981	0.012461633761247183	0.012680427583498651	0.012895607265134402	0.013107083137946824	0.013314763462402204	0.013518554381862627	0.013718359875826197	0.013914081712164897	0.014105619398339014	0.014292870131566821	0.014475728747927475	0.014654087670374837	0.014827836855639381	0.014996863739994962	0.01516105318386656	0.015320287415254891	0.01547444597195302	0.015623405642529764	0.015767040406054079	0.01590522137053417	0.01603781671004435	0.016164691600512399	0.016285708154139315	0.016400725352423009	0.016509598977756685	0.016612181543572375	0.016708322222999065	0.016797866776004568	0.016880657474989562	0.01695653302880145	0.017025328505135186	0.017086875251287499	0.017141000813230198	0.01718752885296753	0.017226279064142064	0.017257067085852461	0.017279704414646074	0.017293998314648448	0.017299751725790947	0.017296763170097009	0.017284826655986758	0.017263731580558786	0.017233262629807122	0.017193199676730549	0.017143317677290593	0.017083386564173447	0.017013171138310496	0.016932430958110721	0.016840920226357879	0.016738387674723829	0.016624576445848721	0.016499223972937755	0.016362061856823002	0.016212815740437848	0.016051205180650618	0.015876943517402618	0.015689737740095057	0.015489288351167788	0.015275289226811978	0.01504742747475742	0.014805383289074107	0.014548829801926415	0.014277432932216965	0.013990851231056001	0.01368873572399076	0.013370729749928074	0.013036468796681891	0.012685580333076258	0.012317683637532729	0.011932389623069679	0.011529300658639843	0.011108010386730238	0.010668103537148078	0.010209155736913653	0.0097307333161803615	0.009232393110100115	0.0087136822565505086	0.0081741379896390458	0.0076132874288971537	0.0070306473640758286	0.0064257240354520691	0.0057980129095543459	0.0051469984502126856	0.0044721538848374017	0.000342772913767975	0.00068430413346198132	0.0010245595821261801	0.001363504351511103	0.0017011026830620229	0.0020373179484899154	0.0023721126299161171	0.0027054482995815627	0.0030372855991113437	0.0033675842183250779	0.0036963028735834316	1.2247380958989795	0.0043488301571348482	0.0046725511492802171	0.0049945168584598996	0.0053146807919995393	0.0056329953435360893	0.0059494117678288681	0.0062638801550217241	0.0065763494043445791	0.0068867671972425706	0.0071950799699205406	0.0075012328852905328	0.0078051698043096508	0.0081068332566952943	0.0084061644110046616	0.0087031030440650296	0.0089975875097410424	0.0092895547070250238	0.0095789400474359642	0.0098656774217126108	0.01014969916578567	0.010430936026013976	0.010709317123669021	0.010984769918652014	0.011257220172427257	0.011526591910155322	0.011792807382009132	0.01205578702365573	0.012315449415886229	0.012571711243375827	0.01282448725255577	0.01307369020857844	0.013319230851356514	0.013561017850656774	0.013798957760228591	0.014032954970946903	0.014262911662948857	0.014488727756743123	0.014710300863270163	0.014927526232891555	0.015140296703285811	0.015348502646227792	0.01555203191322835	0.01575076978001019	0.015944598889795707	0.016133399195381797	0.016317047899976286	0.016495419396770065	0.016668385207218459	0.016835813918004826	0.016997571116658755	0.017153519325800969	0.017303517935985828	0.017447423137112606	0.017585087848375237	0.017716361646720281	0.017841090693781789	0.017959117661261476	0.018070281654721541	0.018174418135757237	0.018271358842515278	0.018360931708523685	0.018442960779797769	0.018517266130186612	0.018583663774923005	0.018641965582339794	0.018691979183714375	0.018733507881202278	0.018766350553820185	0.018790301561437982	0.018805150646738069	0.018810682835100102	0.018806678332367842	0.018792912420454159	0.018769155350739312	0.018735172235216806	0.018690722935339858	0.018635561948521034	0.018569438292236184	0.018492095385683173	0.018403270928944553	0.018302696779602588	0.018190098826753834	0.018065196862369393	0.01792770444994583	0.017777328790390862	0.017613770585086376	0.017436723896070511	0.017245876003279287	0.017040907258786708	0.016821490937981728	0.016587293087618332	0.016337972370674483	0.016073179907953816	0.015792559116362914	0.015495745543795554	0.015182366700553814	0.014852041887234676	0.014504382019009242	0.014138989446219989	0.013755457771220427	0.013353371661379508	0.012932306658171876	0.012491828982273169	0.012031495334578379	0.011550852693058965	0.011049438105373439	0.010526778477143702	0.0099823903558082013	0.0094157797099606692	0.0088264417040820106	0.0082138604685701756	0.0075775088649716882	0.0069168482463159622	0.0062313282124523217	0.0055203863602861997	0.0047834480288106232	0.00037051628972104418	0.00073968741086195551	0.0011074764467205759	0.0014738455800266464	0.0018387560723458808	0.0022021682430318373	0.0025640414477159589	0.0029243340563259294	0.0032830034306222649	0.0036400059012428802	0.0039952967442451687	0.0043488301571348482	1.2477493888038886	0.0050504359423339	0.0053984110937509615	0.0057444343215579743	0.0060884540521949733	0.0064304174783178921	0.0067702705309158877	0.0071079578508213854	0.0074434227595999514	0.0077766072298068216	0.0081074518545967214	0.0084358958166731689	0.0087618768565633498	0.0090853312402042353	0.009406193725825374	0.009724397530113461	0.01003987429364351	0.0103525540455611	0.010662365167499875	0.010969234356718089	0.01127308658843783	0.011573845077369863	0.011871431238407172	0.012165764646469429	0.012456762995480571	0.012744342056461268	0.013028415634717492	0.013308895526106269	0.013585691472359076	0.013858711115443083	0.014127859950940042	0.014393041280422032	0.014654156162803049	0.014911103364644927	0.015163779309395499	0.015412078025536692	0.015655891093619544	0.015895107592162911	0.016129614042391827	0.016359294351791332	0.016584029756450888	0.016803698762173896	0.017018177084326628	0.017227337586400014	0.017431050217257351	0.01762918194704045	0.017821596701706112	0.018008155296164282	0.018188715365988581	0.018363131297669415	0.018531254157379207	0.018692931618218535	0.018848007885911625	0.018996323622918549	0.019137715870931417	0.019272017971720456	0.019399059486295857	0.019518666112349991	0.019630659599944405	0.019734857665404688	0.01983107390338619	0.019919117697072209	0.019998794126465845	0.020069903874736002	0.0201322431325766	0.020185603500538132	0.020229771889289098	0.020264530417764243	0.020289656309155923	0.020304921784703427	0.020310093955234698	0.020304934710413822	0.020289200605646394	0.020262642746594391	0.020225006671250746	0.02017603222952313	0.020115453460275136	0.020042998465772292	0.019958389283478931	0.019861341755151168	0.01975156539316977	0.019628763244056033	0.019492631749111949	0.019342860602125499	0.019179132604080024	0.019001123514805894	0.018808501901511121	0.018600928984126359	0.018378058477398478	0.018139536429665478	0.017885001058244206	0.017614082581360779	0.017326403046552457	0.017021576155468055	0.016699207084992493	0.016358892304619677	0.016000219389996344	0.015622766832557856	0.015226103845175238	0.01480979016373145	0.014373375844542876	0.013916401057540339	0.013438395875122475	0.012938880056592182	0.012417362828085221	0.011873342657898311	0.011306307027121855	0.010715732195480771	0.010101082962285025	0.0094618124223888791	0.008797361717056789	0.0081071597796308383	0.0073906230758928968	0.0066471553390130026	0.0058761472989721049	0.0050769764063459564	0.00039811717573006654	0.00079478570837383615	0.0011899658414828308	0.0015836168487660029	0.0019756970119095053	0.0023661635979094764	0.0027549728359074726	0.0031420798935179219	0.0035274388526367632	0.0039110026847202157	0.004292723225522389	0.0046725511492802171	0.0050504359423338991	1.2712179125433751	0.0058001679798813195	0.006171908012011661	0.0065414904318050653	0.0069088583698140704	0.0072739535978731604	0.0076367164984172588	0.0079970860331323428	0.008354999710924068	0.0087103935551898232	0.0090632020703795592	0.0094133582078302341	0.0097607933308585942	0.010105437179096453	0.010447217832052564	0.010786061671884634	0.011121893345364833	0.011454635725021681	0.011784209869441011	0.012110534982708131	0.012433528372973113	0.0127531054101207	0.01306917948252591	0.013381661952876087	0.01369046211303962	0.013995487137961421	0.014296642038564435	0.014593829613636393	0.014886950400680424	0.015175902625707624	0.01546058215194948	0.015740882427467209	0.016016694431635097	0.016287906620473889	0.016554404870810262	0.016816072423237665	0.017072789823853313	0.017324434864745698	0.017570882523206422	0.017812004899639498	0.01804767115414091	0.018277747441720487	0.01850209684613769	0.018720579312322225	0.018933051577349879	0.019139367099943391	0.019339375988467286	0.019532924927385474	0.019719857102149158	0.019900012122482488	0.020073225944032259	0.020239330788347588	0.020398155061154766	0.020549523268891409	0.020693255933463928	0.020829169505191005	0.020957076273895165	0.021076784278104235	0.021188097212322721	0.021290814332333288	0.021384730358487154	0.021469635376941559	0.021545314738801443	0.0216115489571218	0.021668113601726234	0.021714779191796211	0.021751311086184555	0.02177746937140607	0.021793008747256929	0.021797678410013396	0.021791221933159858	0.021773377145594647	0.021743876007261437	0.021702444482152611	0.02164880240863026	0.02158266336700906	0.021503734544344164	0.021411716596366415	0.021306303506505458	0.021187182441940587	0.021054033606617811	0.020906530091170047	0.020744337719676664	0.020567114893196625	0.020374512430008814	0.020166173402491081	0.01994173297056874	0.019700818211661492	0.019443047947056438	0.019168032564633244	0.018875373837866194	0.018564664741026169	0.018235489260504219	0.017887422202176397	0.017520028994728459	0.017132865488856883	0.016725477752261311	0.01629740186034128	0.015848163682509221	0.015377278664028927	0.014884251603287423	0.014368576424406369	0.013829735945096554	0.013267201639657982	0.012680433397025632	0.012068879273758392	0.011431975241867712	0.010769144931379695	0.010079799367522027	0.0093633367024256436	0.0086191419412281495	0.007846586662463944	0.0070450287326237881	0.0062138120147640407	0.0053522660710432967	0.00042557178815861522	0.00084959145872476945	0.0012720164155036638	0.0016928030231834646	0.0021119065835707605	0.0025292813113042723	0.0029448803090356699	0.0033586555420661249	0.003770557812426998	0.0041805367323928116	0.0045885406974144	0.0049945168584599004	0.0053984110937509615	0.0058001679798813195	1.2951501748348404	0.0065970413251777663	0.0069920401605470988	0.0073846663368617206	0.0077748574668014356	0.0081625496744036526	0.0085476775614747886	0.008930174173270895	0.0093099709634320345	0.0096869977581545766	0.010061182719585275	0.010432452308420629	0.010800731245694738	0.011165942473738403	0.011528007116292026	0.011886844437754349	0.012242371801548805	0.012594504627588772	0.0129431563488228	0.013288238366840252	0.013629660006517641	0.013967328469685342	0.014301148787794071	0.014631023773559976	0.014956853971566875	0.015278537607803644	0.015595970538114286	0.015909046195537863	0.016217655536514844	0.016521686985936087	0.016821026381010056	0.017115556913923479	0.017405159073270015	0.017689710584221096	0.01796908634741257	0.018243158376520026	0.018511795734495413	0.018774864468436871	0.019032227543063	0.019283744772762339	0.019529272752188291	0.019768664785368838	0.020001770813300093	0.020228437339991849	0.020448507356932707	0.020661820265941863	0.02086821180037346	0.021067513944639529	0.021259554852015933	0.021444158760695654	0.021621145908052766	0.021790332443079714	0.021951530336959662	0.022104547291735197	0.022249186647033445	0.022385247284807175	0.022512523532050445	0.022630805061446647	0.022739876789905789	0.022839518774947051	0.022929506108881743	0.023009608810750877	0.023079591715970509	0.023139214363637382	0.0231882308814459	0.023226389868166948	0.023253434273637838	0.023269101276211589	0.023273122157612781	0.023265222175146098	0.023245120431202637	0.023212529740007735	0.02316715649155324	0.023108700512655705	0.02303685492508081	0.02295130600067341	0.02285173301343079	0.022737808088456161	0.022609196047727348	0.022465554252615063	0.022306532443083147	0.022131772573502344	0.021940908645007275	0.021733566534325312	0.021509363819004139	0.021267909598963741	0.021008804314296678	0.020731639559239085	0.020435997892233493	0.020121452642002331	0.019787567709550143	0.019433897366010165	0.01905998604624962	0.01866536813814608	0.01824956776744581	0.017812098578112646	0.01735246350807473	0.016870154560273923	0.016364652568921435	0.01583542696086053	0.015281935511935798	0.01470362409826596	0.014099926442315322	0.013470263853657065	0.012814044964318564	0.012130665458597818	0.011419507797237048	0.010679940935837368	0.0099113200373962262	0.0091129861788467447	0.0082842660514757735	0.0074244716550948562	0.0065328999858358175	0.005608832717440013	0.00045287625261716005	0.00090409691313569516	0.0013536165456144865	0.0018013886057209108	0.0022473654153819965	0.0026914981368790468	0.0031337367463738415	0.0035740300068542977	0.0040123254404871985	0.0044485693003653692	0.00488270654163637	0.0053146807919995393	0.0057444343215579743	0.0061719080120116602	0.0065970413251777663	1.3195527870060506	0.0074400373737990699	0.0078577716404493059	0.0082729085242996339	0.0086853798909899693	0.009095115982447154	0.0095020453802776416	0.0099060949683641587	0.010307189894649507	0.010705253532090222	0.011100207438762571	0.011491971317102922	0.011880462972264135	0.012265598269569305	0.012647291091043752	0.013025453291005807	0.013399994650696415	0.013770822831927347	0.014137843329727265	0.014500959423964449	0.014860072129924637	0.015215080147821915	0.015565879811220181	0.015912365034342183	0.016254427258242707	0.016591955395822033	0.01692483577565515	0.017252952084611899	0.017576185309242525	0.017894413675902728	0.018207512589591683	0.018515354571475958	0.018817809195071755	0.019114743021057302	0.019406019530686547	0.019691499057774932	0.019971038719227119	0.020244492344076305	0.020511710401003566	0.020772539924305888	0.021026824438279777	0.021274403879987757	0.021515114520373593	0.021748788883691826	0.021975255665216215	0.022194339647191221	0.022405861612989669	0.022609638259439131	0.022805482107278809	0.02299320140970771	0.023172600058984409	0.023343477491037649	0.023505628588046203	0.02365884357894564	0.023802907937818925	0.023937602280126372	0.024062702256730299	0.024177978445668012	0.02428319624162667	0.024378115743071655	0.024462491636980017	0.024536073081128935	0.024598603583888243	0.024649820881465292	0.024689456812549054	0.024717237190299307	0.024732881671625941	0.024736103623701843	0.024726609987652026	0.024704101139360304	0.024668270747333704	0.024618805627563564	0.024555385595320826	0.024477683313822246	0.024385364139702315	0.024278085965224828	0.024155499057166529	0.024017245892303755	0.023862960989431956	0.023692270737845876	0.023504793222207672	0.023300138043727572	0.023077906137581448	0.022837689586486826	0.022579071430358377	0.022301625471961468	0.022004916078481346	0.02168849797892335	0.021351916057258082	0.020994705141223719	0.020616389786695721	0.020216484057532427	0.019794491300803296	0.019349903917304311	0.018882203127263578	0.018390858731137768	0.017875328865398221	0.017335059753203527	0.016769485449853221	0.016178027582914801	0.015560095086914917	0.014915083932482236	0.014242376849828061	0.013541343046448275	0.012811337918927473	0.012051702758723944	0.011261764451812253	0.010440835172056344	0.0095882120681848679	0.0087031769442371208	0.007784995933345455	0.0068329191647171364	0.0058461804236762437	0.00048002660190878056	0.00095829413721277201	0.0014347543302245364	0.0019093577275906598	0.0023820536713586118	0.0028527902714522769	0.003321514377543544	0.003788171550307075	0.0042527060320450803	0.0047150607166686872	0.0051751771190221701	0.0056329953435360893	0.0060884540521949733	0.0065414904318050644	0.0069920401605470988	0.007440037373799069	1.3444324655203286	0.0083281028710322502	0.0087680313936262765	0.009205127804237807	0.0096393179849141083	0.010070526053612049	0.010498674324457025	0.010923683267138258	0.011345471465422067	0.011763955574764482	0.012179050279004155	0.012590668246115991	0.012998720083005779	0.013403114289325429	0.01380375721028816	0.014200552988462477	0.014593403514523394	0.014982208376938855	0.015366864810568908	0.015747267644154652	0.016123309246673566	0.01649487947253727	0.016861865605607446	0.017224152302004803	0.017581621531685878	0.017934152518761619	0.018281621680531209	0.018623902565204294	0.018960865788283817	0.019292378967581382	0.019618306656836462	0.019938510277910052	0.020252848051522731	0.020561174926506862	0.020863342507541318	0.021159198981337321	0.021448589041242624	0.021731353810230884	0.022007330762242639	0.022276353641842953	0.022538252382160721	0.022792853021073731	0.023039977615602402	0.023279444154475113	0.02351106646882661	0.023734654140990505	0.023950012411346103	0.024156942083178812	0.024355239425512556	0.024544696073872118	0.024725098928931728	0.024896230053006355	0.025057866564340066	0.025209780529145964	0.025351738851350683	0.025483503159995407	0.025604829694244782	0.025715469185953896	0.025815166739742237	0.02590366171052293	0.025980687578434195	0.026045971821119007	0.026099235783297668	0.02614019454357722	0.026168556778439902	0.026184024623352509	0.026186293530936201	0.026175052126136317	0.026149982058329406	0.026110757850304197	0.026057046744051467	0.02598850854329661	0.025904795452707418	0.025805551913708036	0.025690414436828766	0.025559011430519855	0.025410963026356218	0.025245880900557977	0.025063368091750821	0.024863018814888262	0.024644418271256206	0.024407142454478996	0.024150757952444018	0.02387482174506058	0.023578880997766928	0.023262472850697338	0.022925124203420012	0.022566351495153718	0.022185660480370253	0.021782545999687295	0.021356491745954345	0.020906970025432698	0.020433441513968077	0.019935355008052852	0.019412147170672217	0.01886324227182699	0.018288051923623184	0.017685974809816509	0.017056396409697503	0.016398688716200687	0.015712209948118998	0.014996304256301987	0.014250301423714027	0.013473516559226188	0.012665249785013004	0.011824785917422384	0.010951394141184775	0.01004432767682438	0.0091028234411329647	0.0081261017005636021	0.0071133657173990698	0.0060638013885461611	0.00050701877393008736	0.0010121750067492215	0.0015154175830236437	0.0020166941403791539	0.0025159510409836572	0.0030131333424036205	0.0035081847678210478	0.0040010476755973426	0.0044916630281701389	0.0049799703602688645	0.00546590774643452	0.0059494117678288673	0.0064304174783178921	0.0069088583698140704	0.0073846663368617206	0.0078577716404493059	0.0083281028710322502	1.3697960335213004	0.0092601488948169507	0.0097217121720793633	0.010180198264704475	0.010635526826999555	0.011087615603332671	0.01153638038513947	0.01198173496699606	0.012423591101738234	0.012861858454606913	0.013296444556399053	0.013727254755603154	0.01415419216949769	0.014577157634190784	0.014996049653578499	0.015410764347199079	0.015821195396959767	0.016227233992712389	0.016628768776653376	0.017025685786523598	0.017417868397582428	0.017805197263330463	0.018187550254954336	0.018564802399466861	0.018936825816514902	0.01930348965382702	0.019664660021272259	0.020020199923500768	0.020369969191136632	0.020713824410492219	0.021051618851773271	0.021383202395742793	0.021708421458811487	0.022027118916521694	0.022339134025391193	0.022644302343082304	0.022942455646861256	0.023233421850312144	0.023517024918268552	0.023793084779925811	0.02406141724009566	0.024321833888564456	0.024574142007515176	0.02481814447697284	0.025053639678231876	0.025280421395223303	0.02549827871377873	0.025706995918747012	0.025906352388919085	0.026096122489714779	0.026276075463585177	0.026445975318082831	0.026605580711551041	0.026754644836382711	0.026892915299797905	0.027020134002088626	0.027136037012277892	0.027240354441139276	0.027332810311521981	0.027413122425925283	0.027481002231265289	0.027536154680775252	0.027578278092980274	0.027607064007685086	0.027622197038913332	0.027623354724734508	0.027610207373914231	0.027582417909321835	0.027539641708027703	0.027481526438022059	0.027407711891484766	0.02731782981453465	0.027211503733385507	0.027088348776834116	0.026947971495004313	0.026789969674269474	0.026613932148274483	0.026419438604975937	0.026206059389618709	0.025973355303564403	0.025720877398885789	0.025448166768640125	0.025154754332731403	0.024840160619270659	0.024503895541341306	0.024145458169074343	0.023764336496936701	0.02336000720613382	0.022931935422025602	0.022479574466452681	0.022002365604868193	0.021499737788167619	0.020971107389107589	0.020415877933201827	0.019833439823980618	0.019223170062497366	0.018584431960964029	0.017916574850394093	0.017218933782130026	0.016490829223129031	0.015731566744878859	0.014940436705812408	0.014116713927087266	0.013259657361594098	0.012368509756054235	0.011442497306064609	0.010480829303944981	0.0094826977792395548	0.0084472771317222126	0.007373723756751137	0.0062611756628159036	0.00053384860952640002	0.0010657312034356829	0.0015955938265477705	0.0021233812074676712	0.0026490367284837334	0.003172502394805004	0.0036937188031235945	0.0042126251094876579	0.004729158996470249	0.0052432566396191016	0.0057548526731719344	0.0062638801550217241	0.0067702705309158886	0.0072739535978731612	0.0077748574668014348	0.0082729085242996374	0.0087680313936262782	0.0092601488948169507	1.3956504223973205	0.010235049811421041	0.010717669479569968	0.01119695619903719	0.011672823144433457	0.012145181428940834	0.012613940057945203	0.013079005881662137	0.013540283546734829	0.013997675446782288	0.014451081671875698	0.014900399956920133	0.015345525628918598	0.015786351553094709	0.016222768077849965	0.016654662978530889	0.017081921399981076	0.017504425797852309	0.017922055878648858	0.018334688538477827	0.018742197800478713	0.019144454750904115	0.019541327473823082	0.019932680984418433	0.020318377160848094	0.020698274674640485	0.021072228919593004	0.021440091939142165	0.021801712352173253	0.022156935277236799	0.02250560225513815	0.022847551169866396	0.023182616167827377	0.023510627575345385	0.023831411814397296	0.024144791316541955	0.024450584435006972	0.024748605354894489	0.025038664001466229	0.025320565946467945	0.025594112312451865	0.025859099675055609	0.026115319963194456	0.026362560357123629	0.026600603184325892	0.026829225813179026	0.027048200544356863	0.027257294499916464	0.027456269510023227	0.027644881997264399	0.027822882858501003	0.027990017344206541	0.028146024935240169	0.028290639217000844	0.028423587750907916	0.028544591943152332	0.028653366910661785	0.028749621344221484	0.028833057368691847	0.02890337040026204	0.028960249000678329	0.029003374728383793	0.029032421986505748	0.029047057867624647	0.02904694199525831	0.029031726361992669	0.029001055164189778	0.028954564633201712	0.028891882863018178	0.028812629634273453	0.028716416234537422	0.028602845274813521	0.028471510502165027	0.028321996608389327	0.028153879034658307	0.027966723772041562	0.027760087157826623	0.027533515667549757	0.027286545702648168	0.02701870337364316	0.026729504278761831	0.026418453277902824	0.026085044261850012	0.025728759916635899	0.025349071482954292	0.02494543851052031	0.024517308607273032	0.024064117183314557	0.023585287189476674	0.023080228850404338	0.022548339392042815	0.021989002763412976	0.0214015893525571	0.020785455696534911	0.020139944185347244	0.019464382759662242	0.018758084602216393	0.018020347822760081	0.017250455136414773	0.016447673535306476	0.015611253953336506	0.014740430923949053	0.013834422230750898	0.012892428550836806	0.011913633090670183	0.010897201214366325	0.0098422800642219109	0.0087479981733315677	0.0076134650701289441	0.006437770874686422	0.00056051185030021281	0.0011189542104771443	0.0016752702856043969	0.0022294018952661895	0.0027812894418713105	0.0033308718782713866	0.0038780866746686432	0.0044228697847979734	0.0049651556113678641	0.0055048769707443414	0.0060419650568618536	0.0065763494043445791	0.0071079578508213854	0.0076367164984172597	0.0081625496744036526	0.0086853798909899711	0.009205127804237807	0.0097217121720793633	0.010235049811421041	1.4220026733657654	0.011251642203162963	0.011754720484979832	0.012254199004616745	0.012749984197002193	0.013241980278331853	0.013730089196201048	0.014214210578655254	0.014694241682135532	0.01517007733829575	0.015641609899667577	0.016108729184148914	0.016571322418290933	0.017029274179358359	0.017482466336137023	0.017930777988462265	0.018374085405441255	0.01881226196234162	0.019245178076118218	0.019672701139549477	0.020094695453953901	0.020511022160456818	0.020921539169776977	0.021326101090501683	0.021724559155818727	0.022116761148672743	0.022502551325312703	0.022881770337196801	0.023254255151220309	0.02361983896823101	0.02397835113979634	0.024329617083185578	0.024673458194529579	0.025009691760119808	0.025338130865807652	0.025658584304464327	0.025970856481460445	0.026274747318124174	0.02657005215313523	0.026856561641811789	0.027134061653246045	0.02740233316524357	0.027661152157020388	0.027910289499610972	0.028149510843939334	0.028378576506504216	0.028597241352628869	0.028805254677224175	0.029002360083013635	0.029188295356166689	0.029362792339287055	0.029525576801700135	0.029676368306983805	0.029814880077684711	0.029940818857161787	0.030053884768496783	0.030153771170411008	0.030240164510125914	0.030312744173103808	0.030371182329603893	0.03041514377798735	0.030444285784703925	0.030458257920890984	0.030456701895514627	0.030439251384981124	0.030405531859145234	0.030355160403640745	0.030287745538456826	0.030202887032682157	0.030100175715337702	0.029979193282216543	0.029839512098648453	0.029680694998104346	0.029502295076554646	0.02930385548249366	0.029084909202539831	0.028844978842520824	0.028583576403949467	0.028300203055795562	0.027994348901456054	0.027665492740824263	0.027313101827356887	0.026936631620035519	0.02653552553011676	0.026109214662563943	0.02565711755204975	0.025178639893418512	0.024673174266493163	0.024140099855110508	0.02357878216026554	0.022988572707243398	0.022368808746614909	0.021718812948969206	0.021037893093254618	0.020325341748595474	0.019580435949451202	0.018802436863980154	0.017990589455468046	0.017144122136679107	0.01626224641698313	0.015344156542110885	0.014389029126385245	0.013396022777274407	0.012364277712108272	0.011292915366797681	0.010181037996391779	0.0090277282673059452	0.0078320488410493164	0.0065930419492769583	0.00058700413637195379	0.0011718353081144623	0.0017544338805548074	0.0023347387642564206	0.0029126873817485266	0.003488215633525337	0.0040612578632991869	0.0046317468224917153	0.0051996136339468296	0.00576478775484886	0.0063271969388289783	0.0068867671972425706	0.0074434227595999505	0.0079970860331323428	0.0085476775614747903	0.009095115982447154	0.0096393179849141083	0.010180198264704477	0.010717669479569968	0.011251642203162961	1.4488599390773871	0.012308723767476892	0.012831642906652379	0.013350684052213829	0.013865746631166699	0.014376727688486088	0.014883521833619731	0.015386021185830753	0.015884115318355714	0.016377691201352865	0.016866633143614994	0.01735082273302084	0.017830138775698369	0.018304457233872699	0.018773651162370925	0.019237590643755614	0.019696142722057722	0.020149171335079881	0.020596537245239431	0.021038097968920803	0.021473707704305595	0.021903217257648492	0.022326473967966162	0.022743321630105784	0.023153600416159239	0.023557146795187927	0.023953793451222949	0.024343369199504375	0.024725698900922341	0.025100603374622662	0.025467899308738096	0.025827399169206032	0.026178911106632504	0.026522238861161472	0.026857181665307692	0.027183534144710357	0.027501086216764014	0.027809622987082352	0.02810892464374946	0.028398766349312158	0.028678918130466292	0.028949144765388672	0.029209205668665535	0.029458854773767033	0.029697840413016891	0.029925905195004501	0.030142785879386319	0.030348213249021965	0.030541911979389408	0.030723600505222517	0.030892990884312993	0.031049788658417555	0.031193692711210252	0.031324395123217913	0.031441581023676383	0.031544928439243052	0.031634108139500433	0.031708783479183954	0.031768610237065772	0.031813236451425135	0.031842302252034271	0.031855439688587409	0.031852272555498967	0.031832416212995512	0.031795477404424552	0.031741054069701576	0.031668735154815185	0.031578100417308526	0.031468720227653589	0.031340155366433101	0.031191956817243335	0.031023665555228744	0.030834812331158281	0.030624917450950969	0.030393490550556193	0.030140030366092963	0.029864024499149766	0.0295649491771449	0.029242269008645162	0.028895436733538497	0.028523892967954489	0.028127065943823758	0.02770437124296582	0.027255211525592085	0.026778976253108912	0.026275041405102839	0.025742769190387954	0.025181507751992911	0.024590590865962408	0.023969337633845907	0.023317052168742698	0.022633023274771472	0.021916524119827866	0.021166811901492496	0.02038312750594776	0.019564695159759862	0.01871072207437887	0.01782039808320721	0.016892895271083192	0.015927367596024051	0.014922950503068872	0.013878760530059221	0.012793894905191479	0.011667431136172109	0.010498426590802629	0.009285918068819253	0.0080289213648065162	0.0067264308220022755	0.0006133210040920262	0.001224365569048443	0.001833071220450212	0.0024393739598399765	0.0030432082298674011	0.0036445068786692763	0.0042432011234680494	0.004839220513372107	0.0054324928913607783	0.0060229443554366954	0.0066104992189277498	0.0071950799699205398	0.0077766072298068216	0.008354999710924068	0.008930174173270895	0.0095020453802776416	0.010070526053612049	0.010635526826999557	0.011196956199037192	0.011754720484979834	0.012308723767476892	1.4762294852408713	0.013405052186599632	0.013947173866985421	0.014485127525209836	0.015018805303627746	0.015548096793089159	0.016072888975679253	0.016593066166217293	0.017108509952488093	0.017619099134179344	0.018124709660497364	0.018625214566433332	0.019120483907651642	0.019610384693971212	0.020094780821409898	0.020573533002762091	0.021046498696678136	0.021513532035214316	0.021974483749820972	0.022429201095735974	0.022877527774749936	0.023319303856308898	0.023754365696919445	0.024182545857820655	0.024603673020886396	0.025017571902720699	0.025424063166908355	0.025822963334381919	0.02621408469186557	0.02659723519835552	0.026972218389595723	0.027338833280506767	0.027696874265525188	0.028046131016809299	0.028386388380266827	0.02871742626935872	0.029039019556632691	0.029350937962938695	0.029652945944278166	0.029944802576237228	0.030226261435953524	0.030497070481564966	0.030756971929087946	0.031005702126671114	0.031242991426170021	0.031468564051986656	0.031682137967116851	0.031883424736347005	0.032072129386541186	0.032247950263957381	0.032410578888531189	0.032559699805063992	0.03269499043125057	0.032816120902480844	0.032922753913348292	0.033014544555796492	0.033091140153833958	0.033152180094745833	0.033197295656729429	0.03322610983287947	0.033238237151447012	0.033233283492294825	0.033210845899469744	0.033170512389812064	0.033111861757518922	0.033034463374578396	0.032937876986988072	0.032821652506670955	0.032685329798999463	0.032528438465836369	0.032350497623999629	0.032151015679056746	0.031929490094351448	0.031685407155164047	0.031418241727904923	0.031127457014238222	0.030812504300030717	0.030472822699019068	0.03010783889108587	0.029716966855033555	0.029299607595741829	0.028855148865593008	0.028382964880046695	0.027882416027242878	0.0273528485715103	0.026793594350654207	0.026203970466895089	0.025583278971327412	0.024930806541764848	0.024245824153835277	0.023527586745186832	0.022775332872662573	0.021988284362299281	0.021165645952002411	0.020306604926746009	0.019410330746144497	0.018475974664238455	0.017502669341334681	0.01648952844773699	0.015435646259200587	0.014340097243940461	0.013201935641019505	0.012020195029939664	0.010793887891254952	0.0095220051580223002	0.0082035157579017897	0.0068373661457140156	0.00063945788370310056	0.0012765358537644275	0.0019111685960186231	0.0025432892029875411	0.0031728291374412852	0.0037997181951592279	0.0044238844668739279	0.0050452542993805159	0.0056637522557937458	0.0062793010749345483	0.0068918216298275454	0.0075012328852905328	0.0081074518545967214	0.0087103935551898232	0.0093099709634320345	0.0099060949683641587	0.010498674324457027	0.011087615603332672	0.011672823144433459	0.012254199004616743	0.012831642906652379	0.013405052186599634	1.5041186922677858	0.014539343967141054	0.015100008716528019	0.015656203227935463	0.016207812073615647	0.016754717098475817	0.017296797358917936	0.017833929060353387	0.018365985493364774	0.018892836968485951	0.01941435074957135	0.019930390985724671	0.020440818641756554	0.020945491427140254	0.021444263723433526	0.021936986510134478	0.022423507288938271	0.022903670006361218	0.023377314974697416	0.023844278791273463	0.024304394255964729	0.024757490286937182	0.025203391834577156	0.025641919793570975	0.026072890913095545	0.026496117705080431	0.026911408350500599	0.027318566603658567	0.027717391694414055	0.028107678228317525	0.028489216084604137	0.028861790312003022	0.02922518102231603	0.029579163281719414	0.029923506999740578	0.030257976815861155	0.030582331983697052	0.03089632625270429	0.0311997077473593	0.031492218843760501	0.031773596043597543	0.032043569845433002	0.032301864613240486	0.032548198442141685	0.03278228302128415	0.033003823493799864	0.033212518313783738	0.033408059100230016	0.033590130487862919	0.033758409974796975	0.033912567766960888	0.03405226661921739	0.034177161673110475	0.034286900291169702	0.034381121887699692	0.03445945775598213	0.034521530891815082	0.034566955813313913	0.03459533837689583	0.034606275589368803	0.03459935541604385	0.034574156584788164	0.034530248385934756	0.034467190467962448	0.034384532628858794	0.034281814603075791	0.034158565843987521	0.034014305301756045	0.033848541196510595	0.033660770786742733	0.033450480132818428	0.033217143855506143	0.032960224889417092	0.032679174231253098	0.03237343068275389	0.032042420588234768	0.031685557566602199	0.031302242237733473	0.030891861943103862	0.030453790460542109	0.029987387712993429	0.029491999471165525	0.028966957049932067	0.02841157699836399	0.02782516078325771	0.027206994466025525	0.026556348372811643	0.025872476757694048	0.025154617458829114	0.02440199154739444	0.023613802969180517	0.022789238178680341	0.021927465765522312	0.02102763607308844	0.020088880809157383	0.019110312648407936	0.018091024826615443	0.017030090726370191	0.015926563454143589	0.014779475408523946	0.013587837839440765	0.012350640398191459	0.011066850678082525	0.0097354137454916667	0.00835525166115441	0.0069252629914740059	0.00066541009695160176	0.0013283368057552662	0.0019887119724993152	0.002646465780684813	0.0033015267132023044	0.0039538215134737415	0.0046032751457417967	0.0052498107544883396	0.005893349622963554	0.0065338111308066733	0.0071711127107390348	0.0078051698043096508	0.0084358958166731689	0.0090632020703795592	0.0096869977581545766	0.010307189894649507	0.010923683267138259	0.01153638038513947	0.012145181428940834	0.012749984197002193	0.013350684052213829	0.013947173866985423	0.014539343967141054	1.5325350569380884	0.015710273248781881	0.016288799826816271	0.016862541362352657	0.017431374563120338	0.01799517322710395	0.018553808177341483	0.019107147195310425	0.019655054952872196	0.02019739294274446	0.020734019407470206	0.021264789266851842	0.021789554043817976	0.022308161788689763	0.022820457001813038	0.023326280554521881	0.023825469608398531	0.024317857532793377	0.024803273820568916	0.025281544002029907	0.025752489557001709	0.026215927825017877	0.026671671913577166	0.027119530604429443	0.027559308257849	0.027990804714853188	0.028413815197322917	0.028828130205981354	0.029233535416185518	0.029629811571485129	0.030016734374901897	0.03039407437788123	0.03076159686686792	0.031119061747455753	0.031466223426060376	0.031802830689063588	0.032128626579376034	0.032443348270364422	0.032746726937087925	0.033038487624788004	0.033318349114573376	0.033586023786242578	0.033841217478183493	0.034083629344289233	0.034312951707827902	0.034528869912202921	0.034731062168538711	0.034919199400025754	0.035092945082957488	0.035251955084389955	0.035395877496353777	0.035524352466547109	0.035637012025435545	0.035733479909684777	0.035813371381849597	0.035876293046241042	0.035921842660892524	0.035949608945543762	0.035959171385559582	0.035950100031699302	0.03592195529565044	0.035874287741238735	0.035806637871224678	0.035718535909595311	0.035609501579257082	0.035479043875035074	0.035326660831881025	0.035151839288190663	0.034954054644129075	0.03473277061486079	0.034487438978578956	0.0342174993192257	0.033922378763794239	0.03360149171409995	0.033254239572906637	0.032880010464290566	0.03247817894812375	0.032048105728554245	0.031589137356359938	0.031100605925048805	0.030581828760576753	0.030032108104551074	0.029450730790784922	0.028836967915065851	0.028190074497998027	0.027509289140775398	0.026793833673740185	0.026042912797577328	0.025255713716993859	0.024431405766727681	0.023569140029728063	0.022668048947346302	0.02172724592137237	0.020745824907749198	0.019722860001793793	0.018657405014749971	0.017548493041494615	0.016395136019215203	0.015196324276873546	0.013951026075265514	0.012658187137484192	0.011316730169588392	0.0099255543712767624	0.0084835349363601865	0.0069895225428246582	0.00069117285464731352	0.0013797588466405253	0.0020656869823216383	0.0027488845361709267	0.0034292770111993753	0.0041067880984715175	0.0047813396357401349	0.0054528515651738468	0.0061212418901582582	0.0067864266311509014	0.0074483197805698381	0.0081068332566952925	0.0087618768565633515	0.0094133582078302358	0.010061182719585275	0.010705253532090222	0.011345471465422067	0.01198173496699606	0.012613940057945203	0.013241980278331851	0.013865746631166699	0.014485127525209836	0.015100008716528017	0.015710273248781881	1.5614861940863618	0.016916470581324543	0.017512155351164349	0.018102727272286737	0.018688054884259064	0.019268003627745896	0.019842435775119609	0.020411210359569176	0.020974183102675514	0.02153120634042089	0.022082128947599484	0.022626796260595286	0.023165049998492785	0.023696728182485572	0.024221665053546702	0.024739690988324278	0.025250632413224963	0.025754311716647216	0.026250547159325135	0.026739152782743501	0.027219938315583062	0.027692709078155051	0.028157265884782227	0.028613404944083664	0.029060917757119081	0.029499591013347783	0.029929206484356388	0.030349540915308438	0.03076036591406826	0.031161447837950124	0.031552547678043004	0.031933420941060206	0.032303817528661925	0.032663481614197791	0.033012151516815531	0.033349559572880397	0.033675432004649349	0.03398948878614242	0.034291443506152715	0.034581003228335197	0.034857868348313358	0.035121732447741208	0.035372282145257408	0.035609196944266258	0.035832149077479628	0.036040803348152121	0.036234816967940529	0.036413839391317156	0.036577512146465346	0.036725468662583742	0.036857334093524534	0.036972725137689358	0.03707124985410503	0.037152507474599451	0.037216088211996595	0.037261573064247967	0.037288533614415739	0.037296531826421626	0.037285119836473223	0.037253839740078377	0.03720222337455556	0.037129792096947008	0.037036056557239141	0.036920516466792883	0.036782660361884344	0.036621965362254941	0.036437896924566893	0.036229908590658784	0.035997441730493719	0.03573992527968952	0.035456775471519292	0.035147395563267569	0.034811175556825426	0.034447491913405084	0.034055707262252759	0.033635170103235058	0.03318521450317289	0.03270515978579322	0.032194310215166839	0.031651954672497859	0.031077366326127169	0.030469802294610163	0.029828503302725514	0.02915269333026926	0.028441579253485082	0.02769435047897947	0.026910178569965894	0.026088216864680849	0.025227600086809618	0.024327443947757734	0.023386844740599488	0.022404878925532695	0.021380602706664604	0.020313051599950453	0.019201239992102562	0.018044160690284253	0.016840784462399283	0.015590059567782781	0.014290911278097156	0.012942241388230961	0.011542927716995633	0.010091823597410388	0.0085877573563616343	0.0070295317834182351	0.00071674125417000212	0.0014307921711797385	0.0021420789176248931	0.0028505258589649482	0.0035560555183313304	0.0042585885344311562	0.004958043618527315	0.0056543375104751697	0.0063473849337957536	0.007037098549764898	0.0077233889104973913	0.0084061644110046616	0.0090853312402042353	0.0097607933308585942	0.010432452308420629	0.011100207438762571	0.011763955574764482	0.012423591101738234	0.013079005881662139	0.013730089196201048	0.01437672768848609	0.015018805303627746	0.015656203227935459	0.016288799826816271	0.016916470581324543	1.5909798383089437	0.018156521669304419	0.018768637952608507	0.019375300154396521	0.019976368332959616	0.020571699251565073	0.021161146304729418	0.021744559442896813	0.022321785095488791	0.022892666092291326	0.023457041583143757	0.024014746955893951	0.024565613752583256	0.025109469583823624	0.025646138041329095	0.026175438608562619	0.026697186569458544	0.027211192915180378	0.027717264248872272	0.028215202688362213	0.028704805766773891	0.029185866331002942	0.029658172438013244	0.03012150724890687	0.030575648920721506	0.031020370495907255	0.031455439789434186	0.031880619273481202	0.032295665959655134	0.032700331278688516	0.033094360957563199	0.03347749489400579	0.033849467028299898	0.034210005212359153	0.034558831076003389	0.034895659890379904	0.035220200428469482	0.035532154822616978	0.035831218419023557	0.036117079629137648	0.036389419777879406	0.036647912948633059	0.036892225824939062	0.037122017528817768	0.037336939455653952	0.03753663510557069	0.03772073991121918	0.037888881061910087	0.038040677324010036	0.038175738857525225	0.03829366702879345	0.038394054219202563	0.038476483629853543	0.038540529082083379	0.038585754813761593	0.038611715271272877	0.038617954897095783	0.038604007912886242	0.038569398097972399	0.038513638563165462	0.038436231519789366	0.038336668043829986	0.038214427835102677	0.038068978971334606	0.037899777657056821	0.037706267967198018	0.037487881585270395	0.037244037536035522	0.036974141912535959	0.036677587597375716	0.036353753978130725	0.036002006656767692	0.035621697152947343	0.035212162601085707	0.034772725441044101	0.034302693102316248	0.033801357681578159	0.033267995613463532	0.032701867334424595	0.032102216939535869	0.031468271832094968	0.030799242365871754	0.030094321479854049	0.029352684325335287	0.028573487885186235	0.0277558705851489	0.026898951896989248	0.026001831933340009	0.025063591034062842	0.024083289343955032	0.023059966381622363	0.021992640599336356	0.020880308933690445	0.019721946346865457	0.018516505358311192	0.017262915566647601	0.015960083161583243	0.014606890425646984	0.013202195225522982	0.011744830492775016	0.010233603693743145	0.008667296288389267	0.0070446631778648874	0.00074211027692194136	0.0014814267421774531	0.0022178727226158973	0.0029513696746759719	0.0036818371416095382	0.0044091927097662954	0.0051333519639192452	0.005854228441610496	0.0065717335864965021	0.0072857767006713993	0.0079962648959466948	0.0087031030440650296	0.009406193725825374	0.010105437179096453	0.010800731245694736	0.011491971317102924	0.012179050279004155	0.012861858454606913	0.013540283546734829	0.014214210578655254	0.014883521833619733	0.015548096793089159	0.016207812073615647	0.016862541362352657	0.017512155351164353	0.018156521669304419	1.6210238456921109	0.019428966083349278	0.020056763498182226	0.020678751735050845	0.0212947820481173	0.021904702193225677	0.022508356349683366	0.023105585040351213	0.023696225050006941	0.024280109341945241	0.024857066972777387	0.025426923005392444	0.025989498420041311	0.026544610023503921	0.027092070356299517	0.027631687597898382	0.028163265469893381	0.028686603137088044	0.029201495106457635	0.029707731123938232	0.030205096068998419	0.030693369846946813	0.031172327278927901	0.031641737989557737	0.032101366292149873	0.032550971071480937	0.0329903056640444	0.033419117735739655	0.033837149156942796	0.034244135874904207	0.034639807783416895	0.035023888589698488	0.035396095678428503	0.035756139972881386	0.036103725793094704	0.036438550711010056	0.036760305402524021	0.037068673496383937	0.037363331419863186	0.037643948241148119	0.037910185508368464	0.038161697085200869	0.03839812898297415	0.038619119189203306	0.038824297492477608	0.039013285303627195	0.039185695473090094	0.039341132104400815	0.039479190363719691	0.03959945628532055	0.039701506572952329	0.039784908396989137	0.039849219187280918	0.039893986421615228	0.039918747409699251	0.03992302907256845	0.039906347717327019	0.039868208807123426	0.03980810672626163	0.039725524540347244	0.039619933751365591	0.039490794047586465	0.039337553048188097	0.03915964604249119	0.03895649572369092	0.038727511916973031	0.038472091301897576	0.038189617128931902	0.037879458930010892	0.037540972223001866	0.037173498209947212	0.036776363468956089	0.036348879639614431	0.03589034310177814	0.035400034647613841	0.03487721914674663	0.034321145204372988	0.033731044812193342	0.033106132992015827	0.032445607431880318	0.03174864811454773	0.031014416938197818	0.030242057329173753	0.029430693846610515	0.028579431778778679	0.02768735673097367	0.026753534204775626	0.025777009168502434	0.024756805618674351	0.02369192613230503	0.022581351409830371	0.021424039808481926	0.020218926865909041	0.018964924813848157	0.017660922081635212	0.016305782789352241	0.014898346230394582	0.013437426343241963	0.011921811172210651	0.010350262316961437	0.0087215143705315773	0.0070342743456555546	0.00076727478572518389	0.0015316522852777742	0.002293052985760814	0.0030513954345922092	0.0038065961951442651	0.0045585698014092577	0.0053072287116703015	0.0060524832611562511	0.0067942416136589842	0.0075324097120909386	0.0082668912279603383	0.0089975875097410424	0.009724397530113461	0.010447217832052564	0.011165942473738403	0.011880462972264135	0.012590668246115991	0.013296444556399053	0.013997675446782284	0.014694241682135532	0.015386021185830753	0.016072888975679257	0.016754717098475817	0.017431374563120338	0.018102727272286737	0.018768637952608507	0.019428966083349278	1.6516261955614993	0.020732295937455739	0.02137499971868119	0.022011524912259939	0.022641713635363648	0.023265404296162938	0.023882431510957956	0.024492626019518175	0.025095814598593648	0.025691819973559054	0.026280460728151166	0.026861551212259822	0.027434901447730902	0.028000317032139871	0.02855759904049298	0.02910654392481243	0.029646943411561193	0.030178584396861705	0.030701248839462524	0.031214713651405164	0.031718750586342964	0.032213126125462822	0.032697601360959165	0.033171931877008995	0.033635867628195482	0.034089152815326686	0.034531525758594556	0.034962718768018763	0.035382458011118223	0.035790463377752338	0.03618644834207272	0.036570119821524777	0.036941178032837613	0.037299316344939049	0.037644221128731462	0.037975571603663175	0.03829303968102777	0.038596289803923482	0.038884978783802891	0.039158755633541216	0.039417261396951307	0.039660128974670507	0.03988698294634388	0.04009743938902708	0.040291105691729105	0.040467580366015284	0.040626452852588063	0.040767303323761932	0.040889702481746747	0.040993211352652492	0.041077381076126428	0.041141752690531434	0.041185856913573168	0.041209213918281258	0.04121133310424803	0.041191712864026009	0.041149840344583993	0.041085191203718605	0.040997229361317243	0.040885406745364644	0.040749163032584995	0.040587925383607636	0.040401108172542909	0.040188112710852451	0.039948326965395589	0.039681125270530901	0.039385868034150402	0.039061901437519919	0.038708557128798206	0.038325151910103182	0.037910987417992599	0.037465349797222186	0.036987509367642571	0.036476720284093121	0.035932220189148066	0.035353229858566718	0.03473895283929767	0.034088575079882666	0.033401264553103827	0.032676170870713228	0.031912424890082405	0.031109138312604308	0.030265403273678215	0.029380291924103196	0.028452856002704131	0.027482126400008598	0.026467112712790643	0.025406802789293591	0.024300162264938998	0.023146134088326921	0.021943638037327268	0.020691570225057833	0.019388802595541519	0.018034182408830531	0.016626531715380245	0.015164646819452534	0.013647297731322604	0.012073227608059242	0.010441152182643975	0.0087497591811895401	0.0069977077280130974	0.00079222952216242406	0.0015814582836460901	0.0023676039318077211	0.0031505821050444366	0.0039303063868489762	0.0047066882588562018	0.0054796370528593366	0.0062490599017739849	0.0070148616895274411	0.0077769449998504473	0.0085352100639479542	0.0092895547070250221	0.01003987429364351	0.010786061671884633	0.011528007116292026	0.012265598269569305	0.012998720083005778	0.013727254755603152	0.014451081671875698	0.015170077338295751	0.015884115318355714	0.016593066166217293	0.017296797358917936	0.01799517322710395	0.018688054884259064	0.019375300154396521	0.020056763498182226	0.020732295937455739	1.682794992252906	0.022064954531331449	0.022721764833056497	0.023372012361789537	0.024015529754564433	0.024652145721120594	0.025281684956219311	0.025903968050065975	0.026518811396798615	0.027126027101001801	0.02772542288220424	0.028316801977317754	0.028899963040974114	0.029474700043715454	0.030040802167993385	0.030598053701930215	0.031146233930795658	0.031685117026150712	0.032214471932609789	0.03273406225217098	0.033243646126063606	0.033742976114060443	0.034231799071201954	0.034709856021877886	0.035176882031210825	0.035632606073685312	0.036076750898964588	0.036509032894836084	0.036929161947225606	0.03733684129721878	0.037731767395026899	0.038113629750833669	0.038482110782457203	0.038836885659760706	0.039177622145744183	0.039503980434247431	0.039815612984193616	0.040112164350301474	0.040393271010191786	0.040658561187813594	0.040907654673112658	0.041140162637864276	0.041355687447590377	0.041553822469478793	0.041734151876222245	0.041896250445691119	0.042039683356353975	0.042164005978356726	0.042268763660170447	0.042353491510715498	0.042417714176867738	0.042460945616250863	0.042482688865217021	0.042482435801915359	0.042459666904346764	0.042413851003300307	0.042344445030065375	0.042250893758810991	0.042132629543521406	0.041989072049375263	0.041819627978452921	0.041623690789654354	0.041400640412707738	0.041149842956145884	0.040870650409125943	0.040562400336964628	0.040224415570258701	0.039856003887458261	0.039456457690756903	0.039025053675160869	0.038561052490595701	0.038063698396906695	0.037532218911606123	0.036965824450217226	0.036363707959062186	0.035725044540337696	0.035048991069319232	0.034334685803531051	0.033581247983716415	0.032787777426438673	0.031953354108140597	0.031077037740485612	0.030157867336801376	0.029194860769442284	0.028187014317883223	0.027133302207354566	0.026032676137822529	0.024884064803116557	0.023686373400001154	0.022438483126984272	0.021139250672652252	0.019787507693314596	0.018382060279739546	0.016921688412755948	0.015405145407492144	0.013831157346018939	0.012198422498157491	0.010505610730210141	0.0087513629013651374	0.0069342902475223256	0.00081696910386024394	0.0016308339725355659	0.0024415094136363692	0.0032489081565389832	0.004052940804856589	0.0048535157878666271	0.0056505393108724376	0.0064439153044763588	0.0072335453727411193	0.0080193287402157611	0.0088011621978019497	0.0095789400474359642	0.0103525540455611	0.011121893345364833	0.011886844437754349	0.012647291091043752	0.013403114289325429	0.014154192169497691	0.014900399956920133	0.015641609899667581	0.016377691201352865	0.017108509952488093	0.017833929060353384	0.018553808177341483	0.019268003627745896	0.019976368332959616	0.020678751735050845	0.02137499971868119	0.022064954531331445	1.7145384669046344	0.023425334956931027	0.02409542613655398	0.024758555106565053	0.02541454467014297	0.026063213477040763	0.026704375930919177	0.027337842094679647	0.02796341759375447	0.028580903517311285	0.02919009631732784	0.02979078770549214	0.030382764547882309	0.030965808757379278	0.031539697183764773	0.032104201501455723	0.032659088094825588	0.033204117941061671	0.033739046490506852	0.034263623544432818	0.034777593130190736	0.035280693373684523	0.035772656369110464	0.036253208045905712	0.036722068032847416	0.037178949519242339	0.037623559113146444	0.038055596696551973	0.038474755277478484	0.038880720838903225	0.03927317218446455	0.039651780780870748	0.040016210596945913	0.040366117939241726	0.040701151284144192	0.041020951106401429	0.041325149703998337	0.04161337101930123	0.041885230456395327	0.042140334694534841	0.042378281497625313	0.042598659519654858	0.042801048105990273	0.04298501709045157	0.043150126588077112	0.043295926783489522	0.043421957714770788	0.04352774905275307	0.04361281987562983	0.043676678438789883	0.043718821939774992	0.04373873627825979	0.04373589581095029	0.0437097631012957	0.043659788663905352	0.043585410703561443	0.04348605484871465	0.043361133879348666	0.043210047449096615	0.043032181801489849	0.042826909480218063	0.042593589033275842	0.042331564710869587	0.04204016615695496	0.041718708094273409	0.041366490002752596	0.040982795791134008	0.040566893461686876	0.040118034767865962	0.039635454864766627	0.039118371952228857	0.038565986910437729	0.037977482927865576	0.03735202512139741	0.036688760148478085	0.035986815811116721	0.03524530065157979	0.034463303539601697	0.03363989325093765	0.032774118037080122	0.031865005185956807	0.03091156057342398	0.029912768205365377	0.028867589750203426	0.027774964061624621	0.026633806691318165	0.025443009391521505	0.024201439607163259	0.022907939957389743	0.021561327706255753	0.020160394222357284	0.018703904427178755	0.017190596231922407	0.015619179962583163	0.013988337773027184	0.012296723045828255	0.010542959780609431	0.008725641969634379	0.0068433329603857958	0.00084148802171353943	0.0016797683337359929	0.002514752903931443	0.0033463515526554318	0.004174471903641579	0.0049990193338099046	0.0058198969219738625	0.0066370053964225359	0.007450243081354075	0.0082595058421358267	0.0090646870293661745	0.0098656774217126091	0.010662365167499875	0.011454635725021683	0.012242371801548803	0.013025453291005809	0.01380375721028816	0.014577157634190785	0.015345525628918597	0.016108729184148914	0.016866633143614994	0.017619099134179347	0.018365985493364771	0.019107147195310425	0.019842435775119609	0.020571699251565077	0.0212947820481173	0.022011524912259939	0.022721764833056501	0.023425334956931023	1.7468649792715683	0.024811778668293642	0.025494298551696368	0.026169441048451505	0.026837018763303834	0.027496839913369493	0.028148708230313256	0.028792422860415202	0.029427778262481864	0.030054564103556933	0.030672565152384656	0.031281561170579113	0.031881326801450609	0.032471631456440234	0.033052239199112175	0.03362290862665232	0.03418339274882088	0.034733438864305521	0.035272788434420325	0.035801176954094793	0.036318333820096332	0.036823982196427747	0.037317838876840821	0.037799614144405178	0.038269011628071198	0.03872572815616341	0.039169453606740408	0.039599870754755774	0.040016655115952642	0.040419474787423935	0.040807990284768302	0.041181854375770585	0.041540711910534205	0.041884199647991373	0.042211946078715173	0.042523571243956573	0.042818686550827531	0.043096894583549372	0.043357788910684827	0.043600953888269588	0.043825964458758075	0.044032385945695966	0.044219773844030585	0.044387673605968278	0.044535620422285718	0.044663138999000991	0.044769743329307297	0.044854936460671235	0.044918210256994585	0.044959045155737155	0.044976909919896058	0.044971261384734194	0.044941544199149065	0.044887190561570332	0.044807619950272916	0.044702238847989177	0.044570440460702285	0.044411604430499796	0.044225096542364076	0.044010268424774499	0.043766457243992168	0.043492985391896992	0.043189160167243182	0.042854273450196843	0.042487601370016642	0.042088403965735384	0.041655924839697996	0.041189390803807659	0.040688011518329646	0.040150979123098555	0.039577467860972326	0.038966633693372388	0.038317613907746573	0.037629526716787903	0.036901470849239108	0.036132525132108906	0.035321748064122811	0.034468177380227935	0.033570829606966425	0.032628699608530307	0.031640760123304322	0.030605961290701741	0.029523230168092319	0.028391470237618871	0.027209560902693487	0.025976356973961518	0.024690688144516023	0.023351358454141317	0.021957145742360802	0.020506801090056977	0.018999048249430474	0.01743258306205691	0.015806072864797571	0.014118155883314401	0.012367440612933444	0.01055250518659866	0.008671896729649041	0.0067241307011500903	0.00086578063704986948	0.0017282500899024889	0.0025873174866756204	0.0034428897387040187	0.0042948714898417397	0.0051431650646513892	0.0059876704154565282	0.0068282850682329886	0.0076649040673143409	0.0084974199188862336	0.0093257225332437806	0.01014969916578567	0.01096923435671809	0.011784209869441011	0.012594504627588772	0.013399994650696415	0.014200552988462477	0.014996049653578499	0.015786351553094706	0.016571322418290933	0.017350822733020844	0.018124709660497364	0.018892836968485951	0.019655054952872196	0.020411210359569176	0.021161146304729421	0.021904702193225673	0.022641713635363651	0.023372012361789537	0.02409542613655398	0.024811778668293639	1.7797830195610815	0.026222574013767819	0.026916643141183201	0.027602903461473125	0.02828115700520905	0.028951201172819158	0.029612828631431234	0.030265827209490791	0.030909979789107384	0.031545064196081593	0.032170853087563366	0.032787113837292423	0.033393608418369213	0.03399009328350517	0.03457631924269864	0.035152031338282735	0.035716968717289882	0.036270864501076527	0.036813445652150556	0.037344432838142871	0.037863540292862805	0.038370475674376715	0.038864939920046797	0.03934662709846698	0.039815224258230308	0.040270411273461822	0.04071186068604906	0.041139237544501057	0.041552199239365387	0.041950395335130952	0.042333467398543392	0.04270104882325787	0.043052764650752778	0.043388231387426111	0.043707056817795076	0.044008839813717102	0.044293170139549753	0.044559628253164181	0.044807785102726296	0.045037201919156743	0.045247430004180147	0.04543801051387112	0.045608474237603974	0.045758341372309504	0.045887121291941779	0.045994312312055176	0.04607940144938933	0.046141864176358981	0.046181164170342036	0.046196753057658108	0.04618807015212692	0.046154542188094283	0.046095583047810182	0.04601059348304231	0.04589896083080465	0.045760058723079922	0.045593246790409991	0.045397870359228383	0.04517326014280406	0.044918731925664646	0.044633586241363585	0.044317108043453603	0.043968566369525543	0.04358721399816895	0.043172287098708066	0.042723004873563418	0.042238569193086724	0.041718164222713031	0.041160956042271671	0.040566092257293414	0.039932701602148714	0.039259893534848281	0.038546757823333291	0.037792364123080111	0.036995761545839667	0.03615597821932863	0.035272020837685929	0.034342874202503496	0.033367500754237576	0.032344840093801508	0.03127380849413796	0.030153298401564124	0.028982177926679058	0.027759290324617755	0.026483453464433569	0.025153459287383738	0.02376807325389093	0.022326033778946916	0.020826051655720861	0.019266809467129359	0.017646960985121522	0.015965130557425225	0.01421991248149785	0.012409870365417927	0.010533536475450139	0.0085894110700090471	0.006575961719742807	0.00088984117873246974	0.0017762676987615254	0.0026591858484586099	0.0035384996301376869	0.0044141107077732521	0.0052859183535704981	0.0061538193933630891	0.0070177081508136048	0.007877476390391042	0.008733013259099344	0.0095842052269303618	0.010430936026013977	0.01127308658843783	0.012110534982708131	0.012943156348822798	0.013770822831927348	0.014593403514523396	0.015410764347199081	0.016222768077849965	0.017029274179358355	0.017830138775698369	0.018625214566433332	0.01941435074957135	0.020197392942744464	0.020974183102675514	0.021744559442896813	0.022508356349683366	0.023265404296162938	0.024015529754564433	0.024758555106565053	0.025494298551696368	0.026222574013767822	1.8133012102910029	0.027655954729688109	0.028360665581761875	0.02905711944551434	0.029745107390137051	0.030424415603605551	0.031094825284004254	0.03175611252850867	0.032408048219975602	0.033050397911090976	0.033682921706023855	0.034305374139534106	0.03491750405348034	0.035519054470673397	0.036109762466019289	0.036689359034895209	0.037257568958699971	0.037814110667519864	0.038358696099849238	0.038891030559303957	0.039410812568264952	0.03991773371838702	0.04041147851790762	0.040891724235688355	0.041358140741920645	0.04181039034542601	0.04224812762747944	0.042670999272083079	0.043078643892616099	0.043470691854784978	0.043846765095796575	0.044206476939675478	0.044549431908644653	0.044875225530487423	0.045183444141806833	0.045473664687096543	0.045745454513536211	0.045998371161421921	0.04623196215014061	0.046445764759595783	0.046639305806989412	0.046812101418863702	0.046963656798303562	0.047093465987199136	0.04720101162346587	0.04728576469311651	0.047347184277078763	0.047384717292648593	0.047397798229468067	0.047385848879913824	0.047348278063779961	0.047284481347136781	0.047193840755244673	0.047075724479399408	0.04692948657758305	0.046754466668791975	0.046549989620910746	0.046315365231997967	0.046049887904847715	0.045752836314687052	0.045423473069867187	0.045061044365403646	0.044664779629216958	0.04423389116092271	0.043767573763017091	0.043265004364300273	0.042725341635377202	0.042147725596071862	0.041531277214587818	0.040875097998244653	0.040178269575615863	0.039439853269890822	0.038658889663279523	0.03783439815227508	0.036965376493585361	0.036050800340541159	0.035089622769784043	0.034080773798034619	0.033023159888734707	0.031915663448356467	0.030757142312164483	0.029546429219214007	0.028282331276363124	0.026963629411073001	0.025589077812765142	0.024157403362500478	0.022667305050739255	0.021117453382937114	0.01950648977272695	0.017833025922431172	0.016095643190644188	0.01429289194661885	0.012423290911186187	0.01048532648393174	0.0084774520563453814	0.0063980873106580984	0.00091366374020063136	0.0018238093471916847	0.0027303402695982837	0.0036331576007136005	0.0045321600246325758	0.0054272437612029756	0.0063183025097685802	0.0072052273916787127	0.0080879068915377939	0.0089662267971680788	0.0098400701382581144	0.010709317123669021	0.011573845077369863	0.012433528372973113	0.013288238366840252	0.014137843329727263	0.014982208376938855	0.015821195396959767	0.016654662978530889	0.017482466336137023	0.018304457233872699	0.019120483907651642	0.019930390985724671	0.020734019407470203	0.02153120634042089	0.022321785095488791	0.023105585040351213	0.023882431510957956	0.024652145721120594	0.025414544670142966	0.026169441048451505	0.026916643141183201	0.027655954729688105	1.8474283081697249	0.029110098394545279	0.029824514598099844	0.030530208339520734	0.031226959327631219	0.031914542130154634	0.032592726059332423	0.033261275055077644	0.033919947565612188	0.034568496425534431	0.035206668731263692	0.035834205713805786	0.036450842608783986	0.037056308523677244	0.037650326302207472	0.038232612385815913	0.038802876672167246	0.039360822370619226	0.039906145854594295	0.040438536510787972	0.040957676585147568	0.041463241025554154	0.04195489732113783	0.042432305338156458	0.04289511715236554	0.043342976877805958	0.043775520491934443	0.044192375657020506	0.044593161537731373	0.044977488614825638	0.045344958494874125	0.045695163715924685	0.04602768754902687	0.046342103795529166	0.046637976580061483	0.046914860139111988	0.047172298605106855	0.047409825785899369	0.047626964939571872	0.0478232285444537	0.047998118064254996	0.048151123708214741	0.048281724186159204	0.048389386458364811	0.048473565480117491	0.04853370394085791	0.048569231997800062	0.04857956700390851	0.048564113230116779	0.048522261581667246	0.048453389308450542	0.048356859709219796	0.048232021829552454	0.048078210153430043	0.047894744288303419	0.047680928643508098	0.047436052101892404	0.047159387684516926	0.046850192208282168	0.046507705936337969	0.046131152221124551	0.045719737139893322	0.045272649122551266	0.044789058571670225	0.04426811747449888	0.043708959006812001	0.043110697128428195	0.042472426170223947	0.041793220412467864	0.04107213365429626	0.040308198774146736	0.039500427280962876	0.03864780885598005	0.037749310884897219	0.036803877980236981	0.035810431493690814	0.034767869018243427	0.033675063879865234	0.032530864618557864	0.031334094458533308	0.030083550767303045	0.028778004503448092	0.027416199652837533	0.025996852653057234	0.024518651805806278	0.022980256677013415	0.021380297484420822	0.019717374472377536	0.017990057273579354	0.016196884257487224	0.014336361865149498	0.012406963930149725	0.010407130985394069	0.0083352695554480462	0.0061897514341253271	0.00093724227644612253	0.0018708629451765029	0.0028007626150699442	0.0037268394703988319	0.0046489892153785441	0.0055671050174994257	0.0064810774496153736	0.0073907944307624544	0.0082961411656805126	0.0091970000830100991	0.010093250772136493	0.010984769918652014	0.011871431238407172	0.0127531054101207	0.013629660006517641	0.014500959423964451	0.015366864810568906	0.016227233992712385	0.017081921399981076	0.017930777988462265	0.018773651162370925	0.019610384693971208	0.02044081864175655	0.021264789266851838	0.022082128947599484	0.022892666092291326	0.023696225050006944	0.024492626019518179	0.025281684956219314	0.026063213477040763	0.026837018763303834	0.027602903461473125	0.028360665581761875	0.029110098394545276	1.882173205998656	0.030583124842669202	0.031306280355665586	0.032020230093195393	0.032724741992620827	0.033419578581249332	0.03410449685605018	0.0347792481607812	0.035443578060470181	0.036097226213195763	0.036739926239111043	0.037371405586651717	0.037991385395869652	0.038599580358831549	0.039195698577021022	0.039779441415681099	0.040350503355032992	0.040908571838305749	0.041453327116509404	0.041984442089883889	0.042501582145953808	0.043004404994117756	0.043492560496700035	0.04396569049639016	0.044423428639994891	0.04486540019842556	0.045291221882841966	0.045700501656872158	0.04609283854482648	0.046467822435821836	0.046825033883731125	0.047164043902870004	0.047484413759332558	0.047785694757884842	0.048067428024323448	0.048329144283204825	0.048570363630848476	0.048790595303515635	0.048989337440663	0.049166076843168628	0.049320288726425618	0.049451436468196254	0.049558971351118079	0.049642332299750173	0.049700945612046056	0.04973422468513785	0.049741569735312609	0.049722367512060731	0.049675991006072853	0.049601799151059944	0.049499136519267892	0.049367333010555806	0.049205703534904686	0.04901354768821977	0.048790149421287739	0.048534776701746454	0.048246681168923035	0.047925097781391604	0.047569244457100368	0.047178321705914378	0.046751512254415949	0.04628798066280343	0.045786872933724319	0.045247316112875725	0.044668417881202335	0.044049266138517451	0.043388928578370296	0.042686452253978616	0.041940863135041591	0.04115116565524491	0.040316342250265792	0.039435352886081895	0.038507134577383278	0.037530600895884378	0.036504641468326438	0.035428121463958455	0.03429988107127932	0.033118734963820125	0.031883471754740315	0.030592853440007572	0.029245614829925895	0.027840462968772225	0.026376076542296834	0.024851105272836904	0.023264169301789747	0.021613858559184022	0.019898732120084927	0.018117317547561712	0.016268110221941693	0.014349572656068918	0.012360133796279323	0.010298188308799902	0.0081620958512715631	0.0059501803290906135	0.0009605706009243011	0.001917416119626696	0.0028704343252396675	0.0038195204930148137	0.0047645673472879483	0.0057054650031920021	0.0066421009070909802	0.0075743597757076979	0.0085021235339174158	0.009425271251178995	0.010343679076574434	0.011257220172427257	0.012165764646469427	0.01306917948252591	0.013967328469685342	0.014860072129924637	0.015747267644154652	0.016628768776653376	0.017504425797852309	0.018374085405441259	0.01923759064375561	0.020094780821409895	0.020945491427140254	0.021789554043817976	0.022626796260595286	0.023457041583143757	0.024280109341945241	0.025095814598593648	0.025903968050065975	0.026704375930919181	0.027496839913369493	0.02828115700520905	0.029057119445514337	0.02982451459809984	0.030583124842669208	1.9175449345971332	0.032073094536419877	0.032803992811601672	0.033525183596161863	0.034236422632473736	0.0349374599745629	0.03562803986172311	0.036307900589411489	0.036976774377366094	0.03763438723488724	0.03828045882322309	0.038914702314998391	0.03953682425062463	0.040146524391627789	0.040743495570829298	0.041327423539313846	0.041897986810116979	0.042454856498563308	0.042997696159185347	0.043526161619151259	0.044039900808128196	0.044538553584506833	0.045021751557910661	0.045489117907912387	0.045940267198877956	0.046374805190857404	0.046792328646439597	0.047192425133486586	0.047574672823661554	0.047938640286662261	0.048283886280070534	0.048609959534726035	0.048916398535530953	0.049202731297590396	0.04946847513759095	0.049713136440318412	0.049936210420212922	0.050137180877858491	0.050315519951301159	0.050470687862088054	0.050602132655917578	0.050709289937788317	0.050791582601532444	0.050848420553616512	0.05087920043109067	0.050883305313564414	0.050860104429085035	0.050808952853791521	0.050729191205215102	0.050620145329094431	0.050481125979570295	0.050311428492623114	0.050110332452612663	0.04987710135177658	0.049610982242542408	0.049311205382503762	0.048976983871908276	0.048607513283502733	0.048201971284576865	0.047759517251043902	0.047279291873393595	0.046760416754349082	0.046201993998055982	0.045603105790628796	0.044962813971875466	0.044280159598018107	0.043554162495223529	0.042783820803753723	0.041968110512542574	0.041105984984000941	0.040196374468848613	0.039238185610766918	0.038230300940662064	0.03717157836032503	0.036060850615269112	0.034896924756521716	0.033678581591143411	0.032404575121241029	0.031073631971238493	0.029684450803162756	0.028235701719698761	0.026726025654760878	0.025154033751324679	0.023518306726255878	0.021817394221869724	0.020049814143947495	0.018214051985931901	0.016308560139016763	0.014331757187841654	0.012282027191494935	0.01015771894952436	0.0079571452526463419	0.0056785821178400231	0.00098364238239854844	0.0019634562080690266	0.0029393364063975969	0.0039111753436150689	0.0048788627641776945	0.0058422857308609898	0.0068013285635390693	0.0077558727766214872	0.0087057970151189368	0.0096509769893085729	0.010591285407969126	0.011526591910155322	0.012456762995480571	0.013381661952876087	0.014301148787794071	0.015215080147821917	0.016123309246673566	0.017025685786523595	0.017922055878648858	0.01881226196234162	0.019696142722057722	0.020573533002762091	0.021444263723433526	0.022308161788689763	0.023165049998492785	0.024014746955893947	0.02485706697277739	0.025691819973559057	0.026518811396798615	0.027337842094679647	0.028148708230313256	0.028951201172819158	0.029745107390137054	0.030530208339520734	0.031306280355665586	0.032073094536419877	1.9535526647499588	0.033578006895858568	0.034315620022549564	0.035043004963540889	0.035759904829914438	0.036466056756499894	0.037161191769183748	0.037845034649363431	0.038517303795486527	0.039177711081613595	0.03982596171294233	0.040461754078228988	0.041084779599041922	0.04169472257578094	0.042291260030394184	0.042874061545723742	0.043442789101408828	0.043997096906274506	0.044536631227132466	0.045061030213918461	0.04556992372108952	0.046062933125203147	0.046539671138597909	0.046999741619094433	0.047442739375633029	0.047868249969763278	0.048275849512899024	0.048665104459249639	0.04903557139433784	0.049386796819011584	0.049718316928856074	0.050029657388909701	0.050320333103586024	0.050589847981701845	0.050837694696509228	0.051063354440627137	0.05126629667576698	0.051445978877142737	0.05160184627245562	0.051733331575340095	0.051839854713155824	0.051920822549008101	0.05197562859787639	0.052003652736728932	0.052004260908497746	0.051976804819786976	0.051920621632183861	0.051835033647040028	0.05171934798358678	0.051572856250246664	0.051394834208999568	0.051184541432659575	0.050941220954915489	0.050664098912984505	0.050352384182726688	0.050005268006063218	0.049621923610539416	0.049201505820869754	0.048743150662298347	0.048245974955606306	0.047709075903592475	0.047131530668850931	0.046512395942665985	0.045850707504840306	0.045145479774268825	0.04439570535006742	0.043600354543060924	0.042758374897431339	0.041868690702323241	0.040930202493198599	0.039941786542729854	0.038902294341015137	0.03781055206489508	0.036665360036147253	0.035465492168327679	0.03420969540202632	0.032896689128297477	0.031525164600021235	0.030093784330947525	0.028601181482169179	0.027045959235764937	0.025426690155348531	0.0237419155332542	0.021990144724083643	0.020169854464334377	0.018279488177822479	0.016317455266608261	0.014282130387126861	0.012171852711219079	0.0099849251717534539	0.0077196136925218499	0.0053741464020861003	0.0010064511417166068	0.0020089702521989793	0.0030074494210869615	0.0040017781055905694	0.0049918430702865007	0.0059775283255928489	0.0069587150648938358	0.0079352816002857696	0.0089071032969147597	0.0098740525058762709	0.010835998495645744	0.011792807382009132	0.012744342056461268	0.01369046211303962	0.014631023773559976	0.015565879811220183	0.01649487947253727	0.017417868397582428	0.018334688538477823	0.019245178076118218	0.020149171335079881	0.021046498696678132	0.021936986510134478	0.022820457001813035	0.023696728182485575	0.024565613752583256	0.025426923005392444	0.02628046072815117	0.027126027101001801	0.02796341759375447	0.028792422860415206	0.029612828631431238	0.030424415603605554	0.031226959327631219	0.032020230093195393	0.032803992811601672	0.033578006895858568	1.9902057091776906	0.035095798584845905	0.035839066408360494	0.036571565776862248	0.037293026720716771	0.038003172996239891	0.038701721946488472	0.039388384359057324	0.040062864320819451	0.040724859069545434	0.041374058842336324	0.042010146720802832	0.042632798472923145	0.043241682391508898	0.043836459129208721	0.044416781529976364	0.044982294456929479	0.045532634616523335	0.04606743037896216	0.046586301594769453	0.047088859407436692	0.047574706062068338	0.048043434709939624	0.048494629208881132	0.048927863919403285	0.049342703496471622	0.04973870267684169	0.05011540606186117	0.050472347895644185	0.05080905183852151	0.051125030735667661	0.051419786380804668	0.051692809274879563	0.051943578379610625	0.052171560865795781	0.052376211856273731	0.052556974163426383	0.052713278021109068	0.052844540810892286	0.05295016678249681	0.053029546768301031	0.053082057891797402	0.053107063269872135	0.053103911708779851	0.053071937393681462	0.053010459571612586	0.052918782227745126	0.052796193754803128	0.05264196661549083	0.052455356997787549	0.052235604462961924	0.051981931586153655	0.051693543589369673	0.051369627966736477	0.051009354101848876	0.050611872877050643	0.050176316274480978	0.049701796968714899	0.049187407910824973	0.048632221903685595	0.048035291168339399	0.047395646901240547	0.046712298822186318	0.045984234712744522	0.045210419944980103	0.04438979700028068	0.04352128497807653	0.042603779094245779	0.041636150168992643	0.040617244103980661	0.039545881348499838	0.038420856354440563	0.037240937019844711	0.03600486412079678	0.034711350731416193	0.033359081631704667	0.031946712702998474	0.030472870310770589	0.028936150674521755	0.027335119224494959	0.025668309944942156	0.023934224703666032	0.02213133256755492	0.02025806910382243	0.018312835666658065	0.016293998668988612	0.01419988883904469	0.012028800461419681	0.0097789906023028113	0.0074486783185613572	0.0050360438503401061	0.0010289902485173987	0.0020539449912943993	0.0030747534782245242	0.0040913022574970053	0.0051034751138089715	0.0061111530052211042	0.0071142139986277381	0.0081125332038119204	0.0091059827060551869	0.0100944314972713	0.011077745405632434	0.012055787023655729	0.013028415634717494	0.013995487137961423	0.014956853971566875	0.015912365034342183	0.016861865605607446	0.017805197263330463	0.01874219780047872	0.019672701139549477	0.020596537245239431	0.021513532035214316	0.022423507288938271	0.023326280554521881	0.024221665053546702	0.025109469583823624	0.025989498420041311	0.026861551212259825	0.02772542288220424	0.028580903517311285	0.029427778262481871	0.030265827209490791	0.031094825284004254	0.031914542130154627	0.032724741992620827	0.03352518359616187	0.034315620022549558	0.035095798584845912	2.0275135245298253	0.036624341752489457	0.037372170970602137	0.038108671279208417	0.038833559165053572	0.039546544532853785	0.040247330559351098	0.04093561354423101	0.041611082757836995	0.042273420285614823	0.042922300869217667	0.043557391744202027	0.044178352474243038	0.044784834781795825	0.045376482375128778	0.045952930771652044	0.046513807117464515	0.047058730003038937	0.047587309274965219	0.048099145843668777	0.048593831487020032	0.049070948649748806	0.049530070238575953	0.049970759412972722	0.050392569371456392	0.050795043133328666	0.05117771331576218	0.051540101906137205	0.051881720029530051	0.052202067711251458	0.052500633634331918	0.052776894891848607	0.053030316733986095	0.053260352309721225	0.053466442403019995	0.053648015163432296	0.053804485830967502	0.053935256455132238	0.054039715608008278	0.054117238091247168	0.054167184636854299	0.054188901601634018	0.054181720655163343	0.054144958461160103	0.05407791635210818	0.053979879996999817	0.053850119062051803	0.053687886864250071	0.053492420017573393	0.05326293807174478	0.052998643143355083	0.0526987195392008	0.052362333371675007	0.051988632166045969	0.05157674445945605	0.051125779391469089	0.050634826285991134	0.050102954224386043	0.049529211609603857	0.048912625721135757	0.048252202260605698	0.047546924887805674	0.046795754746976267	0.04599762998313156	0.045151465248222021	0.044256151196925983	0.043310553971855285	0.042313514677956382	0.041263848845883917	0.040160345884119729	0.039001768519604019	0.037786852226642818	0.036514304643849228	0.035182804978872141	0.033791003400660651	0.032337520419007316	0.030820946251108025	0.029239840174871405	0.02759272986870475	0.025878110737498291	0.024094445224523191	0.022240162108954239	0.020313655788721227	0.018313285548387088	0.016237374811745125	0.014084210378821439	0.011852041646961914	0.0095390798156765565	0.0071434970749081148	0.0046634257763839646	0.0010512529178668486	0.0020983668554871346	0.0031412282230080619	0.0041797206595980711	0.0052137249700747344	0.0062431190601413087	0.0072677778702022449	0.0082875733077273309	0.0093023741781335326	0.010312046114152911	0.011316451503654358	0.012315449415886229	0.013308895526106269	0.014296642038564436	0.015278537607803644	0.016254427258242707	0.017224152302004803	0.018187550254954336	0.019144454750904115	0.020094695453953901	0.021038097968920807	0.021974483749820972	0.022903670006361222	0.023825469608398531	0.024739690988324278	0.025646138041329095	0.026544610023503921	0.027434901447730906	0.028316801977317757	0.02919009631732784	0.030054564103556929	0.030909979789107384	0.03175611252850867	0.032592726059332423	0.033419578581249332	0.034236422632473736	0.035043004963540889	0.035839066408360494	0.036624341752489457	2.0654857134010265	0.038161442228836974	0.038912705464743721	0.03965205852345953	0.040379203871360049	0.041093837074334505	0.041795646644880842	0.042484313885915476	0.043159512731228922	0.043820909582516734	0.044468163142913811	0.045100924246958711	0.045718835686913151	0.046321532035360026	0.046908639464002144	0.047479775558581898	0.048034549129840565	0.048572560020434453	0.04909339890772299	0.049596647102342524	0.050081876342477454	0.050548648583738927	0.050996515784558986	0.051425019687006593	0.051833691592929727	0.052222052135325915	0.052589611044841625	0.052935866911298708	0.053260306940144019	0.05356240670371655	0.053841629887223699	0.054097428029316275	0.054329240257150052	0.054536493015818283	0.054718599792038865	0.054874960831975267	0.055004962853070133	0.055107978749766383	0.055183367292988596	0.055230472823255189	0.055248624937288521	0.055237138167988087	0.05519531165762865	0.055122428824142346	0.055017757020341743	0.054880547185936407	0.054710033492193846	0.054505432979092432	0.054265945184809525	0.053990751767387032	0.053679016118411138	0.053329882968541395	0.052942477984719585	0.052515907358886615	0.052049257388031053	0.051541594045389827	0.050991962542618244	0.050399386882741946	0.049762869403700574	0.049081390312287969	0.04835390720829081	0.047579354598622475	0.046756643401246141	0.045884660438675069	0.044962267920835824	0.043988302917073896	0.042961576817077858	0.041880874780493557	0.040744955174994706	0.039552549002571172	0.038302359313793312	0.036993060609802751	0.035623298231777754	0.034191687737615009	0.032696814265563152	0.031137231884541053	0.029511462930865342	0.027817997331107562	0.026055291910796096	0.02422176968867059	0.022315819156192483	0.020335793542007631	0.018280010061052406	0.016146749147986549	0.013934253674631797	0.011640728151086438	0.0092643379101811744	0.0068032082749343459	0.0042554237086560344	0.0010732322068212235	0.0021422219588897204	0.0032068528266063737	0.0042670055401188367	0.0053225579243651212	0.0063733848326910621	0.0074193580790112255	0.0084603463684821429	0.0094962152266562048	0.010526826927083772	0.011552040417330454	0.012571711243375827	0.013585691472359076	0.014593829613636393	0.015595970538114288	0.016591955395822033	0.017581621531685878	0.018564802399466861	0.019541327473823082	0.020511022160456822	0.021473707704305595	0.022429201095735974	0.023377314974697416	0.024317857532793381	0.025250632413224967	0.026175438608562623	0.027092070356299517	0.028000317032139874	0.028899963040974114	0.029790787705492146	0.030672565152384652	0.031545064196081586	0.032408048219975602	0.033261275055077644	0.03410449685605018	0.0349374599745629	0.035759904829914438	0.036571565776862255	0.037372170970602143	0.038161442228836981	2.1041320263705003	0.03970483767368585	0.040458372524877266	0.041199394472483011	0.041927591471539516	0.042642644247357218	0.043344226135425427	0.044032002917879412	0.044705632656457127	0.045364765521871825	0.046009043619525555	0.046638100811486574	0.047251562534652312	0.047849045615018189	0.048430158077970117	0.048994498954517969	0.049541658083384392	0.050071215908862869	0.050582743274355586	0.051075801211501612	0.051549940724802304	0.052004702571650567	0.052439617037667079	0.052854203707246	0.053247971229209802	0.053620417077471096	0.053971027306597315	0.054299276302171462	0.054604626525841006	0.054886528254943549	0.055144419316596159	0.055377724816133442	0.055585856859776107	0.055768214271409884	0.055924182303352395	0.056053132340982359	0.056154421601103705	0.056227392823914216	0.056271373958445142	0.05628567784133702	0.056269601868811782	0.056222427661701047	0.056143420723385302	0.056031830090497399	0.055886887976239592	0.05570780940616122	0.055493791846239961	0.055244014823107666	0.054957639536257333	0.054633808462064753	0.054271644949455945	0.053870252807046298	0.053428715881575189	0.052946097627455946	0.052421440667256416	0.051853766342923234	0.051242074257557724	0.050585341807548041	0.04988252370485783	0.049132551489268428	0.048334333030366113	0.047486752019063029	0.0465886674484354	0.045638913083657938	0.044636296920809615	0.043579600634321349	0.042467579012830187	0.041298959383201557	0.040072441022475119	0.03878669455748554	0.037440361351902873	0.036032052880435012	0.034560350089925883	0.033023802747080437	0.031420928772540505	0.029750213561030584	0.028010109287286575	0.026199034197474977	0.024315371885804071	0.022357470556021726	0.020323642267489964	0.018212162165518558	0.016021267695633747	0.013749157801452833	0.011393992105826504	0.0089538900749063233	0.0064269301647860129	0.0038111489503584459	0.00109492101091646	0.0021854960925740295	0.0032716059756272716	0.0043531284812030509	0.0054299384543598159	0.0065019076960859887	0.0075689048938062404	0.0086307955503638484	0.0096874419114466349	0.010738702891423247	0.011784433997556035	0.01282448725255577	0.013858711115443083	0.014886950400680424	0.015909046195537867	0.016924835775655147	0.017934152518761615	0.018936825816514905	0.019932680984418433	0.020921539169776973	0.021903217257648492	0.022877527774749933	0.02384427879127346	0.024803273820568916	0.025754311716647212	0.026697186569458544	0.027631687597898379	0.02855759904049298	0.029474700043715451	0.030382764547882309	0.031281561170579113	0.032170853087563366	0.033050397911090976	0.033919947565612188	0.0347792481607812	0.035628039861723117	0.036466056756499894	0.037293026720716764	0.038108671279208417	0.038912705464743715	0.03970483767368585	2.1434623640646806	0.041252195677352076	0.042006803739803894	0.042748274050083343	0.043476279546313279	0.044190485596555883	0.044890549831291281	0.045576121972299759	0.046246843657872932	0.046902348264276368	0.047542260723384792	0.048166197336410282	0.048773765583640785	0.04936456393010577	0.049938181627083654	0.050494198509363521	0.051032184788172751	0.051551700839679519	0.052052296988977474	0.052533513289458295	0.052994879297475622	0.053435913842201872	0.053856124790577442	0.054255008807249705	0.054632051109397464	0.05498672521633366	0.055318492693777498	0.05562680289268495	0.055911092682523728	0.056170786178877198	0.056405294465258896	0.05661401530901685	0.056796332871204717	0.056951617410294218	0.057079224979600093	0.057178497118287423	0.057248760535827024	0.057289326789763215	0.057299491956654465	0.057278536296045283	0.057225723907324146	0.057140302379319809	0.057021502432485445	0.056868537553516077	0.056680603622242677	0.056456878530642442	0.056196521793801683	0.055898674152664335	0.055562457168395932	0.055186972808188961	0.054771303022332317	0.054314509312363958	0.053815632290121894	0.053273691227504846	0.05268768359675096	0.052056584601037147	0.051379346695199953	0.050654899096373003	0.049882147284332233	0.049059972491336777	0.048187231181247896	0.047262754517704543	0.046285347821129634	0.04525379001433584	0.044166833056496248	0.043023201365239037	0.041821591226621477	0.040560670192733052	0.03923907646667258	0.037855418274638744	0.036408273224868816	0.034896187653154172	0.033317675954655991	0.031671219901739059	0.029955267947535818	0.028168234514946402	0.026308499270775637	0.024374406384700155	0.022364263772754415	0.020276342325016621	0.018108875117169847	0.01586005660560692	0.013528041805740758	0.01111094545317436	0.008606841147380126	0.0060137604775271974	0.0033296921300912628	0.001116312060581924	0.0022281747173987934	0.0033354658613588511	0.0044380604045681738	0.0055358302122056492	0.0066286440329022768	0.0077163674275928414	0.008798862696807375	0.0098759888063691022	0.010947601311464999	0.012013552279054113	0.01307369020857844	0.01412785995094004	0.015175902625707624	0.016217655536514844	0.017252952084611903	0.018281621680531209	0.019303489653827017	0.020318377160848094	0.021326101090501683	0.022326473967966162	0.023319303856308895	0.024304394255964725	0.025281544002029907	0.026250547159325132	0.027211192915180375	0.028163265469893381	0.029106543924812434	0.030040802167993388	0.030965808757379278	0.031881326801450602	0.032787113837292423	0.033682921706023855	0.034568496425534438	0.035443578060470174	0.036307900589411482	0.037161191769183748	0.038003172996239884	0.038833559165053572	0.03965205852345953	0.040458372524877266	0.041252195677352076	2.183486779243303	0.042801111812214757	0.043555557679287385	0.044296218141499748	0.045022750599487037	0.045734804532074042	0.046432021321083504	0.047114034072385423	0.047780467433108764	0.048430937404934829	0.049065051153390292	0.049682406813055621	0.050282593288603926	0.050865190051582035	0.051429766932845546	0.051975883910555791	0.05250309089364686	0.053010927500666979	0.053498922833898115	0.053966595248654735	0.054413452117660965	0.054838989590403391	0.055242692347354364	0.055624033348958837	0.055982473579275237	0.056317461784158987	0.056628434203874541	0.056914814300019795	0.057176012476644375	0.057411425795440729	0.057620437684884174	0.057802417643196352	0.057956720935003044	0.058082688281555085	0.058179645544378614	0.058246903402217554	0.058283757021129201	0.058289485717590087	0.058263352614467211	0.058204604289705857	0.05811247041758312	0.057986163402372566	0.057824878004261879	0.05762779095736368	0.057394060579654724	0.057122826374675667	0.056813208624821539	0.056464307976047505	0.056075205013812593	0.055644959830079208	0.055172611581183847	0.054657178036389198	0.054097655116924909	0.053493016425320505	0.052842212764828575	0.052144171648734132	0.051397796799340673	0.05060196763641877	0.049755538754900387	0.048857339391595887	0.047906172880707067	0.046900816097904953	0.045840018892735916	0.044722503509115205	0.043546963993662154	0.042312065591625946	0.04101644413014572	0.039658705388584591	0.038237424455669751	0.036751145073168012	0.035198378965818088	0.033577605157237407	0.03188726927151371	0.030125782820187363	0.028291522474322848	0.026382829321363061	0.024398008106453224	0.022335326457914279	0.020193014096540646	0.017969262028388857	0.015662221720718083	0.013270004260736844	0.010790679496800612	0.0082222751617025448	0.0055627759776871889	0.0028101227428130797	0.001137397917477005	0.0022702429566827912	0.0033984101687792824	0.0045217715568517643	0.0056401960061995661	0.0067535492130962691	0.0078616936119867697	0.0089644883010878366	0.010061788966358133	0.011153447803802919	0.012239313440077979	0.013319230851356513	0.014393041280422033	0.015460582151949478	0.016521686985936087	0.017576185309242522	0.018623902565204294	0.019664660021272259	0.020698274674640485	0.021724559155818723	0.022743321630105784	0.023754365696919442	0.024757490286937186	0.025752489557001705	0.026739152782743497	0.027717264248872272	0.028686603137088044	0.02964694341156119	0.030598053701930215	0.031539697183764773	0.032471631456440227	0.033393608418369213	0.034305374139534106	0.035206668731263685	0.036097226213195763	0.036976774377366094	0.037845034649363431	0.038701721946488472	0.039546544532853785	0.040379203871360049	0.041199394472483011	0.042006803739803887	0.042801111812214757	2.2242154789090582	0.044349107633824179	0.045102117869248622	0.045840671542210179	0.046564409979878443	0.047272966224118515	0.047965964848378777	0.048643021770651634	0.049303744062424992	0.049947729753540032	0.05057456763286982	0.051183837044731006	0.051775107680939014	0.052347939368415752	0.052901881852256652	0.053436474574161591	0.053951246446133486	0.054445715619344595	0.054919389248070119	0.055371763248585962	0.055802322052924874	0.056210538357384161	0.056595872865674912	0.056957774026601134	0.057295677766154463	0.057609007213907742	0.057897172423589077	0.058159570087714399	0.058395583246154993	0.058604580988513545	0.058785918150179646	0.058938935001933139	0.059062956932960993	0.059157294127150338	0.059221241232518235	0.059254077023634937	0.059255064056895061	0.059223448318488109	0.05915845886491615	0.059059307455904729	0.058925188179547526	0.058755277069525123	0.058548731714231791	0.058304690857643678	0.058022273991755975	0.057700580940414699	0.057338691434364687	0.056935664677331452	0.056490538902950922	0.056002330922358109	0.055470035662240465	0.0548926256931586	0.054269050747933319	0.053598237229892862	0.052879087710770815	0.052110480418040457	0.051291268711467011	0.050420280548655348	0.049496317939364827	0.048518156388360149	0.047484544326560463	0.046394202530245794	0.045245823528073582	0.044038070995654356	0.042769579137429098	0.041438952055586668	0.040044763105754493	0.038585554239188323	0.037059835331184371	0.035466083495428798	0.033802742383995207	0.032068221472694398	0.030260895331474559	0.028379102879564473	0.026421146625045331	0.024385291888530745	0.022269766010628328	0.020072757542848457	0.017792415421621188	0.015426848125072194	0.012974122812205445	0.010432264444128992	0.0077992548869566455	0.0050730319960086111	0.0022514886809259942	0.0011581709707489348	0.0023116855887204868	0.0034604160653302603	0.0046042314946427498	0.0057429977820777278	0.006876577571551354	0.008004830171018636	0.0091276114763830882	0.010244773893738795	0.011356166259909328	0.012461633761247181	0.013561017850656774	0.014654156162803049	0.015740882427467209	0.016821026381010053	0.017894413675902731	0.018960865788283814	0.020020199923500771	0.021072228919593004	0.022116761148672743	0.023153600416159242	0.024182545857820655	0.025203391834577156	0.026215927825017877	0.027219938315583062	0.028215202688362213	0.029201495106457635	0.030178584396861708	0.031146233930795658	0.032104201501455723	0.033052239199112175	0.03399009328350517	0.034917504053480347	0.035834205713805786	0.03673992623911105	0.037634387234887233	0.03851730379548652	0.039388384359057324	0.040247330559351098	0.041093837074334505	0.041927591471539509	0.042748274050083343	0.043555557679287378	0.044349107633824179	2.2656588264408524	0.045893628630332535	0.046643890714645239	0.047379000853771586	0.048098583749619117	0.048802255443214537	0.04948962312341379	0.05016028493151127	0.050813829761662731	0.051449837057033855	0.052067876601584788	0.052667508307399517	0.053248281997466375	0.053809737183814731	0.054351402840910418	0.054872797174210938	0.05537342738377881	0.05585278942285013	0.056310367751252421	0.056745635083564692	0.057158052131909116	0.057547067343263023	0.057912116631175951	0.058252623101775661	0.058567996773943545	0.058857634293537776	0.059120918641540655	0.059357218836002368	0.059565889627652885	0.059746271189049766	0.059897688797126966	0.060019452509007434	0.060110856830939405	0.060171180380213123	0.060199685539911764	0.060195618106347978	0.060158206929033738	0.0600866635430281	0.059980181793504762	0.059837937452377823	0.059659087826820514	0.059442771359508845	0.059188107220418514	0.058894194889998967	0.0585601137335474	0.058184922566598261	0.057767659211143518	0.057307340042492716	0.056802959526579364	0.056253489747515574	0.055657879925192937	0.055015055922723585	0.054323919743511515	0.053583349017738695	0.05279219647804826	0.051949289424200143	0.051053429176472057	0.050103390517572378	0.049097921122828674	0.048035740978408292	0.046915541787324828	0.045735986362977953	0.044495708009969381	0.043193309891931903	0.041827364386104134	0.040396412424377803	0.038898962820537113	0.037333491583407798	0.035698441215623399	0.033992219997713777	0.032213201257212692	0.030359722622476219	0.028430085260897426	0.026422553101195737	0.024335352039453317	0.02216666912856417	0.019914651750754953	0.017577406772829016	0.015152999683778645	0.012639453714403327	0.010034748938563494	0.0073368213556938098	0.0045435619541898441	0.0016528157552754671	0.0011786234332101615	0.0023524870391367757	0.0035214601894491271	0.0046854090691909236	0.005844196603902372	0.0069976823851422166	0.0081457225943755793	0.0092881699251927147	0.010424873503823135	0.011555678807908703	0.012680427583498653	0.013798957760228589	0.014911103364644929	0.016016694431635094	0.017115556913923479	0.018207512589591683	0.019292378967581382	0.020369969191136629	0.021440091939142165	0.022502551325312699	0.023557146795187927	0.024603673020886396	0.025641919793570972	0.026671671913577166	0.027692709078155051	0.028704805766773891	0.029707731123938229	0.030701248839462524	0.031685117026150719	0.032659088094825581	0.03362290862665232	0.034576319242698633	0.035519054470673397	0.036450842608783986	0.037371405586651717	0.038280458823223076	0.039177711081613602	0.040062864320819451	0.04093561354423101	0.041795646644880842	0.042642644247357211	0.043476279546313286	0.044296218141499755	0.045102117869248629	0.045893628630332535	2.3078273437508701	0.047432042118977218	0.048178203368750956	0.048908492325395257	0.049622516497515159	0.050319874344830103	0.051000155078440988	0.051662938456818172	0.052307794577419901	0.05293428366384989	0.05354195584846063	0.054130350950306876	0.054698998248352025	0.05524741624982777	0.055775112453646206	0.056281583108760178	0.05676631296736654	0.057228775032844577	0.057668430302319468	0.058084727503738394	0.058477102827344744	0.058844979651433635	0.059187768262269014	0.059504865568040737	0.059795654806737257	0.060059505247807003	0.060295771887479109	0.060503795137610887	0.060682900507927851	0.060832398281517978	0.060951583183440371	0.061039734042304346	0.061096113444673167	0.061119967382143051	0.061110524890944651	0.061066997683912459	0.060988579774662363	0.060874447093816418	0.060723757097109005	0.060535648365206148	0.060309240195065485	0.060043632182662156	0.05973790379690011	0.059391113944527521	0.059002300525868537	0.05857047998118161	0.05809464682744981	0.057573773185405186	0.057006808296584568	0.05639267803021044	0.055730284379686384	0.055018504948491941	0.054256192425257657	0.05344217404779647	0.052575251055862984	0.051654198132407708	0.050677762833088183	0.049644665003794788	0.048553596185942939	0.047403219009279969	0.046192166571947781	0.044919041807539181	0.04358241683887875	0.042180832318254972	0.040712796753823721	0.039176785821897847	0.037571241664832437	0.035894572174208536	0.034145150259012186	0.032321313098500074	0.030421361379436261	0.02844355851737811	0.026386129861683184	0.024247261883902173	0.02202510134921562	0.019717754470566399	0.017323286045131062	0.014839718572768681	0.01226503135607398	0.0095971595816600787	0.0068339933822823247	0.0039733768794117811	0.0010131072058549386	0.0011987473374335956	0.00239263137307748	0.0035815186388546178	0.0047652724107879272	0.005943752634538055	0.0071168158493063287	0.0082843151100679743	0.0094460999081000009	0.010602016089767336	0.011751905773530155	0.012895607265134402	0.014032954970946903	0.015163779309395499	0.016287906620473885	0.017405159073270011	0.018515354571475958	0.019618306656836466	0.020713824410492219	0.02180171235217325	0.022881770337196801	0.023953793451222952	0.025017571902720699	0.026072890913095545	0.027119530604429443	0.028157265884782227	0.029185866331002942	0.030205096068998422	0.031214713651405164	0.032214471932609789	0.033204117941061671	0.03418339274882088	0.035152031338282735	0.036109762466019289	0.037056308523677244	0.037991385395869652	0.038914702314998391	0.039825961712942323	0.040724859069545434	0.041611082757836988	0.042484313885915476	0.043344226135425427	0.04419048559655589	0.045022750599487037	0.045840671542210179	0.046643890714645239	0.047432042118977225	2.3507317134654642	0.048961635088316288	0.049702301547519534	0.050426349639926142	0.051133369096118958	0.051822940197005465	0.05249463356537061	0.053148009952965133	0.053782620023036375	0.05439800412820537	0.054993692083593219	0.055569202935097345	0.056124044722715344	0.056657714238813939	0.0571696967812362	0.057659465901139795	0.058126483145455807	0.05857019779385552	0.058990046590111103	0.059385453467732108	0.059755829269759232	0.06010057146259247	0.06041906384373031	0.060710676243291233	0.060974764219190056	0.061210668745834786	0.061417715896210028	0.061595216517209263	0.061742465898074562	0.061858743431801096	0.061943312269359216	0.061995418966585364	0.062014293123588665	0.061999147016517868	0.061949175221529949	0.061863554230797618	0.06174144206039129	0.061581977849865611	0.061384281453379382	0.061147453022171963	0.060870572578217805	0.060552699578875463	0.060192872472344089	0.059790108243737469	0.059343401951580554	0.058851726254529967	0.058314030928116274	0.057729242371301046	0.05709626310263765	0.056413971245821086	0.055681220004406465	0.054896837125472872	0.05405962435200317	0.053168356863746526	0.052221782706326339	0.051218622208349142	0.050157567386268205	0.049037281336747167	0.047856397616266907	0.046613519607711602	0.045307219873665129	0.043936039496143983	0.0424984874024864	0.040993039677112486	0.039418138858863576	0.037772193223624316	0.036053576051923115	0.034260624881202219	0.032391640742441323	0.030444887380812399	0.028418590460037037	0.026310936750111102	0.024120073298053692	0.021844106581331995	0.019481101643604799	0.017029081212422473	0.014486024798510161	0.011849867776258348	0.0091185004450325385	0.0062897670709089878	0.0033614649084339693	0.00033134320199704567	0.0012185345317639999	0.0024321022872321246	0.0036405669585810188	0.0048437889128128105	0.0060416251157085887	0.0072339290541122599	0.0084205506565091653	0.0096013362118630482	0.010776128286674272	0.011944765640221306	0.013107083137946826	0.014262911662948857	0.015412078025536692	0.016554404870810262	0.017689710584221096	0.018817809195071755	0.019938510277910052	0.021051618851773268	0.022156935277236802	0.023254255151220309	0.024343369199504375	0.025424063166908355	0.026496117705080431	0.027559308257849	0.028613404944083664	0.029658172438013244	0.030693369846946816	0.031718750586342957	0.03273406225217098	0.033739046490506845	0.034733438864305521	0.035716968717289882	0.036689359034895209	0.037650326302207465	0.038599580358831556	0.039536824250624616	0.040461754078228981	0.041374058842336331	0.042273420285614816	0.043159512731228915	0.044032002917879405	0.044890549831291281	0.045734804532074035	0.046564409979878436	0.047379000853771586	0.048178203368750956	0.048961635088316288	2.3943827811300729	0.050479611984885389	0.051213347287685645	0.051929691642863318	0.052628216401132431	0.053308483049592445	0.053970042994286781	0.054612437338106251	0.055235196653940444	0.055837840752976889	0.056419878448046933	0.056980807311914149	0.057520113430399873	0.0580372711502374	0.058531742821545218	0.059002978534806148	0.059450415852237704	0.059873479533436906	0.060271581255179549	0.060644119325251815	0.060990478390189937	0.061310029136800809	0.061602127987333166	0.061866116788168023	0.062101322491892312	0.062307056832618023	0.062482615994406479	0.062627280272653921	0.0627403137282916	0.062820963834650842	0.062868461116841301	0.062882018783484969	0.062860832350648752	0.062804079257812034	0.062710918475704466	0.062580490105844683	0.062411914971607765	0.062204294200645126	0.061956708798477825	0.061668219213079911	0.061337864890264229	0.060964663819681034	0.060547612071233707	0.060085683321713781	0.059577828371451404	0.059022974650775634	0.058420025716072743	0.057767860735227036	0.0570653339622249	0.05631127420069712	0.055504484256171285	0.054643740376799942	0.053727791682327122	0.052755359581048926	0.051725137174521076	0.050635788649759608	0.049485948658676303	0.048274221684485752	0.046999181394814231	0.045659369981236902	0.044253297484962047	0.042779441108377593	0.041236244512167966	0.039622117097703032	0.037935433274396892	0.036174531711725327	0.034337714575586868	0.032423246748684152	0.030429355034597091	0.028354227345211532	0.026196011871161523	0.023952816234934705	0.021622706626284783	0.019203706919586755	0.016693797772764227	0.014090915707408974	0.011392952169707093	0.0085977525717763296	0.0057031153130138743	0.0027067907810414977	-0.00039351966816875177	0.0012379766762437635	0.0024708831016854878	0.0036985801287554975	0.0049209252154351329	0.0061377723476259208	0.0073489719598143479	0.0085543708539958675	0.0097538121168209719	0.010947135034925443	0.012134175008406058	0.013314763462402202	0.014488727756743121	0.015655891093619544	0.016816072423237665	0.01796908634741257	0.019114743021057302	0.020252848051522731	0.021383202395742793	0.02250560225513815	0.02361983896823101	0.024725698900922338	0.025822963334381915	0.026911408350500592	0.027990804714853188	0.029060917757119081	0.030121507248906866	0.031172327278927901	0.032213126125462822	0.033243646126063606	0.034263623544432818	0.035272788434420325	0.036270864501076527	0.037257568958699964	0.038232612385815906	0.039195698577021022	0.040146524391627782	0.041084779599041922	0.042010146720802825	0.042922300869217667	0.043820909582516734	0.044705632656457127	0.045576121972299759	0.046432021321083504	0.047272966224118508	0.048098583749619117	0.04890849232539525	0.049702301547519534	0.050479611984885382	2.4387915574381545	0.051983092442913117	0.052708416647224983	0.053415550013026052	0.054104044891730353	0.054773443343673817	0.055423276911390873	0.056053066388039627	0.056662321580874003	0.057250541069659378	0.05781721195992516	0.05836180963094733	0.058883797478349521	0.059382626651210961	0.059857735783566145	0.060308550720178843	0.060734484236471049	0.061134935752484687	0.061509291040751458	0.061856921927943821	0.062177185990177089	0.062469426241830189	0.062732970817750505	0.062967132648703725	0.063171209129929171	0.063344481782656295	0.06348621590843527	0.063595660236133361	0.06367204656144311	0.063714589378747216	0.063722485505180629	0.063694913696728347	0.063631034256192223	0.063529988632858761	0.063390899013694921	0.063212867905896059	0.062994977710606345	0.062736290287628643	0.062435846510936276	0.062092665814796597	0.061705745730310908	0.061274061412172308	0.060796565155438735	0.060272185902113903	0.059699828737325371	0.059078374374884175	0.058406678632005549	0.057683571892967245	0.056907858561475649	0.056078316501506832	0.0551936964663833	0.054252721515843622	0.053254086420856814	0.05219645705592766	0.051078469778634998	0.049898730796138824	0.048655815518387296	0.047348267897749	0.045974599754790131	0.044533290089910894	0.043022784380548941	0.041441493863652937	0.039787794803121383	0.038060027741897672	0.036256496738405156	0.034375468586998449	0.032415172022103284	0.030373796905707424	0.02824949339786105	0.026040371109836334	0.023744498239589483	0.021359900689160678	0.018884561163641105	0.016316418251327826	0.013653365484679011	0.010893250381676357	0.0080338734671900527	0.0050729872739380599	0.0020082953226175505	-0.0011625489192164707	0.0012570652384512587	0.0025089567515943138	0.0037555325521131705	0.0049966471889683799	0.0062321516681819083	0.0074618933718828221	0.0086857159755766907	0.0099034593636007466	0.011114959542726201	0.01232004855386812	0.013518554381862627	0.014710300863270163	0.015895107592162911	0.017072789823853313	0.018243158376520026	0.01940601953068655	0.020561174926506862	0.021708421458811491	0.022847551169866396	0.023978351139796336	0.025100603374622662	0.02621408469186557	0.027318566603658567	0.028413815197322917	0.029499591013347783	0.03057564892072151	0.031641737989557737	0.032697601360959172	0.033742976114060436	0.034777593130190736	0.035801176954094793	0.036813445652150563	0.037814110667519857	0.038802876672167246	0.039779441415681099	0.040743495570829298	0.04169472257578094	0.042632798472923145	0.043557391744202034	0.044468163142913811	0.045364765521871825	0.046246843657872939	0.04711403407238543	0.04796596484837877	0.04880225544321453	0.049622516497515166	0.050426349639926135	0.051213347287685652	0.051983092442913117	2.4839692204843167	0.053469108955700978	0.054184497346761708	0.054880866873437989	0.055557750250358348	0.056214669459700731	0.056851135514891758	0.057466648219251869	0.058060695919480224	0.058632755253872335	0.059182290895158689	0.059708755287853209	0.060211588379995989	0.060690217349173209	0.061144056322694811	0.061572506091807762	0.061974953819820107	0.062350772744009124	0.062699321871183489	0.06301994566676683	0.063311973737268462	0.063574720506001908	0.063807484881911777	0.064009549921364789	0.064180182482758225	0.064318632873796411	0.064424134491282703	0.064495903453270692	0.064533138223416164	0.064535019227367096	0.064500708461026443	0.064429349090518631	0.064320065043687022	0.064171960592946886	0.063984119929313785	0.063755606727424807	0.063485463701364334	0.063172712151105245	0.062816351499369316	0.062415358818708883	0.061968688348606707	0.061475271002387241	0.060934013863727675	0.060343799672554176	0.059703486300102401	0.059011906212918581	0.058267865925571767	0.057470145441844117	0.056617497684160072	0.055708647911012051	0.05474229312213328	0.053717101451165566	0.052631711545562843	0.051484731933466726	0.050274740377285382	0.049000283213700625	0.047659874679823258	0.046251996225210604	0.04477509580945474	0.043227587185043007	0.041607849165188379	0.039914224876317891	0.038145020994904404	0.036298506968318642	0.034372914219371484	0.032366435334211581	0.03027722323323467	0.028103390324655093	0.025843007640383449	0.023494103953844308	0.021054664879364297	0.018522631952750977	0.015895901692674613	0.013172324642460008	0.010349704391884247	0.0074257965785702205	0.0043983078685563932	0.0012648949156155115	-0.001976836701114711	0.0012757914892499497	0.0025463057786855319	0.0038113980412444307	0.005070919916866411	0.0063247194316938737	0.0075726409154984733	0.0088145249172958857	0.010050208119110088	0.011279523247847714	0.012502298985242136	0.013718359875826197	0.014927526232891557	0.016129614042391827	0.017324434864745698	0.018511795734495413	0.019691499057774932	0.020863342507541318	0.022027118916521694	0.023182616167827377	0.024329617083185578	0.025467899308738096	0.026597235198355523	0.027717391694414055	0.028828130205981354	0.029929206484356388	0.031020370495907255	0.032101366292149873	0.033171931877008995	0.034231799071201954	0.035280693373684523	0.036318333820096325	0.037344432838142871	0.038358696099849238	0.039360822370619226	0.040350503355032999	0.041327423539313846	0.042291260030394184	0.043241682391508905	0.044178352474243038	0.045100924246958718	0.046009043619525548	0.046902348264276361	0.047780467433108764	0.048643021770651641	0.049489623123413796	0.050319874344830103	0.051133369096118958	0.051929691642863318	0.052708416647224997	0.053469108955700985	2.5299271180416696	0.054934604487239566	0.055638486350479063	0.056322492340967492	0.056986134880526375	0.057628915202850885	0.058250323107327834	0.058849836707590447	0.059426922174700053	0.059981033474841822	0.060511612101419893	0.061018086801435202	0.06149987329602561	0.061956373995047317	0.062386977705572187	0.062791059334174434	0.063167979582876926	0.063517084638624405	0.063837705856149118	0.064129159434090463	0.064390746084228234	0.064621750693685961	0.064821441979957733	0.064989072138608647	0.065123876483497295	0.065225073079362997	0.065291862366620379	0.065323426778198412	0.065318930348258045	0.065277518312620283	0.065198316700731951	0.065080431918993348	0.064922950325268042	0.064724937794392021	0.064485439274494891	0.064203478333942909	0.063878056698708247	0.063508153779967297	0.06309272619172332	0.062630707258248805	0.062121006511134585	0.061562509175731493	0.060954075646764166	0.060294540952893036	0.059582714209995218	0.058817378062931136	0.057997288115558585	0.05712117234875054	0.056187730526169204	0.055195633587542522	0.054143523029185119	0.053030010271500005	0.051853676013191637	0.050613069571916372	0.049306708211089574	0.047933076452564304	0.046490625374889086	0.044977771896847707	0.043392898045977485	0.041734350211755387	0.040000438383137112	0.038189435370125029	0.036299576009037243	0.034329056351140801	0.032276032834307369	0.03013862143734056	0.027914896816619118	0.02560289142469167	0.023200594610451444	0.020705951700511517	0.018116863061395608	0.015431183142147323	0.012646719496958078	0.0097612317874005029	0.0067724307638498543	0.0036779772256653972	0.00047548095969538172	-0.0028375003433396676	0.0012941464984463781	0.0025829123225722247	0.0038661498055689082	0.0051437076783553918	0.0064154309871945325	0.0076811610095005572	0.0089407351677992467	0.01019398694180133	0.011440745778548872	0.012680837000593538	0.013914081712164897	0.015140296703285811	0.016359294351791332	0.017570882523206422	0.018774864468436871	0.019971038719227115	0.021159198981337321	0.022339134025391193	0.023510627575345385	0.024673458194529579	0.025827399169206032	0.026972218389595723	0.028107678228317522	0.029233535416185518	0.030349540915308434	0.031455439789434186	0.03255097107148093	0.033635867628195482	0.034709856021877886	0.035772656369110464	0.036823982196427733	0.037863540292862798	0.038891030559303957	0.039906145854594295	0.040908571838305749	0.041897986810116979	0.042874061545723749	0.043836459129208721	0.044784834781795825	0.045718835686913151	0.04663810081148656	0.047542260723384799	0.048430937404934822	0.049303744062424992	0.050160284931511263	0.051000155078440981	0.051822940197005465	0.052628216401132431	0.053415550013026052	0.054184497346761701	0.054934604487239573	2.5766767698635209	0.056376430022600232	0.057067187385054452	0.057737182013227598	0.058385905361083346	0.059012837224074889	0.059617445482769482	0.060199185840994367	0.060757501558389208	0.061291823177248614	0.061801568243534173	0.062286141021935519	0.062744932204855081	0.063177318615189604	0.063582662902779502	0.063960313234393176	0.064309602977111552	0.064629850374975345	0.064920358218754096	0.065180413508693941	0.065409287110097289	0.065606233401585473	0.065770489915891739	0.0659012769730285	0.065997797305671319	0.066059235676595926	0.066084758488004255	0.066073513382570295	0.066024628836033106	0.065937213741162043	0.06581035698291425	0.065643127004601495	0.065434571364880206	0.065183716285372714	0.064889566188726891	0.064551103226914514	0.064167286799566223	0.063737053062136492	0.063259314423687277	0.06273295903407608	0.062156850260327197	0.061529826151963819	0.060850698895071095	0.060118254254856937	0.05933125100647333	0.058488420353853612	0.057588465336319325	0.056630060222702429	0.055611849892725593	0.05453244920537622	0.053390442354006466	0.05218438220788358	0.050912789639912068	0.049574152840241012	0.04816692661546558	0.046689531673125534	0.045140353891196458	0.043517743572265337	0.041820014682073595	0.040045444072105314	0.038192270685892385	0.036258694748700276	0.034242876940252298	0.032142937550143025	0.029956955615584101	0.027682968041118472	0.025318968699933019	0.022862907516389391	0.020312689529387282	0.01766617393616645	0.014921173116144089	0.012075451634377943	0.0091267252242363418	0.0060726597488467773	0.0029108701408893764	-0.0003610806797120127	-0.0037456829106543468	0.0013121211303551191	0.0026187581118835429	0.0039197604380303164	0.0052149739306936232	0.0065042406562567457	0.0077873988397765027	0.009064282777288787	0.010334722746191072	0.011598544913660835	0.012855571243068051	0.014105619398339014	0.015348502646227792	0.016584029756450888	0.017812004899639498	0.019032227543063	0.020244492344076305	0.021448589041242624	0.022644302343082304	0.023831411814397296	0.025009691760119804	0.026178911106632501	0.027338833280506767	0.028489216084604141	0.029629811571485129	0.030760365914068263	0.031880619273481209	0.0329903056640444	0.034089152815326693	0.035176882031210825	0.036253208045905712	0.037317838876840814	0.038370475674376722	0.039410812568264959	0.040438536510787972	0.041453327116509411	0.042454856498563308	0.043442789101408828	0.044416781529976364	0.045376482375128771	0.046321532035360019	0.047251562534652312	0.048166197336410282	0.049065051153390292	0.049947729753540039	0.050813829761662724	0.051662938456818172	0.05249463356537061	0.053308483049592445	0.054104044891730353	0.054880866873437982	0.055638486350479077	0.056376430022600232	2.6242298700094642	0.05779134205560623	0.058467308395105951	0.059121594391205227	0.059753669835423698	0.060362992375262554	0.060949007247314987	0.06151114700467529	0.062048831238528293	0.062561466293796428	0.06304844497872103	0.063509146268250743	0.063942935001107218	0.06434916157039712	0.064727161607634268	0.065076255660035845	0.065395748860951008	0.065684930593279511	0.065943074145733749	0.066169436361795009	0.066363257281211979	0.066523759773885804	0.066650149165983066	0.066741612858115348	0.066797319935419389	0.06681642076937036	0.06679804661115514	0.066741309176430855	0.066645300221289366	0.066509091109244592	0.066331732369056803	0.066112253243202579	0.065849661226797016	0.065542941596769683	0.06519105693109184	0.06479294661784854	0.064347526353945306	0.063853687633233777	0.063310297223837894	0.062716196634455559	0.062070201569408394	0.061371101372206353	0.06061765845738825	0.059808607730397437	0.058942655995242892	0.058018481349694603	0.057034732567754473	0.055990028469139766	0.054882957275510791	0.053712075953168667	0.052475909541943595	0.051172950469988134	0.04980165785418509	0.048360456785871836	0.046847737601579231	0.045261855138474798	0.043601127974195159	0.041863837650746014	0.040048227882140061	0.038152503745438569	0.036174830854854394	0.034113334518567261	0.031966098877894533	0.029731166028455738	0.027406535122958226	0.024990161455227054	0.022479955525092295	0.019873782083740375	0.017169459159127026	0.014364757061042828	0.01145739736541217	0.0084450518773986818	0.0053253415728825313	0.0020958355178646304	-0.0012459502346558828	-0.004702553770793004	0.0013297060392687401	0.0026538244552046209	0.0039722019015063685	0.0052846812910513734	0.0065911017103433642	0.0078912983320817368	0.0091851023258124938	0.010472340766619851	0.011752836541816723	0.013026408255591374	0.014292870131566821	0.01555203191322835	0.016803698762173896	0.018047671154140913	0.019283744772762339	0.02051171040100357	0.021731353810230884	0.022942455646861259	0.024144791316541955	0.025338130865807652	0.026522238861161472	0.027696874265525185	0.028861790312003022	0.030016734374901897	0.031161447837950124	0.032295665959655134	0.033419117735739655	0.034531525758594556	0.035632606073685319	0.036722068032847416	0.037799614144405178	0.038864939920046797	0.039917733718387027	0.040957676585147575	0.041984442089883896	0.042997696159185347	0.043997096906274513	0.044982294456929479	0.045952930771652051	0.046908639464002144	0.047849045615018196	0.048773765583640792	0.049682406813055628	0.050574567632869827	0.051449837057033855	0.052307794577419908	0.053148009952965133	0.053970042994286788	0.054773443343673817	0.055557750250358348	0.056322492340967499	0.057067187385054452	0.05779134205560623	2.6725982891959124	0.059176000012252754	0.059835458933600427	0.060472288236050692	0.061085935334038728	0.061675834996923633	0.062241409071254243	0.062782066197105732	0.063297201518361268	0.06378619638681407	0.064248418059958776	0.064683219392342117	0.065089938520336843	0.065467898540202393	0.065816407179292047	0.066134756460263483	0.066422222358146613	0.066678064450120103	0.066901525557844163	0.067091831382194794	0.067248190130241081	0.067369792134303691	0.067455809462930283	0.0675053955236187	0.067517684657117175	0.067491791723125555	0.067426811677219062	0.067321819138811967	0.067175867949975238	0.066987990724917235	0.066757198389934894	0.066482479713636161	0.066162800827232221	0.065797104734693773	0.065384310812560409	0.064923314299188517	0.064412985773219578	0.063852170621043883	0.063239688493032978	0.062574332748306913	0.061854869887800396	0.061080038975383236	0.060248551046790069	0.059359088506105606	0.058410304509548226	0.057400822336289715	0.056329234746042053	0.055194103323138316	0.053993957806828696	0.0527272954075063	0.051392580108571846	0.049988241953641717	0.048512676318795508	0.046964243169555213	0.045341266302280282	0.043642032569656999	0.041864791089955347	0.040007752439716583	0.038069087829531389	0.036046928262560146	0.033939363675438643	0.031744442061207349	0.029460168573893532	0.027084504614369065	0.024615366897097053	0.022050626497376158	0.0193881078786792	0.01662558789967818	0.013760794800537043	0.010791407168046604	0.0077150528791662624	0.0045293080225284853	0.0012316957974549019	-0.0021803146099798874	-0.0057093091743070888	0.0013468916648308022	0.0026880922318225811	0.0040234455149277407	0.0053527915180028888	0.006675966347672189	0.0079928021242776093	0.0093031268908752816	0.010606764520236164	0.011903534619808575	0.013193252434599111	0.014475728747927475	0.01575076978001019	0.017018177084326628	0.018277747441720484	0.019529272752188291	0.020772539924305888	0.022007330762242643	0.023233421850312144	0.024450584435006972	0.025658584304464323	0.026857181665307692	0.028046131016809299	0.02922518102231603	0.030394074377881233	0.031552547678043004	0.032700331278688516	0.033837149156942796	0.034962718768018756	0.036076750898964588	0.037178949519242332	0.038269011628071198	0.039346627098466987	0.04041147851790762	0.041463241025554161	0.042501582145953801	0.043526161619151259	0.044536631227132466	0.045532634616523335	0.046513807117464522	0.047479775558581898	0.048430158077970131	0.049364563930105777	0.050282593288603919	0.051183837044731006	0.052067876601584781	0.05293428366384989	0.053782620023036375	0.054612437338106251	0.055423276911390873	0.056214669459700738	0.056986134880526375	0.057737182013227591	0.058467308395105951	0.059176000012252754	2.7217940771711939	0.060526963608308337	0.061168147485638813	0.061785719858424473	0.062379105028790183	0.062947714136739594	0.06349094487123802	0.064008181175129436	0.064498792943758834	0.064962135717167011	0.065397550365725671	0.065804362769073643	0.06618188348821602	0.066529407430642215	0.066846213508318333	0.067131564288404527	0.067384705636545736	0.067604866352581006	0.067791257798513763	0.067943073518580921	0.068059488851257358	0.068139660533026739	0.068182726293747928	0.068187804443442357	0.068153993450322761	0.068080371509882512	0.067965996104858345	0.067809903555877959	0.067611108562598166	0.06736860373513627	0.067081359115592792	0.066748321689460655	0.066368414886710067	0.065940538072334964	0.065463566026142936	0.064936348411565009	0.064357709233257968	0.06372644628326686	0.063041330575510396	0.062301105768347888	0.061504487574980116	0.060650163161433047	0.059736790531867	0.058762997900948979	0.057727383053020553	0.056628512687788346	0.055464921752258305	0.054235112758629696	0.052937555087858378	0.051570684278593334	0.050132901301184529	0.048622571816453825	0.047038025418914366	0.045377554864117271	0.043639415279798845	0.041821823360493157	0.039922956545269971	0.037940952178249575	0.035873906651539611	0.03371987453023223	0.031476867659090746	0.029142854250550524	0.026715757953647438	0.024193456903483051	0.021573782750824375	0.018854519671430876	0.016033403354690608	0.013108119971140985	0.010076305118439341	0.0069355427453404459	0.0036833640532294627	0.00031724637474864556	-0.003165387970951858	-0.0067671728468206571	0.0013636682273098367	0.0027215418822744857	0.0040734619391000334	0.005419265492622294	0.0067587856695858727	0.0080918515379753263	0.0094182880143568841	0.010737915769188254	0.012050551130053183	0.013356005982776566	0.014654087670374835	0.015944598889795707	0.017227337586400014	0.01850209684613769	0.019768664785368838	0.021026824438279773	0.022276353641842953	0.023517024918268549	0.024748605354894485	0.025970856481460445	0.027183534144710357	0.028386388380266827	0.029579163281719417	0.030761596866867923	0.031933420941060206	0.033094360957563199	0.034244135874904207	0.035382458011118223	0.036509032894836084	0.037623559113146438	0.03872572815616341	0.039815224258230308	0.040891724235688355	0.04195489732113783	0.043004404994117756	0.044039900808128189	0.045061030213918454	0.046067430378962153	0.04705873000303893	0.048034549129840565	0.048994498954517969	0.049938181627083654	0.050865190051582035	0.051775107680939014	0.052667508307399517	0.053541955848460623	0.054398004128205377	0.055235196653940444	0.056053066388039641	0.056851135514891758	0.057628915202850878	0.058385905361083346	0.059121594391205221	0.059835458933600427	0.06052696360830833	2.7718294651152036	0.061840690139494378	0.062461778723994631	0.063058240338758217	0.06362947541724337	0.06417487069730568	0.064693798920749987	0.065185618526472908	0.065649673337061537	0.066085292238712456	0.066491788854330713	0.066868461209666816	0.067214591392346493	0.067529445203644359	0.067812271802850585	0.068062303344076452	0.06827875460533997	0.068460822609771793	0.068607686238776819	0.068718505836984023	0.06879242280881312	0.068828559206484105	0.068826017309291443	0.068783879193960895	0.068701206295903816	0.068577038961179476	0.0684103959889725	0.068200274164387939	0.067945647781363347	0.067645468155492092	0.06729866312654878	0.066904136550503063	0.066460767780803245	0.065967411138707979	0.065422895372437992	0.064826023104916572	0.064175570269862287	0.063470285535992377	0.06270888971909086	0.061890075181689395	0.061012505220105387	0.060074813438574869	0.059075603110213155	0.058013446524531789	0.056886884321232012	0.0556944248099926	0.05443454327596195	0.053105681270658754	0.051706245887980062	0.05023460902500957	0.048689106627311358	0.047068037918389635	0.045369664612987429	0.043592210113890743	0.041733858691897975	0.039792754648607417	0.037767001461668781	0.035654660912137148	0.033453752193560768	0.031162251002426124	0.028778088609576334	0.026299150912211685	0.023723277466071852	0.02104826049739247	0.018271843894219316	0.015391722176656792	0.012405539445615715	0.0093108883096197272	0.00610530878921931	0.0027862871985521055	-0.00064874499641901699	-0.00420241234346839	-0.0078773965939617548	0.0013800257227722529	0.0027541533986931541	0.0041222211622224669	0.0054840631991752258	0.0068395096564164634	0.008188386549573325	0.0095305156687221521	0.010865714482007396	0.012193796037148225	0.013514568860787831	0.014827836855639379	0.016133399195381797	0.017431050217257348	0.018720579312322225	0.020001770813300089	0.021274403879987761	0.022538252382160725	0.023793084779925807	0.025038664001466229	0.026274747318124174	0.02750108621676401	0.028717426269358717	0.029923506999740574	0.03111906174745575	0.032303817528661918	0.03347749489400579	0.034639807783416895	0.035790463377752338	0.036929161947225612	0.038055596696551966	0.039169453606740408	0.040270411273461829	0.041358140741920638	0.042432305338156458	0.043492560496700035	0.044538553584506833	0.04556992372108952	0.046586301594769453	0.047587309274965212	0.048572560020434447	0.049541658083384392	0.050494198509363521	0.051429766932845546	0.052347939368415752	0.053248281997466375	0.054130350950306876	0.054993692083593212	0.055837840752976882	0.05666232158087401	0.057466648219251869	0.058250323107327834	0.059012837224074889	0.059753669835423698	0.060472288236050678	0.06116814748563882	0.061840690139494371	2.8227168680636767	0.063113531702600881	0.063712650694745673	0.064286092676749979	0.06483323343535953	0.065353434511340153	0.065846042887139966	0.06631039066789246	0.066745794755619009	0.067151556516490879	0.067526961441004216	0.067871278796920745	0.068183761274823645	0.068463644626133288	0.068710147293427226	0.068922470032902305	0.069099795528816566	0.069241287999742898	0.069346092796464254	0.06941333599133645	0.069442123958940574	0.06943154294784426	0.069380658643286103	0.069288515720595606	0.069154137389154491	0.068976524926704252	0.068754657203798281	0.068487490198194417	0.068173956498978783	0.067812964800207653	0.067403399383850107	0.066944119591808945	0.066433959286793923	0.065871726301815287	0.065256201878062872	0.064586140090928792	0.063860267263928794	0.063077281370271604	0.062235851421819872	0.061334616845182335	0.060372186844670599	0.059347139751848618	0.058258022361397641	0.057103349253013691	0.055881602099048334	0.054591228957599026	0.053230643550747296	0.051798224527638402	0.050292314712089593	0.048711220334407224	0.047053210247086592	0.045316515124062685	0.043499326643171188	0.041599796651474716	0.039616036313100143	0.037546115239226602	0.035388060599856608	0.033139856216994723	0.030799441638850247	0.028364711194674302	0.025833513029831476	0.023203648120699579	0.020472869268982796	0.017638880075013456	0.014699333889612068	0.011651832744062805	0.0084939262577559856	0.0052231105230374861	0.0018368269667972512	-0.0016675388116807108	-0.0052926582270955173	-0.0090412609192299757	0.0013959539181520348	0.002785906314946554	0.0041696924850970016	0.0055471437053976197	0.0069180871428338835	0.0082823457606755226	0.0096397382225089801	0.010990078794165465	0.012333177243499562	0.013668838737972757	0.014996863739994962	0.016317047899976282	0.01762918194704045	0.018933051577349879	0.020228437339991849	0.021515114520373597	0.022792853021073735	0.024061417240095664	0.025320565946467945	0.026570052153135227	0.027809622987082349	0.029039019556632691	0.030257976815861152	0.031466223426060376	0.032663481614197798	0.033849467028299898	0.035023888589698488	0.036186448342072713	0.03733684129721878	0.038474755277478484	0.039599870754755774	0.04071186068604906	0.041810390345426017	0.04289511715236554	0.043965690496390153	0.045021751557910661	0.046062933125203147	0.047088859407436692	0.048099145843668763	0.04909339890772299	0.050071215908862869	0.051032184788172751	0.051975883910555791	0.052901881852256652	0.053809737183814731	0.054698998248352018	0.055569202935097345	0.056419878448046933	0.057250541069659378	0.058060695919480224	0.058849836707590447	0.059617445482769482	0.060362992375262554	0.061085935334038714	0.061785719858424473	0.062461778723994631	0.063113531702600881	2.87446888735714	0.064341732345857827	0.064916951931298553	0.065465408868372793	0.065986453496806957	0.066479421342601125	0.066943632793434779	0.067378392767154377	0.067782990373197238	0.068156698566805077	0.068498773795875878	0.068808455640301205	0.069084966443631643	0.069327510936911002	0.069535275854515036	0.069707429541829083	0.069843121554594073	0.069941482249746958	0.070001622367579619	0.07002263260503426	0.07000358317995159	0.069943523386083242	0.06984148113867665	0.069696462510436138	0.069507451257660058	0.069273408336350012	0.06899327140808427	0.068665954335441606	0.068290346666760038	0.067865313110008069	0.067389692995542982	0.066862299727525443	0.066281920223755522	0.065647314343689492	0.064957214304392968	0.064210324084180245	0.063405318813684816	0.06254084415410012	0.061615515662326426	0.060627918142750904	0.059576604985386021	0.058460097490082893	0.057276884176532074	0.056025420079758116	0.054704126030807515	0.053311387922324587	0.051845555958702806	0.050304943890493087	0.04868782823274391	0.046992447466941797	0.045217001226213541	0.043359649463444568	0.041418511601961736	0.039391665668420492	0.037277147407529437	0.035072949378238544	0.032777020031008373	0.030387262765771497	0.027901534970186815	0.025317647037783154	0.022633361365576577	0.019846391330739718	0.016954400245891604	0.013955000292568709	0.010845751432428668	0.0076241602957282896	0.0042876790466090265	0.00083370422471332846	-0.0027404244373542032	-0.0064374252212170318	-0.010260075655075458	0.001411442346215091	0.0028167796965665026	0.0042158445060213601	0.0056084651423531119	0.0069944657926676798	0.0083736663678773676	0.0097458824050787353	0.011110924967789728	0.012468600544000365	0.013818710941990435	0.015161053183866558	0.016495419396770065	0.017821596701706115	0.019139367099943388	0.020448507356932707	0.021748788883691823	0.023039977615602402	0.024321833888564456	0.025594112312451865	0.026856561641811785	0.028108924643749457	0.029350937962938695	0.030582331983697052	0.031802830689063588	0.033012151516815538	0.034210005212359153	0.035396095678428503	0.036570119821524777	0.037731767395026893	0.038880720838903225	0.040016655115952642	0.041139237544501051	0.04224812762747944	0.043342976877805958	0.044423428639994891	0.045489117907912394	0.046539671138597909	0.047574706062068345	0.048593831487020032	0.049596647102342524	0.050582743274355579	0.051551700839679512	0.052503090893646867	0.053436474574161598	0.054351402840910425	0.055247416249827763	0.05612404472271533	0.056980807311914156	0.05781721195992516	0.058632755253872335	0.059426922174700053	0.060199185840994381	0.060949007247314987	0.061675834996923619	0.06237910502879019	0.063058240338758204	0.063712650694745687	0.064341732345857827	2.9270983131145565	0.065521425146843601	0.066070758495065759	0.066592206908636847	0.067085094457108571	0.06754872981070667	0.067982405903102561	0.068385399586999698	0.068756971282385365	0.069096364617293682	0.069402806060924707	0.069675504548959211	0.069913651100907276	0.070116418429323535	0.070282960540720682	0.070412412328007573	0.070503889154275204	0.070556486427751683	0.070569279167740098	0.070541321561354342	0.070471646510859048	0.070359265171419702	0.070203166479063064	0.070002316668644343	0.069755658781613578	0.069462112163369227	0.069120571949982793	0.068729908544074028	0.068288967079610921	0.067796566875405112	0.067251500877068424	0.066652535087190476	0.065998407983494073	0.065287829924718419	0.064519482543976256	0.063692018129325817	0.062804058991291503	0.061854196817064853	0.06084099201110884	0.059762973021884297	0.058618635654412214	0.057406442368377886	0.056124821561478577	0.054772166837709968	0.053346836260279168	0.051847151588827779	0.050271397500640413	0.048617820795507714	0.046884629583907371	0.045069992458158036	0.043172037646194837	0.041188852147608965	0.039118480851584349	0.036958925636359025	0.034708144449830426	0.032364050370915429	0.029924510651269328	0.027387345736959147	0.024750328269677921	0.022011182067079933	0.019167581081806384	0.016217148338762616	0.013157454850201466	0.009986018508153973	0.0067003029537433265	0.0032977164229066238	-0.00022438943196142705	-0.0038687207449350628	-0.0076380426645627315	-0.011535180607461743	0.0014264803004160323	0.0028467521304622206	0.0042606451053593701	0.0056679846838601439	0.0070685920731909007	0.0084622841319065192	0.0098488732706136853	0.011228167350517073	0.012599969579742135	0.013964078407386964	0.01532028741525489	0.016668385207218459	0.018008155296164282	0.019339375988467286	0.020661820265941863	0.021975255665216215	0.023279444154475113	0.024574142007515176	0.025859099675055609	0.027134061653246045	0.028398766349312158	0.029652945944278163	0.03089632625270429	0.032128626579376034	0.033349559572880397	0.034558831076003389	0.035756139972881393	0.03694117803283762	0.038113629750833669	0.03927317218446455	0.040419474787423942	0.041552199239365394	0.042670999272083079	0.04377552049193445	0.044865400198425574	0.045940267198877949	0.046999741619094433	0.048043434709939624	0.049070948649748806	0.050081876342477454	0.051075801211501605	0.052052296988977474	0.053010927500666979	0.053951246446133486	0.054872797174210931	0.055775112453646213	0.056657714238813932	0.05752011343039988	0.05836180963094733	0.059182290895158689	0.059981033474841815	0.060757501558389208	0.06151114700467529	0.062241409071254243	0.062947714136739608	0.06362947541724337	0.064286092676749965	0.064916951931298553	0.065521425146843601	2.9806181267316512	0.066648629216169722	0.067170030941015577	0.067662387718302755	0.068124996500803212	0.068557138238013265	0.068958077525902592	0.069327062249203944	0.069663323216087689	0.069966073785062255	0.070234509483938737	0.070467807620693365	0.070665126886059762	0.070825606947677894	0.070948368035624487	0.071032510519144859	0.071077114474402972	0.071081239243063046	0.071043922981512159	0.070964182200527789	0.070841011295193504	0.070673382064858695	0.070460243222935232	0.070200519896321562	0.06989311311423646	0.069536899286244153	0.069130729669246091	0.068673429823209717	0.068163799055401139	0.067600609852883173	0.06698260730303511	0.066308508501846219	0.065577001949729263	0.064786746934595574	0.06393637290192801	0.063024478811581908	0.062049632481040291	0.061010369914841572	0.059905194619895269	0.058732576906392144	0.057490953174012122	0.056178725183125465	0.054794259310676705	0.053335885790435883	0.051801897937292778	0.050190551355265567	0.048500063128887314	0.046728610997626631	0.044874332512994074	0.042935324177974556	0.0409096405684235	0.038795293436053389	0.036590250792631743	0.034292435975003366	0.031899726690541287	0.029409954042623972	0.026820901535726169	0.024130304059705194	0.021335846852853713	0.018435164443281297	0.015425839568179873	0.012305402070518386	0.0090713277727012612	0.0057210373267181916	0.0022518950403019023	-0.0013387923214004669	-0.0050537767591425338	-0.0088958702883971119	-0.012867946214198782	0.0014410568296451371	0.0028758017144142663	0.0043040614297818755	0.0057256585254798304	0.0071404112288549378	0.0085481333461046582	0.0099486341613457801	0.011341718333469725	0.01272718579073738	0.014104831623065124	0.015474445971953018	0.016835813918004826	0.018188715365988581	0.019532924927385474	0.020868211800373463	0.022194339647191221	0.02351106646882661	0.024818144476972847	0.026115319963194453	0.02740233316524357	0.028678918130466295	0.029944802576237228	0.0311997077473593	0.032443348270364422	0.033675432004649349	0.034895659890379904	0.036103725793094704	0.037299316344939049	0.038482110782457203	0.039651780780870748	0.040807990284768302	0.041950395335130959	0.043078643892616099	0.044192375657020513	0.045291221882841966	0.046374805190857418	0.047442739375633022	0.048494629208881125	0.04953007023857596	0.050548648583738927	0.051549940724802304	0.052533513289458302	0.053498922833898115	0.054445715619344595	0.05537342738377881	0.056281583108760184	0.0571696967812362	0.0580372711502374	0.058883797478349521	0.059708755287853202	0.0605116121014199	0.061291823177248621	0.062048831238528286	0.062782066197105732	0.06349094487123802	0.06417487069730568	0.064833233435359516	0.065465408868372793	0.066070758495065759	0.066648629216169722	3.0350415034040306	0.06771924662514045	0.068210611206271241	0.06867173199270224	0.069101877949754587	0.069500301416664245	0.069866237742909482	0.07019890491679677	0.07049750318614309	0.070761214670889666	0.070989202967479084	0.071180612744823735	0.071334569331691022	0.071450178295325614	0.071526525011126801	0.071562674223194636	0.071557669595554638	0.071510533253866707	0.071420265317421447	0.071285843421220463	0.071106222227935542	0.07088033292953555	0.070607082738367147	0.070285354367469452	0.069914005499899387	0.069491868246840283	0.069017748594258799	0.068490425837875568	0.067908652006204467	0.067271151271414392	0.066576619347761185	0.065823722877331153	0.06501109880283408	0.064137353727177507	0.063201063259547857	0.062200771347719348	0.061134989596306193	0.060002196570666327	0.058800837086160303	0.057529321482462786	0.056186024882616793	0.054769286436516067	0.053277408548493443	0.051708656088686814	0.050061255587848012	0.048333394415252209	0.046523219939359373	0.0446288386708718	0.042648315387824126	0.040579672242336044	0.038420887848648597	0.036169896352058792	0.033824586478358766	0.031382800563377812	0.028842333562217385	0.026200932037760111	0.023456293128027668	0.020606063491950866	0.017647838233107678	0.014579159800976771	0.011397516869243059	0.0081003431906845006	0.0046850164281572486	0.0011488569611895155	-0.0025108733323190319	-0.0062969723198013474	-0.010212298883654625	-0.014259774217330875	0.0014551607328632072	0.0029039060463442426	0.0043460598761712703	0.005781441863055378	0.0072098672544637999	0.0086311468042365776	0.010045086670000623	0.011451488308334099	0.012850148367633304	0.014240858578632935	0.015623405642529765	0.016997571116658755	0.018363131297669418	0.019719857102149158	0.021067513944639526	0.022405861612989669	0.023734654140990501	0.025053639678231876	0.026362560357123626	0.027661152157020388	0.028949144765388672	0.030226261435953528	0.031492218843760494	0.032746726937087925	0.03398948878614242	0.035220200428469489	0.036438550711010056	0.037644221128731462	0.038836885659760706	0.040016210596945913	0.041181854375770585	0.042333467398543392	0.043470691854784978	0.044593161537731366	0.045700501656872158	0.046792328646439597	0.047868249969763278	0.048927863919403278	0.049970759412972715	0.050996515784558993	0.052004702571650567	0.052994879297475615	0.053966595248654735	0.054919389248070119	0.05585278942285013	0.05676631296736654	0.057659465901139795	0.058531742821545225	0.059382626651210961	0.060211588379995989	0.061018086801435195	0.061801568243534173	0.062561466293796428	0.063297201518361268	0.06400818117512945	0.064693798920749987	0.065353434511340153	0.065986453496806971	0.066592206908636847	0.067170030941015577	0.06771924662514045	3.0903818146749602	0.068729059255544497	0.069188219419894975	0.069615896970778676	0.070011331990697562	0.070373747293875646	0.070702348048755428	0.070996321392462522	0.07125483603706817	0.071477041867481272	0.071662069530793182	0.07180903001689859	0.071917014230210033	0.071985092552281083	0.072012314395147728	0.071997707745196496	0.071940278697360499	0.071839010979443299	0.071692865466364566	0.071500779684118485	0.071261667303230927	0.070974417621496769	0.07063789503577543	0.070250938502616711	0.069812360987485347	0.069320948902347745	0.068775461531378881	0.06817463044454361	0.067517158898800542	0.066801721226672037	0.066026962211917797	0.065191496452046305	0.064293907707389727	0.06333274823646548	0.062306538117339064	0.061213764554700401	0.060052881172355847	0.058822307290835998	0.057520427189809924	0.056145589354993676	0.054696105709229864	0.053170250827414327	0.051566261134933164	0.049882334089271667	0.048116627344447375	0.046267257897911369	0.044332301219557738	0.042309790362470796	0.040197715055034715	0.037994020774018929	0.035696607798249846	0.033303330242467136	0.030811995070956378	0.028220361090541709	0.025526137922513951	0.022726984953058995	0.019820510261745777	0.016804269527620871	0.013675764912449371	0.010432443920632483	0.0070716982353214225	0.0035908625302389103	-1.2786743291331803e-05	-0.0037420325946170936	-0.0075997187578505593	-0.011588750982313614	-0.015712098349875414	0.0014687805536219656	0.0029310422133555954	0.0043866060751827363	0.0058352888707936777	0.0072769028677761019	0.0087112557676126395	0.01013815060144029	0.011557385623523979	0.012968754202395428	0.014372044709607625	0.015767040406054079	0.017153519325800969	0.018531254157379204	0.019900012122482491	0.021259554852015933	0.022609638259439131	0.023950012411346106	0.025280421395223303	0.026600603184325892	0.027910289499610972	0.029209205668665531	0.030497070481564963	0.031773596043597536	0.033038487624788004	0.034291443506152708	0.035532154822616978	0.036760305402524028	0.037975571603663182	0.039177622145744176	0.040366117939241726	0.041540711910534205	0.04270104882325787	0.043846765095796568	0.044977488614825645	0.046092838544826473	0.047192425133486586	0.048275849512899024	0.049342703496471622	0.050392569371456392	0.051425019687006593	0.052439617037667072	0.053435913842201872	0.054413452117660972	0.055371763248585962	0.056310367751252415	0.057228775032844577	0.058126483145455807	0.059002978534806155	0.059857735783566145	0.060690217349173209	0.06149987329602561	0.062286141021935519	0.06304844497872103	0.06378619638681407	0.064498792943758834	0.065185618526472908	0.06584604288713998	0.066479421342601125	0.067085094457108571	0.067662387718302741	0.068210611206271227	0.068729059255544497	3.1466526310079432	0.0696737255696918	0.070098450631947459	0.070490413122416426	0.070848823320067963	0.071172873573481024	0.07146173790908944	0.071714571631094903	0.071930510912872392	0.072108672379692221	0.07224815268257638	0.072348028063105529	0.072407353908987004	0.072425164300193121	0.07240047154547137	0.07233226570902801	0.072219514127179571	0.072061160914763764	0.071856126461097292	0.071603306915262788	0.071301573660503575	0.070949772777499309	0.070546724496292554	0.070091222636629716	0.069582034036476628	0.069017897968462763	0.068397525544004092	0.067719599104848718	0.066982771601785493	0.066185665960247858	0.065326874432542592	0.064404957936426727	0.0634184453797485	0.062365832970864912	0.061245583514541437	0.060056125693032932	0.058795853332039821	0.057463124651225939	0.056056261498980006	0.054573548571093942	0.053013232613026214	0.051373521605411115	0.049652583932467714	0.047848547532955567	0.045959499033317058	0.043983482862638	0.041918500349052631	0.039762508797209169	0.037513420546405704	0.035169102008998081	0.032727372688673401	0.030186004178173367	0.027542719136045311	0.024795190241987702	0.021941039130350903	0.018977835301341991	0.01590309500947602	0.012714280128804656	0.0094087969944452489	0.005983995219922357	0.0024371664898253662	-0.0012344566727266681	-0.0050337021643290401	-0.0089634595857730273	-0.013026681553305193	-0.017226385037211835	0.0014819045744676126	0.002957186780540725	0.0044256648744548628	0.0058871526788795321	0.0073414594815228483	0.0087883899315100242	0.010227743933488175	0.011659316539408968	0.013082897837939547	0.014498272841451203	0.01590522137053417	0.017303517935985831	0.018692931618218538	0.020073225944032259	0.02144415876069565	0.022805482107278809	0.024156942083178808	0.025498278713778726	0.026829225813179019	0.028149510843939334	0.029458854773767033	0.030756971929087943	0.032043569845433002	0.033318349114573376	0.034581003228335197	0.035831218419023564	0.037068673496383937	0.03829303968102777	0.039503980434247431	0.040701151284144185	0.041884199647991373	0.043052764650752778	0.044206476939675471	0.045344958494874119	0.046467822435821836	0.047574672823661547	0.048665104459249632	0.049738702676841683	0.050795043133328659	0.05183369159292972	0.052854203707246	0.053856124790577442	0.054838989590403384	0.055802322052924874	0.056745635083564692	0.057668430302319461	0.05857019779385552	0.059450415852237697	0.060308550720178843	0.061144056322694817	0.061956373995047311	0.062744932204855081	0.06350914626825073	0.064248418059958776	0.064962135717166997	0.065649673337061551	0.06631039066789246	0.066943632793434779	0.067548729810706656	0.068124996500803212	0.068671731992702226	0.069188219419894975	0.0696737255696918	3.2038677243839548	0.07054877729876402	0.070936771459869846	0.071290680752081795	0.071609684704114968	0.071892944231711636	0.07213960123120372	0.072348778164432526	0.072519577634847149	0.072651081954597047	0.072742352702430596	0.072792430272209496	0.072800333411841986	0.07276505875243662	0.072685580327472799	0.072560849081779982	0.072389792370114003	0.07217131344511396	0.071904290934419537	0.071587578306722091	0.0712200033265218	0.070800367497353842	0.070327445493246432	0.069799984578164831	0.069216704013192867	0.06857629445119752	0.067877417318716771	0.067118704184805852	0.066298756116571531	0.065416143021119449	0.064469402973631212	0.063457041531285882	0.062377531032731984	0.061229309882810612	0.060010781822225072	0.058720315181845575	0.057356242121330725	0.055916857851742087	0.05440041984182057	0.052805147007587545	0.051129218884925463	0.049370774784786971	0.047527912930673953	0.045598689578019755	0.043581118115102201	0.041473168145105217	0.039272764548941262	0.036977786528437015	0.034586066629477781	0.032095389744698014	0.029503492095295705	0.026808060191541017	0.024006729771540496	0.021097084717808707	0.018076655951190967	0.014942920301670846	0.011693299355586507	0.0083251582787714547	0.0048358046151236568	0.0012224870600989191	-0.002517605791387976	-0.0063873467231799069	-0.010389671202747629	-0.014527578713261987	-0.018804134113426556	0.0014945208112250856	0.0029823157795495071	0.0044632003214624709	0.0059369853506126913	0.0074034771748287256	0.0088624773908783684	0.010313782776918839	0.011757185182588566	0.013192471416690102	0.014619423132413045	0.01603781671004435	0.017447423137112606	0.018848007885911622	0.020239330788347588	0.02162114590805277	0.02299320140970771	0.024355239425512556	0.025706995918747012	0.027048200544356863	0.02837857650650422	0.029697840413016895	0.031005702126671114	0.032301864613240479	0.033586023786242578	0.034857868348313358	0.036117079629137648	0.037363331419863186	0.038596289803923482	0.039815612984193616	0.041020951106401429	0.042211946078715167	0.043388231387426111	0.044549431908644653	0.045695163715924685	0.046825033883731125	0.047938640286662261	0.04903557139433784	0.050115406061861177	0.051177713315762173	0.052222052135325915	0.053247971229209809	0.054255008807249712	0.055242692347354377	0.056210538357384154	0.057158052131909116	0.058084727503738387	0.058990046590111096	0.059873479533436913	0.060734484236471049	0.061572506091807769	0.062386977705572194	0.063177318615189604	0.063942935001107218	0.064683219392342117	0.065397550365725657	0.06608529223871247	0.066745794755619009	0.067378392767154363	0.067982405903102561	0.068557138238013265	0.0691018779497546	0.069615896970778676	0.070098450631947459	0.070548777298764034	3.2620410709234009	0.071349616047503783	0.071698516650187963	0.072011966516753026	0.072289113452249906	0.072529085945140501	0.072730992745732415	0.07289392243565368	0.073016942988181038	0.073099101319230961	0.073139422828819023	0.073136910932789706	0.073090546584612545	0.072999287787040082	0.07286206909341475	0.072677801098410363	0.072445369917988625	0.072163636658345964	0.071831436873622187	0.071447580012137732	0.071010848850920447	0.070519998918280258	0.069973757904181949	0.069370825058163638	0.068709870574543544	0.067989534964649212	0.067208428415802296	0.066365130136783329	0.065458187689496225	0.064486116306547395	0.063447398194446822	0.06234048182213444	0.061163781194526978	0.059915675110776168	0.058594506406922132	0.057198581182618162	0.055726168011598638	0.054175497135553537	0.052544759641067029	0.050832106619269721	0.049035648307848061	0.047153453215045854	0.04518354722528789	0.043123912686043694	0.040972487475546895	0.038727164050974344	0.036385788476681086	0.033946159432082068	0.031406027198759019	0.028763092626366154	0.026015006076896725	0.023159366346865093	0.020193719566950222	0.017115558078635497	0.013922319287373024	0.010611384491787558	0.007180077688428683	0.0036256643515678415	-5.4649812472681071e-05	-0.0038637201369827595	-0.0078044642930525298	-0.011879863614832061	-0.016092964452416744	-0.020446879552927608	0.0015066170071605463	0.0030064046969142644	0.0044991756460040413	0.0059847378590578018	0.0074628946640245431	0.0089334446053146391	0.010396181334595429	0.011850893499192066	0.013297364628042549	0.014735373015154768	0.016164691600512399	0.017585087848375237	0.018996323622918549	0.020398155061154766	0.021790332443079714	0.023172600058984409	0.024544696073872115	0.025906352388919088	0.02725729449991646	0.028597241352628866	0.029925905195004501	0.031242991426170021	0.032548198442141678	0.033841217478183493	0.035121732447741208	0.036389419777879406	0.037643948241148119	0.038884978783802891	0.040112164350301467	0.041325149703998337	0.042523571243956573	0.043707056817795076	0.044875225530487423	0.04602768754902687	0.047164043902870004	0.048283886280070534	0.049386796819011577	0.050472347895644178	0.051540101906137212	0.052589611044841618	0.053620417077471089	0.054632051109397464	0.055624033348958844	0.056595872865674919	0.057547067343263023	0.058477102827344744	0.059385453467732101	0.060271581255179556	0.06113493575248468	0.061974953819820107	0.062791059334174434	0.063582662902779502	0.064349161570397106	0.065089938520336857	0.065804362769073657	0.066491788854330713	0.067151556516490865	0.067782990373197224	0.068385399586999698	0.068958077525902592	0.069500301416664245	0.070011331990697562	0.070490413122416412	0.070936771459869846	0.071349616047503783	3.321186853532728	0.072071509813219345	0.072378885553494393	0.072649399856069344	0.072882167801536321	0.073076284428669369	0.073230824297275246	0.073344841041758202	0.073417366915202384	0.073447412323777675	0.073433965351264424	0.073375991273493479	0.073272432062490428	0.073122205880110466	0.072924206560945781	0.072677303084280331	0.072380339034867444	0.072032132052295306	0.07163147326870456	0.071177126734615973	0.070667828832621057	0.070102287678683928	0.069479182510797405	0.068797163064730563	0.068054848936600548	0.067250828931995688	0.066383660401369921	0.065451868561425888	0.064453945802194407	0.063388350979516644	0.062253508692623742	0.061047808546508084	0.059769604398770076	0.058417213590619542	0.056988916161704456	0.055482954048432002	0.053897530265441244	0.052230808069879266	0.050480910108124805	0.048645917544597808	0.046723869172284549	0.044712760504600726	0.04261054284820788	0.040415122356389291	0.038124359062586065	0.035736065893681813	0.03324800766262092	0.030657900039932587	0.02796340850372727	0.025162147267721067	0.022251678186836408	0.019229509639916313	0.016093095389082619	0.012839833415255778	0.009467064729347132	0.0059720721586224053	0.0023520791077264653	-0.0013957517061519145	-0.0052743195445070024	-0.0092865869656766891	-0.013435581170490053	-0.017724395375967098	-0.02215619021764605	0.0015181806270195412	0.0030294284621260898	0.0045335532423162149	0.0060303600631970477	0.007519649272838028	0.0090012163632921145	0.010474851859736753	0.011940341207183836	0.013397464654706802	0.014845997137131819	0.016285708154139315	0.017716361646720281	0.019137715870931417	0.020549523268891413	0.021951530336959662	0.023343477491037653	0.024725098928931728	0.026096122489714782	0.027456269510023227	0.028805254677224175	0.030142785879386319	0.031468564051986656	0.03278228302128415	0.034083629344289226	0.035372282145257401	0.036647912948633059	0.037910185508368471	0.039158755633541216	0.040393271010191793	0.041613371019301237	0.042818686550827524	0.044008839813717109	0.045183444141806833	0.046342103795529173	0.047484413759332551	0.048609959534726042	0.049718316928856088	0.05080905183852151	0.051881720029530051	0.052935866911298708	0.053971027306597315	0.05498672521633366	0.055982473579275244	0.056957774026601134	0.057912116631175951	0.058844979651433635	0.059755829269759225	0.060644119325251801	0.061509291040751451	0.062350772744009117	0.063167979582876926	0.063960313234393162	0.064727161607634254	0.065467898540202393	0.06618188348821602	0.066868461209666816	0.067526961441004202	0.068156698566805091	0.068756971282385365	0.06932706224920393	0.069866237742909468	0.070373747293875646	0.070848823320067963	0.071290680752081795	0.071698516650187977	0.072071509813219359	3.3813194645756237	0.072709589417035966	0.072972938510612567	0.073197969332579604	0.073383763210177255	0.073529380681391338	0.073633861041753235	0.073696221881515311	0.073715458613001383	0.07369054398792782	0.073620427604486602	0.073504035403976362	0.073340269156765447	0.073128005937363849	0.072866097588378226	0.072553370173118706	0.072188623416621731	0.071770630134848343	0.071298135651811895	0.070769857204385722	0.070184483334533421	0.069540673268702141	0.068837056284112005	0.068072231061669999	0.067244765025230691	0.066353193666921745	0.0653960198582441	0.064371713146653603	0.063278709037322106	0.062115408259772249	0.060880176019072002	0.059571341231270301	0.058187195742746847	0.056725993533144121	0.055185949901542249	0.053565240635529442	0.051862001162815467	0.050074325685027378	0.048200266293318618	0.04623783206541781	0.044184988143731722	0.042039654794113701	0.039799706444896839	0.037462970705786532	0.035027227366194853	0.032490207372595656	0.029849591784465574	0.027103010708371289	0.024248042209751835	0.021282211201937597	0.018202988311935883	0.015007788722506717	0.011693970990039068	0.0082588358377308057	0.0046996249235637813	0.0010135195825563097	-0.0028023604572364404	-0.0067509583855130681	-0.010835281647859052	-0.015058403311782702	-0.019423463461228609	-0.023933670620152246	0.0015291988509382427	0.0030513614354573289	0.0045662946508075054	0.0060738006835751208	0.0075736769019500499	0.0090657157456278253	0.010549704613296013	0.012025425747653263	0.013492656117908406	0.014951167299705951	0.016400725352423009	0.017841090693781789	0.01927201797172046	0.020693255933463928	0.022104547291735197	0.023505628588046206	0.024896230053006355	0.026276075463585177	0.027644881997264399	0.029002360083013635	0.030348213249021965	0.031682137967116851	0.033003823493799864	0.034312951707827909	0.035609196944266258	0.036892225824939062	0.038161697085200869	0.039417261396951307	0.040658561187813601	0.041885230456395327	0.043096894583549379	0.04429317013954976	0.045473664687096543	0.046637976580061483	0.047785694757884842	0.048916398535530953	0.050029657388909701	0.051125030735667654	0.052202067711251465	0.053260306940144019	0.054299276302171462	0.055318492693777505	0.056317461784158987	0.057295677766154469	0.058252623101775661	0.059187768262269021	0.060100571462592477	0.060990478390189951	0.061856921927943828	0.062699321871183489	0.063517084638624405	0.064309602977111566	0.065076255660035831	0.065816407179292033	0.066529407430642215	0.067214591392346493	0.067871278796920745	0.068498773795875892	0.069096364617293696	0.069663323216087689	0.070198904916796784	0.070702348048755456	0.071172873573481024	0.071609684704114968	0.072011966516753054	0.072378885553494393	0.072709589417035966	3.4424535085687973	0.073258844845275561	0.073475593147802234	0.073652518879924272	0.073788668557806233	0.073883067138106884	0.073934717548246487	0.073942600206702958	0.073905672533128866	0.073822868448077048	0.073693097862119403	0.073515246154137223	0.073288173638558454	0.073010715021312386	0.072681678844265921	0.072299846917903754	0.071863973742007342	0.071372785914082873	0.07082498152528513	0.070219229543577316	0.069554169183861037	0.068828409264807378	0.068040527552112998	0.067189070087898956	0.066272550505966463	0.065289449332615018	0.06423821327272515	0.063117254480799731	0.061924949816652572	0.060659640085427499	0.059319629261621758	0.057903183696784953	0.056408531310554351	0.054833860764682794	0.053177320619707598	0.051437018473901426	0.049611020084139347	0.047697348468308629	0.045693982988879937	0.043598858417251266	0.041409863978467777	0.039124842375912385	0.036741588795554579	0.034257849889335189	0.031671322737257437	0.028979653787745304	0.026180437775821727	0.023271216618648796	0.020249478287964699	0.017112655658941076	0.013858125334976166	0.010483206447927411	0.0069851594332792253	0.0033611847797295584	-0.00039157824732978167	-0.004276052908977087	-0.0082952263231155544	-0.012452150822578119	-0.016749945341552445	-0.021191796830907488	-0.02578096170301597	0.0015396585682251245	0.0030721773955249285	0.0045973605394033388	0.0061150072774259151	0.0076249119979029702	0.0091268640881726221	0.010620647820432552	0.012106042235068131	0.013582821021423646	0.015050752395961878	0.016509598977756688	0.017959117661261476	0.019399059486295861	0.020829169505191009	0.022249186647033445	0.02365884357894564	0.025057866564340069	0.026445975318082831	0.027822882858501	0.029188295356166686	0.030541911979389411	0.031883424736347012	0.033212518313783738	0.034528869912202928	0.035832149077479628	0.037122017528817775	0.03839812898297415	0.039660128974670514	0.040907654673112651	0.042140334694534841	0.043357788910684827	0.044559628253164188	0.045745454513536205	0.046914860139111995	0.048067428024323455	0.049202731297590403	0.050320333103586024	0.051419786380804675	0.052500633634331918	0.05356240670371655	0.054604626525840999	0.05562680289268495	0.056628434203874541	0.05760900721390777	0.058567996773943545	0.05950486556804073	0.060419063843730303	0.061310029136800809	0.062177185990177089	0.06301994566676683	0.063837705856149132	0.064629850374975345	0.065395748860951008	0.066134756460263483	0.066846213508318347	0.067529445203644373	0.068183761274823645	0.068808455640301205	0.069402806060924693	0.069966073785062255	0.070497503186143104	0.070996321392462522	0.07146173790908944	0.071892944231711636	0.072289113452249906	0.072649399856069344	0.072972938510612581	0.073258844845275561	3.5046038049022243	0.073714121498797622	0.073881620578812118	0.074007743956730196	0.074091502250337726	0.07413188372422308	0.074127853803018187	0.074078354574311611	0.07398230428101743	0.07383859680298055	0.073646101127595232	0.073403660809207544	0.073110093417069116	0.072764189971603888	0.072364714368744809	0.071910402792093611	0.071399963112649192	0.070832074275848075	0.070205385675652973	0.069518516515419765	0.068770055155270793	0.067958558445692194	0.067082551047071712	0.06614052473488384	0.065130937690226792	0.06405221377540575	0.06290274179425448	0.061680874736878284	0.060384929008496464	0.059013183642054906	0.057563879494273024	0.056035218424782665	0.054425362458009677	0.052732432927440259	0.050954509601910003	0.049089629793542186	0.047135787446957629	0.045090932209369196	0.04295296848116615	0.040719754446585391	0.038389101084059615	0.035958771155822605	0.033426478176343651	0.030789885359155476	0.028046604541629522	0.02519419508724487	0.022230162764886579	0.019151958604700741	0.015956977730023428	0.01264255816489092	0.0092059796166292542	0.0056444622330092831	0.0019551653334452502	-0.0018648138862977131	-0.0058184416764315034	-0.0099087490830636251	-0.014138833326274613	-0.018511859206931349	-0.023031060542827313	-0.027699741634752667	0.0015495463710103717	0.003091849526589259	0.0046267106844942677	0.0061539262132701703	0.0076732875213477185	0.0091845809437076098	0.010687587626057631	0.012182083406469922	0.013667838694424159	0.015144618347201459	0.016612181543572375	0.018070281654721541	0.019518666112349991	0.020957076273895165	0.022385247284807171	0.023802907937818925	0.025209780529145964	0.026605580711551041	0.027990017344206541	0.029362792339287055	0.030723600505222517	0.032072129386541186	0.033408059100230009	0.034731062168538711	0.036040803348152121	0.037336939455653952	0.038619119189203306	0.03988698294634388	0.04114016263786429	0.042378281497625306	0.043600953888269588	0.044807785102726296	0.045998371161421914	0.047172298605106848	0.048329144283204832	0.049468475137590943	0.050589847981701845	0.051692809274879563	0.052776894891848614	0.053841629887223706	0.054886528254943542	0.055911092682523721	0.056914814300019795	0.057897172423589084	0.058857634293537776	0.059795654806737257	0.060710676243291233	0.061602127987333152	0.062469426241830189	0.063311973737268462	0.064129159434090463	0.064920358218754096	0.065684930593279525	0.066422222358146613	0.067131564288404541	0.067812271802850585	0.068463644626133288	0.069084966443631643	0.069675504548959211	0.070234509483938709	0.070761214670889666	0.071254836037068156	0.071714571631094903	0.072139601231203734	0.072529085945140501	0.072882167801536335	0.073197969332579618	0.073475593147802234	0.073714121498797636	3.5677853905838073	0.074070116348083928	0.074185641511536365	0.074258187603949213	0.074286728227078547	0.074270213811710686	0.074207571113370133	0.074097702697331944	0.073939486412714209	0.073731774855424079	0.073473394819725854	0.073163146738193491	0.072799804109807825	0.072382112915950161	0.071908791024042504	0.071378527578576531	0.070789982379270491	0.070141785246086372	0.069432535370834672	0.068660800655088741	0.067825117034124263	0.066923987786595571	0.065955882829650828	0.064919237999186474	0.063812454314932626	0.062633897230053873	0.061381895864947002	0.060054742224906886	0.058650690401327844	0.057167955756099217	0.055604714088847547	0.053959100786671356	0.052229209956006134	0.05041309353625021	0.048508760394774912	0.046514175402934885	0.044427258492685216	0.042245883693406067	0.039967878148526433	0.037591021111528636	0.035113042920910761	0.032531623953670652	0.029844393556870425	0.027048928956828883	0.024142754145481556	0.021123338743436318	0.017988096839247143	0.014734385804414439	0.011359505083612756	0.0078606949596364706	0.004235135292543212	0.00047994423246313126	-0.0034078230944652229	-0.0074311759275870696	-0.011593189241214436	-0.015897005142675513	-0.020345834299516256	-0.024942957396454829	-0.029691726622698537	0.0015588485477602543	0.0031103504055828598	0.0046543039514791041	0.0061905026449729679	0.0077187349146156442	0.0092387840430304125	0.010750428049435169	0.012253439569588798	0.013747585733106405	0.015232628038087399	0.016708322222999061	0.018174418135757237	0.019630659599944405	0.021076784278104239	0.022512523532050445	0.023937602280126376	0.025351738851350683	0.026754644836382714	0.028146024935240169	0.029525576801700135	0.03089299088431299	0.032247950263957374	0.033590130487862919	0.034919199400025754	0.036234816967940536	0.03753663510557069	0.038824297492477608	0.040097439389027087	0.04135568744759037	0.042598659519654858	0.043825964458758068	0.04503720191915675	0.04623196215014061	0.047409825785899369	0.048570363630848483	0.049713136440318412	0.050837694696509228	0.051943578379610625	0.053030316733986095	0.054097428029316275	0.055144419316596159	0.056170786178877198	0.057176012476644375	0.058159570087714392	0.059120918641540655	0.06005950524780701	0.06097476421919007	0.061866116788168016	0.062732970817750505	0.063574720506001908	0.064390746084228248	0.065180413508693941	0.065943074145733749	0.066678064450120103	0.067384705636545736	0.068062303344076466	0.06871014729342724	0.069327510936911002	0.069913651100907276	0.070467807620693365	0.07098920296747907	0.071477041867481272	0.071930510912872392	0.07234877816443254	0.072730992745732415	0.073076284428669369	0.073383763210177227	0.073652518879924272	0.073881620578812132	0.074070116348083928	3.6320135230083403	0.074321373991796363	0.0743821222569791	0.074398236403317233	0.074368651867750962	0.07429228007374096	0.074168007908923375	0.073994697191689426	0.073771184126459194	0.073496278747414975	0.073168764350453303	0.072787396913111854	0.072350904502220315	0.071857986669020851	0.071307313831497909	0.070697526643651531	0.07002723535144309	0.069295019135137539	0.068499425437759207	0.067638969279373629	0.066712132556901366	0.065717363329164308	0.064653075086857331	0.063517646007135345	0.062309418192493776	0.061026696893620794	0.059667749715886939	0.058230805809135151	0.056714055040424358	0.055115647149375967	0.05343369088576129	0.05166625312896489	0.049811357988947869	0.047866985888329855	0.045831072625198976	0.043701508416252546	0.041476136919862135	0.039152754238648203	0.036729107901143039	0.034202895822108899	0.031571765241072233	0.028833311638624577	0.025985077630032282	0.023024551835686767	0.019949167727919194	0.016756302453691294	0.013443275632667914	0.010007348130161662	0.0064457208044354742	0.0027555332278334436	-0.001066137618798033	-0.0050222786789470078	-0.0091159421810923132	-0.013350247027750353	-0.017728380213496892	-0.022253598272557056	-0.026929228756573657	-0.031758671743171048	0.0015675510766536664	0.0031276519888635201	0.004680098274894527	0.0062246804852498835	0.0077611840686012167	0.0092893892552143864	0.010809070937817411	0.012319998549855906	0.013821935941080409	0.01531464125040863	0.016797866776004568	0.018271358842515278	0.019734857665404688	0.021188097212322721	0.022630805061446647	0.024062702256730299	0.025483503159995407	0.026892915299797905	0.028290639217000847	0.029676368306983805	0.031049788658417558	0.032410578888531189	0.033758409974796975	0.035092945082957488	0.036413839391317149	0.03772073991121918	0.039013285303627195	0.040291105691729105	0.041553822469478793	0.042801048105990273	0.044032385945695959	0.045247430004180141	0.04644576475959579	0.047626964939571866	0.048790595303515635	0.049936210420212922	0.051063354440627137	0.052171560865795788	0.053260352309721211	0.054329240257150052	0.055377724816133442	0.056405294465258903	0.057411425795440722	0.058395583246154993	0.059357218836002354	0.060295771887479116	0.061210668745834793	0.062101322491892312	0.062967132648703711	0.063807484881911763	0.064621750693685961	0.065409287110097289	0.066169436361794995	0.066901525557844149	0.067604866352581006	0.068278754605339984	0.068922470032902319	0.069535275854515036	0.070116418429323549	0.070665126886059748	0.071180612744823721	0.071662069530793154	0.072108672379692207	0.072519577634847177	0.072893922435653666	0.073230824297275246	0.073529380681391324	0.07378866855780622	0.074007743956730196	0.074185641511536365	0.07432137399179635	3.6973036827506829	0.074462282616486644	0.074465370638177	0.074422116334555921	0.074331415797019962	0.074192140235566542	0.074003135437859913	0.073763221216833069	0.073471190846586432	0.07312581048633901	0.072725818592185326	0.072269925316403347	0.071756811894055569	0.07118513001661933	0.070553501192376064	0.069860516093286792	0.069104733888070979	0.068284681561203805	0.067398853217540564	0.066445709372268319	0.065423676225882424	0.064331144923876427	0.063166470800829724	0.061927972608568874	0.060613931728073313	0.059222591364789343	0.05775215572700821	0.056200789186958915	0.05456661542425733	0.052847716551347672	0.051042132220563578	0.049147858712429	0.047162848004811804	0.045085006822533601	0.042912195667034018	0.040642227825675691	0.03827286836027103	0.035801833074402045	0.033226787459095228	0.030545345616405501	0.027755069160453952	0.024853466095454312	0.021837989670254295	0.01870603720890783	0.015454948916784953	0.012082006661714276	0.0085844327296468893	0.0049593885543143552	0.0012039734203470821	-0.0026847768606922326	-0.0067098913019184268	-0.010874465120943602	-0.015181661148488781	-0.019634711266377135	-0.024236917875513245	-0.028991655394464199	-0.033902371789271704	0.0015756396188179407	0.0031437255986859051	0.0047040506381225413	0.0062564023786102476	0.0078005632889411019	0.009336310547023545	0.010863415919095693	0.012381645636289915	0.013890760268492177	0.015390514595438486	0.016880657474989565	0.018360931708523681	0.01983107390338619	0.021290814332333288	0.022739876789905789	0.024177978445668016	0.025604829694244782	0.027020134002088622	0.028423587750907912	0.029814880077684711	0.031193692711210252	0.032559699805063992	0.033912567766960888	0.035251955084389948	0.036577512146465346	0.037888881061910087	0.039185695473090094	0.040467580366015284	0.041734151876222245	0.042985017090451577	0.044219773844030585	0.04543801051387112	0.046639305806989412	0.047823228544453707	0.048989337440663	0.050137180877858491	0.05126629667576698	0.052376211856273731	0.053466442403020002	0.05453649301581829	0.055585856859776107	0.056614015309016857	0.057620437684884188	0.058604580988513552	0.059565889627652885	0.060503795137610887	0.061417715896210021	0.062307056832618009	0.063171209129929184	0.064009549921364775	0.064821441979957733	0.065606233401585487	0.066363257281211979	0.06709183138219478	0.067791257798513763	0.068460822609771793	0.069099795528816593	0.069707429541829083	0.070282960540720682	0.070825606947677894	0.071334569331691008	0.07180903001689859	0.07224815268257638	0.07265108195459706	0.073016942988181052	0.073344841041758202	0.073633861041753235	0.073883067138106898	0.074091502250337726	0.074258187603949199	0.074382122256979114	0.074462282616486672	3.7636715763830111	0.07448706985508062	0.074429531796675524	0.074323888528884635	0.0741689955840662	0.073963682719157695	0.073706753355605142	0.073396984007426946	0.073033123697164554	0.072613893359469564	0.072137985232067978	0.07160406223384283	0.071010757329764043	0.070356672882394833	0.069640379989695675	0.068860417808840252	0.068015292865755236	0.067103478350085149	0.066123413395283784	0.065073502343519982	0.063952113995085741	0.062757580841985239	0.061488198285375918	0.06014222383652873	0.058717876300965394	0.057213334945425846	0.05562673864730884	0.053956185026224915	0.052199729557291158	0.050355384665790308	0.048421118802809075	0.046394855501463397	0.044274472413308813	0.042057800324526953	0.039742622151471549	0.037326671915147047	0.034807633694185061	0.032183140555876448	0.029450773464804542	0.026608060168619992	0.023652474060483864	0.020581433017700157	0.017392298216045831	0.014082372919298555	0.010648901243451549	0.0070890668950939527	0.0033999918834259723	-0.00042126479463565987	-0.0043777084968120439	-0.008472410305844431	-0.012708508428478697	-0.017089209623640196	-0.021617790660399483	-0.026297599806340645	-0.031132058346955205	-0.0361246621367022	0.0015830995114210235	0.0031585419093859064	0.004726117052666976	0.0062856096737258461	0.0078367992614750276	0.0093794599414655459	0.010913360353445629	0.012438263526234391	0.013953926749853221	0.015460101444856425	0.01695653302880145	0.018442960779797773	0.019919117697072202	0.021384730358487154	0.022839518774947051	0.02428319624162667	0.025715469185953896	0.027136037012277892	0.028544591943152332	0.02994081885716179	0.03132439512321792	0.03269499043125057	0.03405226661921739	0.035395877496353784	0.036725468662583742	0.038040677324010029	0.039341132104400808	0.040626452852588063	0.041896250445691126	0.043150126588077112	0.044387673605968271	0.045608474237603974	0.046812101418863702	0.047998118064255003	0.049166076843168635	0.050315519951301159	0.051445978877142737	0.052556974163426376	0.053648015163432296	0.054718599792038872	0.055768214271409898	0.056796332871204724	0.057802417643196352	0.058785918150179653	0.059746271189049759	0.060682900507927851	0.06159521651720927	0.062482615994406486	0.063344481782656309	0.064180182482758211	0.064989072138608647	0.065770489915891725	0.066523759773885804	0.067248190130241081	0.067943073518580921	0.068607686238776833	0.069241287999742898	0.069843121554594087	0.070412412328007559	0.070948368035624487	0.0714501782953256	0.071917014230210047	0.072348028063105516	0.07274235270243061	0.073099101319230961	0.07341736691520237	0.073696221881515298	0.073934717548246487	0.074131883724223066	0.074286728227078561	0.074398236403317233	0.074465370638177014	0.07448706985508062	3.8311331393160528	0.074389798541705784	0.074268583894098669	0.074097444916354033	0.073875195334682509	0.073600622179043007	0.07327248520337204	0.072889516293533657	0.072450418862735982	0.071953867234153715	0.071398506010489915	0.070782949430207354	0.070105780710151069	0.069365551374280784	0.068560780568224733	0.06768995435936051	0.066751525022122449	0.065743910308230735	0.064665492701527799	0.063514618657104102	0.06228959782438865	0.060988702253869771	0.059610165587109631	0.058152182229705938	0.056612906506846715	0.054990451801100779	0.053282889672073341	0.0514882489575543	0.049604514855775425	0.047629627988386367	0.04556148344375114	0.043397929800158844	0.041136768128533494	0.038775750974219925	0.036312581317414418	0.033744911511798231	0.031070342200926526	0.028286421211911286	0.025390642425932541	0.022380444625098719	0.019253210315170195	0.016006264523646646	0.012636873572713911	0.0091422438265294035	0.005519520412320485	0.001765785914755688	-0.0021219409569614369	-0.0061467067298360562	-0.010311624556235967	-0.014619875632040411	-0.019074710644379347	-0.023679451249570944	-0.028437491581878298	-0.033352299793717587	-0.038427419627965136	0.0015899157606170024	0.0031720709332716999	0.0047462525369900976	0.0063122423952130281	0.0078698170169734325	0.0094187474754649191	0.010958799283945834	0.012489732268922036	0.014011300440550321	0.015523251860203318	0.017025328505135186	0.018517266130186612	0.019998794126465842	0.021469635376941562	0.022929506108881743	0.024378115743071659	0.025815166739742237	0.027240354441139276	0.028653366910661785	0.030053884768496783	0.031441581023676383	0.032816120902480851	0.034177161673110475	0.035524352466547109	0.036857334093524527	0.038175738857525218	0.039479190363719691	0.040767303323761939	0.042039683356353982	0.043295926783489515	0.044535620422285718	0.045758341372309504	0.046963656798303569	0.048151123708214741	0.049320288726425618	0.050470687862088061	0.05160184627245562	0.052713278021109068	0.053804485830967509	0.054874960831975274	0.055924182303352402	0.056951617410294225	0.057956720935003044	0.058938935001933146	0.059897688797126945	0.060832398281517985	0.061742465898074569	0.062627280272653921	0.063486215908435256	0.064318632873796411	0.065123876483497295	0.0659012769730285	0.066650149165983053	0.067369792134303691	0.068059488851257371	0.068718505836984023	0.069346092796464268	0.069941482249746972	0.070503889154275218	0.071032510519144845	0.071526525011126801	0.071985092552281083	0.072407353908987004	0.072792430272209496	0.073139422828819037	0.073447412323777689	0.073715458613001397	0.073942600206702958	0.074127853803018201	0.074270213811710714	0.074368651867750976	0.074422116334555907	0.07442953179667551	0.074389798541705798	3.899704538664079	0.074164362360372743	0.073976333706294889	0.073736503764453162	0.073443643173319695	0.073096494926748842	0.072693773773927231	0.072234165606619882	0.071716326833449723	0.071138883740940281	0.070500431841046859	0.069799535204896263	0.069034725782447792	0.068204502707784026	0.067307331589733552	0.066341643787520402	0.065305835671131282	0.064198267866082015	0.063017264482261859	0.061761112326524356	0.060428060098688736	0.059016317570608622	0.057524054747957236	0.055949401014371319	0.054290444257589381	0.052545229977211338	0.050711760373699871	0.048787993418235864	0.046771841903031838	0.044661172471699963	0.042453804629262924	0.040147509731387018	0.037740009952408171	0.035228977231714455	0.032612032198036982	0.029886743071195161	0.027050624540829429	0.024101136621649359	0.021035683484710823	0.017851612264230234	0.014546211839430476	0.011116711590905158	0.0075602801309760242	0.0038740240075086124	5.498638063994375e-05	-0.0038998543281397982	-0.0079935858151197713	-0.012229363302294136	-0.016610410974675967	-0.021140023447599417	-0.025821567264630432	-0.030658482426711015	-0.03565428395318225	-0.040812563475337349	0.0015960730343419424	0.0031842820062154159	0.0047644110949001074	0.0063362392148160552	0.0078995398951166446	0.0094540811566380684	0.010999625386148775	0.012535929207841369	0.014062743352008083	0.015579812520839826	0.017086875251287499	0.018583663774923001	0.020069903874736002	0.021545314738801443	0.023009608810750877	0.024462491636980024	0.02590366171052293	0.027332810311521981	0.028749621344221488	0.030153771170411008	0.031544928439243045	0.032922753913348292	0.034286900291169702	0.035637012025435545	0.036972725137689365	0.03829366702879345	0.039599456285320557	0.040889702481746747	0.042164005978356726	0.043421957714770788	0.044663138999000998	0.045887121291941793	0.047093465987199143	0.048281724186159204	0.049451436468196254	0.050602132655917585	0.051733331575340095	0.052844540810892293	0.053935256455132231	0.05500496285307014	0.056053132340982366	0.057079224979600093	0.058082688281555085	0.059062956932961	0.060019452509007434	0.060951583183440385	0.061858743431801103	0.0627403137282916	0.063595660236133347	0.064424134491282703	0.065225073079362997	0.065997797305671319	0.066741612858115348	0.067455809462930283	0.068139660533026752	0.068792422808813133	0.06941333599133645	0.070001622367579605	0.070556486427751683	0.071077114474402972	0.07156267422319465	0.072012314395147728	0.072425164300193121	0.072800333411841986	0.073136910932789678	0.073433965351264424	0.073690543987927848	0.073905672533128866	0.074078354574311611	0.074207571113370133	0.07429228007374096	0.074331415797019976	0.074323888528884649	0.074268583894098683	0.074164362360372757	3.9694021761335758	0.073804481384965717	0.073546412107482875	0.073234605105384307	0.072867786612442573	0.072444654241166695	0.071963876361878634	0.071424091468649586	0.070823907531823396	0.070161901336848229	0.069436617809132309	0.068646569324634477	0.067790235005891958	0.066866060003184138	0.065872454760524862	0.064807794266167271	0.063670417287300787	0.062458625588613023	0.061170683134382439	0.059804815273759013	0.058359207908887899	0.056832006645517838	0.055221315925734177	0.053525198142445225	0.051741672735245492	0.049868715267270637	0.047904256482650467	0.045846181344160408	0.043692328050660839	0.041440487033908076	0.039088399934310472	0.036633758555195274	0.034074203795142331	0.031407324557932534	0.028630656639649546	0.025741681592462404	0.022737825564609928	0.019616458116095619	0.016374891009591958	0.013010376976044966	0.0095201084544559861	0.0059012163053111287	0.002150768497114262	-0.0017342312345292321	-0.0057568447558427067	-0.0099202009323989537	-0.014227497055819016	-0.018682000300249205	-0.023287049209228292	-0.028046055213569537	-0.032962504180894601	-0.038039957997468739	-0.043282056183002522	0.0016015556549569163	0.0031951437729391997	0.0047805456934802183	0.0063575374219792171	0.0079258895077100253	0.0094853669191514202	0.011035728916581953	0.012576728921880973	0.014108114385476147	0.01562962665037668	0.017141000813230198	0.018641965582339794	0.0201322431325766	0.0216115489571218	0.023079591715970509	0.024536073081128935	0.025980687578434195	0.027413122425925286	0.02883305736869185	0.030240164510125914	0.031634108139500433	0.033014544555796492	0.034381121887699699	0.035733479909684771	0.037071249854105037	0.03839405421920257	0.039701506572952336	0.040993211352652499	0.042268763660170447	0.043527749052753077	0.044769743329307297	0.045994312312055176	0.047201011623465863	0.048389386458364804	0.049558971351118079	0.050709289937788331	0.051839854713155824	0.052950166782496824	0.054039715608008278	0.055107978749766383	0.056154421601103705	0.057178497118287402	0.058179645544378621	0.059157294127150338	0.060110856830939398	0.06103973404230436	0.061943312269359223	0.062820963834650842	0.06367204656144311	0.064495903453270692	0.065291862366620379	0.06605923567659594	0.066797319935419389	0.0675053955236187	0.068182726293747942	0.068828559206484119	0.069442123958940574	0.070022632605034288	0.070569279167740098	0.071081239243063046	0.071557669595554652	0.071997707745196482	0.07240047154547137	0.072765058752436634	0.073090546584612545	0.073375991273493493	0.073620427604486616	0.073822868448077048	0.07398230428101743	0.074097702697331944	0.074168007908923375	0.074192140235566556	0.074168995584066214	0.074097444916354033	0.073976333706294889	0.073804481384965703	4.0402426909353695	0.073303697507935195	0.07297226944176162	0.072585106049339043	0.072140887806498966	0.071638265562120246	0.071075859895722335	0.070452260461469393	0.069766025318302352	0.06901568024591119	0.068199718046254187	0.067316597830322872	0.06636474428984776	0.065342546953632466	0.064248359428196331	0.063080498622402628	0.06183724395573735	0.060516836549903655	0.059117478403382537	0.05763733154861049	0.056074517191411828	0.054427114832320427	0.052693161369414439	0.050870650182283067	0.048957530196734766	0.046951704929848556	0.044851031514962524	0.042653319706185251	0.040356330862006698	0.037957776907577533	0.035455319275216002	0.032846567822693934	0.030129079728841855	0.027300358366007724	0.024357852148889077	0.021298953359254288	0.018120996946054221	0.014821259300417625	0.011396957005013362	0.0078452455572508434	0.004163218065780276	0.00034790391974391383	-0.0036037325697844368	-0.0076947935567415584	-0.011928449075984083	-0.016307938488759777	-0.020836571958348326	-0.025517731956492866	-0.030354874801254643	-0.035351532226933963	-0.040511312986720859	-0.045837904488743399	0.00160634759173504	0.0032046241719892832	0.0047946082405497751	0.006376072893794979	0.0079487857011191574	0.0095125085786436619	0.011066997660157171	0.012612003165225778	0.014147269264412558	0.015672533941545028	0.01718752885296753	0.018691979183714371	0.020185603500538135	0.021668113601726234	0.023139214363637382	0.024598603583888243	0.026045971821119004	0.027481002231265289	0.028903370400262043	0.030312744173103812	0.031708783479183954	0.033091140153833958	0.03445945775598213	0.03581337138184959	0.037152507474599458	0.03847648362985355	0.039784908396989144	0.041077381076126428	0.042353491510715512	0.04361281987562983	0.044854936460671235	0.04607940144938933	0.04728576469311651	0.048473565480117491	0.049642332299750173	0.050791582601532458	0.051920822549008101	0.053029546768301031	0.054117238091247168	0.055183367292988603	0.056227392823914209	0.057248760535827038	0.058246903402217567	0.059221241232518235	0.06017118038021313	0.061096113444673181	0.061995418966585364	0.062868461116841287	0.063714589378747216	0.064533138223416178	0.065323426778198426	0.066084758488004269	0.06681642076937036	0.067517684657117175	0.068187804443442357	0.068826017309291443	0.06943154294784426	0.070003583179951603	0.070541321561354356	0.071043922981512159	0.07151053325386672	0.071940278697360513	0.07233226570902801	0.072685580327472812	0.072999287787040068	0.073272432062490442	0.073504035403976362	0.073693097862119403	0.07383859680298055	0.073939486412714195	0.07399469719168944	0.074003135437859913	0.073963682719157695	0.073875195334682522	0.073736503764453162	0.073546412107482889	0.073303697507935181	4.1122429627200194	0.072655369755027746	0.072247170779287412	0.071781175981046275	0.071256018687740064	0.070670301564336485	0.070022595948819974	0.069311441173624255	0.06853534387272095	0.067692777274067875	0.066782180477110889	0.06580195771503175	0.06475047760142337	0.063626072361072081	0.062427037044514258	0.061151628726034607	0.059798065684761002	0.058364526568505243	0.056849149539995328	0.055250031405131218	0.053565226722895265	0.051792746896535409	0.049930559245635608	0.047976586058677009	0.045928703625687829	0.043784741250569005	0.041542480242677177	0.03919965288723605	0.036753941394138463	0.034202976824693754	0.031544337995865632	0.028775550361534459	0.02589408487031232	0.022897356799425356	0.019782724564171423	0.016547488502448717	0.013188889633842267	0.0097041083927439046	0.0060902633349709228	0.0023444098173379096	-0.0015364613503747963	-0.0055554252816247904	-0.0097156244180624449	-0.014020269963828196	-0.018472643349796241	-0.023076097728379961	-0.027834059499527025	-0.032750029868545825	-0.03782758643641633	-0.043070384823253108	-0.048482160325601077	0.0016104324531892728	0.0032126904203915846	0.0048065495616476644	0.0063917800643151779	0.0079681465179088345	0.0095354077861925703	0.011093316876465158	0.012641620805979454	0.014180060465433948	0.015708370479474466	0.017226279064142067	0.018733507881202278	0.020229771889289094	0.021714779191796211	0.023188230881445903	0.024649820881465292	0.026099235783297668	0.027536154680775252	0.028960249000678326	0.030371182329603893	0.031768610237065772	0.033152180094745826	0.034521530891815082	0.035876293046241042	0.037216088211996602	0.038540529082083379	0.039849219187280918	0.041141752690531434	0.042417714176867738	0.043676678438789897	0.044918210256994592	0.046141864176358981	0.04734718427707877	0.04853370394085791	0.049700945612046063	0.050848420553616512	0.051975628597876397	0.053082057891797395	0.054167184636854299	0.055230472823255182	0.056271373958445135	0.057289326789763215	0.058283757021129208	0.059254077023634937	0.060199685539911743	0.061119967382143044	0.062014293123588658	0.062882018783484983	0.063722485505180629	0.064535019227367096	0.065318930348258031	0.066073513382570281	0.066798046611155126	0.067491791723125555	0.068153993450322775	0.068783879193960895	0.069380658643286103	0.069943523386083242	0.070471646510859048	0.070964182200527789	0.071420265317421447	0.071839010979443299	0.072219514127179557	0.072560849081779996	0.07286206909341475	0.073122205880110494	0.073340269156765447	0.073515246154137223	0.073646101127595204	0.073731774855424065	0.073771184126459194	0.073763221216833069	0.073706753355605129	0.073600622179042993	0.073443643173319681	0.073234605105384307	0.072972269441761606	0.072655369755027732	4.1854201145362762	0.071852669483324569	0.071364191054358483	0.070815791636800796	0.070206055981067605	0.069533537108963706	0.068796755626415351	0.067994199021676083	0.067124320948702978	0.066185540495396503	0.065176241436389407	0.064094771470064218	0.062939441439473678	0.061708524536827916	0.060400255491210017	0.059012829739172531	0.057544402577858311	0.055993088300286709	0.054356959312433277	0.0526340452317288	0.050822331966591167	0.048919760776599049	0.046924227312906304	0.044833580638490314	0.04264562222781472	0.040358104945484426	0.037968732003456879	0.035475155896366892	0.032874977314515219	0.030165744034057175	0.027344949783922937	0.024410033088988908	0.021358376089009787	0.018187303332812776	0.014894080547243551	0.01147591338034336	0.0079299461182269753	0.0042532603751196645	0.000442873756000291	-0.0035042615087125997	-0.0075912599570081606	-0.011821304318250238	-0.016197646965863021	-0.020723611400347459	-0.025402593763250218	-0.030238064382723556	-0.035233569351323532	-0.040392732136709089	-0.045719255225919381	-0.051216921803916807	0.0016137934792376746	0.0032193089979822244	0.0048163193765280556	0.0064045918932120515	0.0079838881576693565	0.0095539639813064826	0.011114569244932331	0.012665447763486482	0.014206337147802867	0.015736968663345598	0.017257067085852461	0.018766350553820189	0.020264530417764243	0.021751311086184551	0.023226389868166952	0.024689456812549054	0.026140194543577217	0.027578278092980274	0.029003374728383793	0.03041514377798735	0.031813236451425135	0.033197295656729423	0.034566955813313906	0.035921842660892524	0.037261573064247967	0.038585754813761593	0.039893986421615228	0.041185856913573161	0.04246094561625087	0.043718821939774999	0.044959045155737155	0.046181164170342036	0.0473847172926486	0.048569231997800062	0.04973422468513785	0.050879200431090663	0.052003652736728918	0.053107063269872128	0.054188901601634018	0.055248624937288521	0.056285677841337013	0.057299491956654472	0.058289485717590087	0.059255064056895068	0.060195618106347965	0.061110524890944644	0.061999147016517861	0.062860832350648765	0.063694913696728347	0.064500708461026443	0.065277518312620283	0.06602462883603312	0.066741309176430855	0.067426811677219076	0.068080371509882512	0.068701206295903802	0.069288515720595606	0.069841481138676664	0.070359265171419702	0.070841011295193504	0.071285843421220463	0.071692865466364566	0.072061160914763764	0.072389792370114003	0.072677801098410363	0.072924206560945781	0.073128005937363849	0.07328817363855844	0.073403660809207544	0.073473394819725854	0.073496278747414961	0.073471190846586445	0.07339698400742696	0.073272485203372026	0.073096494926748842	0.072867786612442559	0.072585106049339029	0.072247170779287412	0.071852669483324583	4.2597915158123767	0.070888575459798348	0.070316210082583416	0.069681732059114765	0.068983676095017626	0.068220544069710842	0.067390804325729733	0.066492890943030861	0.065525202997969059	0.064486103806628045	0.063373920152180213	0.062186941495944691	0.060923419171805111	0.059581565563643107	0.058159553265435968	0.056655514223657444	0.055067538861618297	0.053393675185369631	0.051631927870790892	0.049780257331469679	0.047836578766979346	0.045798761191146689	0.043664626439897984	0.041431948158259777	0.039098450766085292	0.036661808402065468	0.034119643845577287	0.031469527415912739	0.028708975848418899	0.025835451147075875	0.022846359413024118	0.019739049648546919	0.016510812536000986	0.013158879191179463	0.0096804198905796994	0.006072542772039561	0.0023322925081920723	-0.0015433510478195327	-0.0055574742449385397	-0.0097132310456855449	-0.014013844467137732	-0.018462608052003473	-0.023062887370409995	-0.027818121553037742	-0.032731824856243222	-0.037807588259830049	-0.04304908109813655	-0.048460052725126261	-0.054044334214178834	0.0016164135332027323	0.0032244456314061759	0.0048238662751584156	0.0064144398337755495	0.0079959249370131578	0.0095680743439203325	0.011130634808816093	0.012683346944326757	0.014225945081421682	0.015758157126383284	0.017279704414646074	0.018790301561437982	0.020289656309155926	0.021777469371406073	0.023253434273637838	0.024717237190299311	0.026168556778439902	0.027607064007685082	0.029032421986505748	0.030444285784703932	0.031842302252034264	0.033226109832879464	0.034595338376895823	0.035949608945543762	0.037288533614415739	0.03861171527127287	0.039918747409699251	0.041209213918281258	0.042482688865217021	0.04373873627825979	0.044976909919896058	0.046196753057658115	0.047397798229468067	0.048579567003908503	0.049741569735312602	0.050883305313564414	0.052004260908497739	0.053103911708779851	0.054181720655163329	0.055237138167988101	0.056269601868811789	0.05727853629604529	0.058263352614467211	0.059223448318488109	0.060158206929033745	0.061066997683912452	0.061949175221529942	0.062804079257812034	0.063631034256192223	0.064429349090518631	0.065198316700731951	0.065937213741162043	0.066645300221289366	0.067321819138811967	0.067965996104858345	0.06857703896117949	0.069154137389154491	0.069696462510436138	0.070203166479063064	0.070673382064858695	0.071106222227935528	0.071500779684118485	0.071856126461097292	0.07217131344511396	0.072445369917988639	0.072677303084280345	0.072866097588378226	0.073010715021312358	0.073110093417069102	0.073163146738193477	0.073168764350453303	0.073125810486338996	0.073033123697164554	0.072889516293533643	0.072693773773927245	0.072444654241166695	0.072140887806498966	0.071781175981046261	0.071364191054358497	0.070888575459798348	4.3353747853599076	0.069755868817531805	0.069095907454244432	0.068371573426070656	0.067581349885922098	0.066723686030615861	0.065796996366107807	0.064799659957207364	0.06373001966144913	0.062586381346795283	0.061367013092831497	0.060070144375114647	0.058693965232325195	0.057236625415865092	0.055696233521539018	0.054070856102948761	0.052358516766221705	0.050557195245685312	0.048664826460097149	0.046679299549025256	0.044598456888969268	0.042420093088804525	0.040141953964120486	0.037761735490018405	0.035277082731922836	0.032685588753953193	0.029984793504392392	0.02717218267777952	0.024245186553144261	0.021201178807891477	0.018037475306832869	0.014751332865854744	0.01133994798969752	0.0078004555833149081	0.0041299276362675259	0.00032537187959655312	-0.0036162695853906245	-0.0076981216869990319	-0.01192337781228078	-0.016295301266026536	-0.020817226760228531	-0.025492561934640532	-0.030324788909076528	-0.035317465868097475	-0.040474228678754609	-0.045798792542065307	-0.05129495367891785	-0.056966591051108982	0.0016182750936413141	0.0032280652777771745	0.00482913769320935	0.0064212538002331419	0.0080041692487245793	0.0095776337453753295	0.011141390918014523	0.012695178176955223	0.014238726573302215	0.015771760654156215	0.017293998314648448	0.018805150646738069	0.020304921784703431	0.021793008747256933	0.023269101276211585	0.024732881671625944	0.026184024623352509	0.027622197038913332	0.029047057867624647	0.030458257920890984	0.031855439688587416	0.033238237151447012	0.034606275589368803	0.035959171385559582	0.037296531826421626	0.038617954897095783	0.039923029072568443	0.041211333104248037	0.042482435801915366	0.043735895810950297	0.044971261384734201	0.04618807015212692	0.047385848879913831	0.048564113230116779	0.049722367512060738	0.050860104429085035	0.051976804819786969	0.053071937393681455	0.054144958461160117	0.055195311657628643	0.05622242766170104	0.057225723907324152	0.058204604289705857	0.059158458864916143	0.0600866635430281	0.060988579774662363	0.061863554230797618	0.062710918475704466	0.063529988632858747	0.064320065043687022	0.065080431918993348	0.065810356982914237	0.066509091109244592	0.067175867949975238	0.067809903555877959	0.0684103959889725	0.068976524926704252	0.069507451257660058	0.070002316668644343	0.070460243222935259	0.07088033292953555	0.071261667303230941	0.071603306915262788	0.071904290934419524	0.072163636658345978	0.072380339034867472	0.07255337017311872	0.072681678844265907	0.072764189971603874	0.072799804109807825	0.072787396913111868	0.072725818592185326	0.072613893359469564	0.072450418862735969	0.072234165606619868	0.071963876361878648	0.07163826556212026	0.071256018687740064	0.070815791636800796	0.070316210082583416	0.069755868817531805	4.4121877944000145	0.068447127886676604	0.067695757300899648	0.066877683752382913	0.065991337292225019	0.065035112852381338	0.064007369486115739	0.062906429592413896	0.061730578124027609	0.060478061778808795	0.059147088173988407	0.057735825003045062	0.056242399174805446	0.054664895934405183	0.053001357965737697	0.051249784475005639	0.049408130254985035	0.047474304729603546	0.045446170978423538	0.043321544740617848	0.041098193398010602	0.038773834936754147	0.036346136887198018	0.033812715241500348	0.031171133348522648	0.028418900785539141	0.025553472206280802	0.022572246164826806	0.019472563914846471	0.016251708183680012	0.012906901920743187	0.0094353070197238254	0.0058340230140317339	0.0021000857449507181	-0.0017695339980702092	-0.0057779318655594054	-0.00992827136518366	-0.014223785308526648	-0.018667777288092498	-0.023263623185157095	-0.028014772709101132	-0.032924750968871853	-0.037997160077234776	-0.043235680788488585	-0.04864407417033003	-0.054226183310571753	-0.059985935059428119	0.0016193602460017251	0.0032301321079918331	0.004832079887025771	0.006424962134378054	0.0080085315200451469	0.009582534698361303	0.011146712170665757	0.012700798144958324	0.014244520392479209	0.015777600101147433	0.017299751725790947	0.018810682835100102	0.020310093955234705	0.021797678410013396	0.023273122157612781	0.024736103623701846	0.026186293530936201	0.027623354724734504	0.029046941995258303	0.030456701895514634	0.031852272555498967	0.033233283492294818	0.03459935541604385	0.035950100031699302	0.037285119836473229	0.038604007912886248	0.039906347717327026	0.041191712864026009	0.042459666904346771	0.0437097631012957	0.044941544199149065	0.046154542188094283	0.047348278063779961	0.048522261581667246	0.049675991006072846	0.050808952853791514	0.051920621632183861	0.053010459571612573	0.05407791635210818	0.055122428824142353	0.056143420723385296	0.057140302379319816	0.058112470417583141	0.059059307455904729	0.059980181793504769	0.060874447093816418	0.061741442060391269	0.062580490105844697	0.063390899013694921	0.064171960592946872	0.064922950325268056	0.065643127004601509	0.066331732369056803	0.066987990724917235	0.067611108562598179	0.068200274164387939	0.068754657203798281	0.069273408336350012	0.069755658781613578	0.070200519896321562	0.070607082738367133	0.070974417621496783	0.071301573660503575	0.071587578306722091	0.071831436873622201	0.072032132052295306	0.072188623416621731	0.072299846917903768	0.072364714368744823	0.072382112915950175	0.072350904502220315	0.072269925316403347	0.072137985232067978	0.071953867234153715	0.071716326833449737	0.071424091468649586	0.071075859895722335	0.070670301564336485	0.070206055981067605	0.06968173205911482	0.069095907454244432	0.068447127886676604	4.4902486696116641	0.066954722897162283	0.066108022932199195	0.065192217459111454	0.064205681835854012	0.063146755104145053	0.062013739204421388	0.060804898174224437	0.059518457329672682	0.058152602429670443	0.056705478822495048	0.055175190574397764	0.053559799579845205	0.051857324653022147	0.05006574060020693	0.048182977272624078	0.046206918599371032	0.044135401600004821	0.041966215376371123	0.039697100083243189	0.037325745877336218	0.034849791844247899	0.032266824902869862	0.02957437868680602	0.026769932402321662	0.023850909662339482	0.020814677295988761	0.017658544133202666	0.014379759763850211	0.010975513270876525	0.0074429319369167645	0.0037790799238371238	-1.9043075355695161e-05	-0.0039545032128047433	-0.0080304338908741453	-0.012250037196592442	-0.016616585366074785	-0.021133422279538929	-0.025803964987544465	-0.030631705269098582	-0.035620211222282247	-0.040773128888065266	-0.046094183907993955	-0.051587183216444274	-0.057256016768153478	-0.063104659301752936	0.0016196506741042783	0.0032306094896907755	0.0048326379080686184	0.006425491571491534	0.0080089201700764261	0.0095826673058001261	0.011146470353511987	0.012700060318898566	0.014243161693335483	0.015775492305560079	0.017296763170097009	0.018806678332367842	0.020304934710413822	0.021791221933159858	0.023265222175146094	0.024726609987652026	0.026175052126136317	0.027610207373914227	0.029031726361992673	0.030439251384981124	0.031832416212995512	0.033210845899469744	0.034574156584788171	0.03592195529565044	0.037253839740078371	0.038569398097972392	0.039868208807123433	0.041149840344583993	0.042413851003300307	0.043659788663905345	0.044887190561570325	0.046095583047810182	0.047284481347136781	0.048453389308450542	0.049601799151059944	0.050729191205215095	0.051835033647040028	0.052918782227745119	0.053979879996999804	0.055017757020341743	0.056031830090497392	0.057021502432485452	0.057986163402372545	0.058925188179547526	0.059837937452377803	0.060723757097109012	0.061581977849865611	0.062411914971607751	0.063212867905896059	0.063984119929313785	0.064724937794392021	0.065434571364880206	0.066112253243202565	0.06675719838993488	0.067368603735136284	0.067945647781363347	0.068487490198194417	0.06899327140808427	0.069462112163369213	0.069893113114236446	0.070285354367469438	0.070637895035775417	0.070949772777499309	0.071220003326521786	0.071447580012137718	0.071631473268704574	0.071770630134848329	0.071863973742007342	0.071910402792093597	0.071908791024042504	0.071857986669020837	0.071756811894055583	0.071604062233842816	0.071398506010489915	0.071138883740940295	0.07082390753182341	0.070452260461469393	0.070022595948819974	0.069533537108963692	0.068983676095017626	0.068371573426070656	0.067695757300899648	0.066954722897162297	4.5695757962016028	0.065270810550097619	0.064324751339822142	0.063307109808893036	0.062216204987482926	0.061050318357479531	0.059807693041214062	0.058486532973071541	0.057085002053629513	0.055601223285964251	0.054033277893751466	0.052379204420788819	0.050636997811552377	0.048804608472396004	0.046879941312993008	0.044860854767610474	0.042745159795800326	0.040530618862080724	0.038214944894174339	0.035795800219358971	0.033270795478480518	0.030637488517164316	0.02789338325375643	0.025035928523513398	0.02206251689854968	0.018970483483044115	0.015757104683194585	0.012419596951398213	0.0089551155041297393	0.0053607530129718417	0.0016335382682467763	-0.0022295651853156593	-0.0062316604414508672	-0.010375918654358272	-0.014665580490428431	-0.019103957610308087	-0.023694434181928223	-0.028440468425132464	-0.033345594188554595	-0.038413422559409043	-0.04364764350687008	-0.049052027559731502	-0.054630427519048542	-0.060386780206483102	-0.066325108249083692	0.001619127651441713	0.0032294599698594801	0.0048307555768161113	0.0064227672055445382	0.0080052415662821095	0.00957791920864824	0.011140534381002383	0.012692814886717852	0.014234481937305693	0.01576525000232153	0.017284826655986758	0.018792912420454159	0.020289200605646394	0.021773377145594647	0.023245120431202634	0.024704101139360307	0.026149982058329406	0.027582417909321831	0.029001055164189778	0.030405531859145234	0.031795477404424559	0.033170512389812064	0.034530248385934756	0.035874287741238728	0.037202223374555553	0.038513638563165462	0.03980810672626163	0.041085191203718611	0.042344445030065368	0.043585410703561443	0.044807619950272909	0.046010593483042303	0.047193840755244687	0.048356859709219796	0.049499136519267899	0.050620145329094431	0.051719347983586787	0.052796193754803128	0.05385011906205181	0.0548805471859364	0.055886887976239592	0.056868537553516084	0.057824878004261886	0.05875527706952513	0.059659087826820514	0.060535648365206148	0.061384281453379361	0.06220429420064514	0.062994977710606345	0.063755606727424793	0.064485439274494891	0.065183716285372742	0.065849661226797016	0.066482479713636161	0.067081359115592792	0.067645468155492106	0.068173956498978783	0.06866595433544162	0.069120571949982793	0.069536899286244139	0.069914005499899401	0.070250938502616711	0.070546724496292568	0.070800367497353842	0.071010848850920447	0.071177126734615973	0.071298135651811909	0.071372785914082873	0.071399963112649192	0.071378527578576531	0.071307313831497937	0.071185130016619344	0.071010757329764029	0.070782949430207381	0.070500431841046859	0.070161901336848229	0.069766025318302366	0.069311441173624228	0.068796755626415351	0.068220544069710856	0.067581349885922112	0.066877683752382885	0.066108022932199195	0.06527081055009766	4.6501878209957654	0.063387328454732647	0.062337767565366714	0.061214071203490247	0.06001450039244207	0.058737277339342975	0.057380584596844419	0.055942564207197773	0.054421316828277361	0.052814900841183995	0.051121331439046069	0.049338579696631052	0.047464571620368545	0.045497187178380291	0.04343425931010321	0.041273572915083871	0.039012863820513367	0.036649817727063279	0.034182069132574489	0.031607200233140752	0.028922739801121203	0.026126162039604335	0.023214885412837408	0.02018627145212696	0.017037623536701588	0.013766185649023318	0.010369141104017968	0.0068436112516896261	0.0031866541525683626	-0.00060473677456712759	-0.0045336341332644428	-0.0086031779588506344	-0.012816577157361266	-0.017177110974548566	-0.021688130495590482	-0.026353060176131853	-0.031175399405299981	-0.036158724101355282	-0.041306688340645457	-0.046623026020549706	-0.052111552557108989	-0.0577761666180579	-0.063620851891982841	-0.069649678894349601	0.0016177720322957171	0.0032266452570613251	0.004826375456113312	0.0064167124536638233	0.007997399980070645	0.009568175532595773	0.011128770233108778	0.012678908682669705	0.014218308812925034	0.015746681734248688	0.017263731580558783	0.018769155350739312	0.020262642746594391	0.02174387600726144	0.023212529740007738	0.024668270747333708	0.026110757850304197	0.027539641708027696	0.028954564633201708	0.030355160403640745	0.031741054069701582	0.033111861757518922	0.034467190467962455	0.035806637871224678	0.037129792096947001	0.038436231519789366	0.039725524540347244	0.040997229361317243	0.042250893758810991	0.043486054848714657	0.044702238847989163	0.04589896083080465	0.047075724479399401	0.048232021829552454	0.049367333010555806	0.050481125979570288	0.051572856250246671	0.052641966615490816	0.053687886864250058	0.054710033492193846	0.055707809406161213	0.056680603622242691	0.05762779095736368	0.058548731714231791	0.059442771359508845	0.060309240195065492	0.061147453022171963	0.061956708798477825	0.062736290287628643	0.06348546370136432	0.064203478333942909	0.064889566188726891	0.065542941596769683	0.066162800827232221	0.066748321689460641	0.06729866312654878	0.06781296480020764	0.068290346666760038	0.068729908544074028	0.069130729669246091	0.069491868246840283	0.06981236098748532	0.070091222636629702	0.070327445493246432	0.070519998918280258	0.070667828832621057	0.070769857204385722	0.07082498152528513	0.070832074275848075	0.070789982379270491	0.070697526643651531	0.07055350119237605	0.070356672882394819	0.070105780710151083	0.069799535204896263	0.069436617809132295	0.069015680245911162	0.068535343872720936	0.067994199021676083	0.067390804325729733	0.066723686030615834	0.065991337292225019	0.065192217459111398	0.064324751339822128	0.063387328454732619	4.7321036555517768	0.06129598942778202	0.060138668928955828	0.058904581340379486	0.05759192795396334	0.05619886994062534	0.0547235274842904	0.053163978897631532	0.051518259719174064	0.049784361791377449	0.047960232319300501	0.046043772909448437	0.044032838588391472	0.041925236800736392	0.039718726386024479	0.037411016534119601	0.034999765718642474	0.032482580607996629	0.029857014953524365	0.027120568454318105	0.024270685598208615	0.02130475447843436	0.0182201055854938	0.015014010573665196	0.011683681001674856	0.0082262670469770306	0.0046388561931054355	0.00091847188953745359	-0.0029379278164920284	-0.0069334516768075321	-0.011071276668328323	-0.01535464944892556	-0.019786887843713286	-0.024371382362401051	-0.029111597748347026	-0.034011074559962488	-0.039073430785134221	-0.044302363489343841	-0.049701650498174481	-0.055275152114915148	-0.061026812873979285	-0.066960663330878134	-0.073080821889494482	0.00161556424266575	0.0032221262032952266	0.0048194388239585981	0.0064072490198472222	0.007985297541439321	0.009553318833639475	0.011111040891827365	0.012658185114749781	0.014194466154188625	0.015719591761336128	0.017233262629807122	0.018735172235216806	0.020225006671250746	0.021702444482152611	0.02316715649155324	0.024618805627563568	0.026057046744051467	0.027481526438022059	0.028891882863018178	0.030287745538456819	0.031668735154815185	0.033034463374578396	0.034384532628858794	0.035718535909595318	0.037036056557239141	0.038336668043829986	0.039619933751365591	0.040885406745364637	0.042132629543521406	0.043361133879348666	0.044570440460702292	0.045760058723079922	0.046929486577583057	0.04807821015343005	0.04920570353490468	0.050311428492623121	0.051394834208999568	0.052455356997787542	0.053492420017573386	0.054505432979092425	0.05549379184623994	0.056456878530642449	0.057394060579654724	0.058304690857643685	0.0591881072204185	0.060043632182662156	0.060870572578217805	0.061668219213079918	0.062435846510936276	0.063172712151105245	0.063878056698708247	0.064551103226914541	0.065191056931091854	0.065797104734693773	0.066368414886710067	0.066904136550503063	0.067403399383850107	0.067865313110008069	0.068288967079610921	0.068673429823209717	0.069017748594258799	0.069320948902347745	0.069582034036476642	0.069799984578164817	0.069973757904181949	0.070102287678683942	0.070184483334533448	0.070219229543577302	0.070205385675652987	0.070141785246086344	0.07002723535144309	0.069860516093286792	0.069640379989695661	0.069365551374280784	0.069034725782447792	0.06864656932463449	0.068199718046254201	0.067692777274067875	0.067124320948703006	0.066492890943030847	0.065796996366107807	0.065035112852381338	0.064205681835854012	0.063307109808893036	0.062337767565366749	0.061295989427782048	4.8153424792921031	0.058988275651831942	0.057718819115243396	0.056369883225026188	0.054939607770364725	0.053426091076857682	0.051827389111976367	0.05014151457167082	0.048366435947731545	0.046500076575508663	0.044540313661583092	0.04248497729097344	0.040331849413456383	0.03807866280856792	0.035723100028844726	0.033262792320856459	0.030695318523569753	0.028018203943574842	0.025228919206697877	0.022324879085511836	0.019303441302246441	0.016161905306591739	0.012897511027875896	0.0095074376010893819	0.005988802066215237	0.002338658040316367	-0.001446005638182326	-0.0053682662935897697	-0.0094312688260073645	-0.013638227153946839	-0.017992425687114559	-0.02249722082998672	-0.027156042516804268	-0.0319723957786388	-0.036949862343185536	-0.04209210226795787	-0.047402855607570703	-0.052885944115811934	-0.058545272983217822	-0.064384832610881307	-0.070408700421237938	-0.076621042706587802	0.0016124842710062461	0.0032158627854700543	0.0048098856457152728	0.0063942968579124727	0.0079688341926603089	0.0095332290425059526	0.011087206276339195	0.012630484090593561	0.014162773857186386	0.015683779968128191	0.017193199676730549	0.018690722935339854	0.020176032229523133	0.021648802408630263	0.023108700512655709	0.024555385595320823	0.02598850854329661	0.027407711891484766	0.028812629634273453	0.030202887032682157	0.031578100417308526	0.032937876986988072	0.034281814603075791	0.035609501579257075	0.036920516466792876	0.038214427835102677	0.039490794047586465	0.040749163032584995	0.04198907204937527	0.043210047449096622	0.044411604430499796	0.045593246790409984	0.046754466668791982	0.047894744288303412	0.049013547688219763	0.050110332452612663	0.051184541432659582	0.052235604462961924	0.05326293807174478	0.054265945184809525	0.055244014823107666	0.056196521793801683	0.057122826374675674	0.058022273991755989	0.058894194889998967	0.05973790379690011	0.060552699578875463	0.061337864890264229	0.062092665814796597	0.062816351499369316	0.063508153779967311	0.06416728679956625	0.064792946617848526	0.065384310812560395	0.065940538072334964	0.066460767780803245	0.066944119591808959	0.067389692995542996	0.067796566875405126	0.068163799055401153	0.068490425837875554	0.068775461531378881	0.069017897968462777	0.069216704013192867	0.069370825058163638	0.069479182510797433	0.069540673268702141	0.069554169183861009	0.069518516515419751	0.069432535370834686	0.069295019135137553	0.069104733888070979	0.068860417808840252	0.068560780568224747	0.068204502707784026	0.067790235005891944	0.067316597830322844	0.066782180477110903	0.066185540495396503	0.065525202997969059	0.064799659957207364	0.064007369486115726	0.063146755104145039	0.062216204987482926	0.061214071203490247	0.060138668928955863	0.058988275651831928	4.8999237426576157	0.056455432689478446	0.055069342113430668	0.053600977035416365	0.05204841392270753	0.050409686397574253	0.048682784313391125	0.046865652811279607	0.044956191356881274	0.042952252756852681	0.040851642154660708	0.038652116005252278	0.036351381028157721	0.03394709313858657	0.031436856356057787	0.028818221690100624	0.026088686002553568	0.023245690845976358	0.020286621277684224	0.017208804648898027	0.014009509368499659	0.010685943640867052	0.0072352541772549833	0.0036545248801748277	-5.9224499780869028e-05	-0.0039090397352397766	-0.0078980335220546465	-0.012029386908604049	-0.016306350754991449	-0.020732247222759431	-0.025310471295745537	-0.030044492332722401	-0.034937855652475001	-0.039994184151982484	-0.045217179958384847	-0.050610626115430615	-0.056178388305111848	-0.06192441660521248	-0.067852747283504836	-0.073967504629348771	-0.080272902823461861	0.0016085116587682519	0.0032078140864879021	0.0047976545457364787	0.0063777741336637633	0.0079479076409888511	0.0095077834079014944	0.011057123176801593	0.012595641941809422	0.01412304779497774	0.015639041769135362	0.017143317677290593	0.018635561948521031	0.020115453460275132	0.021582663367009064	0.023036854925080816	0.024477683313822246	0.025904795452707421	0.027317829814534653	0.028716416234537422	0.030100175715337702	0.031468720227653589	0.032821652506670962	0.034158565843987521	0.035479043875035067	0.036782660361884344	0.038068978971334599	0.03933755304818809	0.040587925383607643	0.041819627978452928	0.043032181801489856	0.044225096542364083	0.045397870359228383	0.046549989620910753	0.047680928643508098	0.048790149421287739	0.049877101351776587	0.050941220954915489	0.051981931586153662	0.052998643143355083	0.053990751767387039	0.054957639536257333	0.055898674152664335	0.056813208624821539	0.05770058094041472	0.0585601137335474	0.059391113944527521	0.060192872472344089	0.060964663819681027	0.061705745730310901	0.06241535881870889	0.06309272619172332	0.063737053062136478	0.064347526353945292	0.064923314299188503	0.06546356602614295	0.065967411138707979	0.066433959286793964	0.066862299727525457	0.06725150087706841	0.067600609852883159	0.067908652006204467	0.06817463044454361	0.068397525544004079	0.06857629445119752	0.068709870574543558	0.068797163064730577	0.068837056284112019	0.068828409264807378	0.068770055155270793	0.068660800655088727	0.06849942543775922	0.068284681561203805	0.068015292865755236	0.06768995435936051	0.067307331589733566	0.066866060003184152	0.06636474428984776	0.06580195771503175	0.065176241436389407	0.064486103806628059	0.06373001966144913	0.062906429592413854	0.062013739204421402	0.061050318357479531	0.060014500392442098	0.058904581340379514	0.057718819115243396	0.056455432689478453	4.9858671702809758	0.053688463349771065	0.052181116007825393	0.050588613835336298	0.048908968109372501	0.047140145840733443	0.045280068819871164	0.043326612642718892	0.041277605716008629	0.039130828241656194	0.036884011179777632	0.034534835189898389	0.032080929549900931	0.029519871052253056	0.02684918287704699	0.024066333441369235	0.021168735224513315	0.018153743568536659	0.015018655453651197	0.011760708247930714	0.0083770784308028617	0.0048648802897866108	0.0012211645899220867	-0.0025570827846688985	-0.0064729422176665434	-0.010529561776467401	-0.014730158657727029	-0.019078020663140981	-0.023576507706087536	-0.028229053349766151	-0.033039166377480757	-0.038010432395730077	-0.043146515470776782	-0.048451159799387702	-0.053928191414444819	-0.059581519926144522	-0.065415140299518476	-0.071433134669018128	-0.077639674190927904	-0.084039020934382619	0.001603625490741423	0.0031979382759280803	0.0047826827783911795	0.0063575971862597147	0.0079224133103732216	0.0094768564385640259	0.011020645186742143	0.012553491346714607	0.014075099730669572	0.015585168012254187	0.017083386564173447	0.018569438292236184	0.020042998465772288	0.021503734544344164	0.022951306000673407	0.024385364139702315	0.025805551913708032	0.0272115037333855	0.028602845274813521	0.029979193282216546	0.031340155366433101	0.03268532979899947	0.034014305301756045	0.035326660831881018	0.036621965362254941	0.037899777657056814	0.039159646042491197	0.040401108172542909	0.041623690789654354	0.042826909480218063	0.044010268424774499	0.045173260142804053	0.04631536523199796	0.047436052101892397	0.048534776701746454	0.049610982242542401	0.050664098912984512	0.051693543589369666	0.052698719539200786	0.053679016118411138	0.054633808462064747	0.055562457168395932	0.056464307976047505	0.057338691434364694	0.058184922566598261	0.05900230052586853	0.059790108243737476	0.060547612071233707	0.061274061412172308	0.061968688348606714	0.062630707258248805	0.063259314423687291	0.063853687633233791	0.064412985773219564	0.064936348411564995	0.065422895372437992	0.065871726301815273	0.066281920223755536	0.066652535087190462	0.066982607303035083	0.067271151271414364	0.067517158898800528	0.067719599104848691	0.067877417318716757	0.067989534964649212	0.068054848936600562	0.068072231061669999	0.068040527552112998	0.067958558445692194	0.067825117034124263	0.067638969279373629	0.067398853217540564	0.067103478350085149	0.066751525022122463	0.06634164378752036	0.065872454760524862	0.06534254695363248	0.06475047760142337	0.064094771470064246	0.063373920152180255	0.062586381346795283	0.061730578124027588	0.060804898174224443	0.059807693041214062	0.058737277339342975	0.057591927953963333	0.05636988322502616	0.055069342113430668	0.053688463349771051	5.0731927641795806	0.050678121403450342	0.049044766615392317	0.047323289132809206	0.045511633123925206	0.04360769702852333	0.041609332572828263	0.039514343763647722	0.037320485861345634	0.035025464331208331	0.032626933772755606	0.03012249682654294	0.027509703057987188	0.024786047817743351	0.021948971078146133	0.018995856245222698	0.015924028945772592	0.012730755788998953	0.0094132431021675487	0.0059686356397555679	0.0023940152655464327	-0.0013136003928913415	-0.0051572593179064243	-0.0091400765042317367	-0.013265235390807402	-0.017535989322566038	-0.021955663042795389	-0.02652765421670944	-0.031255434986869224	-0.036142553561110562	-0.041192635833645304	-0.046409387040020185	-0.051796593446628562	-0.057358124075485677	-0.063097932464992762	-0.069020058467428896	-0.075128630083924647	-0.081427865337689115	-0.087922074186274179	0.001597804385192247	0.0031861925903235639	0.0047649061984788403	0.006333680488766277	0.0078922442921458558	0.009440319844092479	0.010977622634026272	0.012503861251441008	0.014018737228660292	0.015521944880149538	0.017013171138310492	0.018492095385683176	0.019958389283478931	0.021411716596366419	0.022851733013430794	0.024278085965224828	0.025690414436828762	0.02708834877683412	0.028471510502165027	0.029839512098648456	0.031191956817243339	0.032528438465836369	0.033848541196510602	0.03515183928819067	0.036437896924566893	0.037706267967198018	0.038956495723690927	0.040188112710852458	0.041400640412707745	0.042593589033275848	0.043766457243992175	0.044918731925664646	0.046049887904847722	0.047159387684516919	0.048246681168923049	0.049311205382503769	0.050352384182726688	0.051369627966736497	0.052362333371675007	0.053329882968541402	0.054271644949455952	0.055186972808188954	0.056075205013812593	0.056935664677331459	0.057767659211143518	0.058570479981181603	0.059343401951580554	0.060085683321713781	0.060796565155438742	0.061475271002387248	0.062121006511134579	0.062732959034076094	0.06331029722383788	0.063852170621043883	0.064357709233257981	0.064826023104916586	0.065256201878062886	0.065647314343689506	0.065998407983494073	0.066308508501846206	0.066576619347761212	0.066801721226672051	0.066982771601785507	0.067118704184805852	0.067208428415802296	0.067250828931995715	0.067244765025230704	0.067189070087898956	0.067082551047071712	0.066923987786595585	0.066712132556901366	0.066445709372268319	0.066123413395283742	0.065743910308230735	0.065305835671131296	0.064807794266167285	0.064248359428196344	0.063626072361072095	0.062939441439473692	0.062186941495944718	0.061367013092831497	0.06047806177880883	0.059518457329672703	0.058486532973071541	0.057380584596844454	0.056198869940625347	0.054939607770364753	0.053600977035416358	0.052181116007825393	0.050678121403450356	5.1619208069674842	0.047414905143392382	0.045650660966667533	0.043795236280016275	0.041846506172552714	0.039802298500792505	0.037660392871619083	0.035418519603845101	0.033074358667926664	0.030625538603378286	0.028069635413427992	0.025404171436441938	0.022626614193637987	0.019734375212598989	0.016724808826085579	0.01359521094563977	0.010342817809455722	0.0069648047039909495	0.0034582846587725719	-0.00017969288615187219	-0.003952143440685279	-0.0078621488536468869	-0.01191285873082199	-0.016107491882694776	-0.020449337802474866	-0.024941758175042	-0.029588188417445812	-0.034392139251609277	-0.039357198309899574	-0.044487031774242049	-0.049785386049467431	-0.055256089471595521	-0.060903054051775068	-0.066730277256611958	-0.072741843825632549	-0.078941927626646743	-0.085334793549788304	-0.091924799441026273	0.0015910264837942704	0.0031725333130214468	0.004744259231020097	0.0063059366078776378	0.0078572912946744816	0.0093980424745281205	0.010927902510368792	0.012446576789377011	0.01395376356401179	0.01544915378955688	0.016932430958110718	0.018403270928944553	0.019861341755151168	0.021306303506505458	0.022737808088456161	0.024155499057166532	0.025559011430519852	0.026947971495004306	0.02832199660838932	0.029680694998104346	0.031023665555228737	0.032350497623999622	0.033660770786742726	0.034954054644129082	0.036229908590658784	0.037487881585270395	0.038727511916973024	0.039948326965395589	0.041149842956145884	0.042331564710869581	0.043492985391896992	0.044633586241363578	0.045752836314687045	0.046850192208282161	0.047925097781391604	0.048976983871908263	0.050005268006063218	0.051009354101848869	0.051988632166045969	0.052942477984719578	0.053870252807046291	0.054771303022332317	0.055644959830079208	0.056490538902950915	0.057307340042492709	0.05809464682744981	0.058851726254529953	0.059577828371451411	0.06027218590211391	0.060934013863727661	0.061562509175731493	0.062156850260327197	0.062716196634455545	0.063239688493032964	0.06372644628326686	0.064175570269862287	0.064586140090928779	0.064957214304392955	0.065287829924718419	0.065577001949729249	0.065823722877331139	0.066026962211917783	0.066185665960247844	0.066298756116571531	0.066365130136783329	0.066383660401369948	0.066353193666921745	0.066272550505966463	0.06614052473488384	0.065955882829650828	0.065717363329164308	0.06542367622588241	0.065073502343519982	0.064665492701527799	0.064198267866082001	0.06367041728730076	0.0630804986224026	0.062427037044514251	0.061708524536827888	0.060923419171805118	0.06007014437511466	0.059147088173988414	0.058152602429670443	0.057085002053629499	0.055942564207197752	0.0547235274842904	0.053426091076857668	0.052048413922707544	0.050588613835336319	0.049044766615392324	0.047414905143392388	5.2520718650858722	0.043889050786587419	0.041988900626320158	0.039994419710945833	0.037903412027271627	0.03571363278225672	0.033422787353162092	0.031028530215613671	0.028528463849120712	0.025920137619584043	0.023201046638319015	0.020368630597106092	0.017420272578776416	0.01435329784282441	0.011164972585533978	0.007852502674090692	0.0044130323541437229	0.00084364293027023804	-0.0028586485812183478	-0.006696890827696169	-0.010674199524452957	-0.014793758888326881	-0.019058823101345646	-0.023472717804995925	-0.028038841625749558	-0.032760667732491908	-0.037641745426507882	-0.04268570176469591	-0.047896243216695077	-0.053277157356619649	-0.058832314590116272	-0.064565669917467164	-0.070481264733482554	-0.076583228664936526	-0.082875781446318034	-0.089363234834685196	-0.096049994564424854	0.0015832694413460142	0.0031569157536187708	0.0047206748404105183	0.00627427616278788	0.0078174425919517159	0.0093498902586620931	0.010871328399359359	0.012381459198910776	0.013879977629910788	0.015366571288461433	0.016840920226357883	0.018302696779602584	0.01975156539316977	0.021187182441940591	0.022609196047727344	0.024017245892303758	0.025410963026356218	0.026789969674269474	0.028153879034658307	0.029502295076554653	0.030834812331158284	0.032151015679056753	0.033450480132818428	0.034732770614860783	0.035997441730493719	0.037244037536035522	0.038472091301897576	0.039681125270530901	0.040870650409125943	0.04204016615695496	0.043189160167243175	0.044317108043453603	0.04542347306986718	0.046507705936337969	0.047569244457100368	0.048607513283502726	0.049621923610539423	0.050611872877050636	0.05157674445945605	0.052515907358886622	0.053428715881575189	0.054314509312363958	0.055172611581183841	0.056002330922358116	0.056802959526579357	0.057573773185405179	0.058314030928116253	0.05902297465077562	0.059699828737325392	0.060343799672554176	0.060954075646764166	0.061529826151963833	0.062070201569408387	0.062574332748306913	0.063041330575510368	0.063470285535992391	0.063860267263928794	0.064210324084180231	0.064519482543976256	0.06478674693459556	0.065011098802834066	0.065191496452046277	0.065326874432542592	0.065416143021119436	0.065458187689496211	0.065451868561425888	0.065396019858244087	0.065289449332615004	0.065130937690226764	0.064919237999186474	0.064653075086857317	0.064331144923876413	0.063952113995085713	0.063514618657104074	0.063017264482261831	0.062458625588613023	0.061837243955737344	0.061151628726034621	0.060400255491210017	0.059581565563643107	0.058693965232325181	0.057735825003045055	0.05670547882249502	0.055601223285964257	0.054421316828277333	0.053163978897631539	0.051827389111976332	0.050409686397574253	0.048908968109372494	0.047323289132809192	0.045650660966667506	0.043889050786587433	5.3436667920516072	0.040090525713897721	0.038049314849562497	0.035910528012924103	0.033671896011017319	0.031331099279551765	0.028885766799323115	0.02633347498983523	0.023671746579661999	0.020898049453067589	0.018009795472395437	0.015004339275724825	0.011878977049283887	0.0086309452740986944	0.0052574194463457418	0.0017555127708665393	-0.0018777251727125656	-0.0056453097918155136	-0.0095503228712880712	-0.013595913992890422	-0.01778530198451329	-0.022121776399728215	-0.026608699028299064	-0.031249505438289509	-0.036047706550420763	-0.041006890245339392	-0.046130723004475488	-0.051422951585181537	-0.056887404730855677	-0.062527994916771051	-0.068348720132343582	-0.074353665700587726	-0.08054700613552522	-0.086933007038324267	-0.09351602703296763	-0.10030051974225905	0.0015745104152721935	0.0031392942269649646	0.0046940844989242425	0.0062386077831958634	0.0077725839711011227	0.0092957261410426713	0.010807740402970967	0.012308325739440023	0.013797173843179699	0.015273968951110333	0.016738387674723826	0.018190098826753837	0.019628763244056033	0.021054033606617808	0.02246555425261506	0.023862960989431956	0.025245880900557974	0.02661393214827449	0.027966723772041558	0.029303855482493656	0.030624917450950959	0.031929490094351441	0.033217143855506143	0.034487438978578956	0.03573992527968952	0.036974141912535959	0.038189617128931902	0.039385868034150395	0.040562400336964628	0.041718708094273402	0.042854273450196836	0.043968566369525529	0.045061044365403653	0.046131152221124537	0.047178321705914378	0.048201971284576858	0.049201505820869747	0.050176316274480971	0.051125779391469083	0.052049257388031046	0.052946097627455946	0.05381563229012188	0.054657178036389198	0.055470035662240465	0.056253489747515567	0.057006808296584555	0.057729242371301039	0.058420025716072757	0.059078374374884154	0.059703486300102401	0.060294540952893036	0.060850698895071081	0.061371101372206333	0.061854869887800382	0.062301105768347888	0.062708889719090846	0.063077281370271604	0.063405318813684802	0.063692018129325789	0.063936372901927996	0.064137353727177493	0.0642939077073897	0.06440495793642674	0.064469402973631212	0.064486116306547381	0.064453945802194393	0.064371713146653603	0.06423821327272515	0.06405221377540575	0.06381245431493264	0.063517646007135345	0.063166470800829724	0.062757580841985225	0.06228959782438865	0.061761112326524342	0.061170683134382418	0.060516836549903641	0.059798065684760961	0.059012829739172531	0.058159553265435968	0.057236625415865092	0.056242399174805419	0.055175190574397764	0.054033277893751439	0.052814900841183995	0.051518259719174071	0.05014151457167082	0.048682784313391146	0.047140145840733443	0.045511633123925206	0.043795236280016275	0.041988900626320158	0.040090525713897755	5.4367267317231756	0.036009021543750443	0.033821453570522381	0.03153296682809812	0.02914121681063608	0.026643807004101586	0.02403828776799331	0.02132215519355786	0.018492849938008496	0.015547756034251611	0.012484199675614593	0.009299447975059107	0.0059907076983534164	0.0025551239706654702	-0.0010102210439717149	-0.0047083094908819331	-0.0085421892012247889	-0.012514975097317532	-0.016629850627391116	-0.02089006923038848	-0.025298955831425298	-0.029859908368542097	-0.034576399351394928	-0.039451977452540574	-0.044490269131987545	-0.049694980295697279	-0.055069897988735746	-0.060618892123785059	-0.066345917245744762	-0.072255014333164461	-0.078350312637263053	-0.084636031559309585	-0.091116482567151741	-0.097796071151696681	-0.10467929882416567	0.0015647260549037311	0.0031196220317218758	0.0046644181545540449	0.0061988380664252801	0.0077225986787773249	0.0092354100176554061	0.010736975066520089	0.012226989605612134	0.013705142047796838	0.015171113270812824	0.016624576445848721	0.018065196862369393	0.019492631749111953	0.020906530091170047	0.022306532443083147	0.023692270737845876	0.025063368091750821	0.026419438604975941	0.027760087157826619	0.029084909202539831	0.030393490550556203	0.031685407155164047	0.032960224889417092	0.0342174993192257	0.035456775471519292	0.036677587597375716	0.037879458930010892	0.039061901437519926	0.040224415570258708	0.041366490002752589	0.042487601370016642	0.04358721399816895	0.044664779629216965	0.045719737139893329	0.046751512254415949	0.047759517251043902	0.048743150662298347	0.049701796968714899	0.050634826285991134	0.051541594045389827	0.052421440667256423	0.053273691227504874	0.054097655116924916	0.0548926256931586	0.055657879925192937	0.056392678030210433	0.057096263102637657	0.05776786073522705	0.058406678632005563	0.059011906212918595	0.059582714209995218	0.060118254254856937	0.060617658457388264	0.061080038975383229	0.061504487574980123	0.061890075181689382	0.062235851421819872	0.06254084415410012	0.062804058991291503	0.063024478811581908	0.063201063259547857	0.063332748236465466	0.063418445379748528	0.063457041531285896	0.063447398194446836	0.063388350979516644	0.06327870903732212	0.063117254480799731	0.06290274179425448	0.062633897230053887	0.062309418192493755	0.061927972608568894	0.061488198285375918	0.060988702253869771	0.060428060098688695	0.059804815273759027	0.059117478403382537	0.058364526568505243	0.057544402577858339	0.056655514223657472	0.055696233521539018	0.054664895934405211	0.053559799579845205	0.052379204420788826	0.051121331439046069	0.04978436179137747	0.048366435947731518	0.046865652811279614	0.045280068819871164	0.043607697028523337	0.041846506172552665	0.039994419710945826	0.038049314849562497	0.03600902154375047	5.5312731215836823	0.031633947035834983	0.029294580218598782	0.026850851580845485	0.024300339113710576	0.021640567116687322	0.018869005043694952	0.015983066324896038	0.012980107163759724	0.0098574253088616129	0.0066122587998968833	0.0032417846873762446	-0.00025688227454139016	-0.0038866909626312576	-0.0076506552471672252	-0.011551855383044667	-0.015593439430052354	-0.019778624702891597	-0.02411069925155819	-0.028593023372711416	-0.033229031152668849	-0.038022232042678697	-0.042976212467133547	-0.04809463746540335	-0.053381252367981344	-0.05883988450764694	-0.064474444966365993	-0.07028893035866482	-0.076287424652226238	-0.08247410102647372	-0.088853223769924036	-0.095429150217103936	-0.10220633272584528	-0.10918932069578635	0.0015538924905320098	0.0030978514284722694	0.0046316041981740675	0.0061548715336416622	0.0076673673664372265	0.0091687986702485777	0.010658865302046398	0.012137259839758179	0.013603667416384631	0.015057765550482712	0.016499223972937758	0.017927704449945826	0.019342860602125502	0.020744337719676664	0.022131772573502344	0.023504793222207672	0.024863018814888258	0.026206059389618713	0.027533515667549753	0.028844978842520817	0.030140030366092963	0.03141824172790493	0.032679174231253091	0.033922378763794239	0.035147395563267562	0.036353753978130732	0.037540972223001866	0.038708557128798206	0.039856003887458254	0.040982795791134008	0.042088403965735377	0.043172287098708066	0.04423389116092271	0.045272649122551266	0.04628798066280343	0.047279291873393588	0.048245974955606313	0.04918740791082498	0.050102954224386043	0.05099196254261823	0.051853766342923213	0.05268768359675096	0.053493016425320505	0.054269050747933319	0.055015055922723599	0.055730284379686384	0.056413971245821086	0.057065333962224893	0.057683571892967245	0.058267865925571767	0.058817378062931136	0.05933125100647333	0.059808607730397437	0.060248551046790062	0.060650163161433041	0.061012505220105408	0.061334616845182335	0.061615515662326426	0.06185419681706484	0.062049632481040277	0.062200771347719355	0.062306538117339071	0.062365832970864905	0.062377531032731984	0.062340481822134433	0.062253508692623742	0.062115408259772235	0.061924949816652572	0.061680874736878263	0.061381895864946995	0.061026696893620794	0.060613931728073327	0.06014222383652873	0.059610165587109624	0.059016317570608622	0.05835920790888794	0.057637331548610456	0.056849149539995335	0.055993088300286688	0.055067538861618297	0.054070856102948768	0.053001357965737697	0.051857324653022119	0.050636997811552356	0.049338579696631024	0.047960232319300473	0.046500076575508691	0.044956191356881274	0.043326612642718892	0.041609332572828284	0.039802298500792491	0.03790341202727162	0.035910528012924103	0.033821453570522381	0.031633947035834983	5.6273276960401191	0.026954420820783163	0.024457664358735479	0.021853000026996864	0.01913792606505527	0.016309885289502779	0.013366263903451168	0.010304390280932191	0.0071215337257696269	0.0038149032043925018	0.0003816460520535098	-0.0031811533480971431	-0.0068764749136428676	-0.010707364239807749	-0.014676934005223073	-0.018788365407148882	-0.023044909626757142	-0.027449889325096195	-0.032006700170369128	-0.036718812397170543	-0.04158977239834076	-0.046623204350107833	-0.051822811871203828	-0.057192379716653446	-0.062735775506949254	-0.068456951493341314	-0.074359946359982373	-0.080448887063688954	-0.086727990712088587	-0.09320156648094606	-0.09987401757146705	-0.1067498432084078	-0.11383364067982421	0.0015419853222326705	0.0030739336173674272	0.0045955694300112374	0.0061066105851475729	0.0076067680344590449	0.0090957456992760491	0.010573240310079378	0.012038941242483279	0.013492530349623883	0.014933681790876436	0.016362061856823002	0.017777328790390862	0.019179132604080024	0.020567114893196625	0.021940908645007272	0.023300138043727572	0.024644418271256206	0.025973355303564399	0.027286545702648168	0.02858357640394946	0.029864024499149763	0.031127457014238219	0.032373430682753883	0.03360149171409995	0.034811175556825426	0.036002006656767685	0.037173498209947205	0.038325151910103175	0.039456457690756896	0.040566893461686876	0.041655924839697989	0.042723004873563418	0.043767573763017091	0.044789058571670225	0.045786872933724306	0.046760416754349068	0.047709075903592461	0.048632221903685595	0.04952921160960385	0.050399386882741933	0.051242074257557724	0.05205658460103714	0.052842212764828575	0.053598237229892869	0.054323919743511508	0.055018504948491927	0.055681220004406458	0.05631127420069712	0.056907858561475642	0.05747014544184411	0.057997288115558585	0.058488420353853612	0.058942655995242878	0.059359088506105585	0.059736790531867	0.060074813438574869	0.060372186844670619	0.060627918142750883	0.060840992011108846	0.061010369914841558	0.061134989596306179	0.061213764554700401	0.06124558351454143	0.061229309882810598	0.061163781194526964	0.061047808546508077	0.060880176019071995	0.060659640085427499	0.060384929008496457	0.060054742224906872	0.059667749715886918	0.059222591364789329	0.058717876300965408	0.058152182229705925	0.057524054747957229	0.056832006645517831	0.056074517191411814	0.055250031405131211	0.054356959312433291	0.053393675185369631	0.052358516766221726	0.051249784475005639	0.050065740600206923	0.048804608472395983	0.047464571620368538	0.046043772909448437	0.044540313661583078	0.042952252756852681	0.041277605716008622	0.039514343763647715	0.037660392871619049	0.035713632782256706	0.033671896011017319	0.031532966828098148	0.029294580218598782	0.026954420820783163	5.7249124897383492	0.021959263951718915	0.019299374151449031	0.016527924620661414	0.013642331538621317	0.010639953881389259	0.0075180921935600045	0.0042739873342055061	0.00090481919648829651	-0.0025922945995965627	-0.0062203000419079084	-0.0099822080888370829	-0.01388109606055863	-0.017920109059439405	-0.022102461420210995	-0.026431438190515907	-0.030910396642455037	-0.035542767815775256	-0.04033205809334818	-0.045281850809606186	-0.050395807892613394	-0.05567767154046311	-0.061131265932711808	-0.066760498977565752	-0.072569364095558336	-0.078561942040469304	-0.084742402758248334	-0.091115007284728169	-0.097684109682920142	-0.1044541590207098	-0.11142970138977788	-0.11861538196659721	0.0015289796084542045	0.0030478187153043308	0.0045562390254110276	0.0060539554547369761	0.0075406759750852254	0.0090161014554287593	0.010479925499758477	0.011931834281375366	0.013371506373550991	0.014798612576478883	0.016212815740437855	0.017613770585086373	0.019001123514805898	0.020374512430008818	0.021733566534325312	0.023077906137581445	0.024407142454478996	0.025720877398885789	0.02701870337364316	0.028300203055795562	0.029564949177144906	0.030812504300030723	0.032042420588234762	0.033254239572906637	0.034447491913405091	0.035621697152947343	0.036776363468956089	0.037910987417992606	0.039025053675160862	0.040118034767865969	0.041189390803807659	0.042238569193086724	0.043265004364300273	0.044268117474498887	0.045247316112875725	0.046201993998055975	0.047131530668850931	0.048035291168339399	0.04891262572113575	0.049762869403700574	0.05058534180754802	0.051379346695199939	0.052144171648734132	0.052879087710770829	0.053583349017738688	0.054256192425257657	0.054896837125472879	0.055504484256171285	0.056078316501506832	0.056617497684160072	0.05712117234875054	0.057588465336319346	0.058018481349694603	0.058410304509548226	0.058762997900948993	0.059075603110213162	0.059347139751848618	0.059576604985386021	0.059762973021884297	0.059905194619895269	0.060002196570666279	0.060052881172355868	0.060056125693032918	0.060010781822225058	0.059915675110776175	0.059769604398770076	0.059571341231270308	0.059319629261621751	0.059013183642054913	0.058650690401327844	0.058230805809135151	0.057752155727008217	0.057213334945425846	0.056612906506846694	0.055949401014371319	0.055221315925734184	0.05442711483232042	0.05356522672289523	0.0526340452317288	0.051631927870790885	0.050557195245685312	0.049408130254985014	0.048182977272624071	0.046879941312992994	0.045497187178380291	0.044032838588391521	0.042484977290973433	0.040851642154660708	0.039130828241656201	0.03732048586134562	0.035418519603845094	0.033422787353162078	0.031331099279551758	0.029141216810636125	0.026850851580845485	0.024457664358735476	0.021959263951718978	5.8240498408931849	0.016636992273467644	0.013808068628355034	0.01086382469434798	0.0078015922204564452	0.0046186439218377515	0.0013121922128120022	-0.0021206120867242771	-0.0056826810720341792	-0.009376991101985338	-0.013206584175777089	-0.017174569338534302	-0.021284124116359573	-0.02553849598145606	-0.029941003847936763	-0.034495039598955141	-0.039204069645801878	-0.0440716365196255	-0.049101360496450579	-0.054296941256176671	-0.059662159576259373	-0.065200879060786407	-0.070917047905677377	-0.076814700700749819	-0.082897960269409723	-0.089171039546740674	-0.095638243496779296	-0.1023039710697852	-0.10917271720032257	-0.1162490748469969	-0.1235377370746983	0.0015148498543664582	0.0030194557326226742	0.0045135364998829756	0.0059968041630892571	0.0074689637141650044	0.0089297129697257852	0.010378742407272608	0.011815734997793207	0.013240366034694561	0.014652302958988528	0.016051205180650618	0.017436723896070511	0.018808501901511121	0.020166173402491078	0.021509363819004135	0.022837689586486829	0.024150757952444011	0.025448166768640118	0.026729504278761824	0.027994348901456047	0.029242269008645159	0.030472822699019065	0.031685557566602192	0.032880010464290559	0.034055707262252759	0.035212162601085714	0.036348879639614425	0.037465349797222186	0.038561052490595694	0.039635454864766627	0.040688011518329639	0.041718164222713038	0.042725341635377209	0.043708959006811994	0.044668417881202335	0.04560310579062879	0.046512395942665985	0.047395646901240547	0.048252202260605691	0.049081390312287969	0.049882523704857823	0.050654899096373003	0.051397796799340673	0.052110480418040457	0.052792196478048253	0.053442174047796463	0.05405962435200317	0.054643740376799942	0.0551936964663833	0.055708647911012044	0.056187730526169204	0.056630060222702429	0.05703473256775448	0.057400822336289722	0.057727383053020574	0.058013446524531782	0.058258022361397654	0.05846009749008288	0.058618635654412214	0.058732576906392137	0.058800837086160324	0.058822307290835991	0.058795853332039821	0.058720315181845568	0.058594506406922132	0.058417213590619542	0.058187195742746847	0.05790318369678496	0.057563879494273024	0.057167955756099224	0.056714055040424344	0.056200789186958901	0.055626738647308833	0.054990451801100751	0.054290444257589367	0.053525198142445184	0.052693161369414425	0.051792746896535409	0.050822331966591194	0.049780257331469666	0.048664826460097128	0.047474304729603518	0.046206918599371004	0.044860854767610439	0.043434259310103182	0.041925236800736405	0.040331849413456411	0.038652116005252285	0.03688401117977759	0.03502546433120831	0.033074358667926664	0.031028530215613661	0.028885766799323045	0.026643807004101586	0.024300339113710604	0.021853000026996864	0.019299374151449007	0.016636992273467651	5.9247623946328556	0.010975808605120478	0.0079717897788373349	0.0048485784479769837	0.001603419498259636	-0.0017665031007464895	-0.0052640676024112978	-0.0088922158172555759	-0.012653954475155493	-0.016552356616119212	-0.020590563010221465	-0.024771783607300712	-0.029099299017031476	-0.033576462019997103	-0.038206699110403954	-0.042993512071086377	-0.047940479581469929	-0.05305125885917137	-0.058329587335925907	-0.063779284368550779	-0.069404252985665341	-0.075208481670902702	-0.081196046183364123	-0.087371111416082448	-0.0937379332932744	-0.10030086070718133	-0.10706433749531022	-0.11403290445890456	-0.12121120142349459	-0.12860396934238741	0.0014995699999640973	0.002988792549311788	0.0044673836734110814	0.0059350524701830805	0.007391500951671715	0.0088364238821351249	0.010269508612584443	0.011690434911694133	0.013098874793006619	0.014494492338352032	0.015876943517402618	0.017245876003279287	0.018600928984126363	0.019941732970568747	0.021267909598963745	0.02257907143035838	0.023874821745060587	0.02515475433273141	0.026418453277902817	0.027665492740824263	0.028895436733538504	0.030107838891085873	0.03130224223773348	0.03247817894812375	0.033635170103235065	0.034772725441044108	0.035890343101778147	0.036987509367642578	0.038063698396906702	0.039118371952228857	0.040150979123098555	0.041160956042271685	0.042147725596071862	0.043110697128428202	0.044049266138517458	0.044962813971875473	0.045850707504840306	0.046712298822186318	0.04754692488780568	0.04835390720829081	0.049132551489268435	0.049882147284332247	0.050601967636418783	0.051291268711467025	0.05194928942420015	0.052575251055862998	0.053168356863746519	0.053727791682327122	0.054252721515843629	0.054742293122133294	0.055195633587542536	0.0556118498927256	0.055990028469139752	0.05632923474604204	0.05662851268778836	0.056886884321232012	0.057103349253013719	0.057276884176532081	0.057406442368377886	0.057490953174012142	0.0575293214824628	0.057520427189809917	0.057463124651225946	0.057356242121330774	0.057198581182618176	0.056988916161704456	0.056725993533144135	0.056408531310554379	0.056035218424782665	0.055604714088847561	0.055115647149375981	0.054566615424257336	0.053956185026224915	0.053282889672073348	0.052545229977211373	0.051741672735245499	0.05087065018228306	0.049930559245635601	0.048919760776599042	0.047836578766979353	0.046679299549025256	0.045446170978423565	0.044135401600004849	0.042745159795800354	0.041273572915083906	0.039718726386024521	0.038078662808567955	0.036351381028157721	0.034534835189898389	0.032626933772755641	0.030625538603378275	0.028528463849120712	0.026333474989835261	0.024038287767993338	0.021640567116687354	0.019137926065055273	0.016527924620661417	0.013808068628355034	0.010975808605120527	6.0270731063570855	0.0049635947315507791	0.0017782544434068375	-0.0015302652577237864	-0.0049648088470249079	-0.0085282836511328362	-0.012223661195825989	-0.016053978581989686	-0.020022339890439896	-0.024131917616201683	-0.028385954132849493	-0.032787763187528934	-0.037340731427294244	-0.042048319957404157	-0.046914065932236904	-0.051941584179495133	-0.057134568858387511	-0.062496795152484956	-0.068032120997966697	-0.073744488847983375	-0.079637927473881751	-0.085716553804046816	-0.091984574801138058	-0.098446289378505691	-0.10510609035659557	-0.11196846646016208	-0.1190380043571282	-0.12631939073994836	-0.13381741445034712	0.0014831134079199572	0.0029557758907173444	0.0044177006340138493	0.0058685938267097875	0.0073081545009695253	0.0087360743686937924	0.010152037654403819	0.011555720924460828	0.012946792912542653	0.014324914341297743	0.01568973774009506	0.017040907258786708	0.018378058477398478	0.019700818211661496	0.021008804314296674	0.022301625471961468	0.023578880997766928	0.024840160619270656	0.026085044261850016	0.027313101827356887	0.028523892967954489	0.029716966855033562	0.030891861943103859	0.032048105728554252	0.03318521450317289	0.034302693102316241	0.035400034647613834	0.036476720284093128	0.037532218911606123	0.038565986910437736	0.039577467860972326	0.040566092257293421	0.041531277214587825	0.042472426170223961	0.043388928578370296	0.044280159598018107	0.045145479774268825	0.045984234712744529	0.046795754746976267	0.047579354598622489	0.048334333030366113	0.04905997249133677	0.049755538754900394	0.050420280548655355	0.05105342917647205	0.051654198132407715	0.052221782706326318	0.052755359581048933	0.053254086420856814	0.053717101451165573	0.054143523029185119	0.054532449205376234	0.054882957275510784	0.055194103323138316	0.055464921752258305	0.055694424809992628	0.055881602099048341	0.05602542007975813	0.056124821561478577	0.056178725183125465	0.056186024882616793	0.056145589354993676	0.056056261498980027	0.055916857851742087	0.055726168011598652	0.055482954048432016	0.055185949901542256	0.054833860764682815	0.054425362458009677	0.053959100786671342	0.053433690885761317	0.052847716551347679	0.052199729557291144	0.0514882489575543	0.050711760373699871	0.049868715267270637	0.048957530196734739	0.04797658605867703	0.046924227312906297	0.045798761191146703	0.044598456888969296	0.043321544740617828	0.041966215376371109	0.040530618862080724	0.039012863820513388	0.037411016534119594	0.035723100028844712	0.033947093138586563	0.032080929549900952	0.030122496826542958	0.028069635413427992	0.025920137619584071	0.023671746579662041	0.021322155193557887	0.018869005043694924	0.016309885289502789	0.013642331538621329	0.010863824694347976	0.0079717897788373591	0.0049635947315508034	6.1310052451081773	-0.0014120968006247619	-0.0047851539908105043	-0.0082854953080482765	-0.011916057152241125	-0.015679840764425024	-0.019579913616494058	-0.023619410830072612	-0.027801536625135893	-0.0321295657989938	-0.036606845236263889	-0.041236795450470667	-0.046022912157925575	-0.050968767884550251	-0.056078013606324924	-0.061354380424049969	-0.066801681273132255	-0.07242381266911245	-0.078224756489673114	-0.084208581793874235	-0.090379446679384828	-0.09674160017849058	-0.10329938419367578	-0.11005723547359028	-0.11701968763023625	-0.12419137319821577	-0.13157702573690797	-0.13918148197645441	0.0014654528511831169	0.0029203513027374994	0.004364405700538517	0.0057973193244656926	0.0072187882268038382	0.0086285010670962576	0.010026138943374294	0.011411375219685917	0.012783875349844386	0.014143296697316452	0.015489288351167788	0.016821490937981728	0.018139536429665478	0.019443047947056445	0.020731639559239085	0.022004916078481353	0.023262472850697338	0.02450389554134131	0.025728759916635899	0.026936631620035512	0.028127065943823755	0.029299607595741833	0.030453790460542116	0.031589137356359938	0.032705159785793213	0.033801357681578166	0.03487721914674663	0.035932220189148066	0.036965824450217226	0.037977482927865576	0.038966633693372388	0.039932701602148721	0.04087509799824466	0.041793220412467864	0.042686452253978623	0.043554162495223529	0.044395705350067413	0.04521041994498011	0.04599762998313156	0.046756643401246134	0.047486752019063029	0.048187231181247896	0.048857339391595887	0.049496317939364841	0.050103390517572378	0.050677762833088197	0.051218622208349142	0.051725137174521083	0.052196457055927667	0.052631711545562843	0.053030010271500005	0.05339044235400648	0.053712075953168667	0.053993957806828703	0.054235112758629689	0.054434543275961957	0.054591228957599026	0.054704126030807501	0.054772166837709968	0.054794259310676718	0.054769286436516081	0.054696105709229871	0.054573548571093949	0.054400419841820584	0.054175497135553551	0.053897530265441251	0.053565240635529456	0.053177320619707605	0.052732432927440266	0.052229209956006155	0.051666253128964876	0.051042132220563592	0.050355384665790315	0.049604514855775418	0.048787993418235892	0.047904256482650495	0.046951704929848549	0.045928703625687843	0.0448335806384903	0.043664626439897963	0.042420093088804525	0.04109819339801063	0.039697100083243182	0.038214944894174332	0.03664981772706332	0.034999765718642481	0.033262792320856445	0.031436856356057787	0.029519871052253063	0.02750970305798723	0.025404171436441941	0.023201046638319112	0.020898049453067565	0.018492849938008506	0.015983066324896079	0.013366263903451157	0.010639953881389259	0.0078015922204564443	0.004848578447976956	0.0017782544434068082	-0.0014120968006247584	6.2365823969541534	-0.0081640510872452721	-0.011731394097112657	-0.01543024694608304	-0.019263640590450284	-0.023234672873117628	-0.027346509956517016	-0.031602387785574296	-0.03600561358133534	-0.040559567365888664	-0.045267703519229555	-0.050133552368721968	-0.055160721811831584	-0.060352898972815212	-0.065713851894065575	-0.071247431262825359	-0.076957572173996971	-0.082848295929794286	-0.088923711876990802	-0.095188019282539463	-0.10164550924835285	-0.10830056666604806	-0.11515767221248005	-0.12222140438689813	-0.12949644159058374	-0.13698756424984065	-0.14469965698322756	0.0014465605003164087	0.0028824631264979189	0.0043074153846735805	0.0057211176457021276	0.0071232629819888088	0.0085135370007195146	0.0098916176734356962	0.011257175161872067	0.012609871639977311	0.013949361112036478	0.01527528922681198	0.016587293087618332	0.017885001058244206	0.019168032564633248	0.020435997892233493	0.021688497978923353	0.022925124203420008	0.024145458169074343	0.025349071482954288	0.026535525530116757	0.027704371242965823	0.028855148865593011	0.029987387712993425	0.031100605925048798	0.032194310215166839	0.033267995613463532	0.034321145204372981	0.035353229858566725	0.036363707959062172	0.037352025121397396	0.038317613907746573	0.039259893534848288	0.04017826957561587	0.04107213365429626	0.041940863135041584	0.042783820803753723	0.043600354543060917	0.044389797000280687	0.045151465248222007	0.045884660438675076	0.0465886674484354	0.047262754517704536	0.047906172880707053	0.048518156388360163	0.04909792112282866	0.049644665003794775	0.050157567386268198	0.050635788649759594	0.051078469778635005	0.051484731933466733	0.051853676013191637	0.052184382207883594	0.052475909541943588	0.0527272954075063	0.052937555087858384	0.053105681270658768	0.053230643550747268	0.05331138792232458	0.053346836260279175	0.053335885790435862	0.05327740854849343	0.053170250827414334	0.053013232613026227	0.052805147007587545	0.052544759641067022	0.052230808069879266	0.051862001162815474	0.051437018473901419	0.050954509601910017	0.050413093536250182	0.049811357988947882	0.049147858712429007	0.048421118802809048	0.047629627988386367	0.046771841903031797	0.045846181344160408	0.044851031514962489	0.043784741250569005	0.042645622227814706	0.041431948158259777	0.0401419539641205	0.038773834936754174	0.037325745877336176	0.035795800219358971	0.034182069132574468	0.032482580607996622	0.030695318523569749	0.028818221690100596	0.026849182877046986	0.024786047817743337	0.022626614193637987	0.020368630597106089	0.018009795472395441	0.01554775603425161	0.01298010716375975	0.01030439028093218	0.0075180921935600383	0.0046186439218377654	0.0016034194982596415	-0.0015302652577238434	-0.004785153990810532	-0.0081640510872453102	6.34382846838324	-0.015305399475683259	-0.019073775123560986	-0.022978010594241531	-0.027021234101636784	-0.031206642848987123	-0.035537504506168438	-0.040017158717962152	-0.044649018643928673	-0.049436572530533553	-0.054383385316193397	-0.05949310026991779	-0.064769440664240271	-0.070216211483145968	-0.075837301165713009	-0.081636683386205749	-0.087618418871369688	-0.093786657255691505	-0.10014563897540821	-0.1066996972020587	-0.11345325981639398	-0.12041085142347323	-0.12757709540979331	-0.13495671604331494	-0.14255454061726644	-0.1503755016386237	0.0014264079105679964	0.0028420544724949304	0.0042466443521635309	0.0056398750114117447	0.0070214365427652605	0.0083910115010525452	0.0097482747313251683	0.011092893193004582	0.012424525780174904	0.01374282313793947	0.015047427474757416	0.016337972370674483	0.017614082581360779	0.018875373837866194	0.020121452642002331	0.021351916057258082	0.022566351495153715	0.023764336496936708	0.024945438510520317	0.02610921466256395	0.027255211525592085	0.028382964880046692	0.029491999471165525	0.030581828760576756	0.031651954672497859	0.032701867334424595	0.033731044812193342	0.03473895283929767	0.035725044540337696	0.036688760148478092	0.037629526716787896	0.038546757823333291	0.039439853269890808	0.040308198774146736	0.041151165655244897	0.041968110512542588	0.042758374897431332	0.04352128497807653	0.044256151196925983	0.044962267920835845	0.045638913083657945	0.046285347821129641	0.046900816097904946	0.047484544326560463	0.048035740978408292	0.048553596185942953	0.049037281336747174	0.049485948658676303	0.049898730796138831	0.050274740377285382	0.050613069571916372	0.050912789639912068	0.051172950469988134	0.051392580108571846	0.051570684278593341	0.051706245887980076	0.051798224527638423	0.051845555958702806	0.0518471515888278	0.051801897937292757	0.051708656088686807	0.05156626113493315	0.051373521605411115	0.051129218884925477	0.050832106619269735	0.050480910108124784	0.050074325685027371	0.04961102008413934	0.049089629793542151	0.048508760394774905	0.047866985888329869	0.047162848004811804	0.046394855501463411	0.045561483443751161	0.044661172471699977	0.043692328050660832	0.042653319706185258	0.041542480242677156	0.040358104945484453	0.039098450766085327	0.037761735490018433	0.036346136887198066	0.034849791844247885	0.033270795478480518	0.031607200233140752	0.029857014953524334	0.028018203943574814	0.026088686002553541	0.024066333441369242	0.021948971078146126	0.019734375212598992	0.017420272578776406	0.015004339275724882	0.012484199675614623	0.0098574253088616129	0.0071215337257696555	0.0042739873342055434	0.0013121922128120011	-0.0017665031007464869	-0.0049648088470249018	-0.0082854953080482747	-0.011731394097112657	-0.015305399475683231	6.4527676897088426	-0.022849628383617836	-0.026825965919493464	-0.030942640890498363	-0.035202881540681207	-0.039609987264868224	-0.044167330131576581	-0.048878356437837819	-0.053746588296588467	-0.058775625257297466	-0.063969145960518198	-0.069330909827061346	-0.074864758782504037	-0.080574619017760099	-0.086464502786455705	-0.092538510239867686	-0.098800831300196804	-0.10525574757296317	-0.11190763429933256	-0.11876096234918956	-0.12582030025579771	-0.13309031629290166	-0.14057578059514106	-0.14828156732266864	-0.15621265687087799	0.0014049660086715159	0.002799067194195805	0.0041820053832092776	0.0055534751285290888	0.0069131635428013689	0.0082607501284971668	0.0095959066041781584	0.010918296726952551	0.012227576111039869	0.013523392042361772	0.014805383289074105	0.016073179907953816	0.01732640304655246	0.018564664741026169	0.01978756770955014	0.020994705141223723	0.022185660480370253	0.023360007206133824	0.024517308607273032	0.025657117552049753	0.026778976253108919	0.027882416027242875	0.02896695704993207	0.030032108104551078	0.031077366326127166	0.032102216939535876	0.03310613299201582	0.034088575079882666	0.035048991069319226	0.035986815811116728	0.036901470849239108	0.037792364123080117	0.03865888966327951	0.039500427280962883	0.040316342250265813	0.041105984984000941	0.041868690702323241	0.042603779094245772	0.043310553971855299	0.043988302917073903	0.044636296920809622	0.045253790014335861	0.045840018892735909	0.046394202530245801	0.046915541787324828	0.047403219009279976	0.047856397616266907	0.048274221684485759	0.04865581551838729	0.049000283213700625	0.049306708211089588	0.049574152840241012	0.049801657854185104	0.049988241953641717	0.050132901301184543	0.05023460902500957	0.050292314712089607	0.050304943890493108	0.050271397500640413	0.050190551355265581	0.050061255587848012	0.04988233408927166	0.049652583932467721	0.049370774784786992	0.049035648307848061	0.048645917544597815	0.048200266293318632	0.047697348468308629	0.047135787446957629	0.046514175402934878	0.04583107262519899	0.045085006822533601	0.044274472413308841	0.043397929800158885	0.042453804629262938	0.041440487033908076	0.040356330862006691	0.039199652887236071	0.037968732003456879	0.036661808402065468	0.035277082731922864	0.033812715241500348	0.032266824902869848	0.030637488517164323	0.028922739801121235	0.027120568454318147	0.025228919206697877	0.023245690845976354	0.021168735224513326	0.018995856245222695	0.016724808826085583	0.014353297842824408	0.011878977049283887	0.0092994479750591035	0.0066122587998969102	0.0038149032043925291	0.00090481919648826832	-0.0021206120867242797	-0.0052640676024112987	-0.0085282836511328449	-0.011916057152241139	-0.015430246946083012	-0.019073775123560954	-0.022849628383617836	6.5634246184840421	-0.030810588332440565	-0.035002004079203321	-0.039338365944366897	-0.043823005047707565	-0.048459325881478339	-0.053250807880182618	-0.0582010070232271	-0.063313557471133319	-0.068592173235998338	-0.074040649886910337	-0.079662866291038026	-0.085462786391131251	-0.091444461020177795	-0.097612029753986126	-0.10396972280247019	-0.11052186294043437	-0.1172728674786708	-0.1242272502761977	-0.13138962379448277	-0.13876470119451845	-0.14635729847762358	-0.15417233667087557	-0.16221484405808501	0.0013822050793691825	0.0027534418610849743	0.0041134093320374645	0.0054617991360230234	0.0067982954058082162	0.0081225745915066722	0.0094343052851901827	0.010733148041653697	0.012018755195252171	0.013290770672725554	0.014548829801926417	0.015792559116362917	0.017021576155468059	0.018235489260504219	0.019433897366010165	0.020616389786695718	0.021782545999687295	0.022931935422025602	0.024064117183314557	0.025178639893418515	0.026275041405102843	0.027352848571510303	0.02841157699836399	0.029450730790784928	0.030469802294610167	0.031468271832094975	0.032445607431880318	0.033401264553103827	0.034334685803531051	0.035245300651579783	0.036132525132108906	0.036995761545839674	0.03783439815227508	0.03864780885598005	0.039435352886081909	0.04019637446884862	0.040930202493198592	0.041636150168992643	0.042313514677956375	0.042961576817077865	0.043579600634321342	0.044166833056496269	0.044722503509115219	0.045245823528073596	0.045735986362977953	0.046192166571947788	0.046613519607711609	0.046999181394814245	0.047348267897749013	0.047659874679823265	0.047933076452564304	0.048166926615465594	0.04836045678587185	0.048512676318795508	0.048622571816453825	0.048689106627311372	0.048711220334407224	0.04868782823274391	0.048617820795507714	0.048500063128887327	0.048333394415252209	0.048116627344447403	0.047848547532955581	0.047527912930673967	0.047153453215045868	0.046723869172284549	0.04623783206541781	0.045693982988879923	0.045090932209369217	0.044427258492685202	0.043701508416252588	0.042912195667034018	0.04205780032452696	0.041136768128533473	0.040147509731387039	0.039088399934310472	0.037957776907577533	0.036753941394138435	0.035475155896366913	0.034119643845577259	0.032685588753953193	0.031171133348522641	0.029574378686806013	0.027893383253756499	0.026126162039604321	0.024270685598208643	0.022324879085511836	0.020286621277684252	0.018153743568536666	0.015924028945772613	0.013595210945639778	0.01116497258553399	0.0086309452740986666	0.0059907076983534667	0.0032417846873762173	0.00038164605205354276	-0.002592294599596587	-0.0056826810720342113	-0.0088922158172556037	-0.012223661195825948	-0.015679840764425024	-0.019263640590450291	-0.022978010594241531	-0.026825965919493464	-0.030810588332440599	6.6758241429247347	-0.039202503200334513	-0.043616305307884323	-0.048179796817784733	-0.052896414646023945	-0.057769671364577023	-0.06280315681932104	-0.068000539781830349	-0.073365569635745753	-0.078902078098432207	-0.084613980978650943	-0.090505279970986993	-0.096580064487790385	-0.10284251352940087	-0.10929689759344585	-0.11594758062401361	-0.12279902200152314	-0.12985577857412547	-0.13712250673149345	-0.14460396452186686	-0.15230501381324363	-0.1602306224996258	-0.16838586675324124	0.001358094751652144	0.0027051177311447328	0.0040407650856215359	0.0053647255498581355	0.006676680276741535	0.0079763026640279431	0.0092632581772992741	0.010537204169037202	0.011797789693732116	0.013044655318942276	0.014277432932216966	0.015495745543795552	0.016699207084992496	0.017887422202176401	0.019059986046249616	0.020216484057532427	0.021356491745954352	0.022479574466452681	0.023585287189476674	0.024673174266493163	0.025742769190387954	0.026793594350654211	0.02782516078325771	0.028836967915065851	0.029828503302725507	0.030799242365871757	0.03174864811454773	0.032676170870713228	0.033581247983716409	0.034463303539601697	0.035321748064122804	0.03615597821932863	0.036965376493585368	0.03774931088489724	0.038507134577383278	0.039238185610766911	0.039941786542729861	0.040617244103980661	0.04126384884588391	0.041880874780493557	0.042467579012830187	0.043023201365239044	0.043546963993662167	0.044038070995654363	0.044495708009969381	0.044919041807539188	0.045307219873665136	0.045659369981236902	0.045974599754790124	0.046251996225210611	0.046490625374889093	0.046689531673125548	0.046847737601579231	0.046964243169555206	0.04703802541891438	0.047068037918389642	0.047053210247086613	0.046992447466941804	0.046884629583907378	0.046728610997626638	0.046523219939359373	0.046267257897911369	0.045959499033317065	0.045598689578019769	0.045183547225287918	0.044712760504600747	0.044184988143731736	0.043598858417251279	0.042952968481166157	0.042245883693406067	0.041476136919862107	0.040642227825675697	0.039742622151471549	0.038775750974219918	0.037740009952408178	0.036633758555195281	0.035455319275216002	0.034202976824693775	0.032874977314515219	0.031469527415912739	0.029984793504392392	0.028418900785539138	0.026769932402321648	0.025035928523513391	0.023214885412837401	0.021304754478434409	0.019303441302246437	0.017208804648898055	0.015018655453651168	0.012730755788998946	0.010342817809455724	0.0078525026740907042	0.0052574194463457687	0.0025551239706654984	-0.00025688227454137748	-0.0031811533480971292	-0.0062203000419078737	-0.0093769911019853294	-0.012653954475155509	-0.016053978581989703	-0.019579913616494065	-0.023234672873117621	-0.02702123410163677	-0.030942640890498356	-0.035002004079203279	-0.039202503200334457	6.7899914853404644	-0.048039979700190291	-0.052683673015064762	-0.057481937236187219	-0.0624383180730037	-0.06755643923786199	-0.072840004113389159	-0.07829279745476965	-0.0839186871276454	-0.089721625882369607	-0.095705653165363253	-0.10187489696833815	-0.10823357571616556	-0.11478600019418629	-0.12153657551577234	-0.12848980313096933	-0.13565028287706221	-0.14302271507192785	-0.15061190265105334	-0.15842275334911651	-0.1664602819270436	-0.17472961244547969	0.0013326039847122403	0.0026540327227587619	0.0039639795215370144	0.0052621302068017878	0.0065481629515605289	0.00782174810121203	0.0090825479948483043	0.010330216782637786	0.011564400239206282	0.012784735572930353	0.013990851231056003	0.015182366700553812	0.01635889230461968	0.017520028994728459	0.01866536813814608	0.019794491300803296	0.020906970025432698	0.022002365604868193	0.023080228850404342	0.024140099855110515	0.025181507751992915	0.026203970466895092	0.027206994466025518	0.02819007449799802	0.029152693330269264	0.030094321479854049	0.031014416938197818	0.031912424890082405	0.032787777426438673	0.03363989325093765	0.034468177380227928	0.035272020837685929	0.036050800340541152	0.036803877980236994	0.037530600895884399	0.038230300940662057	0.038902294341015144	0.039545881348499831	0.040160345884119743	0.040744955174994706	0.041298959383201543	0.041821591226621491	0.042312065591625952	0.042769579137429105	0.043193309891931889	0.043582416838878743	0.043936039496143997	0.04425329748496204	0.044533290089910894	0.044775095809454754	0.044977771896847714	0.045140353891196458	0.045261855138474784	0.045341266302280282	0.045377554864117278	0.045369664612987429	0.045316515124062706	0.045217001226213541	0.045069992458158036	0.044874332512994081	0.0446288386708718	0.044332301219557724	0.043983482862637986	0.043581118115102208	0.043123912686043681	0.042610542848207887	0.042039654794113715	0.041409863978467784	0.040719754446585398	0.039967878148526446	0.039152754238648176	0.038272868360271058	0.037326671915147054	0.036312581317414404	0.035228977231714469	0.034074203795142338	0.032846567822693934	0.031544337995865673	0.030165744034057178	0.028708975848418899	0.027172182677779523	0.025553472206280799	0.023850909662339506	0.022062516898549697	0.020186271452126977	0.018220105585493831	0.016161905306591777	0.014009509368499659	0.011760708247930707	0.0094132431021675816	0.006964804703990979	0.0044130323541437602	0.0017555127708665692	-0.0010102210439717127	-0.0038866909626313127	-0.0068764749136428676	-0.0099822080888371106	-0.013206584175777093	-0.01655235661611924	-0.020022339890439868	-0.023619410830072581	-0.027346509956516961	-0.031206642848987151	-0.035202881540681269	-0.039338365944366842	-0.043616305307884323	-0.048039979700190236	6.9059522055718805	-0.057338017087637194	-0.062219308140865688	-0.06726019353516835	-0.072464330849364031	-0.077835458077131797	-0.083377395345200139	-0.089094046667487908	-0.09498940173594074	-0.10106753774881487	-0.10733262127718404	-0.11378891017045126	-0.12044075550167031	-0.1272926035534977	-0.13434899784560511	-0.1416145812044112	-0.14909409787599723	-0.156792395683098	-0.16471442822707044	-0.17286525713576517	-0.1812500543582449	0.0013057010535992204	0.0026001233860265581	0.0038829574649331413	0.0051538862070529753	0.006412584805513941	0.0076587205533574154	0.0088919526631855254	0.010111932082853443	0.011318301307122402	0.012510694185187261	0.013688735723990758	0.014852041887234676	0.016000219389996344	0.017132865488856893	0.01824956776744581	0.019349903917304314	0.020433441513968073	0.021499737788167612	0.022548339392042812	0.023578782160265543	0.024590590865962405	0.025583278971327408	0.02655634837281164	0.027509289140775394	0.028441579253485082	0.029352684325335297	0.030242057329173757	0.031109138312604329	0.031953354108140597	0.032774118037080122	0.033570829606966425	0.034342874202503496	0.035089622769784036	0.035810431493690807	0.036504641468326438	0.037171578360325017	0.037810552064895073	0.038420856354440563	0.039001768519604026	0.039552549002571172	0.040072441022475119	0.040560670192733045	0.041016444130145734	0.041438952055586668	0.041827364386104127	0.042180832318254965	0.042498487402486393	0.042779441108377565	0.043022784380548962	0.043227587185043014	0.043392898045977485	0.043517743572265365	0.043601127974195172	0.043642032569656992	0.043639415279798845	0.043592210113890757	0.043499326643171195	0.043359649463444561	0.043172037646194844	0.042935324177974563	0.042648315387824119	0.042309790362470796	0.041918500349052652	0.041473168145105217	0.040972487475546895	0.040415122356389291	0.03979970644489686	0.039124842375912391	0.038389101084059622	0.037591021111528636	0.036729107901143011	0.035801833074402011	0.034807633694185068	0.033744911511798203	0.032612032198036975	0.031407324557932548	0.030129079728841855	0.028775550361534431	0.027344949783922965	0.025835451147075878	0.024245186553144248	0.022572246164826806	0.020814677295988737	0.018970483483044122	0.017037623536701546	0.015014010573665202	0.012897511027875898	0.010685943640867085	0.0083770784308028375	0.0059686356397555549	0.0034582846587725572	0.00084364293027023229	-0.0018777251727125784	-0.0047083094908819288	-0.0076506552471671966	-0.010707364239807801	-0.013881096060558644	-0.01717456933853433	-0.020590563010221493	-0.024131917616201738	-0.027801536625135882	-0.031602387785574296	-0.03553750450616841	-0.039609987264868161	-0.043823005047707558	-0.048179796817784733	-0.052683673015064818	-0.057338017087637153	7.0237322044337951	-0.067112017104586877	-0.072238819220549089	-0.07753038484825496	-0.08299048659243656	-0.088622979951365796	-0.094431805087238876	-0.10042098863359318	-0.1065946455405211	-0.11295698095845778	-0.11951229216133766	-0.12626497050992852	-0.13321950345617015	-0.14038047658936109	-0.14775257572505354	-0.15534058903753317	-0.16314940923678231	-0.17118403579083694	-0.17944957719447266	-0.18795125328516896	0.0012773535345773422	0.0025433248734766374	0.003797601644602697	0.0050398638556687289	0.0062697837199230623	0.0074870254780496515	0.0086912452161607336	0.0098820906797982295	0.011059201083858798	0.012222206918355589	0.013370729749928074	0.014504382019009242	0.015622766832557857	0.016725477752261311	0.017812098578112653	0.018882203127263585	0.019935355008052852	0.020971107389107586	0.021989002763412983	0.022988572707243395	0.0239693376338459	0.024930806541764848	0.025872476757694048	0.026793833673740185	0.027694350478979463	0.028573487885186235	0.029430693846610522	0.030265403273678219	0.031077037740485626	0.031865005185956828	0.032628699608530314	0.03336750075423759	0.034080773798034619	0.034767869018243448	0.035428121463958434	0.036060850615269105	0.03666536003614726	0.037240937019844725	0.037786852226642818	0.038302359313793319	0.038786694557485547	0.039239076466672566	0.039658705388584591	0.040044763105754486	0.040396412424377796	0.040712796753823728	0.040993039677112486	0.041236244512167966	0.041441493863652937	0.041607849165188393	0.041734350211755401	0.041820014682073588	0.041863837650746014	0.041864791089955347	0.041821823360493171	0.041733858691898017	0.041599796651474737	0.041418511601961756	0.041188852147608979	0.040909640568423528	0.040579672242336044	0.040197715055034736	0.039762508797209183	0.039272764548941283	0.038727164050974351	0.038124359062586093	0.037462970705786525	0.036741588795554614	0.035958771155822619	0.035113042920910761	0.034202895822108913	0.033226787459095207	0.032183140555876427	0.031070342200926544	0.029886743071195158	0.028630656639649588	0.027300358366007714	0.02589408487031232	0.024410033088988908	0.022846359413024112	0.021201178807891477	0.019472563914846468	0.017658544133202676	0.015757104683194561	0.013766185649023311	0.011683681001674856	0.0095074376010893854	0.0072352541772549833	0.0048648802897866368	0.0023940152655464596	-0.0001796928861518607	-0.002858648581218373	-0.0056453097918154988	-0.0085421892012247924	-0.011551855383044672	-0.01467693400522304	-0.017920109059439384	-0.021284124116359545	-0.024771783607300684	-0.028385954132849493	-0.032129565798993773	-0.036005613581335305	-0.040017158717962124	-0.044167330131576553	-0.048459325881478353	-0.052896414646023959	-0.057481937236187219	-0.062219308140865688	-0.067112017104586766	7.1433577271627353	-0.077377794163813171	-0.082758232692938041	-0.088308753541442284	-0.094033247579141416	-0.099935691116508463	-0.10602014772867324	-0.11229077011756373	-0.11875180201297666	-0.12540758011337835	-0.13226253606724964	-0.13932119849581437	-0.14658819505799794	-0.15406825455848541	-0.16176620909976747	-0.16968699627907374	-0.17783566143111965	-0.18621735991760502	-0.19483735946442687	0.0012475282901751458	0.0024835709101660806	0.003707812648131296	0.0049199306027632112	0.0061195940074305951	0.0073064640504599812	0.0084801936914737138	0.0096404274737004712	0.010786801332172328	0.011918942397720742	0.013036468796681891	0.014138989446219991	0.015226103845175238	0.016297401860341273	0.01735246350807473	0.018390858731137768	0.019412147170672217	0.020415877933201831	0.021401589352557104	0.022368808746614902	0.023317052168742698	0.02424582415383528	0.025154617458829114	0.026042912797577332	0.026910178569965897	0.0277558705851489	0.028579431778778679	0.029380291924103189	0.030157867336801387	0.030911560573423986	0.031640760123304336	0.032344840093801508	0.033023159888734714	0.033675063879865234	0.034299881071279313	0.034896924756521709	0.035465492168327679	0.036004864120796787	0.036514304643849242	0.036993060609802737	0.037440361351902866	0.037855418274638751	0.038237424455669758	0.03858555423918833	0.038898962820537113	0.039176785821897854	0.039418138858863576	0.039622117097703032	0.039787794803121376	0.039914224876317905	0.040000438383137112	0.040045444072105314	0.040048227882140068	0.040007752439716583	0.039922956545269984	0.039792754648607397	0.039616036313100143	0.039391665668420506	0.03911848085158437	0.038795293436053389	0.038420887848648611	0.037994020774018936	0.037513420546405711	0.036977786528437001	0.0363857884766811	0.035736065893681827	0.035027227366194832	0.034257849889335182	0.033426478176343678	0.032531623953670652	0.031571765241072212	0.030545345616405518	0.029450773464804528	0.028286421211911272	0.027050624540829456	0.025741681592462404	0.024357852148889064	0.02289735679942536	0.021358376089009787	0.019739049648546919	0.018037475306832872	0.016251708183680012	0.014379759763850204	0.012419596951398257	0.010369141104017997	0.008226267046977067	0.0059888020662152543	0.0036545248801748277	0.0012211645899220989	-0.0013136003928913213	-0.003952143440685279	-0.0066968908276961734	-0.0095503228712880001	-0.012514975097317527	-0.015593439430052345	-0.018788365407148854	-0.022102461420210967	-0.02553849598145606	-0.029099299017031455	-0.032787763187528879	-0.036606845236263889	-0.040559567365888692	-0.044649018643928631	-0.048878356437837812	-0.053250807880182618	-0.057769671364577023	-0.062438318073003755	-0.067260193535168461	-0.072238819220549089	-0.077377794163813171	7.264855366867863	-0.088151585780216909	-0.09379400345842373	-0.099611975900273195	-0.1056095155645148	-0.11179072296787027	-0.11815978856410346	-0.12472099466237314	-0.13147871738567682	-0.13843742867020903	-0.14560169830647721	-0.15297619602303339	-0.16056569361369655	-0.16837506710916128	-0.17640929899390514	-0.18467348046932239	-0.19317281376403786	-0.20191261449236561	0.001216191453922091	0.0024207937631538067	0.0036134888761073184	0.0047939509824542585	0.0059618463356838304	0.0071168330717651558	0.0082585610238306902	0.0093866715327958466	0.01050079725382813	0.011600561958577298	0.012685580333076261	0.013755457771220427	0.014809790163731454	0.015848163682509225	0.016870154560273923	0.017875328865398221	0.01886324227182699	0.019833439823980614	0.020785455696534907	0.021718812948969216	0.022633023274771475	0.023527586745186832	0.024401991547394437	0.025255713716993859	0.026088216864680852	0.026898951896989255	0.027687356730973674	0.028452856002704141	0.029194860769442298	0.02991276820536538	0.030605961290701752	0.031273808494137967	0.03191566344835646	0.032530864618557857	0.033118734963820111	0.033678581591143411	0.034209695402026327	0.034711350731416186	0.035182804978872148	0.035623298231777768	0.036032052880435025	0.036408273224868816	0.036751145073168026	0.037059835331184378	0.037333491583407798	0.037571241664832437	0.03777219322362433	0.037935433274396878	0.038060027741897692	0.038145020994904404	0.038189435370125029	0.038192270685892399	0.038152503745438576	0.038069087829531389	0.037940952178249589	0.037767001461668809	0.037546115239226602	0.037277147407529458	0.036958925636359045	0.036590250792631743	0.036169896352058806	0.035696607798249846	0.03516910200899806	0.034586066629477781	0.03394615943208204	0.033248007662620961	0.032490207372595663	0.031671322737257451	0.030789885359155479	0.029844393556870408	0.028833311638624563	0.027755069160453956	0.026608060168619999	0.025390642425932496	0.024101136621649387	0.022737825564609935	0.021298953359254302	0.019782724564171416	0.018187303332812776	0.016510812536001028	0.014751332865854771	0.012906901920743187	0.010975513270876517	0.0089551155041297775	0.0068436112516896399	0.0046388561931054364	0.0023386580403163869	-5.9224499780813191e-05	-0.0025570827846688841	-0.0051572593179064138	-0.0078621488536468869	-0.010674199524452964	-0.013595913992890393	-0.016629850627391089	-0.019778624702891601	-0.023044909626757114	-0.026431438190515907	-0.029941003847936763	-0.033576462019997075	-0.037340731427294292	-0.041236795450470695	-0.045267703519229555	-0.049436572530533518	-0.053746588296588467	-0.058201007023227093	-0.06280315681932104	-0.067556439237862045	-0.072464330849364017	-0.077530384848255043	-0.082758232692938125	-0.088151585780216909	7.3882520679840402	-0.09945006325455262	-0.10536302569240302	-0.11145717307536973	-0.11773664286176698	-0.12420566325719389	-0.1308685551501711	-0.13772973408822745	-0.1447937122952713	-0.15206510073109392	-0.15954861119387373	-0.16724905846656313	-0.17517136250806165	-0.18332055069009373	-0.19170176008073342	-0.20032023977552982	-0.20918135327721407	0.00118330841476559	0.0023549242103346403	0.0035145264953730009	0.0046617865505315199	0.0057963676494198384	0.0069179248756496515	0.0080261049358635386	0.0091205459686636483	0.010200877349352915	0.011266719490399398	0.012317683637532724	0.013353371661379506	0.014373375844542867	0.015377278664028922	0.016364652568921438	0.017335059753203527	0.018288051923623181	0.019223170062497366	0.020139944185347237	0.021037893093254618	0.021916524119827863	0.022775332872662563	0.023613802969180506	0.024431405766727671	0.025227600086809614	0.026001831933339999	0.026753534204775622	0.027482126400008588	0.028187014317883223	0.028867589750203426	0.029523230168092315	0.030153298401564121	0.03075714231216449	0.031334094458533308	0.031883471754740322	0.032404575121241022	0.032896689128297484	0.033359081631704653	0.033791003400660657	0.034191687737615009	0.03456035008992589	0.034896187653154179	0.035198378965818088	0.035466083495428791	0.035698441215623392	0.035894572174208529	0.036053576051923109	0.03617453171172532	0.036256496738405128	0.036298506968318628	0.036299576009037222	0.036258694748700256	0.03617483085485438	0.036046928262560146	0.035873906651539632	0.035654660912137141	0.035388060599856601	0.03507294937823853	0.034708144449830419	0.034292435975003345	0.033824586478358759	0.033303330242467136	0.032727372688673408	0.032095389744698014	0.031406027198759005	0.030657900039932587	0.029849591784465574	0.028979653787745276	0.028046604541629504	0.02704892895682889	0.025985077630032251	0.024853466095454312	0.023652474060483861	0.022380444625098719	0.021035683484710809	0.019616458116095605	0.018120996946054221	0.016547488502448696	0.014894080547243553	0.013158879191179485	0.01133994798969752	0.0094353070197238272	0.0074429319369167237	0.0053607530129718183	0.0031866541525683661	0.0009184718895374614	-0.0014460056381823234	-0.0039090397352397133	-0.0064729422176665425	-0.0091400765042317367	-0.011912858730822045	-0.014793758888326881	-0.017785301984513252	-0.02089006923038848	-0.024110699251558215	-0.027449889325096222	-0.030910396642454995	-0.034495039598955141	-0.038206699110403967	-0.042048319957404219	-0.046022912157925568	-0.050133552368721961	-0.054383385316193425	-0.058775625257297459	-0.063313557471133347	-0.068000539781830349	-0.072840004113389215	-0.077835458077131769	-0.08299048659243656	-0.088308753541442256	-0.093794003458423841	-0.09945006325455262	7.5135751297258357	-0.11129034261552553	-0.11748264392012112	-0.12386192229246321	-0.1304324436899873	-0.1371985675805755	-0.14416474893628825	-0.15133554026874727	-0.15871559370702754	-0.16630966311893447	-0.17412260627655382	-0.18215938706698911	-0.19042507774921311	-0.19892486125797862	-0.20766403355575927	-0.21664800603370374	0.0011488438011618618	0.0022858915086210203	0.0034108193912970059	0.0045232958208198748	0.0056229810909197084	0.0067095272328507906	0.0077825778267657918	0.0088417678089536406	0.0098867232748526563	0.010917061277749229	0.011932389623069681	0.012932306658171874	0.013916401057540339	0.014884251603287428	0.01583542696086053	0.016769485449853218	0.017685974809816506	0.018584431960964022	0.019464382759662238	0.020325341748595471	0.021166811901492492	0.021988284362299281	0.022789238178680348	0.023569140029728063	0.024327443947757731	0.025063591034062842	0.025777009168502431	0.026467112712790654	0.027133302207354569	0.027774964061624625	0.028391470237618871	0.028982177926679047	0.02954642921921399	0.030083550767303034	0.030592853440007554	0.031073631971238476	0.031525164600021222	0.031946712702998453	0.032337520419007303	0.032696814265563146	0.033023802747080423	0.033317675954655977	0.033577605157237393	0.033802742383995207	0.03399221999771377	0.034145150259012179	0.034260624881202219	0.034337714575586875	0.034375468586998449	0.03437291421937147	0.034329056351140801	0.034242876940252312	0.034113334518567254	0.033939363675438622	0.033719874530232237	0.033453752193560775	0.033139856216994723	0.032777020031008408	0.032364050370915408	0.031899726690541294	0.031382800563377833	0.030811995070956388	0.030186004178173378	0.029503492095295684	0.028763092626366154	0.02796340850372725	0.027103010708371254	0.026180437775821713	0.025194195087244856	0.024142754145481563	0.02302455183568676	0.02183798967025426	0.020581433017700126	0.01925321031517015	0.017851612264230203	0.016374891009591944	0.014821259300417602	0.01318888963384225	0.011475913380343377	0.0096804198905796716	0.0078004555833148803	0.0058340230140317122	0.0037790799238371238	0.0016335382682467975	-0.00060473677456715838	-0.002937927816492015	-0.005368266293589787	-0.0078980335220546691	-0.010529561776467401	-0.013265235390807404	-0.016107491882694776	-0.01905882310134565	-0.022121776399728215	-0.025298955831425298	-0.028593023372711416	-0.0320067001703691	-0.035542767815775256	-0.039204069645801823	-0.042993512071086391	-0.046914065932236924	-0.050968767884550265	-0.055160721811831612	-0.05949310026991779	-0.06396914596051817	-0.068592173235998338	-0.073365569635745725	-0.078292797454769664	-0.083377395345200139	-0.088622979951365768	-0.094033247579141416	-0.099611975900273111	-0.10536302569240302	-0.11129034261552559	7.6408522095411593	-0.12368999582630343	-0.13017066435903793	-0.13684426833310642	-0.1437152057957527	-0.15078797114356893	-0.15806715717589023	-0.1655574571910757	-0.17326366712655689	-0.18119068774355332	-0.18934352685737293	-0.19772730161423591	-0.20634724081557448	-0.21520868729078671	-0.22431710031943838	0.0011127614648338776	0.0022136233614588881	0.003302259119048241	0.0043783342002112072	0.0054415059187983006	0.0064914232537063906	0.0075277266585982638	0.0085500478674495825	0.0095580096958340997	0.010551225837856493	0.011529300658639845	0.012491828982273169	0.013438395875122477	0.01436857642440637	0.015281935511935798	0.016178027582914797	0.017056396409697493	0.017916574850394097	0.018758084602216393	0.019580435949451216	0.02038312750594776	0.021165645952002415	0.021927465765522309	0.022668048947346298	0.023386844740599485	0.024083289343955032	0.024756805618674344	0.025406802789293585	0.026032676137822525	0.026633806691318169	0.027209560902693487	0.027759290324617752	0.028282331276363117	0.028778004503448088	0.029245614829925898	0.02968445080316276	0.030093784330947518	0.030472870310770603	0.030820946251108011	0.03113723188454106	0.031420928772540498	0.031671219901739066	0.03188726927151371	0.032068221472694391	0.032213201257212672	0.032321313098500087	0.032391640742441309	0.032423246748684145	0.032415172022103297	0.032366435334211581	0.032276032834307376	0.032142937550143032	0.031966098877894526	0.031744442061207349	0.031476867659090739	0.031162251002426124	0.030799441638850233	0.030387262765771514	0.029924510651269359	0.029409954042623972	0.028842333562217371	0.028220361090541712	0.027542719136045307	0.026808060191541003	0.026015006076896739	0.02516214726772106	0.024248042209751863	0.023271216618648814	0.022230162764886565	0.021123338743436314	0.019949167727919187	0.018706037208907858	0.017392298216045831	0.016006264523646653	0.014546211839430475	0.013010376976044952	0.011396957005013319	0.0097041083927438768	0.0079299461182269736	0.0060725427720395514	0.004129927636267525	0.0021000857449507328	-1.9043075355695002e-05	-0.0022295651853156814	-0.0045336341332644159	-0.0069334516768075052	-0.0094312688260073784	-0.01202938690860403	-0.014730158657727031	-0.017535989322566038	-0.020449337802474866	-0.023472717804995952	-0.026608699028299064	-0.029859908368542097	-0.03322903115266887	-0.036718812397170543	-0.040332058093348236	-0.044071636519625472	-0.047940479581469943	-0.051941584179495189	-0.056078013606324896	-0.06035289897281524	-0.064769440664240299	-0.069330909827061346	-0.074040649886910337	-0.078902078098432263	-0.0839186871276454	-0.089094046667487908	-0.094431805087238876	-0.099935691116508546	-0.1056095155645148	-0.11145717307536976	-0.11748264392012112	-0.12368999582630348	7.7701113265631925	-0.13666706226162628	-0.14344536653496331	-0.15042273529239225	-0.15760370235503621	-0.16499290080994408	-0.17259506512475886	-0.18041503330653846	-0.18845774910563609	-0.19672826426556428	-0.20523174081979054	-0.21397345343642643	-0.22295879181179448	-0.23219326311387781	0.0010750244641895533	0.0021380458856640745	0.003188734853850456	0.0042267539223371734	0.0052517574250951918	0.0062633912886639505	0.0072612928402163565	0.0082450906114147956	0.0092144041379684759	0.010168843754800363	0.011108010386730245	0.012031495334578382	0.012938880056592184	0.013829735945096551	0.014703624098265962	0.015560095086914924	0.016398688716200691	0.017218933782130033	0.018020347822760074	0.018802436863980154	0.019564695159759875	0.020306604926746019	0.021027636073088444	0.021727245921372373	0.022404878925532692	0.02305996638162237	0.02369192613230504	0.024300162264938991	0.024884064803116574	0.025443009391521516	0.025976356973961535	0.026483453464433569	0.026963629411073015	0.02741619965283754	0.027840462968772246	0.028235701719698747	0.028601181482169186	0.028936150674521755	0.029239840174871391	0.029511462930865356	0.029750213561030591	0.029955267947535832	0.030125782820187366	0.03026089533147458	0.030359722622476205	0.030421361379436268	0.030444887380812403	0.030429355034597084	0.030373796905707438	0.030277223233234653	0.030138621437340557	0.029956955615584105	0.029731166028455765	0.029460168573893553	0.029142854250550524	0.028778088609576358	0.028364711194674312	0.027901534970186836	0.027387345736959147	0.026820901535726166	0.026200932037760142	0.025526137922513951	0.024795190241987702	0.02400672977154051	0.023159366346865124	0.022251678186836446	0.021282211201937594	0.020249478287964681	0.019151958604700762	0.017988096839247153	0.016756302453691346	0.01545494891678495	0.014082372919298583	0.012636873572713933	0.011116711590905185	0.0095201084544559826	0.0078452455572508382	0.0060902633349709488	0.0042532603751197114	0.0023322925081920589	0.00032537187959653133	-0.0017695339980702204	-0.0039545032128047468	-0.0062316604414508403	-0.0086031779588506638	-0.011071276668328295	-0.013638227153946815	-0.016306350754991452	-0.019078020663140998	-0.021955663042795368	-0.024941758175042027	-0.028038841625749534	-0.031249505438289488	-0.0345763993513949	-0.038022232042678697	-0.041589772398340732	-0.045281850809606158	-0.049101360496450565	-0.053051258859171342	-0.057134568858387517	-0.061354380424049913	-0.065713851894065603	-0.070216211483145954	-0.074864758782504037	-0.079662866291038026	-0.084613980978650916	-0.089721625882369677	-0.094989401735940768	-0.10042098863359314	-0.10602014772867331	-0.11179072296787027	-0.11773664286176702	-0.12386192229246325	-0.13017066435903793	-0.13666706226162623	7.9013808650592701	-0.15024006046183216	-0.1573255151783598	-0.16461633862014799	-0.1721172041619588	-0.17983288744071899	-0.1877682685331136	-0.19592833417862879	-0.20431818004898197	-0.21294301306488797	-0.22180815376113736	-0.23091903870097763	-0.24028122294080903	0.0010355950473931765	0.0020590835775651578	0.0030701333401965147	0.004068403979854935	0.0050535468506318227	0.0060252048267091978	0.0069830121087700722	0.0079265940261636011	0.0088555668347343828	0.0097695375102237123	0.010668103537148076	0.011550852693058965	0.012417362828085221	0.01326720163965798	0.014099926442315319	0.014915083932482233	0.015712209948119001	0.016490829223129024	0.017250455136414773	0.017990589455468053	0.01871072207437887	0.019410330746144486	0.020088880809157383	0.020745824907749195	0.021380602706664607	0.021992640599336352	0.022581351409830367	0.023146134088326911	0.02368637340000115	0.024201439607163259	0.024690688144516016	0.025153459287383734	0.025589077812765121	0.025996852653057227	0.026376076542296838	0.026726025654760868	0.02704595923576493	0.027335119224494959	0.02759272986870475	0.027817997331107576	0.028010109287286564	0.028168234514946402	0.028291522474322851	0.028379102879564477	0.028430085260897405	0.028443558517378106	0.028418590460037009	0.028354227345211539	0.028249493397861043	0.028103390324655104	0.027914896816619121	0.027682968041118469	0.027406535122958219	0.027084504614369044	0.026715757953647432	0.026299150912211678	0.025833513029831473	0.02531764703778315	0.024750328269677914	0.02413030405970518	0.023456293128027651	0.022726984953058992	0.021941039130350878	0.021097084717808696	0.020193719566950204	0.019229509639916299	0.018202988311935869	0.017112655658941069	0.015956977730023414	0.014734385804414404	0.013443275632667914	0.012082006661714278	0.010648901243451527	0.0091422438265293757	0.0075602801309759965	0.0059012163053111634	0.0041632180657802768	0.0023444098173379035	0.00044287375600030347	-0.0015433510478195299	-0.0036162695853906093	-0.0057779318655594193	-0.008030433890874121	-0.010375918654358263	-0.012816577157361267	-0.015354649448925567	-0.017992425687114594	-0.020732247222759452	-0.023576507706087511	-0.026527654216709426	-0.029588188417445812	-0.032760667732491852	-0.036047706550420763	-0.039451977452540601	-0.042976212467133547	-0.046623204350107833	-0.050395807892613366	-0.054296941256176671	-0.058329587335925963	-0.062496795152485012	-0.066801681273132227	-0.071247431262825386	-0.07583730116571312	-0.080574619017760127	-0.085462786391131251	-0.090505279970987035	-0.09570565316536328	-0.10106753774881487	-0.1065946455405211	-0.11229077011756379	-0.11815978856410346	-0.12420566325719389	-0.1304324436899873	-0.13684426833310639	-0.14344536653496331	-0.15024006046183216	8.0346895778751897	-0.16442800017026959	-0.17183037240735377	-0.17944459745221969	-0.18727549211107761	-0.19532797853023917	-0.20360708643832409	-0.21211795543525394	-0.22086583732899165	-0.22985609852100666	-0.23909422244147135	-0.2485858120352025	0.00099443463508295713	0.0019766592784385552	0.0029463388400010463	0.0039031300553173244	0.0048466812985992385	0.0057766323916713892	0.0066926144087268965	0.0075942494768016571	0.0084811505718757115	0.0093529213105086311	0.010209155736913642	0.011049438105373434	0.011873342657898311	0.012680433397025627	0.013470263853657061	0.014242376849828056	0.01499630425630198	0.015731566744878862	0.016447673535306462	0.0171441221366791	0.017820398083207203	0.018475974664238445	0.019110312648407932	0.019722860001793786	0.020313051599950456	0.020880308933690438	0.021424039808481923	0.02194363803732725	0.022438483126984269	0.022907939957389736	0.023351358454141314	0.023768073253890923	0.024157403362500472	0.024518651805806271	0.024851105272836897	0.025154033751324675	0.025426690155348524	0.025668309944942142	0.025878110737498284	0.026055291910796079	0.02619903419747497	0.026308499270775623	0.026382829321363058	0.026421146625045307	0.026422553101195716	0.02638612986168317	0.026310936750111095	0.026196011871161506	0.026040371109836327	0.025843007640383456	0.02560289142469167	0.025318968699933008	0.024990161455227047	0.024615366897097039	0.024193456903483054	0.023723277466071838	0.023203648120699583	0.02263336136557657	0.022011182067079926	0.021335846852853713	0.020606063491950866	0.019820510261745763	0.018977835301341971	0.018076655951190956	0.017115558078635493	0.016093095389082605	0.015007788722506696	0.013858125334976138	0.012642558164890919	0.011359505083612742	0.010007348130161646	0.0085844327296468719	0.0070890668950939388	0.0055195204123204408	0.003874024007508596	0.0021507684971142213	0.00034790391974390955	-0.0015364613503748229	-0.0035042615087126374	-0.0055574742449385518	-0.0076981216869990302	-0.0099282713651836739	-0.01225003719659244	-0.014665580490428458	-0.017177110974548555	-0.019786887843713286	-0.022497220829986734	-0.025310471295745565	-0.028229053349766116	-0.031255434986869252	-0.034392139251609312	-0.037641745426507882	-0.041006890245339392	-0.044490269131987517	-0.048094637465403364	-0.051822811871203842	-0.055677671540463138	-0.059662159576259401	-0.063779284368550751	-0.068032120997966669	-0.072423812669112478	-0.076957572173996971	-0.081636683386205749	-0.08646450278645576	-0.09144446102017785	-0.096580064487790357	-0.10187489696833818	-0.1073326212771841	-0.11295698095845781	-0.11875180201297672	-0.12472099466237314	-0.13086855515017118	-0.1371985675805755	-0.1437152057957527	-0.15042273529239225	-0.15732551517835985	-0.16442800017026959	8.1700665898735263	-0.17925039466070702	-0.18697971020414167	-0.19492754723861125	-0.20309886998005341	-0.21149875114622196	-0.22013237426524268	-0.2290050360323258	-0.2381221487156206	-0.24748924261222316	-0.25711196855536828	0.0009515038027273886	0.0018906941392212542	0.0028172330796695268	0.0037307744505983178	0.0046309636463399053	0.00551743743636148	0.0063898237683662797	0.0072477415670769213	0.0080908005286088949	0.0089186009103400521	0.009730733316180365	0.01052677847714371	0.011306307027121855	0.012068879273758394	0.012814044964318573	0.013541343046448285	0.014250301423714026	0.014940436705812415	0.015611253953336509	0.016262246416983137	0.016892895271083206	0.017502669341334688	0.01809102482661545	0.018657405014749998	0.019201239992102565	0.019721946346865457	0.020218926865909058	0.020691570225057836	0.021139250672652262	0.021561327706255757	0.021957145742360802	0.022326033778946926	0.022667305050739255	0.022980256677013425	0.023264169301789765	0.023518306726255888	0.023741915533254197	0.023934224703666036	0.024094445224523191	0.024221769688670614	0.024315371885804085	0.024374406384700179	0.02439800810645323	0.024385291888530777	0.024335352039453337	0.024247261883902187	0.024120073298053692	0.023952816234934744	0.023744498239589466	0.023494103953844308	0.023200594610451458	0.022862907516389412	0.022479955525092306	0.022050626497376168	0.021573782750824406	0.021048260497392494	0.020472869268982809	0.019846391330739729	0.019167581081806384	0.018435164443281297	0.017647838233107695	0.016804269527620857	0.015903095009476041	0.014942920301670874	0.013922319287373053	0.012839833415255819	0.011693970990039097	0.010483206447927438	0.0092059796166292542	0.0078606949596365019	0.0064457208044355011	0.0049593885543144046	0.0033999918834259732	0.0017657859147557097	5.4986380639985384e-05	-0.0017342312345292174	-0.0036037325697843943	-0.0055554252816247913	-0.0075912599570081537	-0.0097132310456855223	-0.01192337781228074	-0.014223785308526631	-0.016616585366074767	-0.019103957610308052	-0.021688130495590489	-0.024371382362401023	-0.027156042516804233	-0.030044492332722401	-0.033039166377480729	-0.036142553561110478	-0.039357198309899553	-0.042685701764695855	-0.046130723004475432	-0.049694980295697223	-0.053381252367981344	-0.057192379716653391	-0.061131265932711766	-0.065200879060786435	-0.069404252985665313	-0.073744488847983375	-0.078224756489673114	-0.08284829592979423	-0.087618418871369688	-0.092538510239867713	-0.097612029753986099	-0.10284251352940087	-0.10823357571616553	-0.1137889101704512	-0.11951229216133766	-0.1254075801133783	-0.13147871738567682	-0.13772973408822747	-0.14416474893628817	-0.15078797114356893	-0.15760370235503621	-0.16461633862014799	-0.17183037240735383	-0.17925039466070697	8.3075414013643396	-0.19472727336150558	-0.20279382319163197	-0.21108575267540047	-0.21960817751969788	-0.22836632518085462	-0.23736553724132867	-0.24661127183594814	-0.25610910612873405	-0.2658647388413386	0.00090676226261300499	0.001801107584486323	0.0026826951960615616	0.0035511760148440497	0.004406192455286501	0.0052473782344986813	0.006074358173693944	0.0068867479952816682	0.0076841541155127308	0.0084661734325833325	0.0092323931101001115	0.0099823903558082031	0.010715732195480778	0.011431975241867717	0.012130665458597818	0.012811337918927475	0.013473516559226193	0.014116713927087266	0.014740430923949055	0.01534415654211089	0.015927367596024054	0.016489528447736983	0.017030090726370198	0.017548493041494619	0.018044160690284264	0.018516505358311217	0.01896492481384816	0.019388802595541529	0.019787507693314603	0.020160394222357287	0.020506801090056988	0.020826051655720879	0.021117453382937142	0.021380297484420833	0.021613858559184025	0.021817394221869721	0.021990144724083668	0.02213133256755492	0.022240162108954249	0.022315819156192494	0.022357470556021712	0.022364263772754425	0.022335326457914289	0.022269766010628311	0.02216666912856418	0.022025101349215634	0.021844106581331992	0.021622706626284814	0.021359900689160678	0.021054664879364325	0.020705951700511548	0.0203126895293873	0.019873782083740393	0.019388107878679221	0.018854519671430876	0.01827184389421934	0.01763888007501347	0.016954400245891618	0.016217148338762623	0.015425839568179873	0.014579159800976791	0.013675764912449382	0.012714280128804678	0.011693299355586545	0.010611384491787565	0.0094670647293471598	0.0082588358377308196	0.0069851594332792392	0.0056444622330092988	0.0042351352925432397	0.0027555332278334454	0.0012039734203470986	-0.00042126479463564507	-0.0021219409569614078	-0.0038998543281397978	-0.0057568447558427093	-0.0076947935567415297	-0.0097156244180624171	-0.011821304318250231	-0.014013844467137737	-0.016295301266026525	-0.01866777728809247	-0.021133422279538887	-0.023694434181928209	-0.026353060176131839	-0.029111597748346991	-0.031972395778638828	-0.034937855652475029	-0.038010432395730077	-0.041192635833645276	-0.044487031774242049	-0.047896243216695021	-0.051422951585181495	-0.055069897988735718	-0.058839884507646857	-0.062735775506949254	-0.066760498977565752	-0.070917047905677405	-0.075208481670902674	-0.079637927473881751	-0.084208581793874207	-0.088923711876990802	-0.093786657255691422	-0.098800831300196762	-0.10396972280247022	-0.10929689759344582	-0.11478600019418624	-0.12044075550167034	-0.12626497050992849	-0.13226253606724969	-0.13843742867020897	-0.1447937122952713	-0.15133554026874721	-0.15806715717589018	-0.16499290080994403	-0.17211720416195883	-0.17944459745221969	-0.18697971020414167	-0.19472727336150558	8.4471438915267516	-0.21087919478346945	-0.21929354171732299	-0.22794032094750802	-0.2368248038585597	-0.24595237692018335	-0.25532854413388661	-0.26495892953061495	-0.27484927972043721	0.00086016884545595147	0.0017078172756660511	0.0025426016813255904	0.0033641700709191018	0.0041721618790197439	0.0049662077703798687	0.0057459294397229285	0.0065109394071450506	0.0072608408090325529	0.007995227184399897	0.0087136822565505052	0.0094157797099606675	0.01010108296228502	0.01076914493137969	0.011419507797237041	0.012051702758723942	0.012665249785012996	0.013259657361594094	0.013834422230750895	0.014389029126385238	0.014922950503068865	0.015435646259200578	0.015926563454143585	0.016395136019215207	0.01684078446239928	0.017262915566647594	0.017660922081635201	0.018034182408830521	0.018382060279739536	0.018703904427178758	0.01899904824943046	0.019266809467129345	0.019506489772726947	0.019717374472377518	0.01989873212008492	0.020049814143947488	0.020169854464334381	0.020258069103822423	0.020313655788721217	0.020335793542007621	0.020323642267489953	0.020276342325016607	0.020193014096540646	0.020072757542848436	0.019914651750754964	0.019717754470566392	0.019481101643604795	0.019203706919586748	0.018884561163641088	0.018522631952750977	0.018116863061395597	0.017666173936166429	0.017169459159127012	0.016625587899678159	0.016033403354690588	0.015391722176656776	0.014699333889612063	0.013955000292568669	0.013157454850201455	0.012305402070518362	0.011397516869243033	0.010432443920632455	0.0094087969944452524	0.00832515827877142	0.0071800776884286491	0.0059720721586223931	0.0046996249235638082	0.003361184779729545	0.0019551653334452372	0.00047994423246308876	-0.0010661376187980764	-0.0026847768606922439	-0.0043777084968120846	-0.006146706729836071	-0.0079935858151197556	-0.0099202009323989798	-0.011928449075984095	-0.0140202699638282	-0.016197646965863049	-0.018462608052003497	-0.020817226760228558	-0.023263623185157123	-0.025803964987544465	-0.028440468425132457	-0.031175399405300008	-0.03401107455996244	-0.036949862343185577	-0.039994184151982512	-0.043146515470776782	-0.046409387040020185	-0.049785386049467514	-0.053277157356619649	-0.056887404730855663	-0.060618892123785059	-0.064474444966365993	-0.068456951493341314	-0.072569364095558364	-0.076814700700749819	-0.081196046183364151	-0.085716553804046844	-0.090379446679384856	-0.095188019282539491	-0.10014563897540824	-0.10525574757296317	-0.1105218629404344	-0.11594758062401364	-0.12153657551577231	-0.12729260355349772	-0.13321950345617017	-0.13932119849581445	-0.14560169830647732	-0.15206510073109403	-0.15871559370702756	-0.16555745719107576	-0.17259506512475889	-0.17983288744071904	-0.18727549211107766	-0.1949275472386113	-0.20279382319163203	-0.2108791947834695	8.5889043218195891	-0.22772725975845096	-0.23650024525156638	-0.24551291528955582	-0.25477070122937201	-0.2642791529392014	-0.27404394131691451	-0.28407086086099759	0.00081168148162963794	0.0016107390735072601	0.0023968263265818392	0.003169588340317114	0.0039286615694066902	0.0046736736262454961	0.0054042430790670996	0.0061199792456543556	0.0068204819825290301	0.0075053414695238803	0.0081741379896390458	0.0088264417040820053	0.0094618124223888773	0.010079799367522027	0.010679940935837368	0.011261764451812248	0.01182478591742238	0.012368509756054233	0.012892428550836794	0.013396022777274405	0.013878760530059217	0.014340097243940461	0.014779475408523948	0.015196324276873535	0.015590059567782774	0.01596008316158324	0.016305782789352238	0.016626531715380241	0.016921688412755948	0.017190596231922407	0.017432583062056899	0.017646960985121515	0.017833025922431165	0.017990057273579364	0.018117317547561695	0.018214051985931901	0.018279488177822479	0.018312835666658037	0.018313285548387081	0.018280010061052402	0.018212162165518537	0.018108875117169829	0.017969262028388843	0.017792415421621174	0.017577406772829016	0.01732328604513108	0.017029081212422467	0.01669379777276421	0.016316418251327826	0.015895901692674581	0.015431183142147318	0.014921173116144075	0.014364757061042814	0.013760794800537039	0.013108119971140992	0.012405539445615708	0.011651832744062786	0.01084575143242867	0.0099860185081539592	0.0090713277727012681	0.0081003431906844937	0.0070716982353214095	0.0059839952199223752	0.0048358046151236378	0.0036256643515678428	0.0023520791077264792	0.0010135195825563095	-0.0003915782473297602	-0.0018648138862977263	-0.0034078230944652307	-0.0050222786789470078	-0.0067098913019184225	-0.0084724103058444293	-0.010311624556235995	-0.012229363302294157	-0.014227497055819084	-0.016307938488759808	-0.018472643349796293	-0.020723611400347459	-0.023062887370410016	-0.025492561934640546	-0.028014772709101174	-0.030631705269098579	-0.033345594188554629	-0.036158724101355282	-0.039073430785134249	-0.042092102267957857	-0.045217179958384861	-0.048451159799387758	-0.051796593446628535	-0.055256089471595556	-0.058832314590116272	-0.062527994916771107	-0.066345917245744762	-0.070288930358664792	-0.074359946359982373	-0.078561942040469332	-0.082897960269409751	-0.087371111416082461	-0.091984574801138086	-0.096741600178490608	-0.10164550924835286	-0.10669969720205875	-0.11190763429933256	-0.11727286747867083	-0.12279902200152316	-0.12848980313096936	-0.13434899784560517	-0.14038047658936109	-0.14658819505799797	-0.15297619602303344	-0.15954861119387381	-0.16630966311893441	-0.17326366712655694	-0.18041503330653838	-0.18776826853311365	-0.19532797853023923	-0.20309886998005353	-0.21108575267540053	-0.21929354171732299	-0.22772725975845096	8.7328533393794832	-0.24529312499594388	-0.25443587610753998	-0.26382576887221781	-0.27346839902484288	-0.28336948433021009	-0.29353486717522326	0.00076125718200056088	0.0015097869997429412	0.002245240164429793	0.0029672588665040737	0.0036754765807798144	0.0043695178672945303	0.0050489981677919044	0.0057135235977415523	0.0063626907338006251	0.0069960863966202118	0.007613287428897152	0.0082138604685701774	0.008797361717056789	0.0093633367024256366	0.0099113200373962228	0.010440835172056344	0.010951394141184772	0.011442497306064607	0.011913633090670171	0.01236427771210827	0.012793894905191497	0.013201935641019501	0.013587837839440753	0.013951026075265518	0.014290911278097148	0.014606890425646977	0.01489834623039458	0.015164646819452536	0.015405145407492136	0.015619179962583154	0.015806072864797554	0.015965130557425225	0.016095643190644191	0.016196884257487217	0.016268110221941672	0.016308560139016787	0.016317455266608265	0.016293998668988573	0.016237374811745114	0.016146749147986545	0.016021267695633716	0.015860056605606947	0.015662221720718073	0.015426848125072187	0.015152999683778626	0.014839718572768671	0.014486024798510137	0.014090915707408979	0.013653365484679008	0.013172324642459991	0.012646719496958078	0.012075451634377937	0.01145739736541212	0.010791407168046595	0.010076305118439327	0.0093108883096197619	0.0084939262577559821	0.0076241602957282479	0.0067003029537433196	0.0057210373267182089	0.0046850164281572486	0.0035908625302389025	0.0024371664898253523	0.0012224870600989184	-5.4649812472695599e-05	-0.0013957517061519017	-0.0028023604572364417	-0.0042760529089771009	-0.0058184416764314895	-0.0074311759275870748	-0.0091159421810923288	-0.010874465120943574	-0.012708508428478711	-0.01461987563204044	-0.016610410974675967	-0.018682000300249219	-0.020836571958348368	-0.023076097728379975	-0.025402593763250249	-0.0278181215530377	-0.030324788909076542	-0.032924750968871846	-0.035620211222282212	-0.038413422559409022	-0.041306688340645499	-0.044302363489343854	-0.047402855607570731	-0.050610626115430622	-0.053928191414444826	-0.057358124075485677	-0.060903054051775068	-0.06456566991746715	-0.068348720132343638	-0.072255014333164461	-0.076287424652226238	-0.080448887063688954	-0.084742402758248375	-0.089171039546740702	-0.093737933293274373	-0.098446289378505719	-0.10329938419367581	-0.10830056666604806	-0.11345325981639401	-0.11876096234918962	-0.12422725027619767	-0.12985577857412556	-0.13565028287706227	-0.14161458120441123	-0.14775257572505354	-0.15406825455848544	-0.16056569361369652	-0.16724905846656321	-0.17412260627655388	-0.18119068774355332	-0.18845774910563604	-0.19592833417862882	-0.20360708643832409	-0.21149875114622202	-0.21960817751969794	-0.22794032094750802	-0.23650024525156627	-0.24529312499594388	8.8790219804045609	-0.26359901696506721	-0.27312295349040938	-0.2829016990216327	-0.29294101819045676	-0.30324680127220266	0.00070885201836426047	0.0014048731979641772	0.0020877114102560838	0.0027570059366621383	0.0034123872721168245	0.0040534769243002417	0.0046798872084661599	0.0052912210377709656	0.0058870717090072234	0.0064670226836443176	0.0070306473640758304	0.0075775088649716838	0.0081071597796308348	0.0086191419412281443	0.0091129861788467412	0.0095882120681848731	0.010044327676824378	0.010480829303944981	0.010897201214366332	0.01129291536679769	0.011667431136172109	0.012020195029939668	0.012350640398191453	0.012658187137484182	0.012942241388230958	0.013202195225522989	0.013437426343241961	0.013647297731322597	0.013831157346018941	0.013988337773027177	0.014118155883314405	0.014219912481497857	0.014292891946618841	0.014336361865149494	0.014349572656068921	0.014331757187841652	0.014282130387126838	0.014199888839044689	0.014084210378821432	0.013934253674631785	0.013749157801452814	0.013528041805740762	0.013270004260736813	0.01297412281220545	0.012639453714403335	0.01226503135607394	0.011849867776258372	0.011392952169707074	0.010893250381676342	0.010349704391884238	0.0097612317874005011	0.0091267252242363279	0.0084450518773986471	0.0077150528791662589	0.0069355427453404494	0.0061053087892193212	0.0052231105230374835	0.0042876790466090265	0.0032977164229065748	0.0022518950403018875	0.0011488569611894869	-1.2786743291324865e-05	-0.0012344566727266824	-0.0025176057913879834	-0.0038637201369827326	-0.0052743195445069963	-0.006750958385513056	-0.0082952263231155614	-0.0099087490830636268	-0.011593189241214424	-0.013350247027750367	-0.015181661148488753	-0.017089209623640161	-0.019074710644379385	-0.021140023447599444	-0.023287049209228292	-0.025517731956492928	-0.027834059499527025	-0.03023806438272357	-0.032731824856243208	-0.035317465868097517	-0.037997160077234818	-0.040773128888065308	-0.043647643506870101	-0.046623026020549692	-0.049701650498174474	-0.052885944115811948	-0.056178388305111834	-0.059581519926144529	-0.06309793246499279	-0.066730277256612	-0.07048126473348261	-0.074353665700587754	-0.078350312637263053	-0.082474101026473692	-0.086727990712088643	-0.091115007284728197	-0.095638243496779352	-0.10030086070718136	-0.10510609035659563	-0.11005723547359031	-0.11515767221248002	-0.12041085142347326	-0.12582030025579777	-0.13138962379448285	-0.13712250673149348	-0.14302271507192785	-0.1490940978759972	-0.15534058903753314	-0.16176620909976755	-0.16837506710916139	-0.17517136250806165	-0.18215938706698911	-0.18934352685737293	-0.19672826426556428	-0.204318180048982	-0.21211795543525405	-0.22013237426524274	-0.22836632518085456	-0.23682480385855986	-0.24551291528955582	-0.25443587610753998	-0.26359901696506727	9.0274416735219027	-0.28266774610950363	-0.29258458788333258	-0.30276412177962081	-0.31321228596210648	0.00065442110347319277	0.0012959078936758779	0.0019241054023180645	0.0025386500018011356	0.0031391692071800052	0.0037252814737773364	0.0042965959903570571	0.0048527124677622373	0.0053932209229209148	0.0059177014581207653	0.0064257240354520708	0.0069168482463159622	0.0073906230758928907	0.0078465866624639405	0.008284266051475777	0.008703176944237119	0.0091028234411329699	0.0094826977792395462	0.0098422800642218988	0.010181037996391773	0.010498426590802619	0.010793887891254943	0.011066850678082525	0.011316730169588392	0.011542927716995633	0.011744830492775004	0.011921811172210629	0.012073227608059232	0.012198422498157484	0.012296723045828259	0.012367440612933437	0.012409870365417909	0.012423290911186198	0.012406963930149723	0.012360133796279321	0.01228202719149492	0.012171852711219094	0.012028800461419655	0.011852041646961887	0.011640728151086428	0.011393992105826492	0.011110945453174341	0.010790679496800595	0.010432264444128973	0.010034748938563492	0.0095971595816600769	0.0091185004450325367	0.0085977525717763296	0.0080338734671900804	0.0074257965785702474	0.0067724307638498535	0.0060726597488467522	0.005325341572882507	0.0045293080225284662	0.0036833640532294466	0.0027862871985520872	0.0018368269667972347	0.00083370422471331458	-0.00022438943196144119	-0.0013387923214004814	-0.0025108733323190762	-0.0037420325946170814	-0.0050337021643290436	-0.0063873467231799217	-0.0078044642930525368	-0.0092865869656766978	-0.01083528164785906	-0.012452150822578154	-0.01413883332627462	-0.015897005142675519	-0.017728380213496892	-0.019634711266377169	-0.021617790660399511	-0.023679451249570972	-0.025821567264630425	-0.0280460552135696	-0.030354874801254598	-0.032750029868545853	-0.035233569351323539	-0.037807588259830063	-0.040474228678754609	-0.043235680788488579	-0.046094183907993969	-0.049052027559731509	-0.052111552557109031	-0.055275152114915162	-0.058545272983217822	-0.06192441660521255	-0.065415140299518518	-0.069020058467428896	-0.072741843825632563	-0.07658322866493647	-0.080547006135525248	-0.084636031559309585	-0.088853223769924092	-0.09320156648094606	-0.09768410968292017	-0.1023039710697852	-0.10706433749531025	-0.11196846646016213	-0.1170196876302363	-0.12222140438689816	-0.12757709540979337	-0.13309031629290169	-0.13876470119451847	-0.14460396452186691	-0.15061190265105343	-0.15679239568309808	-0.16314940923678231	-0.16968699627907383	-0.17640929899390514	-0.18332055069009379	-0.19042507774921313	-0.19772730161423596	-0.20523174081979054	-0.21294301306488803	-0.22086583732899165	-0.22900503603232586	-0.23736553724132872	-0.24595237692018335	-0.25477070122937195	-0.26382576887221781	-0.27312295349040938	-0.28266774610950357	9.1781442431367957	-0.30252272140313313	-0.31284449577814022	-0.32343706681262063	0.00059791857064813109	0.0011827993535195897	0.0017542845405780672	0.0023120075952041551	0.0028555930525732054	0.0033846563156504682	0.0038988034467099821	0.004397630954281557	0.0048807255754286533	0.005347664053257253	0.0057980129095543511	0.0062313282124523226	0.0066471553390130122	0.0070450287326237855	0.0074244716550948466	0.0077849959333454611	0.0081261017005636021	0.008447277131722216	0.0087479981733315851	0.0090277282673059504	0.0092859180688192322	0.0095220051580223123	0.0097354137454916667	0.009925554371276778	0.010091823597410392	0.010233603693743164	0.010350262316961442	0.01044115218264397	0.010505610730210136	0.010542959780609411	0.010552505186598657	0.010533536475450139	0.010485326483931726	0.010407130985394071	0.010298188308799918	0.010157718949524377	0.0099849251717534469	0.0097789906023028183	0.0095390798156765495	0.0092643379101811849	0.0089538900749063337	0.0086068411473800843	0.0082222751617025309	0.0077992548869566716	0.0073368213556938098	0.0068339933822823542	0.0062897670709089635	0.0057031153130139064	0.0050729872739380365	0.0043983078685564253	0.0036779772256654063	0.0029108701408894146	0.0020958355178646404	0.0012316957974549121	0.00031724637474863108	-0.00064874499641897276	-0.0016675388116807195	-0.0027404244373542136	-0.0038687207449350737	-0.0050537767591425416	-0.0062969723198013786	-0.0075997187578505619	-0.0089634595857730308	-0.010389671202747633	-0.011879863614832089	-0.013435581170490025	-0.015058403311782704	-0.016749945341552445	-0.018511859206931339	-0.020345834299516249	-0.022253598272557049	-0.024236917875513204	-0.026297599806340631	-0.028437491581878284	-0.030658482426711035	-0.032962504180894615	-0.035351532226933949	-0.037827586436416358	-0.040392732136709075	-0.043049081098136537	-0.045798792542065286	-0.048644074170330023	-0.051587183216444246	-0.054630427519048598	-0.057776166618057928	-0.061026812873979285	-0.064384832610881321	-0.067852747283504836	-0.071433134669018156	-0.075128630083924675	-0.078941927626646785	-0.082875781446317992	-0.086933007038324253	-0.091116482567151741	-0.095429150217103964	-0.099874017571467022	-0.10445415902070979	-0.10917271720032251	-0.11403290445890456	-0.11903800435712823	-0.12419137319821585	-0.12949644159058377	-0.13495671604331494	-0.14057578059514103	-0.14635729847762358	-0.15230501381324366	-0.15842275334911649	-0.16471442822707039	-0.17118403579083699	-0.17783566143111967	-0.18467348046932233	-0.19170176008073347	-0.19892486125797862	-0.20634724081557454	-0.21397345343642638	-0.22180815376113741	-0.22985609852100672	-0.23812214871562054	-0.24661127183594814	-0.25532854413388673	-0.26427915293920129	-0.27346839902484299	-0.2829016990216327	-0.29258458788333253	-0.30252272140313313	9.331161912761841	-0.32318796525427707	-0.33392701475868608	0.00053929755296452768	0.0010654538436462198	0.0015781082242624464	0.0020768912491730095	0.0025614244736737019	0.0030313202483723601	0.003486181509053111	0.0039256015619325464	0.0043491638642095256	0.0047564417998083334	0.0051469984502126847	0.0055203863602861893	0.0058761472989721057	0.0062138120147640389	0.0065328999858358201	0.0068329191647171364	0.0071133657173990741	0.0073737237567511318	0.0076134650701289502	0.007832048841049313	0.0080289213648065093	0.008203515757901788	0.0083552516611544066	0.0084835349363601657	0.0085877573563616499	0.0086672962883892687	0.0087215143705315773	0.0087497591811895366	0.0087513629013651322	0.0087256419696343825	0.00867189672964906	0.0085894110700090471	0.0084774520563453779	0.0083352695554480567	0.0081620958512715423	0.0079571452526463315	0.0077196136925218378	0.0074486783185613702	0.0071434970749080819	0.0068032082749343121	0.0064269301647860043	0.006013760477527187	0.0055627759776871871	0.005073031996008579	0.0045435619541898389	0.0039733768794117733	0.0033614649084339606	0.0027067907810414326	0.0020082953226175588	0.0012648949156155178	0.00047548095969538731	-0.00036108067971200744	-0.0012459502346558813	-0.0021803146099799156	-0.0031653879709518584	-0.0042024123434683995	-0.005292658227095526	-0.0064374252212170456	-0.007638042664562722	-0.0088958702883971032	-0.010212298883654615	-0.011588750982313604	-0.013026681553305193	-0.014527578713261959	-0.016092964452416748	-0.017724395375967077	-0.019423463461228616	-0.021191796830907467	-0.02303106054282732	-0.024942957396454836	-0.026929228756573588	-0.02899165539446422	-0.031132058346955226	-0.03335229979371758	-0.03565428395318225	-0.038039957997468704	-0.040511312986720831	-0.043070384823253115	-0.045719255225919374	-0.048460052725126275	-0.051294953678917822	-0.054226183310571802	-0.057256016768153464	-0.060386780206483116	-0.063620851891982827	-0.066960663330878134	-0.07040870042123791	-0.073967504629348743	-0.077639674190927849	-0.081427865337689087	-0.085334793549788318	-0.08936323483468521	-0.093516027032967616	-0.097796071151696723	-0.1022063327258453	-0.10674984320840782	-0.11142970138977788	-0.11624907484699688	-0.12121120142349456	-0.12631939073994838	-0.13157702573690802	-0.13698756424984065	-0.1425545406172665	-0.14828156732266864	-0.15417233667087563	-0.16023062249962577	-0.16646028192704362	-0.17286525713576517	-0.17944957719447263	-0.18621735991760502	-0.19317281376403789	-0.2003202397755299	-0.20766403355575924	-0.21520868729078668	-0.22295879181179448	-0.23091903870097763	-0.23909422244147135	-0.24748924261222305	-0.25610910612873411	-0.26495892953061495	-0.27404394131691445	-0.28336948433021009	-0.29294101819045676	-0.30276412177962075	-0.31284449577814016	-0.32318796525427707	9.486527308323808	-0.3446881287666449	0.00047851016200513839	0.00094377558722127637	0.001395432788119469	0.0018331094100387186	0.002256424028395267	0.0026649859414395283	0.0030583949584657402	0.0034362411833772488	0.0037981047935083207	0.0041435558136015509	0.0044721538848374025	0.0047834480288106223	0.0050769764063459538	0.0053522660710432985	0.005608832717440013	0.0058461804236762428	0.0060638013885461585	0.0062611756628159123	0.0064377708746864012	0.0065930419492769505	0.006726430822002279	0.0068373661457140173	0.0069252629914739973	0.0069895225428246704	0.0070295317834182221	0.0070446631778648822	0.0070342743456555529	0.0069977077280131018	0.0069342902475223196	0.0068433329603857966	0.0067241307011500677	0.0065759617197428044	0.0063980873106580993	0.006189751434125321	0.0059501803290906239	0.0056785821178400135	0.0053741464020860795	0.0050360438503400653	0.0046634257763839681	0.0042554237086560179	0.0038111489503584459	0.0033296921300912693	0.0028101227428130485	0.0022514886809259973	0.0016528157552754769	0.0010131072058549759	0.00033134320199703526	-0.00039351966816875562	-0.0011625489192164679	-0.0019768367011147084	-0.0028375003433397127	-0.0037456829106543577	-0.0047025537707930361	-0.0057093091743070932	-0.0067671728468206554	-0.0078773965939617462	-0.0090412609192299861	-0.01026007565507547	-0.011535180607461747	-0.01286794621419878	-0.014259774217330873	-0.015712098349875435	-0.017226385037211817	-0.01880413411342656	-0.020446879552927611	-0.022156190217646046	-0.023933670620152239	-0.02578096170301598	-0.027699741634752681	-0.029691726622698544	-0.031758671743171048	-0.033902371789271725	-0.036124662136702214	-0.038427419627965149	-0.040812563475337356	-0.043282056183002598	-0.045837904488743426	-0.048482160325601042	-0.051216921803916821	-0.054044334214178841	-0.056966591051108989	-0.059985935059428119	-0.063104659301752991	-0.066325108249083664	-0.069649678894349587	-0.073080821889494524	-0.076621042706587844	-0.08027290282346182	-0.084039020934382633	-0.087922074186274166	-0.091924799441026286	-0.096049994564424826	-0.10030051974225913	-0.1046792988241657	-0.10918932069578639	-0.11383364067982425	-0.1186153819665972	-0.12353773707469826	-0.12860396934238741	-0.13381741445034709	-0.13918148197645444	-0.14469965698322762	-0.15037550163862376	-0.15621265687087804	-0.16221484405808506	-0.16838586675324124	-0.17472961244547972	-0.18125005435824493	-0.18795125328516898	-0.19483735946442693	-0.20191261449236567	-0.20918135327721407	-0.21664800603370371	-0.22431710031943838	-0.23219326311387781	-0.24028122294080909	-0.24858581203520247	-0.25711196855536828	-0.26586473884133865	-0.27484927972043721	-0.28407086086099753	-0.29353486717522315	-0.30324680127220272	-0.31321228596210654	-0.32343706681262063	-0.33392701475868614	-0.3446881287666449	9.6442734614460957
A	0.12499058772989306	0.12491529807354369	0.12476476411251865	0.12453907652284725	0.12423837125029451	0.1238628294284725	0.1234126772697323	0.12288818592890204	0.12228967133995346	0.12161749402569502	0.12087205888060651	0.12005381492694572	0.11916325504427423	0.11820091567256516	0.11716737648907187	0.11606326005915195	0.11488923146125722	0.1136459978863153	0.11233430821174423	0.11095495255035674	0.10950876177442583	0.10799660701519834	0.10641939913815815	0.10477808819435476	0.10307366284812816	0.10130714978157435	0.099479613076110446	0.097592153571511811	0.09564590820280737	0.093642049315432421	0.091581783959051602	0.089466353160477338	0.087297031176121614	0.085075124724431628	0.082801972198771473	0.080478942861223937	0.078107436017798307	0.075688880175540693	0.073224732182054858	0.070716476347951654	0.068165623552755808	0.065573710334808605	0.062942297965714697	0.060272971509890354	0.057567338869780001	0.054827029817315964	0.052053695012204665	0.049249005007631012	0.0464146492439797	0.043552335031179314	0.040663786520282873	0.037750743664903524	0.034814961173131632	0.031858207450564328	0.02888226353508391	0.02588892202402732	0.022879985994392633	0.019857267916732674	0.016822588563390778	0.013777775911735398	0.010724664043054985	0.007665092037776081	0.0046009028676698739	0.0015339422857149931	-0.0015339422857149779	-0.0046009028676698583	-0.0076650920377760662	-0.010724664043054969	-0.013777775911735382	-0.016822588563390764	-0.01985726791673266	-0.022879985994392615	-0.025888922024027306	-0.028882263535083892	-0.031858207450564315	-0.034814961173131619	-0.037750743664903511	-0.040663786520282859	-0.0435523350311793	-0.046414649243979686	-0.049249005007630998	-0.052053695012204623	-0.054827029817315923	-0.057567338869780008	-0.060272971509890347	-0.062942297965714683	-0.065573710334808591	-0.06816562355275578	-0.070716476347951668	-0.073224732182054858	-0.075688880175540679	-0.078107436017798279	-0.080478942861223909	-0.082801972198771487	-0.085075124724431642	-0.087297031176121601	-0.089466353160477324	-0.091581783959051588	-0.093642049315432394	-0.09564590820280737	-0.097592153571511811	-0.099479613076110432	-0.10130714978157433	-0.10307366284812813	-0.10477808819435476	-0.10641939913815814	-0.10799660701519834	-0.10950876177442581	-0.11095495255035673	-0.11233430821174424	-0.1136459978863153	-0.11488923146125721	-0.11606326005915193	-0.11716737648907186	-0.11820091567256516	-0.11916325504427423	-0.12005381492694572	-0.12087205888060651	-0.12161749402569501	-0.12228967133995344	-0.12288818592890204	-0.1234126772697323	-0.1238628294284725	-0.12423837125029451	-0.12453907652284725	-0.12476476411251865	-0.12491529807354369	-0.12499058772989306	0.12496235233702553	0.12466130708483628	0.12405994182483875	0.12315970529861765	0.12196276625481607	0.12047200822442998	0.11869102257412958	0.11662409985434237	0.11427621946294134	0.11165303764943942	0.10876087388858893	0.10560669565621339	0.10219810164394796	0.098543303453325778	0.094651105813310571	0.090530885368933375	0.086192568092133368	0.081646605369222108	0.076903948822578352	0.071976023927230667	0.066874702485887158	0.061612274028723012	0.056201416206825824	0.050655164250623733	0.044986879566873535	0.039210217549861447	0.033339094684362303	0.027387655019608721	0.021370236095037669	0.015301334399902035	0.0091955704499584318	0.003067653565364033	-0.0030676535653640178	-0.0091955704499584161	-0.015301334399902019	-0.021370236095037656	-0.027387655019608707	-0.033339094684362289	-0.039210217549861426	-0.044986879566873521	-0.050655164250623719	-0.056201416206825838	-0.061612274028722998	-0.06687470248588713	-0.071976023927230667	-0.076903948822578352	-0.081646605369222067	-0.086192568092133368	-0.090530885368933348	-0.094651105813310571	-0.098543303453325778	-0.10219810164394795	-0.10560669565621339	-0.10876087388858892	-0.1116530376494394	-0.11427621946294134	-0.11662409985434236	-0.11869102257412958	-0.12047200822442998	-0.12196276625481606	-0.12315970529861765	-0.12405994182483875	-0.12466130708483628	-0.12496235233702553	-0.12496235233702553	-0.12466130708483628	-0.12405994182483875	-0.12315970529861767	-0.12196276625481607	-0.12047200822442999	-0.1186910225741296	-0.11662409985434237	-0.11427621946294135	-0.11165303764943942	-0.10876087388858893	-0.1056066956562134	-0.10219810164394796	-0.098543303453325792	-0.094651105813310599	-0.090530885368933375	-0.086192568092133381	-0.081646605369222136	-0.076903948822578408	-0.071976023927230653	-0.066874702485887158	-0.061612274028723026	-0.056201416206825866	-0.050655164250623795	-0.0449868795668735	-0.039210217549861433	-0.033339094684362316	-0.027387655019608763	-0.021370236095037711	-0.015301334399901995	-0.0091955704499584196	-0.0030676535653640486	0.0030676535653640026	0.0091955704499583728	0.01530133439990195	0.021370236095037666	0.027387655019608718	0.033339094684362275	0.039210217549861391	0.044986879566873451	0.050655164250623753	0.056201416206825824	0.061612274028722984	0.066874702485887116	0.071976023927230612	0.07690394882257838	0.081646605369222094	0.086192568092133354	0.090530885368933334	0.094651105813310529	0.098543303453325737	0.10219810164394796	0.10560669565621338	0.1087608738885889	0.11165303764943939	0.11427621946294129	0.11662409985434237	0.11869102257412958	0.12047200822442998	0.12196276625481606	0.12315970529861764	0.12405994182483875	0.12466130708483628	0.12496235233702553	0.12491529807354369	0.12423837125029451	0.12288818592890204	0.12087205888060651	0.11820091567256516	0.11488923146125722	0.11095495255035674	0.10641939913815815	0.10130714978157435	0.09564590820280737	0.089466353160477338	0.082801972198771473	0.075688880175540693	0.068165623552755808	0.060272971509890354	0.052053695012204665	0.043552335031179314	0.034814961173131632	0.02588892202402732	0.016822588563390778	0.0076650920377761087	-0.0015339422857149779	-0.010724664043054997	-0.019857267916732688	-0.028882263535083868	-0.037750743664903483	-0.046414649243979686	-0.054827029817315971	-0.062942297965714683	-0.070716476347951668	-0.078107436017798279	-0.085075124724431642	-0.091581783959051588	-0.097592153571511811	-0.10307366284812813	-0.10799660701519834	-0.11233430821174421	-0.11606326005915193	-0.11916325504427423	-0.12161749402569502	-0.1234126772697323	-0.12453907652284725	-0.12499058772989306	-0.12476476411251865	-0.1238628294284725	-0.12228967133995347	-0.12005381492694575	-0.11716737648907187	-0.11364599788631531	-0.1095087617744258	-0.10477808819435475	-0.09947961307611046	-0.093642049315432407	-0.087297031176121628	-0.08047894286122402	-0.073224732182054886	-0.065573710334808674	-0.057567338869779987	-0.049249005007631026	-0.040663786520282914	-0.031858207450564294	-0.022879985994392619	-0.013777775911735414	-0.0046009028676699164	0.0046009028676698704	0.013777775911735367	0.022879985994392574	0.031858207450564245	0.040663786520282866	0.049249005007630985	0.057567338869779952	0.065573710334808633	0.073224732182054844	0.080478942861223979	0.087297031176121559	0.093642049315432407	0.099479613076110418	0.10477808819435472	0.10950876177442578	0.1136459978863153	0.11716737648907186	0.12005381492694571	0.12228967133995343	0.1238628294284725	0.12476476411251865	0.12499058772989306	0.12453907652284725	0.12341267726973232	0.12161749402569501	0.11916325504427423	0.11606326005915196	0.11233430821174425	0.10799660701519839	0.10307366284812811	0.097592153571511839	0.091581783959051574	0.085075124724431711	0.078107436017798321	0.070716476347951793	0.062942297965714669	0.054827029817315964	0.046414649243979735	0.03775074366490358	0.028882263535083993	0.019857267916732597	0.010724664043055042	0.0015339422857149683	-0.0076650920377759526	-0.016822588563390733	-0.025888922024027358	-0.034814961173131535	-0.0435523350311793	-0.0520536950122047	-0.06027297150989027	-0.068165623552755614	-0.075688880175540749	-0.082801972198771417	-0.089466353160477338	-0.095645908202807287	-0.10130714978157432	-0.10641939913815815	-0.11095495255035669	-0.11488923146125721	-0.11820091567256517	-0.12087205888060648	-0.12288818592890204	-0.12423837125029451	-0.12491529807354368	0.12484943202564655	0.12364706374559763	0.121253906649318	0.1176930081478776	0.11299866164043042	0.10721607625003401	0.10040094143508062	0.092618890669369902	0.083944869355877291	0.074462413061554183	0.064262843024152708	0.053444386678785274	0.042111231674027506	0.030372522487907998	0.018341309306920218	0.0061334592909272657	-0.006133459290927251	-0.018341309306920205	-0.030372522487907984	-0.042111231674027493	-0.053444386678785233	-0.064262843024152708	-0.07446241306155417	-0.083944869355877305	-0.09261889066936986	-0.1004009414350806	-0.107216076250034	-0.11299866164043042	-0.11769300814787759	-0.121253906649318	-0.12364706374559763	-0.12484943202564655	-0.12484943202564655	-0.12364706374559763	-0.121253906649318	-0.1176930081478776	-0.11299866164043043	-0.10721607625003403	-0.10040094143508062	-0.092618890669369888	-0.083944869355877333	-0.074462413061554142	-0.064262843024152722	-0.053444386678785309	-0.042111231674027493	-0.030372522487908015	-0.018341309306920288	-0.0061334592909272536	0.0061334592909272076	0.018341309306920243	0.03037252248790797	0.042111231674027451	0.053444386678785268	0.064262843024152694	0.074462413061554114	0.083944869355877305	0.092618890669369847	0.10040094143508063	0.107216076250034	0.11299866164043039	0.1176930081478776	0.121253906649318	0.12364706374559761	0.12484943202564655	0.12484943202564655	0.12364706374559761	0.12125390664931801	0.11769300814787761	0.11299866164043042	0.10721607625003403	0.10040094143508066	0.092618890669369902	0.083944869355877333	0.074462413061554156	0.064262843024152735	0.053444386678785323	0.042111231674027506	0.030372522487908029	0.018341309306920305	0.0061334592909272692	-0.0061334592909271929	-0.018341309306920118	-0.030372522487907849	-0.042111231674027541	-0.053444386678785261	-0.06426284302415268	-0.0744624130615541	-0.083944869355877208	-0.092618890669369916	-0.10040094143508062	-0.10721607625003399	-0.11299866164043039	-0.11769300814787756	-0.12125390664931801	-0.12364706374559763	-0.12484943202564655	-0.12484943202564655	-0.12364706374559764	-0.12125390664931804	-0.11769300814787759	-0.11299866164043042	-0.10721607625003404	-0.10040094143508067	-0.092618890669369972	-0.083944869355877277	-0.07446241306155417	-0.064262843024152749	-0.053444386678785337	-0.042111231674027624	-0.030372522487907935	-0.018341309306920208	-0.006133459290927284	0.0061334592909271773	0.018341309306920104	0.030372522487907831	0.042111231674027527	0.05344438667878524	0.064262843024152666	0.074462413061554086	0.083944869355877194	0.092618890669369902	0.1004009414350806	0.10721607625003399	0.11299866164043038	0.11769300814787755	0.12125390664931801	0.12364706374559763	0.12484943202564655	0.12476476411251865	0.12288818592890204	0.11916325504427423	0.1136459978863153	0.10641939913815815	0.097592153571511811	0.087297031176121601	0.075688880175540693	0.062942297965714697	0.049249005007631012	0.034814961173131632	0.019857267916732702	0.0046009028676698462	-0.010724664043054969	-0.025888922024027334	-0.040663786520282859	-0.054827029817315971	-0.06816562355275578	-0.080478942861223909	-0.091581783959051588	-0.10130714978157433	-0.10950876177442581	-0.11606326005915193	-0.12087205888060652	-0.1238628294284725	-0.12499058772989306	-0.12423837125029451	-0.12161749402569502	-0.11716737648907188	-0.11095495255035677	-0.10307366284812816	-0.093642049315432407	-0.082801972198771501	-0.070716476347951682	-0.057567338869779987	-0.043552335031179355	-0.028882263535083975	-0.013777775911735414	0.001533942285715018	0.016822588563390747	0.031858207450564245	0.046414649243979776	0.060272971509890277	0.073224732182054844	0.085075124724431669	0.095645908202807356	0.10477808819435472	0.11233430821174423	0.11820091567256515	0.12228967133995346	0.12453907652284725	0.12491529807354369	0.12341267726973229	0.12005381492694575	0.11488923146125724	0.10799660701519832	0.09947961307611046	0.08946635316047731	0.078107436017798321	0.065573710334808674	0.052053695012204665	0.03775074366490358	0.022879985994392744	0.0076650920377760289	-0.0076650920377759526	-0.02287998599439256	-0.037750743664903504	-0.052053695012204498	-0.065573710334808522	-0.078107436017798265	-0.089466353160477338	-0.099479613076110487	-0.1079966070151983	-0.11488923146125721	-0.12005381492694574	-0.12341267726973228	-0.12491529807354368	-0.12453907652284725	-0.1222896713399535	-0.11820091567256522	-0.11233430821174427	-0.10477808819435476	-0.095645908202807481	-0.085075124724431558	-0.073224732182054914	-0.060272971509890347	-0.046414649243979846	-0.031858207450564426	-0.016822588563390604	-0.0015339422857149835	0.013777775911735226	0.028882263535083795	0.043552335031179286	0.057567338869780021	0.070716476347951709	0.082801972198771404	0.093642049315432394	0.10307366284812805	0.11095495255035669	0.11716737648907191	0.12161749402569501	0.12423837125029448	0.12499058772989306	0.12386282942847252	0.12087205888060651	0.11606326005915192	0.10950876177442588	0.10130714978157437	0.091581783959051741	0.080478942861223882	0.068165623552755697	0.054827029817315992	0.04066378652028306	0.025888922024027462	0.010724664043055073	-0.0046009028676698245	-0.019857267916732708	-0.034814961173131508	-0.049249005007630943	-0.062942297965714489	-0.075688880175540721	-0.08729703117612167	-0.097592153571511769	-0.10641939913815802	-0.11364599788631523	-0.11916325504427426	-0.12288818592890204	-0.12476476411251865	0.12466130708483628	0.12196276625481607	0.11662409985434237	0.10876087388858893	0.098543303453325778	0.086192568092133381	0.071976023927230653	0.056201416206825852	0.039210217549861419	0.021370236095037669	0.003067653565364033	-0.015301334399902019	-0.033339094684362289	-0.050655164250623719	-0.06687470248588713	-0.081646605369222067	-0.094651105813310571	-0.10560669565621339	-0.11427621946294134	-0.12047200822442998	-0.12405994182483875	-0.12496235233702553	-0.12315970529861765	-0.11869102257412958	-0.11165303764943944	-0.10219810164394799	-0.090530885368933375	-0.076903948822578325	-0.061612274028723026	-0.0449868795668735	-0.027387655019608763	-0.0091955704499584196	0.0091955704499583728	0.027387655019608718	0.044986879566873451	0.061612274028722984	0.076903948822578297	0.090530885368933334	0.10219810164394796	0.11165303764943944	0.11869102257412958	0.12315970529861767	0.12496235233702553	0.12405994182483876	0.12047200822442999	0.11427621946294138	0.10560669565621347	0.094651105813310571	0.08164660536922215	0.066874702485887075	0.050655164250623705	0.03333909468436233	0.015301334399902011	-0.003067653565363987	-0.021370236095037434	-0.03921021754986137	-0.056201416206825713	-0.071976023927230695	-0.08619256809213334	-0.098543303453325723	-0.10876087388858896	-0.11662409985434236	-0.12196276625481606	-0.12466130708483626	-0.12466130708483628	-0.12196276625481607	-0.1166240998543424	-0.108760873888589	-0.098543303453325778	-0.086192568092133409	-0.071976023927230764	-0.056201416206825797	-0.039210217549861461	-0.021370236095037524	-0.00306765356536419	0.01530133439990203	0.03333909468436224	0.050655164250623622	0.066874702485886992	0.081646605369222081	0.094651105813310515	0.10560669565621331	0.11427621946294124	0.12047200822442997	0.12405994182483876	0.12496235233702553	0.12315970529861765	0.11869102257412968	0.11165303764943939	0.10219810164394796	0.090530885368933403	0.07690394882257845	0.061612274028723164	0.044986879566873333	0.027387655019608808	0.0091955704499583537	-0.0091955704499582167	-0.027387655019608673	-0.044986879566873202	-0.061612274028723046	-0.076903948822578339	-0.090530885368933306	-0.10219810164394788	-0.11165303764943932	-0.11869102257412964	-0.12315970529861764	-0.12496235233702553	-0.12405994182483877	-0.12047200822443001	-0.11427621946294129	-0.1056066956562135	-0.094651105813310599	-0.081646605369222011	-0.066874702485887297	-0.050655164250624156	-0.033339094684362164	-0.015301334399902167	0.0030676535653640525	0.021370236095037388	0.039210217549861329	0.056201416206825866	0.071976023927230473	0.086192568092133312	0.098543303453325834	0.10876087388858884	0.11662409985434234	0.1219627662548161	0.12466130708483626	0.12453907652284725	0.12087205888060651	0.1136459978863153	0.10307366284812816	0.089466353160477338	0.073224732182054872	0.054827029817315936	0.03481496117313166	0.01377777591173537	-0.0076650920377760385	-0.028882263535083892	-0.049249005007630998	-0.068165623552755822	-0.0850751247244316	-0.099479613076110432	-0.11095495255035673	-0.11916325504427423	-0.1238628294284725	-0.12491529807354369	-0.12228967133995347	-0.11606326005915198	-0.10641939913815816	-0.093642049315432407	-0.078107436017798307	-0.060272971509890416	-0.040663786520282914	-0.019857267916732691	0.001533942285715018	0.022879985994392574	0.043552335031179314	0.062942297965714725	0.080478942861223979	0.095645908202807287	0.1079966070151983	0.11716737648907186	0.12288818592890204	0.12499058772989306	0.1234126772697323	0.11820091567256517	0.10950876177442581	0.097592153571511839	0.082801972198771473	0.065573710334808591	0.046414649243979832	0.025888922024027324	0.004600902867669932	-0.016822588563390622	-0.037750743664903504	-0.057567338869779834	-0.075688880175540749	-0.091581783959051533	-0.10477808819435472	-0.11488923146125721	-0.12161749402569502	-0.12476476411251863	-0.12423837125029449	-0.12005381492694575	-0.11233430821174417	-0.10130714978157437	-0.087297031176121767	-0.070716476347951612	-0.052053695012204783	-0.031858207450564426	-0.010724664043055058	0.010724664043054952	0.031858207450564321	0.052053695012204686	0.070716476347951529	0.087297031176121684	0.1013071497815743	0.11233430821174412	0.12005381492694572	0.12423837125029448	0.12476476411251865	0.12161749402569504	0.11488923146125725	0.10477808819435477	0.091581783959051602	0.075688880175540832	0.057567338869779931	0.037750743664903608	0.016822588563391059	-0.0046009028676696033	-0.025888922024027327	-0.046414649243979735	-0.065573710334808494	-0.08280197219877139	-0.097592153571511631	-0.10950876177442581	-0.11820091567256517	-0.1234126772697323	-0.12499058772989306	-0.12288818592890211	-0.11716737648907181	-0.10799660701519824	-0.095645908202807495	-0.080478942861224062	-0.062942297965714808	-0.043552335031179411	-0.022879985994392681	-0.0015339422857150141	0.019857267916732695	0.040663786520282498	0.060272971509890035	0.07810743601779839	0.093642049315432518	0.10641939913815801	0.11606326005915187	0.12228967133995342	0.12491529807354369	0.12386282942847252	0.11916325504427425	0.11095495255035676	0.099479613076110696	0.085075124724431919	0.068165623552755725	0.049249005007630894	0.028882263535084159	0.0076650920377763117	-0.013777775911735181	-0.034814961173131903	-0.054827029817315839	-0.073224732182054789	-0.089466353160477297	-0.1030736628481279	-0.11364599788631531	-0.12087205888060652	-0.12453907652284726	0.12439809083402462	0.1196175419665261	0.11024015804354438	0.096626306670342124	0.079299160520455686	0.058924592103249726	0.036285584656807791	0.012252142541195096	-0.012252142541195081	-0.036285584656807771	-0.058924592103249712	-0.079299160520455672	-0.096626306670342124	-0.11024015804354437	-0.1196175419665261	-0.1243980908340246	-0.12439809083402462	-0.11961754196652612	-0.11024015804354438	-0.096626306670342138	-0.079299160520455728	-0.05892459210324974	-0.036285584656807805	-0.012252142541195056	0.012252142541195011	0.036285584656807757	0.058924592103249698	0.0792991605204557	0.096626306670342083	0.11024015804354435	0.1196175419665261	0.12439809083402462	0.12439809083402462	0.11961754196652612	0.11024015804354438	0.09662630667034211	0.079299160520455741	0.058924592103249747	0.036285584656807819	0.012252142541195072	-0.012252142541194996	-0.036285584656807854	-0.058924592103249684	-0.079299160520455603	-0.096626306670342138	-0.11024015804354435	-0.11961754196652606	-0.12439809083402462	-0.12439809083402462	-0.11961754196652609	-0.1102401580435444	-0.096626306670342194	-0.079299160520455672	-0.058924592103249761	-0.036285584656807937	-0.012252142541195086	0.01225214254119498	0.036285584656807833	0.058924592103249671	0.079299160520455589	0.096626306670342124	0.11024015804354434	0.11961754196652606	0.1243980908340246	0.12439809083402462	0.1196175419665261	0.11024015804354441	0.096626306670342207	0.079299160520455686	0.058924592103249775	0.036285584656807951	0.012252142541195101	-0.012252142541194964	-0.036285584656807819	-0.058924592103249657	-0.079299160520455575	-0.096626306670342124	-0.11024015804354434	-0.11961754196652606	-0.1243980908340246	-0.12439809083402462	-0.11961754196652617	-0.11024015804354452	-0.096626306670342069	-0.0792991605204557	-0.058924592103249789	-0.036285584656807965	-0.012252142541195337	0.012252142541195171	0.036285584656807805	0.058924592103249643	0.079299160520455561	0.096626306670341972	0.11024015804354444	0.11961754196652612	0.1243980908340246	0.12439809083402463	0.11961754196652617	0.11024015804354452	0.096626306670342083	0.079299160520455714	0.058924592103249802	0.036285584656807986	0.012252142541195353	-0.012252142541195155	-0.036285584656807791	-0.058924592103249629	-0.079299160520455547	-0.096626306670341958	-0.11024015804354442	-0.11961754196652612	-0.1243980908340246	-0.12439809083402463	-0.11961754196652617	-0.11024015804354453	-0.096626306670342096	-0.079299160520455728	-0.058924592103249816	-0.036285584656808	-0.012252142541195369	0.01225214254119514	0.036285584656807778	0.058924592103249615	0.079299160520455547	0.096626306670341944	0.11024015804354442	0.1196175419665261	0.1243980908340246
B	0.019819146066075159	0.055045135628177325	0.019911593232148452	0.055431933012129675	0.020099191331919699	0.056089250177079469	0.020387549256482798	0.057037068271271057
CENTER	1.0578721017219148	1.2416625489424111	1.1512475414180356	0.8226568918240672	0.497290400800317	0.40201035625309256	0.54283833248335323	0.70185410898768397	0.64006920147046453	0.3196757895063348	-0.058738898319455946	-0.23829751504047644	-0.13989311720076522	0.066935251717952171	0.12143141170370733	-0.087415806065470836	-0.41793642332992437	-0.60551594533429454	-0.50572145910507471	-0.22727303677126492	-0.032581909186689628	-0.097266138657694928	-0.34970273259460616	-0.53808450671524799	-0.46327952209699741	-0.16335100179358386	0.11996119020060028	0.16203109501153073	-0.039537618013047858	-0.26401104533748415	-0.27163139442631634	-0.025046550003544228	0.27554025727396025	0.37583109192786857	0.20083750185175914	-0.07636399966135074	-0.19374727840504571	-0.041047891812479517	0.23921794504355323	0.38327810827469133	0.24922148504043989	-0.051843891643691582	-0.25720892741817664	-0.19334539035556614	0.065292590563967329	0.26542169474252242	0.20843426837530915	-0.066448362662635457	-0.31777995497728506	-0.3235273599831584	-0.084975458962316439	0.17456907174961839	0.21508677780790783	0.00041455558076480131	-0.26870425879644344	-0.33946089327836876	-0.13975497930392258	0.15512774540733093	0.28325553604768616	0.13644328874496892	-0.14070045357317573	-0.28411919173956413	-0.15343508676723339	0.13868494888936464	0.3298715068360622	0.24909719159167124	-0.026188543299131915	-0.24130296788324646	-0.19845355963580083	0.061505571682978773	0.29678303178134158	0.28714634400764799	0.036632554222987272	-0.22990928844569561	-0.27327664323053513	-0.059567551280315587	0.20890767697488161	0.27986721817396015	0.083213376844468778	-0.20434676434447133	-0.32163284473187259	-0.16303134033804037	0.12444615461661925	0.27632201330482897	0.15376679048769634	-0.12884550328192451	-0.30920940456384932	-0.21839420004070242	0.063678737238183472	0.28154032302639964	0.23887195121618537	-0.021175341978769715	-0.25581826536396435	-0.24600259559164606	0.0020742445203904281	0.26256242540519381	0.29753571638589238	0.075701360018480685	-0.19883684964963594	-0.27420802793028853	-0.082292823656907821	0.19872262606363714	0.30826504983872588	0.14305410083438075	-0.14782186673241227	-0.29985196860303526	-0.17616862328364449	0.10673542805002699	0.2862178922069864	0.19505235863746528	-0.084749015816130258	-0.29728183354384313	-0.24799318870277967	0.017458693421831074	0.25517207155837607	0.24721304150412077	0.0019338501222873339	-0.25377078333616038	-0.28314652333227769	-0.057335708146197331	0.21800095160567148	0.29167707008019311	0.097832479074608111	-0.18359630973918706	-0.29238020800031689	-0.1273099037821474	0.16070820498057789	0.30736579480513732
TARGET	0.059600799238518361	0.27961172579016785	0.24254892114587701	-0.017512243028274026	-0.26147273172407642	-0.26503639671604595	-0.024926820845248918	0.23810035915474592	0.2822191670039319	0.066866974230074289	-0.2099624062780627	-0.29375331874539523	-0.1074687846710486	0.17762205441216691	0.29940799581490851	0.1459196066561399	-0.14172659591953984	-0.29907001981247883	-0.18144984672188522	0.10299447864596861	0.29274615533009263	0.21334836687179473	-0.062200926182027633	-0.28056297455836166	-0.24097671800818643	0.020162421757642476	0.26276432394326682	0.26378191849521726	0.022279633675308393	-0.23970644359788409	-0.28130752209008431	-0.0642757620887663	0.21185083715410033	0.29320275371767757	0.10498541068699865	-0.17975503476427956	-0.29922953023609439	-0.1435937755765245	0.14406143413147768	0.29926722567234154	0.17932811007157642	-0.10548444291504488	-0.29331508555200625	-0.21147319122427441	0.064796179856467226	0.28149224200006628	0.23938563501678925	-0.022811020817506068	-0.26403532931059859	-0.26250677369683401	-0.019630700958212084	0.24129374770977421	0.28037383751652439	0.061679514120780349	-0.2137226701079562	-0.29262921707202927	-0.10249381138885544	0.18187393181080369	0.29902762085821954	0.14125669432511601	-0.14638498553187726	-0.29944098477981113	-0.17719232356403966	0.1079661427722428	0.29386103535510283	0.20958144724207917	-0.067386356930948327	-0.28239945530976895	-0.23777579682860131	0.025457832697513741	0.26528564824634532	0.26121106222493545	0.016980230230452174	-0.24286214712956503	-0.27941818643483496	-0.05907843373490515	0.2155777584867403	0.29203275374344656	0.099994181986473279	-0.18397857954206673	-0.29880228350032051	-0.13890854600571079	0.14869706807696825	0.29959128352134623	0.17504265453218967	-0.1104393837833017	-0.29438396196573835	-0.20767328313807265	0.069971254472322941	0.28328454340983761	0.2361473295699538	-0.028102650027338437	-0.26651518279150638	-0.25989488559490087	-0.014328429149016223	0.24441151897753741	0.27844064371761229	0.05647272471853277	-0.21741595694945245	-0.29141341046316743	-0.097486718318843688	0.18606881306478934	0.29855353581695071	0.13654951458918008	-0.15099750062153236	-0.29971811012145966	-0.17287927139659903	0.11290397217668691	0.29488382441407146	0.20574884841159	-0.072550669961078659	-0.28414743695608835	-0.2345003608267141	0.030745265592919492	0.26772383661547972	0.25855834692549806	0.011675505475122369	-0.24594174186472864	-0.2774412859526017	-0.053862591221696614	0.21923712147837029	0.29077123575501052	0.09497161683875098	-0.18814446861500528	-0.29828139729679737	-0.13417978489905535	0.15328610293309619	0.29982145464364113
MULTIPLIERS	0.5	0.64285714285714279	0.7857142857142857	0.9285714285714286	1.0714285714285714	1.2142857142857142	1.3571428571428572	1.5
X0	0.11682550269259515	0.29563491899653804	0.2026389541653453	-0.076662330608049362	-0.28548062216685482	-0.23182934626679613	0.03496476145514809	0.26961242874348806	0.25637967242648413	0.0074326276360073291	-0.2483479407256961	-0.2757985576994027	-0.049681252634492822	0.22211276698573459	0.28969733296478323	0.090935507023710671	-0.19143200470438426	-0.29779781414118994	-0.13036968662156903	0.15691972954730893	0.29993787004280076	0.16719451605529842	-0.11926670493642987	-0.29607466743619459	-0.20067294611340727	0.079226556415340821	0.28628552834780907	0.23013490579065904	-0.037600687828928732	-0.27076638246305562	-0.25499071376379839	-0.0047777587800305402	0.24982784559233392	0.27474288086724569	0.047060578514522999	-0.22388900269347489	-0.28899606734212824	-0.088401480450077286	0.19346901988346021	0.29746499556424233	0.12797302615337194	-0.15917675332506109	-0.29998015987764109	-0.16498319086810431	0.12169856296660075	0.29649121925149108	0.19869121589587285	-0.081784575042922122	-0.28706800485614631	-0.22842243488656225	0.040233668293697143	0.27189912239179909	0.25358177728992809	0.0021225155999792813	-0.25128817714410828	-0.27366567869670577	-0.0444362173294909	0.22564769732234233	0.28827215968368614	0.085860527867026068	-0.19549087730446643	-0.29710887143460368	-0.12556633935552763	0.16142130604817784	0.29999894710368197	0.16275893970808725	-0.12412088625381582	-0.29688454180675483	-0.19669391877577569	0.084336186077170444	0.28782799038701506	0.22669206772182354	-0.042863496562779581	-0.27301055978270533	-0.25215297339111498	0.00053289387325108916	0.25272882096811616	0.27256703558356771	0.041808374690773725	-0.22738871308351927	-0.28752566670560231	-0.083312848351103017	0.19749741856051514	0.29672946965360597	0.12314981478523182	-0.16365321186221579	-0.29999423024899657	-0.16052193683912519	0.12653348501579814	0.2972546042862601	0.19468121123577731	-0.086881189606474327	-0.28856542539766755	-0.22494393986588654	0.045489966596462268	0.27410060755775295	0.25070441401016169	-0.0031882615957307459	-0.25414966419392998	-0.27144703760345679	-0.039177256482516659	0.22911191357327421	0.28675664689352065	0.080758641505896053	-0.1994884864446925	-0.29632681994632099	-0.12072364177044813	0.16587229590357624	0.29996600968313736	0.15827235752415145	-0.12893617023216608	-0.29760137769664413	-0.19265325096589789	0.089419386236908024	0.28928025211212832	0.22317818827969141	-0.048112872618146098	-0.27516918031474025	-0.24923621263765405	0.0058433795268073132	0.25555059550244735	0.2703057725050898	0.036543068845490301	-0.23081716378365666	-0.28596516049799781	-0.078198107446385098	0.20146392496238499	0.2959009538592301
END
CASE	mixed-box-3-s0
KIND	0
EQUALITIES	1
INEQUALITIES	2
Q	1	0	0	0	1	0	0	0	1
CENTER	3	0	-1
A	1	1	0	0	-1	0	0	0	1
B	1	0	0.5
LOWER	-10	-10	0
UPPER	10	10	10
TARGET	1	0	0
MULTIPLIERS	2	2	0
X0	0	0	0
END
CASE	mixed-box-3-s1
KIND	0
EQUALITIES	1
INEQUALITIES	2
Q	1	0	0	0	1	0	0	0	1
CENTER	3	0	-1
A	1	1	0	0	-1	0	0	0	1
B	1	0	0.5
LOWER	-10	-10	0
UPPER	10	10	10
TARGET	1	0	0
MULTIPLIERS	2	2	0
X0	0.11682550269259515	0.29563491899653804	0.2026389541653453
END
CASE	ball-8-s0
KIND	1
EQUALITIES	0
INEQUALITIES	1
Q	1	0	0	0	0	0	0	0	0	1	0	0	0	0	0	0	0	0	1	0	0	0	0	0	0	0	0	1	0	0	0	0	0	0	0	0	1	0	0	0	0	0	0	0	0	1	0	0	0	0	0	0	0	0	1	0	0	0	0	0	0	0	0	1
CENTER	0.5	0.64285714285714279	0.7857142857142857	0.9285714285714286	1.0714285714285714	1.2142857142857142	1.3571428571428572	1.5
TARGET	0.16800537625806178	0.21600691233179367	0.26400844840552562	0.3120099844792576	0.36001152055298946	0.40801305662672138	0.45601459270045341	0.50401612877418533
MULTIPLIERS	0.98804761828568988
X0	0	0	0	0	0	0	0	0
END
CASE	ball-8-s1
KIND	1
EQUALITIES	0
INEQUALITIES	1
Q	1	0	0	0	0	0	0	0	0	1	0	0	0	0	0	0	0	0	1	0	0	0	0	0	0	0	0	1	0	0	0	0	0	0	0	0	1	0	0	0	0	0	0	0	0	1	0	0	0	0	0	0	0	0	1	0	0	0	0	0	0	0	0	1
CENTER	0.5	0.64285714285714279	0.7857142857142857	0.9285714285714286	1.0714285714285714	1.2142857142857142	1.3571428571428572	1.5
TARGET	0.16800537625806178	0.21600691233179367	0.26400844840552562	0.3120099844792576	0.36001152055298946	0.40801305662672138	0.45601459270045341	0.50401612877418533
MULTIPLIERS	0.98804761828568988
X0	0.11682550269259515	0.29563491899653804	0.2026389541653453	-0.076662330608049362	-0.28548062216685482	-0.23182934626679613	0.03496476145514809	0.26961242874348806
END
CASE	ball-64-s0
KIND	1
EQUALITIES	0
INEQUALITIES	1
Q	1	0	0	0	0	0	0	0	0	0	0	0	0	0	0	0	0	0	0	0	0	0	0	0	0	0	0	0	0	0	0	0	0	0	0	0	0	0	0	0	0	0	0	0	0	0	0	0	0	0	0	0	0	0	0	0	0	0	0	0	0	0	0	0	0	1	0	0	0	0	0	0	0	0	0	0	0	0	0	0	0	0	0	0	0	0	0	0	0	0	0	0	0	0	0	0	0	0	0	0	0	0	0	0	0	0	0	0	0	0	0	0	0	0	0	0	0	0	0	0	0	0	0	0	0	0	0	0	0	0	1	0	0	0	0	0	0	0	0	0	0	0	0	0	0	0	0	0	0	0	0	0	0	0	0	0	0	0	0	0	0	0	0	0	0	0	0	0	0	0	0	0	0	0	0	0	0	0	0	0	0	0	0	0	0	0	0	0	0	0	0	0	0	0	0	1	0	0	0	0	0	0	0	0	0	0	0	0	0	0	0	0	0	0	0	0	0	0	0	0	0	0	0	0	0	0	0	0	0	0	0	0	0	0	0	0	0	0	0	0	0	0	0	0	0	0	0	0	0	0	0	0	0	0	0	0	0	0	0	0	1	0	0	0	0	0	0	0	0	0	0	0	0	0	0	0	0	0	0	0	0	0	0	0	0	0	0	0	0	0	0	0	0	0	0	0	0	0	0	0	0	0	0	0	0	0	0	0	0	0	0	0	0	0	0	0	0	0	0	0	0	0	0	0	0	1	0	0	0	0	0	0	0	0	0	0	0	0	0	0	0	0	0	0	0	0	0	0	0	0	0	0	0	0	0	0	0	0	0	0	0	0	0	0	0	0	0	0	0	0	0	0	0	0	0	0	0	0	0	0	0	0	0	0	0	0	0	0	0	0	1	0	0	0	0	0	0	0	0	0	0	0	0	0	0	0	0	0	0	0	0	0	0	0	0	0	0	0	0	0	0	0	0	0	0	0	0	0	0	0	0	0	0	0	0	0	0	0	0	0	0	0	0	0	0	0	0	0	0	0	0	0	0	0	0	1	0	0	0	0	0	0	0	0	0	0	0	0	0	0	0	0	0	0	0	0	0	0	0	0	0	0	0	0	0	0	0	0	0	0	0	0	0	0	0	0	0	0	0	0	0	0	0	0	0	0	0	0	0	0	0	0	0	0	0	0	0	0	0	0	1	0	0	0	0	0	0	0	0	0	0	0	0	0	0	0	0	0	0	0	0	0	0	0	0	0	0	0	0	0	0	0	0	0	0	0	0	0	0	0	0	0	0	0	0	0	0	0	0	0	0	0	0	0	0	0	0	0	0	0	0	0	0	0	0	1	0	0	0	0	0	0	0	0	0	0	0	0	0	0	0	0	0	0	0	0	0	0	0	0	0	0	0	0	0	0	0	0	0	0	0	0	0	0	0	0	0	0	0	0	0	0	0	0	0	0	0	0	0	0	0	0	0	0	0	0	0	0	0	0	1	0	0	0	0	0	0	0	0	0	0	0	0	0	0	0	0	0	0	0	0	0	0	0	0	0	0	0	0	0	0	0	0	0	0	0	0	0	0	0	0	0	0	0	0	0	0	0	0	0	0	0	0	0	0	0	0	0	0	0	0	0	0	0	0	1	0	0	0	0	0	0	0	0	0	0	0	0	0	0	0	0	0	0	0	0	0	0	0	0	0	0	0	0	0	0	0	0	0	0	0	0	0	0	0	0	0	0	0	0	0	0	0	0	0	0	0	0	0	0	0	0	0	0	0	0	0	0	0	0	1	0	0	0	0	0	0	0	0	0	0	0	0	0	0	0	0	0	0	0	0	0	0	0	0	0	0	0	0	0	0	0	0	0	0	0	0	0	0	0	0	0	0	0	0	0	0	0	0	0	0	0	0	0	0	0	0	0	0	0	0	0	0	0	0	1	0	0	0	0	0	0	0	0	0	0	0	0	0	0	0	0	0	0	0	0	0	0	0	0	0	0	0	0	0	0	0	0	0	0	0	0	0	0	0	0	0	0	0	0	0	0	0	0	0	0	0	0	0	0	0	0	0	0	0	0	0	0	0	0	1	0	0	0	0	0	0	0	0	0	0	0	0	0	0	0	0	0	0	0	0	0	0	0	0	0	0	0	0	0	0	0	0	0	0	0	0	0	0	0	0	0	0	0	0	0	0	0	0	0	0	0	0	0	0	0	0	0	0	0	0	0	0	0	0	1	0	0	0	0	0	0	0	0	0	0	0	0	0	0	0	0	0	0	0	0	0	0	0	0	0	0	0	0	0	0	0	0	0	0	0	0	0	0	0	0	0	0	0	0	0	0	0	0	0	0	0	0	0	0	0	0	0	0	0	0	0	0	0	0	1	0	0	0	0	0	0	0	0	0	0	0	0	0	0	0	0	0	0	0	0	0	0	0	0	0	0	0	0	0	0	0	0	0	0	0	0	0	0	0	0	0	0	0	0	0	0	0	0	0	0	0	0	0	0	0	0	0	0	0	0	0	0	0	0	1	0	0	0	0	0	0	0	0	0	0	0	0	0	0	0	0	0	0	0	0	0	0	0	0	0	0	0	0	0	0	0	0	0	0	0	0	0	0	0	0	0	0	0	0	0	0	0	0	0	0	0	0	0	0	0	0	0	0	0	0	0	0	0	0	1	0	0	0	0	0	0	0	0	0	0	0	0	0	0	0	0	0	0	0	0	0	0	0	0	0	0	0	0	0	0	0	0	0	0	0	0	0	0	0	0	0	0	0	0	0	0	0	0	0	0	0	0	0	0	0	0	0	0	0	0	0	0	0	0	1	0	0	0	0	0	0	0	0	0	0	0	0	0	0	0	0	0	0	0	0	0	0	0	0	0	0	0	0	0	0	0	0	0	0	0	0	0	0	0	0	0	0	0	0	0	0	0	0	0	0	0	0	0	0	0	0	0	0	0	0	0	0	0	0	1	0	0	0	0	0	0	0	0	0	0	0	0	0	0	0	0	0	0	0	0	0	0	0	0	0	0	0	0	0	0	0	0	0	0	0	0	0	0	0	0	0	0	0	0	0	0	0	0	0	0	0	0	0	0	0	0	0	0	0	0	0	0	0	0	1	0	0	0	0	0	0	0	0	0	0	0	0	0	0	0	0	0	0	0	0	0	0	0	0	0	0	0	0	0	0	0	0	0	0	0	0	0	0	0	0	0	0	0	0	0	0	0	0	0	0	0	0	0	0	0	0	0	0	0	0	0	0	0	0	1	0	0	0	0	0	0	0	0	0	0	0	0	0	0	0	0	0	0	0	0	0	0	0	0	0	0	0	0	0	0	0	0	0	0	0	0	0	0	0	0	0	0	0	0	0	0	0	0	0	0	0	0	0	0	0	0	0	0	0	0	0	0	0	0	1	0	0	0	0	0	0	0	0	0	0	0	0	0	0	0	0	0	0	0	0	0	0	0	0	0	0	0	0	0	0	0	0	0	0	0	0	0	0	0	0	0	0	0	0	0	0	0	0	0	0	0	0	0	0	0	0	0	0	0	0	0	0	0	0	1	0	0	0	0	0	0	0	0	0	0	0	0	0	0	0	0	0	0	0	0	0	0	0	0	0	0	0	0	0	0	0	0	0	0	0	0	0	0	0	0	0	0	0	0	0	0	0	0	0	0	0	0	0	0	0	0	0	0	0	0	0	0	0	0	1	0	0	0	0	0	0	0	0	0	0	0	0	0	0	0	0	0	0	0	0	0	0	0	0	0	0	0	0	0	0	0	0	0	0	0	0	0	0	0	0	0	0	0	0	0	0	0	0	0	0	0	0	0	0	0	0	0	0	0	0	0	0	0	0	1	0	0	0	0	0	0	0	0	0	0	0	0	0	0	0	0	0	0	0	0	0	0	0	0	0	0	0	0	0	0	0	0	0	0	0	0	0	0	0	0	0	0	0	0	0	0	0	0	0	0	0	0	0	0	0	0	0	0	0	0	0	0	0	0	1	0	0	0	0	0	0	0	0	0	0	0	0	0	0	0	0	0	0	0	0	0	0	0	0	0	0	0	0	0	0	0	0	0	0	0	0	0	0	0	0	0	0	0	0	0	0	0	0	0	0	0	0	0	0	0	0	0	0	0	0	0	0	0	0	1	0	0	0	0	0	0	0	0	0	0	0	0	0	0	0	0	0	0	0	0	0	0	0	0	0	0	0	0	0	0	0	0	0	0	0	0	0	0	0	0	0	0	0	0	0	0	0	0	0	0	0	0	0	0	0	0	0	0	0	0	0	0	0	0	1	0	0	0	0	0	0	0	0	0	0	0	0	0	0	0	0	0	0	0	0	0	0	0	0	0	0	0	0	0	0	0	0	0	0	0	0	0	0	0	0	0	0	0	0	0	0	0	0	0	0	0	0	0	0	0	0	0	0	0	0	0	0	0	0	1	0	0	0	0	0	0	0	0	0	0	0	0	0	0	0	0	0	0	0	0	0	0	0	0	0	0	0	0	0	0	0	0	0	0	0	0	0	0	0	0	0	0	0	0	0	0	0	0	0	0	0	0	0	0	0	0	0	0	0	0	0	0	0	0	1	0	0	0	0	0	0	0	0	0	0	0	0	0	0	0	0	0	0	0	0	0	0	0	0	0	0	0	0	0	0	0	0	0	0	0	0	0	0	0	0	0	0	0	0	0	0	0	0	0	0	0	0	0	0	0	0	0	0	0	0	0	0	0	0	1	0	0	0	0	0	0	0	0	0	0	0	0	0	0	0	0	0	0	0	0	0	0	0	0	0	0	0	0	0	0	0	0	0	0	0	0	0	0	0	0	0	0	0	0	0	0	0	0	0	0	0	0	0	0	0	0	0	0	0	0	0	0	0	0	1	0	0	0	0	0	0	0	0	0	0	0	0	0	0	0	0	0	0	0	0	0	0	0	0	0	0	0	0	0	0	0	0	0	0	0	0	0	0	0	0	0	0	0	0	0	0	0	0	0	0	0	0	0	0	0	0	0	0	0	0	0	0	0	0	1	0	0	0	0	0	0	0	0	0	0	0	0	0	0	0	0	0	0	0	0	0	0	0	0	0	0	0	0	0	0	0	0	0	0	0	0	0	0	0	0	0	0	0	0	0	0	0	0	0	0	0	0	0	0	0	0	0	0	0	0	0	0	0	0	1	0	0	0	0	0	0	0	0	0	0	0	0	0	0	0	0	0	0	0	0	0	0	0	0	0	0	0	0	0	0	0	0	0	0	0	0	0	0	0	0	0	0	0	0	0	0	0	0	0	0	0	0	0	0	0	0	0	0	0	0	0	0	0	0	1	0	0	0	0	0	0	0	0	0	0	0	0	0	0	0	0	0	0	0	0	0	0	0	0	0	0	0	0	0	0	0	0	0	0	0	0	0	0	0	0	0	0	0	0	0	0	0	0	0	0	0	0	0	0	0	0	0	0	0	0	0	0	0	0	1	0	0	0	0	0	0	0	0	0	0	0	0	0	0	0	0	0	0	0	0	0	0	0	0	0	0	0	0	0	0	0	0	0	0	0	0	0	0	0	0	0	0	0	0	0	0	0	0	0	0	0	0	0	0	0	0	0	0	0	0	0	0	0	0	1	0	0	0	0	0	0	0	0	0	0	0	0	0	0	0	0	0	0	0	0	0	0	0	0	0	0	0	0	0	0	0	0	0	0	0	0	0	0	0	0	0	0	0	0	0	0	0	0	0	0	0	0	0	0	0	0	0	0	0	0	0	0	0	0	1	0	0	0	0	0	0	0	0	0	0	0	0	0	0	0	0	0	0	0	0	0	0	0	0	0	0	0	0	0	0	0	0	0	0	0	0	0	0	0	0	0	0	0	0	0	0	0	0	0	0	0	0	0	0	0	0	0	0	0	0	0	0	0	0	1	0	0	0	0	0	0	0	0	0	0	0	0	0	0	0	0	0	0	0	0	0	0	0	0	0	0	0	0	0	0	0	0	0	0	0	0	0	0	0	0	0	0	0	0	0	0	0	0	0	0	0	0	0	0	0	0	0	0	0	0	0	0	0	0	1	0	0	0	0	0	0	0	0	0	0	0	0	0	0	0	0	0	0	0	0	0	0	0	0	0	0	0	0	0	0	0	0	0	0	0	0	0	0	0	0	0	0	0	0	0	0	0	0	0	0	0	0	0	0	0	0	0	0	0	0	0	0	0	0	1	0	0	0	0	0	0	0	0	0	0	0	0	0	0	0	0	0	0	0	0	0	0	0	0	0	0	0	0	0	0	0	0	0	0	0	0	0	0	0	0	0	0	0	0	0	0	0	0	0	0	0	0	0	0	0	0	0	0	0	0	0	0	0	0	1	0	0	0	0	0	0	0	0	0	0	0	0	0	0	0	0	0	0	0	0	0	0	0	0	0	0	0	0	0	0	0	0	0	0	0	0	0	0	0	0	0	0	0	0	0	0	0	0	0	0	0	0	0	0	0	0	0	0	0	0	0	0	0	0	1	0	0	0	0	0	0	0	0	0	0	0	0	0	0	0	0	0	0	0	0	0	0	0	0	0	0	0	0	0	0	0	0	0	0	0	0	0	0	0	0	0	0	0	0	0	0	0	0	0	0	0	0	0	0	0	0	0	0	0	0	0	0	0	0	1	0	0	0	0	0	0	0	0	0	0	0	0	0	0	0	0	0	0	0	0	0	0	0	0	0	0	0	0	0	0	0	0	0	0	0	0	0	0	0	0	0	0	0	0	0	0	0	0	0	0	0	0	0	0	0	0	0	0	0	0	0	0	0	0	1	0	0	0	0	0	0	0	0	0	0	0	0	0	0	0	0	0	0	0	0	0	0	0	0	0	0	0	0	0	0	0	0	0	0	0	0	0	0	0	0	0	0	0	0	0	0	0	0	0	0	0	0	0	0	0	0	0	0	0	0	0	0	0	0	1	0	0	0	0	0	0	0	0	0	0	0	0	0	0	0	0	0	0	0	0	0	0	0	0	0	0	0	0	0	0	0	0	0	0	0	0	0	0	0	0	0	0	0	0	0	0	0	0	0	0	0	0	0	0	0	0	0	0	0	0	0	0	0	0	1	0	0	0	0	0	0	0	0	0	0	0	0	0	0	0	0	0	0	0	0	0	0	0	0	0	0	0	0	0	0	0	0	0	0	0	0	0	0	0	0	0	0	0	0	0	0	0	0	0	0	0	0	0	0	0	0	0	0	0	0	0	0	0	0	1	0	0	0	0	0	0	0	0	0	0	0	0	0	0	0	0	0	0	0	0	0	0	0	0	0	0	0	0	0	0	0	0	0	0	0	0	0	0	0	0	0	0	0	0	0	0	0	0	0	0	0	0	0	0	0	0	0	0	0	0	0	0	0	0	1	0	0	0	0	0	0	0	0	0	0	0	0	0	0	0	0	0	0	0	0	0	0	0	0	0	0	0	0	0	0	0	0	0	0	0	0	0	0	0	0	0	0	0	0	0	0	0	0	0	0	0	0	0	0	0	0	0	0	0	0	0	0	0	0	1	0	0	0	0	0	0	0	0	0	0	0	0	0	0	0	0	0	0	0	0	0	0	0	0	0	0	0	0	0	0	0	0	0	0	0	0	0	0	0	0	0	0	0	0	0	0	0	0	0	0	0	0	0	0	0	0	0	0	0	0	0	0	0	0	1	0	0	0	0	0	0	0	0	0	0	0	0	0	0	0	0	0	0	0	0	0	0	0	0	0	0	0	0	0	0	0	0	0	0	0	0	0	0	0	0	0	0	0	0	0	0	0	0	0	0	0	0	0	0	0	0	0	0	0	0	0	0	0	0	1	0	0	0	0	0	0	0	0	0	0	0	0	0	0	0	0	0	0	0	0	0	0	0	0	0	0	0	0	0	0	0	0	0	0	0	0	0	0	0	0	0	0	0	0	0	0	0	0	0	0	0	0	0	0	0	0	0	0	0	0	0	0	0	0	1	0	0	0	0	0	0	0	0	0	0	0	0	0	0	0	0	0	0	0	0	0	0	0	0	0	0	0	0	0	0	0	0	0	0	0	0	0	0	0	0	0	0	0	0	0	0	0	0	0	0	0	0	0	0	0	0	0	0	0	0	0	0	0	0	1	0	0	0	0	0	0	0	0	0	0	0	0	0	0	0	0	0	0	0	0	0	0	0	0	0	0	0	0	0	0	0	0	0	0	0	0	0	0	0	0	0	0	0	0	0	0	0	0	0	0	0	0	0	0	0	0	0	0	0	0	0	0	0	0	1	0	0	0	0	0	0	0	0	0	0	0	0	0	0	0	0	0	0	0	0	0	0	0	0	0	0	0	0	0	0	0	0	0	0	0	0	0	0	0	0	0	0	0	0	0	0	0	0	0	0	0	0	0	0	0	0	0	0	0	0	0	0	0	0	1	0	0	0	0	0	0	0	0	0	0	0	0	0	0	0	0	0	0	0	0	0	0	0	0	0	0	0	0	0	0	0	0	0	0	0	0	0	0	0	0	0	0	0	0	0	0	0	0	0	0	0	0	0	0	0	0	0	0	0	0	0	0	0	0	1	0	0	0	0	0	0	0	0	0	0	0	0	0	0	0	0	0	0	0	0	0	0	0	0	0	0	0	0	0	0	0	0	0	0	0	0	0	0	0	0	0	0	0	0	0	0	0	0	0	0	0	0	0	0	0	0	0	0	0	0	0	0	0	0	1	0	0	0	0	0	0	0	0	0	0	0	0	0	0	0	0	0	0	0	0	0	0	0	0	0	0	0	0	0	0	0	0	0	0	0	0	0	0	0	0	0	0	0	0	0	0	0	0	0	0	0	0	0	0	0	0	0	0	0	0	0	0	0	0	1	0	0	0	0	0	0	0	0	0	0	0	0	0	0	0	0	0	0	0	0	0	0	0	0	0	0	0	0	0	0	0	0	0	0	0	0	0	0	0	0	0	0	0	0	0	0	0	0	0	0	0	0	0	0	0	0	0	0	0	0	0	0	0	0	1	0	0	0	0	0	0	0	0	0	0	0	0	0	0	0	0	0	0	0	0	0	0	0	0	0	0	0	0	0	0	0	0	0	0	0	0	0	0	0	0	0	0	0	0	0	0	0	0	0	0	0	0	0	0	0	0	0	0	0	0	0	0	0	0	1	0	0	0	0	0	0	0	0	0	0	0	0	0	0	0	0	0	0	0	0	0	0	0	0	0	0	0	0	0	0	0	0	0	0	0	0	0	0	0	0	0	0	0	0	0	0	0	0	0	0	0	0	0	0	0	0	0	0	0	0	0	0	0	0	1
CENTER	0.5	0.51587301587301582	0.53174603174603174	0.54761904761904767	0.56349206349206349	0.57936507936507931	0.59523809523809523	0.61111111111111116	0.62698412698412698	0.64285714285714279	0.65873015873015872	0.67460317460317465	0.69047619047619047	0.70634920634920628	0.72222222222222221	0.73809523809523814	0.75396825396825395	0.76984126984126977	0.7857142857142857	0.80158730158730163	0.81746031746031744	0.83333333333333326	0.84920634920634919	0.86507936507936511	0.88095238095238093	0.89682539682539675	0.91269841269841268	0.9285714285714286	0.94444444444444442	0.96031746031746024	0.97619047619047616	0.99206349206349209	1.0079365079365079	1.0238095238095237	1.0396825396825395	1.0555555555555556	1.0714285714285714	1.0873015873015872	1.1031746031746033	1.1190476190476191	1.1349206349206349	1.1507936507936507	1.1666666666666665	1.1825396825396826	1.1984126984126984	1.2142857142857142	1.2301587301587302	1.246031746031746	1.2619047619047619	1.2777777777777777	1.2936507936507935	1.3095238095238095	1.3253968253968254	1.3412698412698412	1.3571428571428572	1.373015873015873	1.3888888888888888	1.4047619047619047	1.4206349206349205	1.4365079365079365	1.4523809523809523	1.4682539682539681	1.4841269841269842	1.5
TARGET	0.059974872935909099	0.061878837156096683	0.063782801376284282	0.06568676559647188	0.067590729816659464	0.069494694036847049	0.071398658257034633	0.073302622477222232	0.075206586697409816	0.077110550917597401	0.079014515137784999	0.080918479357972597	0.082822443578160182	0.084726407798347766	0.086630372018535365	0.088534336238722963	0.090438300458910548	0.092342264679098132	0.094246228899285717	0.096150193119473315	0.0980541573396609	0.099958121559848484	0.10186208578003608	0.10376605000022368	0.10567001422041127	0.10757397844059885	0.10947794266078645	0.11138190688097405	0.11328587110116163	0.11518983532134922	0.1170937995415368	0.1189977637617244	0.12090172798191198	0.12280569220209957	0.12470965642228715	0.12661362064247475	0.12851758486266235	0.13042154908284992	0.13232551330303755	0.13422947752322512	0.13613344174341271	0.13803740596360028	0.13994137018378788	0.14184533440397548	0.14374929862416308	0.14565326284435065	0.14755722706453828	0.14946119128472585	0.15136515550491342	0.15326911972510102	0.15517308394528859	0.15707704816547621	0.15898101238566378	0.16088497660585138	0.16278894082603898	0.16469290504622658	0.16659686926641415	0.16850083348660175	0.17040479770678932	0.17230876192697694	0.17421272614716451	0.17611669036735209	0.17802065458753971	0.17992461880772728
MULTIPLIERS	3.6684123327306972
X0	0	0	0	0	0	0	0	0	0	0	0	0	0	0	0	0	0	0	0	0	0	0	0	0	0	0	0	0	0	0	0	0	0	0	0	0	0	0	0	0	0	0	0	0	0	0	0	0	0	0	0	0	0	0	0	0	0	0	0	0	0	0	0	0
END
CASE	ball-64-s1
KIND	1
EQUALITIES	0
INEQUALITIES	1
Q	1	0	0	0	0	0	0	0	0	0	0	0	0	0	0	0	0	0	0	0	0	0	0	0	0	0	0	0	0	0	0	0	0	0	0	0	0	0	0	0	0	0	0	0	0	0	0	0	0	0	0	0	0	0	0	0	0	0	0	0	0	0	0	0	0	1	0	0	0	0	0	0	0	0	0	0	0	0	0	0	0	0	0	0	0	0	0	0	0	0	0	0	0	0	0	0	0	0	0	0	0	0	0	0	0	0	0	0	0	0	0	0	0	0	0	0	0	0	0	0	0	0	0	0	0	0	0	0	0	0	1	0	0	0	0	0	0	0	0	0	0	0	0	0	0	0	0	0	0	0	0	0	0	0	0	0	0	0	0	0	0	0	0	0	0	0	0	0	0	0	0	0	0	0	0	0	0	0	0	0	0	0	0	0	0	0	0	0	0	0	0	0	0	0	0	1	0	0	0	0	0	0	0	0	0	0	0	0	0	0	0	0	0	0	0	0	0	0	0	0	0	0	0	0	0	0	0	0	0	0	0	0	0	0	0	0	0	0	0	0	0	0	0	0	0	0	0	0	0	0	0	0	0	0	0	0	0	0	0	0	1	0	0	0	0	0	0	0	0	0	0	0	0	0	0	0	0	0	0	0	0	0	0	0	0	0	0	0	0	0	0	0	0	0	0	0	0	0	0	0	0	0	0	0	0	0	0	0	0	0	0	0	0	0	0	0	0	0	0	0	0	0	0	0	0	1	0	0	0	0	0	0	0	0	0	0	0	0	0	0	0	0	0	0	0	0	0	0	0	0	0	0	0	0	0	0	0	0	0	0	0	0	0	0	0	0	0	0	0	0	0	0	0	0	0	0	0	0	0	0	0	0	0	0	0	0	0	0	0	0	1	0	0	0	0	0	0	0	0	0	0	0	0	0	0	0	0	0	0	0	0	0	0	0	0	0	0	0	0	0	0	0	0	0	0	0	0	0	0	0	0	0	0	0	0	0	0	0	0	0	0	0	0	0	0	0	0	0	0	0	0	0	0	0	0	1	0	0	0	0	0	0	0	0	0	0	0	0	0	0	0	0	0	0	0	0	0	0	0	0	0	0	0	0	0	0	0	0	0	0	0	0	0	0	0	0	0	0	0	0	0	0	0	0	0	0	0	0	0	0	0	0	0	0	0	0	0	0	0	0	1	0	0	0	0	0	0	0	0	0	0	0	0	0	0	0	0	0	0	0	0	0	0	0	0	0	0	0	0	0	0	0	0	0	0	0	0	0	0	0	0	0	0	0	0	0	0	0	0	0	0	0	0	0	0	0	0	0	0	0	0	0	0	0	0	1	0	0	0	0	0	0	0	0	0	0	0	0	0	0	0	0	0	0	0	0	0	0	0	0	0	0	0	0	0	0	0	0	0	0	0	0	0	0	0	0	0	0	0	0	0	0	0	0	0	0	0	0	0	0	0	0	0	0	0	0	0	0	0	0	1	0	0	0	0	0	0	0	0	0	0	0	0	0	0	0	0	0	0	0	0	0	0	0	0	0	0	0	0	0	0	0	0	0	0	0	0	0	0	0	0	0	0	0	0	0	0	0	0	0	0	0	0	0	0	0	0	0	0	0	0	0	0	0	0	1	0	0	0	0	0	0	0	0	0	0	0	0	0	0	0	0	0	0	0	0	0	0	0	0	0	0	0	0	0	0	0	0	0	0	0	0	0	0	0	0	0	0	0	0	0	0	0	0	0	0	0	0	0	0	0	0	0	0	0	0	0	0	0	0	1	0	0	0	0	0	0	0	0	0	0	0	0	0	0	0	0	0	0	0	0	0	0	0	0	0	0	0	0	0	0	0	0	0	0	0	0	0	0	0	0	0	0	0	0	0	0	0	0	0	0	0	0	0	0	0	0	0	0	0	0	0	0	0	0	1	0	0	0	0	0	0	0	0	0	0	0	0	0	0	0	0	0	0	0	0	0	0	0	0	0	0	0	0	0	0	0	0	0	0	0	0	0	0	0	0	0	0	0	0	0	0	0	0	0	0	0	0	0	0	0	0	0	0	0	0	0	0	0	0	1	0	0	0	0	0	0	0	0	0	0	0	0	0	0	0	0	0	0	0	0	0	0	0	0	0	0	0	0	0	0	0	0	0	0	0	0	0	0	0	0	0	0	0	0	0	0	0	0	0	0	0	0	0	0	0	0	0	0	0	0	0	0	0	0	1	0	0	0	0	0	0	0	0	0	0	0	0	0	0	0	0	0	0	0	0	0	0	0	0	0	0	0	0	0	0	0	0	0	0	0	0	0	0	0	0	0	0	0	0	0	0	0	0	0	0	0	0	0	0	0	0	0	0	0	0	0	0	0	0	1	0	0	0	0	0	0	0	0	0	0	0	0	0	0	0	0	0	0	0	0	0	0	0	0	0	0	0	0	0	0	0	0	0	0	0	0	0	0	0	0	0	0	0	0	0	0	0	0	0	0	0	0	0	0	0	0	0	0	0	0	0	0	0	0	1	0	0	0	0	0	0	0	0	0	0	0	0	0	0	0	0	0	0	0	0	0	0	0	0	0	0	0	0	0	0	0	0	0	0	0	0	0	0	0	0	0	0	0	0	0	0	0	0	0	0	0	0	0	0	0	0	0	0	0	0	0	0	0	0	1	0	0	0	0	0	0	0	0	0	0	0	0	0	0	0	0	0	0	0	0	0	0	0	0	0	0	0	0	0	0	0	0	0	0	0	0	0	0	0	0	0	0	0	0	0	0	0	0	0	0	0	0	0	0	0	0	0	0	0	0	0	0	0	0	1	0	0	0	0	0	0	0	0	0	0	0	0	0	0	0	0	0	0	0	0	0	0	0	0	0	0	0	0	0	0	0	0	0	0	0	0	0	0	0	0	0	0	0	0	0	0	0	0	0	0	0	0	0	0	0	0	0	0	0	0	0	0	0	0	1	0	0	0	0	0	0	0	0	0	0	0	0	0	0	0	0	0	0	0	0	0	0	0	0	0	0	0	0	0	0	0	0	0	0	0	0	0	0	0	0	0	0	0	0	0	0	0	0	0	0	0	0	0	0	0	0	0	0	0	0	0	0	0	0	1	0	0	0	0	0	0	0	0	0	0	0	0	0	0	0	0	0	0	0	0	0	0	0	0	0	0	0	0	0	0	0	0	0	0	0	0	0	0	0	0	0	0	0	0	0	0	0	0	0	0	0	0	0	0	0	0	0	0	0	0	0	0	0	0	1	0	0	0	0	0	0	0	0	0	0	0	0	0	0	0	0	0	0	0	0	0	0	0	0	0	0	0	0	0	0	0	0	0	0	0	0	0	0	0	0	0	0	0	0	0	0	0	0	0	0	0	0	0	0	0	0	0	0	0	0	0	0	0	0	1	0	0	0	0	0	0	0	0	0	0	0	0	0	0	0	0	0	0	0	0	0	0	0	0	0	0	0	0	0	0	0	0	0	0	0	0	0	0	0	0	0	0	0	0	0	0	0	0	0	0	0	0	0	0	0	0	0	0	0	0	0	0	0	0	1	0	0	0	0	0	0	0	0	0	0	0	0	0	0	0	0	0	0	0	0	0	0	0	0	0	0	0	0	0	0	0	0	0	0	0	0	0	0	0	0	0	0	0	0	0	0	0	0	0	0	0	0	0	0	0	0	0	0	0	0	0	0	0	0	1	0	0	0	0	0	0	0	0	0	0	0	0	0	0	0	0	0	0	0	0	0	0	0	0	0	0	0	0	0	0	0	0	0	0	0	0	0	0	0	0	0	0	0	0	0	0	0	0	0	0	0	0	0	0	0	0	0	0	0	0	0	0	0	0	1	0	0	0	0	0	0	0	0	0	0	0	0	0	0	0	0	0	0	0	0	0	0	0	0	0	0	0	0	0	0	0	0	0	0	0	0	0	0	0	0	0	0	0	0	0	0	0	0	0	0	0	0	0	0	0	0	0	0	0	0	0	0	0	0	1	0	0	0	0	0	0	0	0	0	0	0	0	0	0	0	0	0	0	0	0	0	0	0	0	0	0	0	0	0	0	0	0	0	0	0	0	0	0	0	0	0	0	0	0	0	0	0	0	0	0	0	0	0	0	0	0	0	0	0	0	0	0	0	0	1	0	0	0	0	0	0	0	0	0	0	0	0	0	0	0	0	0	0	0	0	0	0	0	0	0	0	0	0	0	0	0	0	0	0	0	0	0	0	0	0	0	0	0	0	0	0	0	0	0	0	0	0	0	0	0	0	0	0	0	0	0	0	0	0	1	0	0	0	0	0	0	0	0	0	0	0	0	0	0	0	0	0	0	0	0	0	0	0	0	0	0	0	0	0	0	0	0	0	0	0	0	0	0	0	0	0	0	0	0	0	0	0	0	0	0	0	0	0	0	0	0	0	0	0	0	0	0	0	0	1	0	0	0	0	0	0	0	0	0	0	0	0	0	0	0	0	0	0	0	0	0	0	0	0	0	0	0	0	0	0	0	0	0	0	0	0	0	0	0	0	0	0	0	0	0	0	0	0	0	0	0	0	0	0	0	0	0	0	0	0	0	0	0	0	1	0	0	0	0	0	0	0	0	0	0	0	0	0	0	0	0	0	0	0	0	0	0	0	0	0	0	0	0	0	0	0	0	0	0	0	0	0	0	0	0	0	0	0	0	0	0	0	0	0	0	0	0	0	0	0	0	0	0	0	0	0	0	0	0	1	0	0	0	0	0	0	0	0	0	0	0	0	0	0	0	0	0	0	0	0	0	0	0	0	0	0	0	0	0	0	0	0	0	0	0	0	0	0	0	0	0	0	0	0	0	0	0	0	0	0	0	0	0	0	0	0	0	0	0	0	0	0	0	0	1	0	0	0	0	0	0	0	0	0	0	0	0	0	0	0	0	0	0	0	0	0	0	0	0	0	0	0	0	0	0	0	0	0	0	0	0	0	0	0	0	0	0	0	0	0	0	0	0	0	0	0	0	0	0	0	0	0	0	0	0	0	0	0	0	1	0	0	0	0	0	0	0	0	0	0	0	0	0	0	0	0	0	0	0	0	0	0	0	0	0	0	0	0	0	0	0	0	0	0	0	0	0	0	0	0	0	0	0	0	0	0	0	0	0	0	0	0	0	0	0	0	0	0	0	0	0	0	0	0	1	0	0	0	0	0	0	0	0	0	0	0	0	0	0	0	0	0	0	0	0	0	0	0	0	0	0	0	0	0	0	0	0	0	0	0	0	0	0	0	0	0	0	0	0	0	0	0	0	0	0	0	0	0	0	0	0	0	0	0	0	0	0	0	0	1	0	0	0	0	0	0	0	0	0	0	0	0	0	0	0	0	0	0	0	0	0	0	0	0	0	0	0	0	0	0	0	0	0	0	0	0	0	0	0	0	0	0	0	0	0	0	0	0	0	0	0	0	0	0	0	0	0	0	0	0	0	0	0	0	1	0	0	0	0	0	0	0	0	0	0	0	0	0	0	0	0	0	0	0	0	0	0	0	0	0	0	0	0	0	0	0	0	0	0	0	0	0	0	0	0	0	0	0	0	0	0	0	0	0	0	0	0	0	0	0	0	0	0	0	0	0	0	0	0	1	0	0	0	0	0	0	0	0	0	0	0	0	0	0	0	0	0	0	0	0	0	0	0	0	0	0	0	0	0	0	0	0	0	0	0	0	0	0	0	0	0	0	0	0	0	0	0	0	0	0	0	0	0	0	0	0	0	0	0	0	0	0	0	0	1	0	0	0	0	0	0	0	0	0	0	0	0	0	0	0	0	0	0	0	0	0	0	0	0	0	0	0	0	0	0	0	0	0	0	0	0	0	0	0	0	0	0	0	0	0	0	0	0	0	0	0	0	0	0	0	0	0	0	0	0	0	0	0	0	1	0	0	0	0	0	0	0	0	0	0	0	0	0	0	0	0	0	0	0	0	0	0	0	0	0	0	0	0	0	0	0	0	0	0	0	0	0	0	0	0	0	0	0	0	0	0	0	0	0	0	0	0	0	0	0	0	0	0	0	0	0	0	0	0	1	0	0	0	0	0	0	0	0	0	0	0	0	0	0	0	0	0	0	0	0	0	0	0	0	0	0	0	0	0	0	0	0	0	0	0	0	0	0	0	0	0	0	0	0	0	0	0	0	0	0	0	0	0	0	0	0	0	0	0	0	0	0	0	0	1	0	0	0	0	0	0	0	0	0	0	0	0	0	0	0	0	0	0	0	0	0	0	0	0	0	0	0	0	0	0	0	0	0	0	0	0	0	0	0	0	0	0	0	0	0	0	0	0	0	0	0	0	0	0	0	0	0	0	0	0	0	0	0	0	1	0	0	0	0	0	0	0	0	0	0	0	0	0	0	0	0	0	0	0	0	0	0	0	0	0	0	0	0	0	0	0	0	0	0	0	0	0	0	0	0	0	0	0	0	0	0	0	0	0	0	0	0	0	0	0	0	0	0	0	0	0	0	0	0	1	0	0	0	0	0	0	0	0	0	0	0	0	0	0	0	0	0	0	0	0	0	0	0	0	0	0	0	0	0	0	0	0	0	0	0	0	0	0	0	0	0	0	0	0	0	0	0	0	0	0	0	0	0	0	0	0	0	0	0	0	0	0	0	0	1	0	0	0	0	0	0	0	0	0	0	0	0	0	0	0	0	0	0	0	0	0	0	0	0	0	0	0	0	0	0	0	0	0	0	0	0	0	0	0	0	0	0	0	0	0	0	0	0	0	0	0	0	0	0	0	0	0	0	0	0	0	0	0	0	1	0	0	0	0	0	0	0	0	0	0	0	0	0	0	0	0	0	0	0	0	0	0	0	0	0	0	0	0	0	0	0	0	0	0	0	0	0	0	0	0	0	0	0	0	0	0	0	0	0	0	0	0	0	0	0	0	0	0	0	0	0	0	0	0	1	0	0	0	0	0	0	0	0	0	0	0	0	0	0	0	0	0	0	0	0	0	0	0	0	0	0	0	0	0	0	0	0	0	0	0	0	0	0	0	0	0	0	0	0	0	0	0	0	0	0	0	0	0	0	0	0	0	0	0	0	0	0	0	0	1	0	0	0	0	0	0	0	0	0	0	0	0	0	0	0	0	0	0	0	0	0	0	0	0	0	0	0	0	0	0	0	0	0	0	0	0	0	0	0	0	0	0	0	0	0	0	0	0	0	0	0	0	0	0	0	0	0	0	0	0	0	0	0	0	1	0	0	0	0	0	0	0	0	0	0	0	0	0	0	0	0	0	0	0	0	0	0	0	0	0	0	0	0	0	0	0	0	0	0	0	0	0	0	0	0	0	0	0	0	0	0	0	0	0	0	0	0	0	0	0	0	0	0	0	0	0	0	0	0	1	0	0	0	0	0	0	0	0	0	0	0	0	0	0	0	0	0	0	0	0	0	0	0	0	0	0	0	0	0	0	0	0	0	0	0	0	0	0	0	0	0	0	0	0	0	0	0	0	0	0	0	0	0	0	0	0	0	0	0	0	0	0	0	0	1	0	0	0	0	0	0	0	0	0	0	0	0	0	0	0	0	0	0	0	0	0	0	0	0	0	0	0	0	0	0	0	0	0	0	0	0	0	0	0	0	0	0	0	0	0	0	0	0	0	0	0	0	0	0	0	0	0	0	0	0	0	0	0	0	1	0	0	0	0	0	0	0	0	0	0	0	0	0	0	0	0	0	0	0	0	0	0	0	0	0	0	0	0	0	0	0	0	0	0	0	0	0	0	0	0	0	0	0	0	0	0	0	0	0	0	0	0	0	0	0	0	0	0	0	0	0	0	0	0	1	0	0	0	0	0	0	0	0	0	0	0	0	0	0	0	0	0	0	0	0	0	0	0	0	0	0	0	0	0	0	0	0	0	0	0	0	0	0	0	0	0	0	0	0	0	0	0	0	0	0	0	0	0	0	0	0	0	0	0	0	0	0	0	0	1	0	0	0	0	0	0	0	0	0	0	0	0	0	0	0	0	0	0	0	0	0	0	0	0	0	0	0	0	0	0	0	0	0	0	0	0	0	0	0	0	0	0	0	0	0	0	0	0	0	0	0	0	0	0	0	0	0	0	0	0	0	0	0	0	1	0	0	0	0	0	0	0	0	0	0	0	0	0	0	0	0	0	0	0	0	0	0	0	0	0	0	0	0	0	0	0	0	0	0	0	0	0	0	0	0	0	0	0	0	0	0	0	0	0	0	0	0	0	0	0	0	0	0	0	0	0	0	0	0	1	0	0	0	0	0	0	0	0	0	0	0	0	0	0	0	0	0	0	0	0	0	0	0	0	0	0	0	0	0	0	0	0	0	0	0	0	0	0	0	0	0	0	0	0	0	0	0	0	0	0	0	0	0	0	0	0	0	0	0	0	0	0	0	0	1	0	0	0	0	0	0	0	0	0	0	0	0	0	0	0	0	0	0	0	0	0	0	0	0	0	0	0	0	0	0	0	0	0	0	0	0	0	0	0	0	0	0	0	0	0	0	0	0	0	0	0	0	0	0	0	0	0	0	0	0	0	0	0	0	1	0	0	0	0	0	0	0	0	0	0	0	0	0	0	0	0	0	0	0	0	0	0	0	0	0	0	0	0	0	0	0	0	0	0	0	0	0	0	0	0	0	0	0	0	0	0	0	0	0	0	0	0	0	0	0	0	0	0	0	0	0	0	0	0	1	0	0	0	0	0	0	0	0	0	0	0	0	0	0	0	0	0	0	0	0	0	0	0	0	0	0	0	0	0	0	0	0	0	0	0	0	0	0	0	0	0	0	0	0	0	0	0	0	0	0	0	0	0	0	0	0	0	0	0	0	0	0	0	0	1	0	0	0	0	0	0	0	0	0	0	0	0	0	0	0	0	0	0	0	0	0	0	0	0	0	0	0	0	0	0	0	0	0	0	0	0	0	0	0	0	0	0	0	0	0	0	0	0	0	0	0	0	0	0	0	0	0	0	0	0	0	0	0	0	1	0	0	0	0	0	0	0	0	0	0	0	0	0	0	0	0	0	0	0	0	0	0	0	0	0	0	0	0	0	0	0	0	0	0	0	0	0	0	0	0	0	0	0	0	0	0	0	0	0	0	0	0	0	0	0	0	0	0	0	0	0	0	0	0	1	0	0	0	0	0	0	0	0	0	0	0	0	0	0	0	0	0	0	0	0	0	0	0	0	0	0	0	0	0	0	0	0	0	0	0	0	0	0	0	0	0	0	0	0	0	0	0	0	0	0	0	0	0	0	0	0	0	0	0	0	0	0	0	0	1
CENTER	0.5	0.51587301587301582	0.53174603174603174	0.54761904761904767	0.56349206349206349	0.57936507936507931	0.59523809523809523	0.61111111111111116	0.62698412698412698	0.64285714285714279	0.65873015873015872	0.67460317460317465	0.69047619047619047	0.70634920634920628	0.72222222222222221	0.73809523809523814	0.75396825396825395	0.76984126984126977	0.7857142857142857	0.80158730158730163	0.81746031746031744	0.83333333333333326	0.84920634920634919	0.86507936507936511	0.88095238095238093	0.89682539682539675	0.91269841269841268	0.9285714285714286	0.94444444444444442	0.96031746031746024	0.97619047619047616	0.99206349206349209	1.0079365079365079	1.0238095238095237	1.0396825396825395	1.0555555555555556	1.0714285714285714	1.0873015873015872	1.1031746031746033	1.1190476190476191	1.1349206349206349	1.1507936507936507	1.1666666666666665	1.1825396825396826	1.1984126984126984	1.2142857142857142	1.2301587301587302	1.246031746031746	1.2619047619047619	1.2777777777777777	1.2936507936507935	1.3095238095238095	1.3253968253968254	1.3412698412698412	1.3571428571428572	1.373015873015873	1.3888888888888888	1.4047619047619047	1.4206349206349205	1.4365079365079365	1.4523809523809523	1.4682539682539681	1.4841269841269842	1.5
TARGET	0.059974872935909099	0.061878837156096683	0.063782801376284282	0.06568676559647188	0.067590729816659464	0.069494694036847049	0.071398658257034633	0.073302622477222232	0.075206586697409816	0.077110550917597401	0.079014515137784999	0.080918479357972597	0.082822443578160182	0.084726407798347766	0.086630372018535365	0.088534336238722963	0.090438300458910548	0.092342264679098132	0.094246228899285717	0.096150193119473315	0.0980541573396609	0.099958121559848484	0.10186208578003608	0.10376605000022368	0.10567001422041127	0.10757397844059885	0.10947794266078645	0.11138190688097405	0.11328587110116163	0.11518983532134922	0.1170937995415368	0.1189977637617244	0.12090172798191198	0.12280569220209957	0.12470965642228715	0.12661362064247475	0.12851758486266235	0.13042154908284992	0.13232551330303755	0.13422947752322512	0.13613344174341271	0.13803740596360028	0.13994137018378788	0.14184533440397548	0.14374929862416308	0.14565326284435065	0.14755722706453828	0.14946119128472585	0.15136515550491342	0.15326911972510102	0.15517308394528859	0.15707704816547621	0.15898101238566378	0.16088497660585138	0.16278894082603898	0.16469290504622658	0.16659686926641415	0.16850083348660175	0.17040479770678932	0.17230876192697694	0.17421272614716451	0.17611669036735209	0.17802065458753971	0.17992461880772728
MULTIPLIERS	3.6684123327306972
X0	0.11682550269259515	0.29563491899653804	0.2026389541653453	-0.076662330608049362	-0.28548062216685482	-0.23182934626679613	0.03496476145514809	0.26961242874348806	0.25637967242648413	0.0074326276360073291	-0.2483479407256961	-0.2757985576994027	-0.049681252634492822	0.22211276698573459	0.28969733296478323	0.090935507023710671	-0.19143200470438426	-0.29779781414118994	-0.13036968662156903	0.15691972954730893	0.29993787004280076	0.16719451605529842	-0.11926670493642987	-0.29607466743619459	-0.20067294611340727	0.079226556415340821	0.28628552834780907	0.23013490579065904	-0.037600687828928732	-0.27076638246305562	-0.25499071376379839	-0.0047777587800305402	0.24982784559233392	0.27474288086724569	0.047060578514522999	-0.22388900269347489	-0.28899606734212824	-0.088401480450077286	0.19346901988346021	0.29746499556424233	0.12797302615337194	-0.15917675332506109	-0.29998015987764109	-0.16498319086810431	0.12169856296660075	0.29649121925149108	0.19869121589587285	-0.081784575042922122	-0.28706800485614631	-0.22842243488656225	0.040233668293697143	0.27189912239179909	0.25358177728992809	0.0021225155999792813	-0.25128817714410828	-0.27366567869670577	-0.0444362173294909	0.22564769732234233	0.28827215968368614	0.085860527867026068	-0.19549087730446643	-0.29710887143460368	-0.12556633935552763	0.16142130604817784
END
CASE	parabola-2-s0
KIND	2
EQUALITIES	1
INEQUALITIES	0
Q	1	0	0	1
CENTER	2	1
TARGET	1.1653730430624147	1.3580943294965528
MULTIPLIERS	-0.35809432949655284
X0	0	0
END
CASE	parabola-2-s1
KIND	2
EQUALITIES	1
INEQUALITIES	0
Q	1	0	0	1
CENTER	2	1
TARGET	1.1653730430624147	1.3580943294965528
MULTIPLIERS	-0.35809432949655284
X0	0.11682550269259515	0.29563491899653804
END
CASE	parabola-16-s0
KIND	2
EQUALITIES	8
INEQUALITIES	0
Q	1	0	0	0	0	0	0	0	0	0	0	0	0	0	0	0	0	1	0	0	0	0	0	0	0	0	0	0	0	0	0	0	0	0	1	0	0	0	0	0	0	0	0	0	0	0	0	0	0	0	0	1	0	0	0	0	0	0	0	0	0	0	0	0	0	0	0	0	1	0	0	0	0	0	0	0	0	0	0	0	0	0	0	0	0	1	0	0	0	0	0	0	0	0	0	0	0	0	0	0	0	0	1	0	0	0	0	0	0	0	0	0	0	0	0	0	0	0	0	1	0	0	0	0	0	0	0	0	0	0	0	0	0	0	0	0	1	0	0	0	0	0	0	0	0	0	0	0	0	0	0	0	0	1	0	0	0	0	0	0	0	0	0	0	0	0	0	0	0	0	1	0	0	0	0	0	0	0	0	0	0	0	0	0	0	0	0	1	0	0	0	0	0	0	0	0	0	0	0	0	0	0	0	0	1	0	0	0	0	0	0	0	0	0	0	0	0	0	0	0	0	1	0	0	0	0	0	0	0	0	0	0	0	0	0	0	0	0	1	0	0	0	0	0	0	0	0	0	0	0	0	0	0	0	0	1
CENTER	2	1	2	1	2	1	2	1	2	1	2	1	2	1	2	1
TARGET	1.1653730430624147	1.3580943294965528	1.1653730430624147	1.3580943294965528	1.1653730430624147	1.3580943294965528	1.1653730430624147	1.3580943294965528	1.1653730430624147	1.3580943294965528	1.1653730430624147	1.3580943294965528	1.1653730430624147	1.3580943294965528	1.1653730430624147	1.3580943294965528
MULTIPLIERS	-0.35809432949655284	-0.35809432949655284	-0.35809432949655284	-0.35809432949655284	-0.35809432949655284	-0.35809432949655284	-0.35809432949655284	-0.35809432949655284
X0	0	0	0	0	0	0	0	0	0	0	0	0	0	0	0	0
END
CASE	parabola-16-s1
KIND	2
EQUALITIES	8
INEQUALITIES	0
Q	1	0	0	0	0	0	0	0	0	0	0	0	0	0	0	0	0	1	0	0	0	0	0	0	0	0	0	0	0	0	0	0	0	0	1	0	0	0	0	0	0	0	0	0	0	0	0	0	0	0	0	1	0	0	0	0	0	0	0	0	0	0	0	0	0	0	0	0	1	0	0	0	0	0	0	0	0	0	0	0	0	0	0	0	0	1	0	0	0	0	0	0	0	0	0	0	0	0	0	0	0	0	1	0	0	0	0	0	0	0	0	0	0	0	0	0	0	0	0	1	0	0	0	0	0	0	0	0	0	0	0	0	0	0	0	0	1	0	0	0	0	0	0	0	0	0	0	0	0	0	0	0	0	1	0	0	0	0	0	0	0	0	0	0	0	0	0	0	0	0	1	0	0	0	0	0	0	0	0	0	0	0	0	0	0	0	0	1	0	0	0	0	0	0	0	0	0	0	0	0	0	0	0	0	1	0	0	0	0	0	0	0	0	0	0	0	0	0	0	0	0	1	0	0	0	0	0	0	0	0	0	0	0	0	0	0	0	0	1	0	0	0	0	0	0	0	0	0	0	0	0	0	0	0	0	1
CENTER	2	1	2	1	2	1	2	1	2	1	2	1	2	1	2	1
TARGET	1.1653730430624147	1.3580943294965528	1.1653730430624147	1.3580943294965528	1.1653730430624147	1.3580943294965528	1.1653730430624147	1.3580943294965528	1.1653730430624147	1.3580943294965528	1.1653730430624147	1.3580943294965528	1.1653730430624147	1.3580943294965528	1.1653730430624147	1.3580943294965528
MULTIPLIERS	-0.35809432949655284	-0.35809432949655284	-0.35809432949655284	-0.35809432949655284	-0.35809432949655284	-0.35809432949655284	-0.35809432949655284	-0.35809432949655284
X0	0.11682550269259515	0.29563491899653804	0.2026389541653453	-0.076662330608049362	-0.28548062216685482	-0.23182934626679613	0.03496476145514809	0.26961242874348806	0.25637967242648413	0.0074326276360073291	-0.2483479407256961	-0.2757985576994027	-0.049681252634492822	0.22211276698573459	0.28969733296478323	0.090935507023710671
END
