WARNING: Using incubator modules: jdk.incubator.vector
WARNING: Using incubator modules: jdk.incubator.vector
[info] waiting for lock on /Users/bbuchsbaum/.sbt/boot/sbt.boot.lock to be available...
[info] welcome to sbt 1.11.7 (Eclipse Adoptium Java 21.0.12.1)
[info] loading settings for project gale-build from plugins.sbt...
[info] loading project definition from /Users/bbuchsbaum/code/scala/gale/project
[info] loading settings for project root from build.sbt...
[info] loading settings for project ravel-build from plugins.sbt...
[info] loading project definition from /Users/bbuchsbaum/.sbt/1.0/staging/6c77ef03ad5f6b5be136/ravel/project
[info] loading settings for project root from build.sbt...
[info] resolving key references (31739 settings) ...
[info] set current project to gale (in build file:/Users/bbuchsbaum/code/scala/gale/)
[info] running gale.bench.OptimizationALMBench 5 1 docs/verification/optim-alm-robust/fixtures.tsv fixed fixed trace
ALM	fixed	equality-diagonal-8-s0	0	0.604541	Converged	0.059237602337443546	11	62	148	74	74	6.913424638321786E-9	6.913424638321786E-9	8.302622336864296E-8	0.0	10.0	0.05960083471566482,0.27961170290300963,0.24254890284041292,-0.017512248201276736,-0.2614727277735048,-0.26503638893200726,-0.024926810825535647,0.23810036423921904	0.49999997374339994
INNER	equality-diagonal-8-s0	fixed	AugmentedLagrangianIteration(1,10.0,0.01,1.0,1.0,7,9,8,8,Some(Converged),true,0)
INNER	equality-diagonal-8-s0	fixed	AugmentedLagrangianIteration(2,10.0,0.001,1.0,1.0,6,8,7,7,Some(Converged),true,0)
INNER	equality-diagonal-8-s0	fixed	AugmentedLagrangianIteration(3,10.0,1.0E-4,1.0,1.0,7,9,8,8,Some(Converged),true,0)
INNER	equality-diagonal-8-s0	fixed	AugmentedLagrangianIteration(4,10.0,1.0E-5,1.0,1.0,8,10,9,9,Some(Converged),true,0)
INNER	equality-diagonal-8-s0	fixed	AugmentedLagrangianIteration(5,10.0,1.0000000000000002E-6,1.0,1.0,8,10,9,9,Some(Converged),true,0)
INNER	equality-diagonal-8-s0	fixed	AugmentedLagrangianIteration(6,10.0,1.0000000000000002E-7,1.0,1.0,9,11,10,10,Some(Converged),true,0)
INNER	equality-diagonal-8-s0	fixed	AugmentedLagrangianIteration(7,10.0,1.0E-7,1.0,1.0,7,9,8,8,Some(Converged),true,0)
INNER	equality-diagonal-8-s0	fixed	AugmentedLagrangianIteration(8,10.0,1.0E-7,1.0,1.0,5,7,6,6,Some(Converged),true,0)
INNER	equality-diagonal-8-s0	fixed	AugmentedLagrangianIteration(9,10.0,1.0E-7,1.0,1.0,3,5,4,4,Some(Converged),true,0)
INNER	equality-diagonal-8-s0	fixed	AugmentedLagrangianIteration(10,10.0,1.0E-7,1.0,1.0,1,3,2,2,Some(Converged),true,0)
INNER	equality-diagonal-8-s0	fixed	AugmentedLagrangianIteration(11,10.0,1.0E-7,1.0,1.0,1,3,2,2,Some(Converged),true,0)
ALM	fixed	equality-diagonal-8-s1	0	0.523	Converged	0.05923760240052977	11	62	148	74	74	7.039596933156034E-9	7.039596933156034E-9	8.45415505379421E-8	0.0	10.0	0.05960083536320506,0.27961170248516715,0.24254890250634403,-0.017512248295680224,-0.26147272770141256,-0.2650363887899601,-0.02492681064267214,0.23810036433197754	0.4999999732640447
INNER	equality-diagonal-8-s1	fixed	AugmentedLagrangianIteration(1,10.0,0.01,1.0,1.0,5,7,6,6,Some(Converged),true,0)
INNER	equality-diagonal-8-s1	fixed	AugmentedLagrangianIteration(2,10.0,0.001,1.0,1.0,7,9,8,8,Some(Converged),true,0)
INNER	equality-diagonal-8-s1	fixed	AugmentedLagrangianIteration(3,10.0,1.0E-4,1.0,1.0,8,10,9,9,Some(Converged),true,0)
INNER	equality-diagonal-8-s1	fixed	AugmentedLagrangianIteration(4,10.0,1.0E-5,1.0,1.0,8,10,9,9,Some(Converged),true,0)
INNER	equality-diagonal-8-s1	fixed	AugmentedLagrangianIteration(5,10.0,1.0000000000000002E-6,1.0,1.0,8,10,9,9,Some(Converged),true,0)
INNER	equality-diagonal-8-s1	fixed	AugmentedLagrangianIteration(6,10.0,1.0000000000000002E-7,1.0,1.0,9,11,10,10,Some(Converged),true,0)
INNER	equality-diagonal-8-s1	fixed	AugmentedLagrangianIteration(7,10.0,1.0E-7,1.0,1.0,7,9,8,8,Some(Converged),true,0)
INNER	equality-diagonal-8-s1	fixed	AugmentedLagrangianIteration(8,10.0,1.0E-7,1.0,1.0,5,7,6,6,Some(Converged),true,0)
INNER	equality-diagonal-8-s1	fixed	AugmentedLagrangianIteration(9,10.0,1.0E-7,1.0,1.0,3,5,4,4,Some(Converged),true,0)
INNER	equality-diagonal-8-s1	fixed	AugmentedLagrangianIteration(10,10.0,1.0E-7,1.0,1.0,1,3,2,2,Some(Converged),true,0)
INNER	equality-diagonal-8-s1	fixed	AugmentedLagrangianIteration(11,10.0,1.0E-7,1.0,1.0,1,3,2,2,Some(Converged),true,0)
ALM	fixed	equality-dense-32-s0	0	3.865834	Converged	1.3337422205166931	14	417	920	460	460	3.444733914781395E-9	3.444733914781395E-9	9.734415912232564E-8	0.0	100.0	0.059600863527046924,0.2796117281618019,0.24254889488504192,-0.017512273892215494,-0.2614727540877777,-0.26503640651745114,-0.02492681965374583,0.2381003673102075,0.2822191776471396,0.06686698385689185,-0.20996239926403779,-0.29375331444060077,-0.1074687829284814,0.177622053599942,0.29940799307302524,0.14591960346093844,-0.14172659819400005,-0.29907002076039746,-0.18144984701365516,0.1029944780174775,0.2927461542578162,0.2133483661411734,-0.06220092598793289,-0.28056297355222626,-0.24097671667625128,0.020162423008500262,0.2627643250123129,0.26378191947091906,0.02227963467773101,-0.23970644232413071,-0.28130752045394225,-0.0642757603554857	0.5000000359817791,0.8333332976522847,1.166666765819012,1.500000034168204
INNER	equality-dense-32-s0	fixed	AugmentedLagrangianIteration(1,10.0,0.01,1.0,1.0,26,29,28,28,Some(Converged),true,0)
INNER	equality-dense-32-s0	fixed	AugmentedLagrangianIteration(2,10.0,0.001,1.0,1.0,25,30,29,29,Some(Converged),true,0)
INNER	equality-dense-32-s0	fixed	AugmentedLagrangianIteration(3,10.0,1.0E-4,1.0,1.0,30,35,34,34,Some(Converged),true,0)
INNER	equality-dense-32-s0	fixed	AugmentedLagrangianIteration(4,10.0,1.0E-5,1.0,1.0,34,38,37,37,Some(Converged),true,0)
INNER	equality-dense-32-s0	fixed	AugmentedLagrangianIteration(5,10.0,1.0000000000000002E-6,1.0,1.0,38,42,41,41,Some(Converged),true,0)
INNER	equality-dense-32-s0	fixed	AugmentedLagrangianIteration(6,10.0,1.0000000000000002E-7,1.0,1.0,45,51,50,50,Some(Converged),true,0)
INNER	equality-dense-32-s0	fixed	AugmentedLagrangianIteration(7,100.0,1.0E-7,1.0,1.0,57,62,61,61,Some(Converged),true,0)
INNER	equality-dense-32-s0	fixed	AugmentedLagrangianIteration(8,100.0,1.0E-7,1.0,1.0,45,51,50,50,Some(Converged),true,0)
INNER	equality-dense-32-s0	fixed	AugmentedLagrangianIteration(9,100.0,1.0E-7,1.0,1.0,40,46,45,45,Some(Converged),true,0)
INNER	equality-dense-32-s0	fixed	AugmentedLagrangianIteration(10,100.0,1.0E-7,1.0,1.0,32,35,34,34,Some(Converged),true,1)
INNER	equality-dense-32-s0	fixed	AugmentedLagrangianIteration(11,100.0,1.0E-7,1.0,1.0,22,25,24,24,Some(Converged),true,0)
INNER	equality-dense-32-s0	fixed	AugmentedLagrangianIteration(12,100.0,1.0E-7,1.0,1.0,12,14,13,13,Some(Converged),true,0)
INNER	equality-dense-32-s0	fixed	AugmentedLagrangianIteration(13,100.0,1.0E-7,1.0,1.0,8,10,9,9,Some(Converged),true,0)
INNER	equality-dense-32-s0	fixed	AugmentedLagrangianIteration(14,100.0,1.0E-7,1.0,1.0,3,5,4,4,Some(Converged),true,0)
ALM	fixed	equality-dense-32-s1	0	3.73325	Converged	1.3337422205423504	14	410	894	447	447	3.389820951715805E-9	3.389820951715805E-9	9.681470225508804E-8	0.0	100.0	0.05960086338137964,0.2796117271149822,0.24254889505614152,-0.017512273082772083,-0.261472753531335,-0.2650364063755348,-0.024926819724914454,0.23810036715562494,0.28221917747969677,0.06686698371642126,-0.20996239937267802,-0.293753314513434,-0.10746878296869995,0.17762205360233665,0.29940799311610017,0.14591960352034633,-0.14172659814357816,-0.29907002073537853,-0.1814498470029774,0.10299447802870643,0.29274615427163325,0.21334836614794664,-0.06220092599512012,-0.28056297356984755,-0.24097671669649484,0.020162422991370985,0.26276432499918895,0.2637819194599074,0.02227963466705497,-0.23970644233789845,-0.28130752047296975,-0.06427576037564256	0.5000000356518804,0.8333332982348408,1.1666667646251794,1.500000033545377
INNER	equality-dense-32-s1	fixed	AugmentedLagrangianIteration(1,10.0,0.01,1.0,1.0,17,19,18,18,Some(Converged),true,0)
INNER	equality-dense-32-s1	fixed	AugmentedLagrangianIteration(2,10.0,0.001,1.0,1.0,28,33,32,32,Some(Converged),true,0)
INNER	equality-dense-32-s1	fixed	AugmentedLagrangianIteration(3,10.0,1.0E-4,1.0,1.0,30,35,34,34,Some(Converged),true,0)
INNER	equality-dense-32-s1	fixed	AugmentedLagrangianIteration(4,10.0,1.0E-5,1.0,1.0,33,36,35,35,Some(Converged),true,0)
INNER	equality-dense-32-s1	fixed	AugmentedLagrangianIteration(5,10.0,1.0000000000000002E-6,1.0,1.0,38,42,41,41,Some(Converged),true,0)
INNER	equality-dense-32-s1	fixed	AugmentedLagrangianIteration(6,10.0,1.0000000000000002E-7,1.0,1.0,46,51,50,50,Some(Converged),true,0)
INNER	equality-dense-32-s1	fixed	AugmentedLagrangianIteration(7,100.0,1.0E-7,1.0,1.0,57,61,60,60,Some(Converged),true,0)
INNER	equality-dense-32-s1	fixed	AugmentedLagrangianIteration(8,100.0,1.0E-7,1.0,1.0,49,54,53,53,Some(Converged),true,0)
INNER	equality-dense-32-s1	fixed	AugmentedLagrangianIteration(9,100.0,1.0E-7,1.0,1.0,40,45,44,44,Some(Converged),true,0)
INNER	equality-dense-32-s1	fixed	AugmentedLagrangianIteration(10,100.0,1.0E-7,1.0,1.0,27,30,29,29,Some(Converged),true,0)
INNER	equality-dense-32-s1	fixed	AugmentedLagrangianIteration(11,100.0,1.0E-7,1.0,1.0,22,25,24,24,Some(Converged),true,0)
INNER	equality-dense-32-s1	fixed	AugmentedLagrangianIteration(12,100.0,1.0E-7,1.0,1.0,12,14,13,13,Some(Converged),true,0)
INNER	equality-dense-32-s1	fixed	AugmentedLagrangianIteration(13,100.0,1.0E-7,1.0,1.0,8,10,9,9,Some(Converged),true,0)
INNER	equality-dense-32-s1	fixed	AugmentedLagrangianIteration(14,100.0,1.0E-7,1.0,1.0,3,5,4,4,Some(Converged),true,0)
ALM	fixed	equality-dense-128-s0	0	5.814125	Converged	3.6079429664582423	17	116	274	137	137	2.1671407030021683E-10	2.1671407030021683E-10	6.260825069492881E-8	0.0	100.0	0.05960083817047545,0.2796117584177856,0.2425489461879694,-0.017512226270498463,-0.2614727233905361,-0.2650363964392073,-0.024926827823502553,0.2381003460680754,0.28221914920230795,0.06686695325230818,-0.20996242884681307,-0.29375334136532333,-0.10746880592809739,0.177622035740219,0.299407980708667,0.1459195958220988,-0.14172660206418497,-0.2990700211385513,-0.18144984337205777,0.10299448628606672,0.2927461666708966,0.21334838116610316,-0.06220090978842895,-0.28056295697464956,-0.24097670014772946,0.02016243902436392,0.2627643398300307,0.26378193233415065,0.02227964494260889,-0.23970643526519061,-0.281307516886471,-0.06427576004129736,0.21185083617661962,0.29320274998852175,0.10498540459958924,-0.1797550427226169,-0.29922953951314973,-0.1435937855854542,0.14406142398215563,0.29926721595037725,0.17932810129543975,-0.10548445029790428,-0.293315091182342,-0.21147319484317456,0.06479617840074037,0.28149224275051654,0.23938563791116646,-0.022811015938632554,-0.2640353226917924,-0.2625067656525236,-0.019630691855049988,0.24129375747202073,0.28037384752463823,0.061679523967425855,-0.21372266080606278,-0.2926292086578453,-0.10249380415125135,0.18187393764780843,0.2990276251428923,0.14125669698193946,-0.1463849845018049,-0.29944098530177776,-0.1771923254958577,0.10796613963135022,0.2938610312533564,0.20958144246230756,-0.06738636208521205,-0.28239946052861303,-0.23777580180983568,0.025457828235096652,0.2652856445511116,0.26121105950243384,0.016980228635706994,-0.24286214749722362,-0.27941818553425424,-0.05907843158288784,0.21557776181825766,0.29203275813259194,0.09999418726868703,-0.18397857356514327,-0.2988022770507901,-0.13890853931870578,0.14869707476414176,0.2995912899797046,0.1750426605507477,-0.11043937838907439,-0.2943839573470014,-0.20767327940747235,0.0699712572438866,0.2832845451944929,0.23614733038223942,-0.02810265013285764,-0.2665151837241847,-0.25989488723325704,-0.014328431346976625,0.24441151638372116,0.2784406409021035,0.05647272185862819,-0.2174159596803276,-0.29141341290192657,-0.09748672031845163,0.1860688116305227,0.2985535350496043,0.1365495145630379,-0.15099749986108146,-0.2997181085584818,-0.17287926904421583,0.11290397527755026,0.29488382819666875,0.20574885278594182,-0.07255066510510987,-0.2841474317453401,-0.23450035540096587,0.030745271084940216,0.2677238420202827,0.2585583520891741,0.011675510247815563,-0.24594173762425564,-0.27744128237236365,-0.05386258841192233,0.2192371234296482,0.29077123678606764,0.09497161691780703,-0.1881444694868268,-0.2982813990833949,-0.13417978752836401,0.15328609956882447,0.2998214506861603	0.5000000278918468,0.6428571877045094,0.7857142882737337,0.9285714403266792,1.0714285697854415,1.2142857286600663,1.3571428434858068,1.5000001022412768
INNER	equality-dense-128-s0	fixed	AugmentedLagrangianIteration(1,10.0,0.01,1.0,1.0,11,14,13,13,Some(Converged),true,0)
INNER	equality-dense-128-s0	fixed	AugmentedLagrangianIteration(2,10.0,0.001,1.0,1.0,10,12,11,11,Some(Converged),true,0)
INNER	equality-dense-128-s0	fixed	AugmentedLagrangianIteration(3,10.0,1.0E-4,1.0,1.0,10,12,11,11,Some(Converged),true,0)
INNER	equality-dense-128-s0	fixed	AugmentedLagrangianIteration(4,10.0,1.0E-5,1.0,1.0,11,14,13,13,Some(Converged),true,0)
INNER	equality-dense-128-s0	fixed	AugmentedLagrangianIteration(5,10.0,1.0000000000000002E-6,1.0,1.0,13,16,15,15,Some(Converged),true,0)
INNER	equality-dense-128-s0	fixed	AugmentedLagrangianIteration(6,10.0,1.0000000000000002E-7,1.0,1.0,15,18,17,17,Some(Converged),true,0)
INNER	equality-dense-128-s0	fixed	AugmentedLagrangianIteration(7,10.0,1.0E-7,1.0,1.0,11,13,12,12,Some(Converged),true,0)
INNER	equality-dense-128-s0	fixed	AugmentedLagrangianIteration(8,10.0,1.0E-7,1.0,1.0,10,12,11,11,Some(Converged),true,0)
INNER	equality-dense-128-s0	fixed	AugmentedLagrangianIteration(9,10.0,1.0E-7,1.0,1.0,7,9,8,8,Some(Converged),true,0)
INNER	equality-dense-128-s0	fixed	AugmentedLagrangianIteration(10,10.0,1.0E-7,1.0,1.0,5,7,6,6,Some(Converged),true,0)
INNER	equality-dense-128-s0	fixed	AugmentedLagrangianIteration(11,10.0,1.0E-7,1.0,1.0,5,7,6,6,Some(Converged),true,0)
INNER	equality-dense-128-s0	fixed	AugmentedLagrangianIteration(12,10.0,1.0E-7,1.0,1.0,2,4,3,3,Some(Converged),true,0)
INNER	equality-dense-128-s0	fixed	AugmentedLagrangianIteration(13,10.0,1.0E-7,1.0,1.0,3,5,4,4,Some(Converged),true,0)
INNER	equality-dense-128-s0	fixed	AugmentedLagrangianIteration(14,10.0,1.0E-7,1.0,1.0,1,3,2,2,Some(Converged),true,0)
INNER	equality-dense-128-s0	fixed	AugmentedLagrangianIteration(15,10.0,1.0E-7,1.0,1.0,1,3,2,2,Some(Converged),true,0)
INNER	equality-dense-128-s0	fixed	AugmentedLagrangianIteration(16,10.0,1.0E-7,1.0,1.0,0,1,0,0,Some(Converged),true,0)
INNER	equality-dense-128-s0	fixed	AugmentedLagrangianIteration(17,100.0,1.0E-7,1.0,1.0,1,3,2,2,Some(Converged),true,0)
ALM	fixed	equality-dense-128-s1	0	5.6815	Converged	3.607942968142762	17	116	272	136	136	4.760598408537486E-10	4.760598408537486E-10	7.031875587371061E-8	0.0	100.0	0.05960084589907897,0.2796117651779537,0.24254895167402257,-0.017512222263275173,-0.2614727209662739,-0.26503639560664577,-0.02492682850517225,0.2381003440235832,0.28221914600591264,0.0668669491587499,-0.2099624335550958,-0.2937533463940056,-0.10746881098584195,0.17762203092834208,0.2994079763896097,0.1459195922053948,-0.14172660481355828,-0.2990700229049315,-0.18144984409148734,0.10299448662573255,0.29274616803201464,0.2133483834651944,-0.062200906675049364,-0.28056295320385305,-0.24097669590147994,0.020162443547838166,0.26276434442545116,0.2637819367984287,0.022279649083762745,-0.2397064316197836,-0.2813075138827981,-0.06427575779269111,0.21185083759401138,0.29320275053859823,0.10498540428737697,-0.17975504385170735,-0.29922954137585944,-0.14359378806489553,0.1440614210307802,0.299267212692807,0.17932809791045065,-0.10548445362698268,-0.2933150942762994,-0.21147319753537813,0.06479617625650076,0.2814922412731678,0.23938563718680772,-0.02281101586069213,-0.2640353218012183,-0.2625067639782568,-0.019630689463708457,0.24129376047956225,0.2803738510183207,0.06167952779448024,-0.21372265681355967,-0.29262920467470693,-0.1024938003506184,0.18187394110290908,0.2990276281074517,0.14125669933594784,-0.14638498284763915,-0.29944098440184574,-0.1771923253672021,0.10796613900963607,0.2938610299388632,0.20958144054624928,-0.06738636448269629,-0.28239946326455473,-0.237775804725626,0.02545782530578415,0.2652856417740567,0.2612110570346743,0.01698022661781524,-0.24286214894800764,-0.27941818632969795,-0.05907843166796755,0.2155777624628333,0.2920327594896593,0.09999418928573742,-0.18397857097308354,-0.2988022739966582,-0.13890853593751373,0.14869707832227924,0.2995912935572673,0.17504266399083532,-0.11043937523480107,-0.29438395461087064,-0.20767327719922457,0.06997125884246663,0.2832845461334643,0.23614733064571794,-0.028102650526267793,-0.2665151847227546,-0.2598948887552117,-0.014328433285119915,0.2444115141560865,0.27844063852427686,0.05647271947500295,-0.217415961927981,-0.2914134148819733,-0.09748672191629917,0.18606881050649568,0.2985535344634175,0.1365495145480292,-0.1509974993036147,-0.29971810745884314,-0.17287926746209054,0.11290397725697471,0.29488383046803257,0.2057488552301977,-0.07255066261341982,-0.28414742933042764,-0.23450035317820078,0.030745273016122475,0.26772384358254847,0.2585583532321588,0.011675510951385535,-0.24594173734856628,-0.27744128248185573,-0.0538625888351796,0.21923712278847635,0.2907712360413684,0.09497161619531276,-0.18814447005811852,-0.2982813993797224,-0.13417978743961975,0.1532861001312696,0.29982145178271363	0.5000000196001412,0.6428571784757844,0.7857142848408827,0.9285714386500362,1.071428568325182,1.2142857264697384,1.3571428450298526,1.500000126503235
INNER	equality-dense-128-s1	fixed	AugmentedLagrangianIteration(1,10.0,0.01,1.0,1.0,10,12,11,11,Some(Converged),true,0)
INNER	equality-dense-128-s1	fixed	AugmentedLagrangianIteration(2,10.0,0.001,1.0,1.0,11,13,12,12,Some(Converged),true,0)
INNER	equality-dense-128-s1	fixed	AugmentedLagrangianIteration(3,10.0,1.0E-4,1.0,1.0,10,12,11,11,Some(Converged),true,0)
INNER	equality-dense-128-s1	fixed	AugmentedLagrangianIteration(4,10.0,1.0E-5,1.0,1.0,11,13,12,12,Some(Converged),true,0)
INNER	equality-dense-128-s1	fixed	AugmentedLagrangianIteration(5,10.0,1.0000000000000002E-6,1.0,1.0,13,16,15,15,Some(Converged),true,0)
INNER	equality-dense-128-s1	fixed	AugmentedLagrangianIteration(6,10.0,1.0000000000000002E-7,1.0,1.0,14,18,17,17,Some(Converged),true,0)
INNER	equality-dense-128-s1	fixed	AugmentedLagrangianIteration(7,10.0,1.0E-7,1.0,1.0,12,14,13,13,Some(Converged),true,0)
INNER	equality-dense-128-s1	fixed	AugmentedLagrangianIteration(8,10.0,1.0E-7,1.0,1.0,10,12,11,11,Some(Converged),true,0)
INNER	equality-dense-128-s1	fixed	AugmentedLagrangianIteration(9,10.0,1.0E-7,1.0,1.0,7,9,8,8,Some(Converged),true,0)
INNER	equality-dense-128-s1	fixed	AugmentedLagrangianIteration(10,10.0,1.0E-7,1.0,1.0,5,7,6,6,Some(Converged),true,0)
INNER	equality-dense-128-s1	fixed	AugmentedLagrangianIteration(11,10.0,1.0E-7,1.0,1.0,5,7,6,6,Some(Converged),true,0)
INNER	equality-dense-128-s1	fixed	AugmentedLagrangianIteration(12,10.0,1.0E-7,1.0,1.0,3,5,4,4,Some(Converged),true,0)
INNER	equality-dense-128-s1	fixed	AugmentedLagrangianIteration(13,10.0,1.0E-7,1.0,1.0,1,3,2,2,Some(Converged),true,0)
INNER	equality-dense-128-s1	fixed	AugmentedLagrangianIteration(14,10.0,1.0E-7,1.0,1.0,1,3,2,2,Some(Converged),true,0)
INNER	equality-dense-128-s1	fixed	AugmentedLagrangianIteration(15,10.0,1.0E-7,1.0,1.0,2,4,3,3,Some(Converged),true,0)
INNER	equality-dense-128-s1	fixed	AugmentedLagrangianIteration(16,10.0,1.0E-7,1.0,1.0,0,1,0,0,Some(Converged),true,0)
INNER	equality-dense-128-s1	fixed	AugmentedLagrangianIteration(17,100.0,1.0E-7,1.0,1.0,1,3,2,2,Some(Converged),true,0)
ALM	fixed	mixed-box-3-s0	0	1.523583	Converged	2.500000000669015	14	28	106	53	53	5.247063894486814E-10	5.247063894486814E-10	6.078671388465295E-8	3.8039720416676676E-10	100.0	0.9999999996654922,-1.901985972039128E-10,0.0	1.999999990712702,2.0000000513092173,0.0
INNER	mixed-box-3-s0	fixed	AugmentedLagrangianIteration(1,10.0,0.01,1.0,1.0,6,12,11,11,Some(Converged),true,0)
INNER	mixed-box-3-s0	fixed	AugmentedLagrangianIteration(2,10.0,0.001,1.0,1.0,3,5,4,4,Some(Converged),true,0)
INNER	mixed-box-3-s0	fixed	AugmentedLagrangianIteration(3,10.0,1.0E-4,1.0,1.0,2,5,4,4,Some(Converged),true,0)
INNER	mixed-box-3-s0	fixed	AugmentedLagrangianIteration(4,10.0,1.0E-5,1.0,1.0,2,5,4,4,Some(Converged),true,0)
INNER	mixed-box-3-s0	fixed	AugmentedLagrangianIteration(5,10.0,1.0000000000000002E-6,1.0,1.0,2,5,4,4,Some(Converged),true,0)
INNER	mixed-box-3-s0	fixed	AugmentedLagrangianIteration(6,10.0,1.0000000000000002E-7,1.0,1.0,2,5,4,4,Some(Converged),true,0)
INNER	mixed-box-3-s0	fixed	AugmentedLagrangianIteration(7,10.0,1.0E-7,1.0,1.0,2,5,4,4,Some(Converged),true,0)
INNER	mixed-box-3-s0	fixed	AugmentedLagrangianIteration(8,10.0,1.0E-7,1.0,1.0,1,3,2,2,Some(Converged),true,0)
INNER	mixed-box-3-s0	fixed	AugmentedLagrangianIteration(9,10.0,1.0E-7,1.0,1.0,1,3,2,2,Some(Converged),true,0)
INNER	mixed-box-3-s0	fixed	AugmentedLagrangianIteration(10,10.0,1.0E-7,1.0,1.0,2,5,4,4,Some(Converged),true,0)
INNER	mixed-box-3-s0	fixed	AugmentedLagrangianIteration(11,10.0,1.0E-7,1.0,1.0,2,5,4,4,Some(Converged),true,0)
INNER	mixed-box-3-s0	fixed	AugmentedLagrangianIteration(12,10.0,1.0E-7,1.0,1.0,1,3,2,2,Some(Converged),true,0)
INNER	mixed-box-3-s0	fixed	AugmentedLagrangianIteration(13,10.0,1.0E-7,1.0,1.0,0,1,0,0,Some(Converged),true,0)
INNER	mixed-box-3-s0	fixed	AugmentedLagrangianIteration(14,100.0,1.0E-7,1.0,1.0,2,4,3,3,Some(Converged),true,0)
ALM	fixed	mixed-box-3-s1	0	1.306208	Converged	2.5000000003085407	14	29	108	54	54	5.611742182054513E-10	5.611742182054513E-10	8.534127160508831E-8	8.138074774164158E-10	100.0	0.9999999998457295,-4.0690372392010026E-10,0.0	1.9999999877516594,2.0000000726860274,0.0
INNER	mixed-box-3-s1	fixed	AugmentedLagrangianIteration(1,10.0,0.01,1.0,1.0,7,13,12,12,Some(Converged),true,0)
INNER	mixed-box-3-s1	fixed	AugmentedLagrangianIteration(2,10.0,0.001,1.0,1.0,3,5,4,4,Some(Converged),true,0)
INNER	mixed-box-3-s1	fixed	AugmentedLagrangianIteration(3,10.0,1.0E-4,1.0,1.0,2,5,4,4,Some(Converged),true,0)
INNER	mixed-box-3-s1	fixed	AugmentedLagrangianIteration(4,10.0,1.0E-5,1.0,1.0,2,5,4,4,Some(Converged),true,0)
INNER	mixed-box-3-s1	fixed	AugmentedLagrangianIteration(5,10.0,1.0000000000000002E-6,1.0,1.0,2,5,4,4,Some(Converged),true,0)
INNER	mixed-box-3-s1	fixed	AugmentedLagrangianIteration(6,10.0,1.0000000000000002E-7,1.0,1.0,2,5,4,4,Some(Converged),true,0)
INNER	mixed-box-3-s1	fixed	AugmentedLagrangianIteration(7,10.0,1.0E-7,1.0,1.0,2,5,4,4,Some(Converged),true,0)
INNER	mixed-box-3-s1	fixed	AugmentedLagrangianIteration(8,10.0,1.0E-7,1.0,1.0,1,3,2,2,Some(Converged),true,0)
INNER	mixed-box-3-s1	fixed	AugmentedLagrangianIteration(9,10.0,1.0E-7,1.0,1.0,1,3,2,2,Some(Converged),true,0)
INNER	mixed-box-3-s1	fixed	AugmentedLagrangianIteration(10,10.0,1.0E-7,1.0,1.0,2,5,4,4,Some(Converged),true,0)
INNER	mixed-box-3-s1	fixed	AugmentedLagrangianIteration(11,10.0,1.0E-7,1.0,1.0,2,5,4,4,Some(Converged),true,0)
INNER	mixed-box-3-s1	fixed	AugmentedLagrangianIteration(12,10.0,1.0E-7,1.0,1.0,1,3,2,2,Some(Converged),true,0)
INNER	mixed-box-3-s1	fixed	AugmentedLagrangianIteration(13,10.0,1.0E-7,1.0,1.0,0,1,0,0,Some(Converged),true,0)
INNER	mixed-box-3-s1	fixed	AugmentedLagrangianIteration(14,100.0,1.0E-7,1.0,1.0,2,4,3,3,Some(Converged),true,0)
ALM	fixed	ball-8-s0	0	0.270833	Converged	1.9524761829153694	7	15	76	38	38	9.1945764335577E-9	9.1945764335577E-9	4.7690740245798224E-12	9.084679283378969E-9	10.0	0.16800537703043092,0.2160069133248397,0.2640084496192485,0.31200998591365736,0.36001152220806615,0.40801305850247505,0.4560145947968839,0.5040161310912927	0.988047611439975
INNER	ball-8-s0	fixed	AugmentedLagrangianIteration(1,10.0,0.01,1.0,1.0,5,18,17,17,Some(Converged),true,0)
INNER	ball-8-s0	fixed	AugmentedLagrangianIteration(2,10.0,0.001,1.0,1.0,3,8,7,7,Some(Converged),true,0)
INNER	ball-8-s0	fixed	AugmentedLagrangianIteration(3,10.0,1.0E-4,1.0,1.0,2,5,4,4,Some(Converged),true,0)
INNER	ball-8-s0	fixed	AugmentedLagrangianIteration(4,10.0,1.0E-5,1.0,1.0,2,4,3,3,Some(Converged),true,0)
INNER	ball-8-s0	fixed	AugmentedLagrangianIteration(5,10.0,1.0000000000000002E-6,1.0,1.0,1,3,2,2,Some(Converged),true,0)
INNER	ball-8-s0	fixed	AugmentedLagrangianIteration(6,10.0,1.0000000000000002E-7,1.0,1.0,1,3,2,2,Some(Converged),true,0)
INNER	ball-8-s0	fixed	AugmentedLagrangianIteration(7,10.0,1.0E-7,1.0,1.0,1,3,2,2,Some(Converged),true,0)
ALM	fixed	ball-8-s1	0	0.301625	Converged	1.9524761912165693	8	28	102	51	51	7.929572554132847E-10	7.929572554132847E-10	3.4083846855992306E-14	7.834795271455989E-10	10.0	0.16800537632467227,0.21600691241743564,0.26400844851019917,0.31200998460296286,0.3600115206957264,0.4080130567884901,0.45601459288125346,0.5040161289740167	0.9880476176956776
INNER	ball-8-s1	fixed	AugmentedLagrangianIteration(1,10.0,0.01,1.0,1.0,8,19,18,18,Some(Converged),true,0)
INNER	ball-8-s1	fixed	AugmentedLagrangianIteration(2,10.0,0.001,1.0,1.0,6,11,10,10,Some(Converged),true,0)
INNER	ball-8-s1	fixed	AugmentedLagrangianIteration(3,10.0,1.0E-4,1.0,1.0,2,5,4,4,Some(Converged),true,0)
INNER	ball-8-s1	fixed	AugmentedLagrangianIteration(4,10.0,1.0E-5,1.0,1.0,6,8,7,7,Some(Converged),true,0)
INNER	ball-8-s1	fixed	AugmentedLagrangianIteration(5,10.0,1.0000000000000002E-6,1.0,1.0,1,3,2,2,Some(Converged),true,0)
INNER	ball-8-s1	fixed	AugmentedLagrangianIteration(6,10.0,1.0000000000000002E-7,1.0,1.0,3,6,5,5,Some(Converged),true,0)
INNER	ball-8-s1	fixed	AugmentedLagrangianIteration(7,10.0,1.0E-7,1.0,1.0,1,3,2,2,Some(Converged),true,0)
INNER	ball-8-s1	fixed	AugmentedLagrangianIteration(8,10.0,1.0E-7,1.0,1.0,1,3,2,2,Some(Converged),true,0)
ALM	fixed	ball-64-s0	0	0.767334	Converged	26.914498087487576	13	24	88	44	44	0.0	0.0	4.1944225870338414E-13	1.626213936217045E-9	100.0	0.059974872922615614,0.06187883714238119,0.06378280136214676,0.06568676558191235,0.06759072980167792,0.06949469402144347,0.07139865824120907,0.07330262246097466,0.07520658668074022,0.07711055090050578,0.07901451512027137,0.08091847934003694,0.08282244355980252,0.08472640777956808,0.08663037199933367,0.08853433621909924,0.09043830043886482,0.0923422646586304,0.09424622887839597,0.09615019309816154,0.09805415731792712,0.09995812153769268,0.10186208575745827,0.10376604997722386,0.10567001419698942,0.10757397841675498,0.10947794263652057,0.11138190685628616,0.11328587107605172,0.11518983529581728,0.11709379951558287,0.11899776373534844,0.12090172795511402,0.12280569217487958,0.12470965639464517,0.12661362061441075,0.12851758483417633,0.13042154905394188,0.13232551327370748,0.13422947749347303,0.1361334417132386,0.1380374059330042,0.13994137015276975,0.14184533437253535,0.1437492985923009,0.14565326281206648,0.14755722703183208,0.14946119125159768,0.1513651554713632,0.15326911969112877,0.15517308391089432,0.15707704813065992,0.1589810123504255,0.1608849765701911,0.16278894078995665,0.16469290500972225,0.1665968692294878,0.1685008334492534,0.17040479766901892,0.17230876188878455,0.1742127261085501,0.17611669032831564,0.17802065454808128,0.17992461876784685	3.6684123336534635
INNER	ball-64-s0	fixed	AugmentedLagrangianIteration(1,10.0,0.01,1.0,1.0,3,11,10,10,Some(Converged),true,0)
INNER	ball-64-s0	fixed	AugmentedLagrangianIteration(2,10.0,0.001,1.0,1.0,4,6,5,5,Some(Converged),true,0)
INNER	ball-64-s0	fixed	AugmentedLagrangianIteration(3,10.0,1.0E-4,1.0,1.0,3,6,5,5,Some(Converged),true,0)
INNER	ball-64-s0	fixed	AugmentedLagrangianIteration(4,10.0,1.0E-5,1.0,1.0,3,5,4,4,Some(Converged),true,0)
INNER	ball-64-s0	fixed	AugmentedLagrangianIteration(5,10.0,1.0000000000000002E-6,1.0,1.0,2,4,3,3,Some(Converged),true,0)
INNER	ball-64-s0	fixed	AugmentedLagrangianIteration(6,10.0,1.0000000000000002E-7,1.0,1.0,2,4,3,3,Some(Converged),true,0)
INNER	ball-64-s0	fixed	AugmentedLagrangianIteration(7,10.0,1.0E-7,1.0,1.0,2,4,3,3,Some(Converged),true,1)
INNER	ball-64-s0	fixed	AugmentedLagrangianIteration(8,10.0,1.0E-7,1.0,1.0,1,3,2,2,Some(Converged),true,0)
INNER	ball-64-s0	fixed	AugmentedLagrangianIteration(9,10.0,1.0E-7,1.0,1.0,1,3,2,2,Some(Converged),true,0)
INNER	ball-64-s0	fixed	AugmentedLagrangianIteration(10,10.0,1.0E-7,1.0,1.0,1,3,2,2,Some(Converged),true,0)
INNER	ball-64-s0	fixed	AugmentedLagrangianIteration(11,10.0,1.0E-7,1.0,1.0,1,3,2,2,Some(Converged),true,0)
INNER	ball-64-s0	fixed	AugmentedLagrangianIteration(12,10.0,1.0E-7,1.0,1.0,0,1,0,0,Some(Converged),true,0)
INNER	ball-64-s0	fixed	AugmentedLagrangianIteration(13,100.0,1.0E-7,1.0,1.0,1,3,2,2,Some(Converged),true,1)
ALM	fixed	ball-64-s1	0	0.9585	Converged	26.914498087486447	13	38	126	63	63	0.0	0.0	1.248702252709677E-10	1.6250959647395124E-9	100.0	0.05997487291679434,0.0618788371276737,0.0637828013520601,0.0656867655857047,0.06759072981584675,0.06949469403294568,0.07139865823945275,0.07330262244755732,0.07520658666797998,0.07711055090011613,0.07901451513259193,0.08091847935372114,0.08282244356224958,0.08472640776850816,0.08663037198491473,0.08853433621455702,0.09043830044835402,0.09234226467340478,0.09424622888484974,0.09615019309033833,0.09805415730299628,0.09995812152935786,0.10186208576335828,0.10376604999190961,0.10567001420693382,0.10757397841278964,0.10947794262226516,0.11138190684482059,0.11328587107789045,0.1151898353092424,0.1170937995282235,0.11899776373555457,0.12090172794266733,0.12280569216119426,0.12470965639227373,0.12661362062550333,0.1285175848485038,0.13042154905830058,0.1323255132640585,0.13422947747865563,0.13613344170684333,0.13803740594087802,0.13994137016764008,0.14184533438069666,0.14374929858621546,0.1456532627972944,0.1475572270219196,0.14946119125562252,0.1513651554855889,0.15326911970243964,0.15517308390885412,0.157077048117107,0.15898101233778228,0.1608849765700433,0.1627889408024013,0.16469290502327846,0.16659686923165218,0.1685008334379958,0.17040479765464878,0.17230876188447253,0.17421272611821897,0.17611669034303384,0.17802065455427435,0.1799246187597779	3.6684123336526175
INNER	ball-64-s1	fixed	AugmentedLagrangianIteration(1,10.0,0.01,1.0,1.0,13,26,25,25,Some(Converged),true,0)
INNER	ball-64-s1	fixed	AugmentedLagrangianIteration(2,10.0,0.001,1.0,1.0,4,6,5,5,Some(Converged),true,0)
INNER	ball-64-s1	fixed	AugmentedLagrangianIteration(3,10.0,1.0E-4,1.0,1.0,3,6,5,5,Some(Converged),true,0)
INNER	ball-64-s1	fixed	AugmentedLagrangianIteration(4,10.0,1.0E-5,1.0,1.0,5,7,6,6,Some(Converged),true,0)
INNER	ball-64-s1	fixed	AugmentedLagrangianIteration(5,10.0,1.0000000000000002E-6,1.0,1.0,2,4,3,3,Some(Converged),true,0)
INNER	ball-64-s1	fixed	AugmentedLagrangianIteration(6,10.0,1.0000000000000002E-7,1.0,1.0,4,6,5,5,Some(Converged),true,0)
INNER	ball-64-s1	fixed	AugmentedLagrangianIteration(7,10.0,1.0E-7,1.0,1.0,2,4,3,3,Some(Converged),true,1)
INNER	ball-64-s1	fixed	AugmentedLagrangianIteration(8,10.0,1.0E-7,1.0,1.0,1,3,2,2,Some(Converged),true,0)
INNER	ball-64-s1	fixed	AugmentedLagrangianIteration(9,10.0,1.0E-7,1.0,1.0,1,3,2,2,Some(Converged),true,0)
INNER	ball-64-s1	fixed	AugmentedLagrangianIteration(10,10.0,1.0E-7,1.0,1.0,1,3,2,2,Some(Converged),true,0)
INNER	ball-64-s1	fixed	AugmentedLagrangianIteration(11,10.0,1.0E-7,1.0,1.0,1,3,2,2,Some(Converged),true,1)
INNER	ball-64-s1	fixed	AugmentedLagrangianIteration(12,10.0,1.0E-7,1.0,1.0,0,1,0,0,Some(Converged),true,0)
INNER	ball-64-s1	fixed	AugmentedLagrangianIteration(13,100.0,1.0E-7,1.0,1.0,1,3,2,2,Some(Converged),true,0)
ALM	fixed	parabola-2-s0	0	0.20725	Converged	0.41241685301745307	6	21	76	38	38	4.1308734211042974E-11	4.1308734211042974E-11	9.666938960428695E-8	0.0	10.0	1.1653730830825826,1.3580944227320952	-0.35809432606270564
INNER	parabola-2-s0	fixed	AugmentedLagrangianIteration(1,10.0,0.01,1.0,1.0,8,15,14,14,Some(Converged),true,0)
INNER	parabola-2-s0	fixed	AugmentedLagrangianIteration(2,10.0,0.001,1.0,1.0,6,10,9,9,Some(Converged),true,0)
INNER	parabola-2-s0	fixed	AugmentedLagrangianIteration(3,10.0,1.0E-4,1.0,1.0,2,4,3,3,Some(Converged),true,0)
INNER	parabola-2-s0	fixed	AugmentedLagrangianIteration(4,10.0,1.0E-5,1.0,1.0,3,8,7,7,Some(Converged),true,0)
INNER	parabola-2-s0	fixed	AugmentedLagrangianIteration(5,10.0,1.0000000000000002E-6,1.0,1.0,1,3,2,2,Some(Converged),true,0)
INNER	parabola-2-s0	fixed	AugmentedLagrangianIteration(6,10.0,1.0000000000000002E-7,1.0,1.0,1,3,2,2,Some(Converged),true,0)
ALM	fixed	parabola-2-s1	0	0.314167	Converged	0.4124168530408255	6	25	86	43	43	2.3973489859940855E-11	2.3973489859940855E-11	3.9688060615716836E-8	0.0	10.0	1.1653730594103624,1.3580943676234416	-0.358094327935381
INNER	parabola-2-s1	fixed	AugmentedLagrangianIteration(1,10.0,0.01,1.0,1.0,12,20,19,19,Some(Converged),true,0)
INNER	parabola-2-s1	fixed	AugmentedLagrangianIteration(2,10.0,0.001,1.0,1.0,6,10,9,9,Some(Converged),true,0)
INNER	parabola-2-s1	fixed	AugmentedLagrangianIteration(3,10.0,1.0E-4,1.0,1.0,2,4,3,3,Some(Converged),true,0)
INNER	parabola-2-s1	fixed	AugmentedLagrangianIteration(4,10.0,1.0E-5,1.0,1.0,3,8,7,7,Some(Converged),true,0)
INNER	parabola-2-s1	fixed	AugmentedLagrangianIteration(5,10.0,1.0000000000000002E-6,1.0,1.0,1,3,2,2,Some(Converged),true,0)
INNER	parabola-2-s1	fixed	AugmentedLagrangianIteration(6,10.0,1.0000000000000002E-7,1.0,1.0,1,3,2,2,Some(Converged),true,0)
ALM	fixed	parabola-16-s0	0	0.473917	Converged	3.299334824139624	6	21	76	38	38	4.1308734211042974E-11	4.1308734211042974E-11	9.666938960428695E-8	0.0	10.0	1.1653730830825826,1.3580944227320952,1.1653730830825826,1.3580944227320952,1.1653730830825826,1.3580944227320952,1.1653730830825826,1.3580944227320952,1.1653730830825826,1.3580944227320952,1.1653730830825826,1.3580944227320952,1.1653730830825826,1.3580944227320952,1.1653730830825826,1.3580944227320952	-0.35809432606270564,-0.35809432606270564,-0.35809432606270564,-0.35809432606270564,-0.35809432606270564,-0.35809432606270564,-0.35809432606270564,-0.35809432606270564
INNER	parabola-16-s0	fixed	AugmentedLagrangianIteration(1,10.0,0.01,1.0,1.0,8,15,14,14,Some(Converged),true,0)
INNER	parabola-16-s0	fixed	AugmentedLagrangianIteration(2,10.0,0.001,1.0,1.0,6,10,9,9,Some(Converged),true,0)
INNER	parabola-16-s0	fixed	AugmentedLagrangianIteration(3,10.0,1.0E-4,1.0,1.0,2,4,3,3,Some(Converged),true,0)
INNER	parabola-16-s0	fixed	AugmentedLagrangianIteration(4,10.0,1.0E-5,1.0,1.0,3,8,7,7,Some(Converged),true,0)
INNER	parabola-16-s0	fixed	AugmentedLagrangianIteration(5,10.0,1.0000000000000002E-6,1.0,1.0,1,3,2,2,Some(Converged),true,0)
INNER	parabola-16-s0	fixed	AugmentedLagrangianIteration(6,10.0,1.0000000000000002E-7,1.0,1.0,1,3,2,2,Some(Converged),true,0)
ALM	fixed	parabola-16-s1	0	0.590875	Converged	3.299334823170648	6	38	112	56	56	9.35402644230976E-10	9.35402644230976E-10	9.218289798162971E-8	0.0	10.0	1.1653730841434207,1.3580944243105455,1.1653730768554025,1.3580944075538028,1.165373041729415,1.358094326844789,1.165373065216044,1.358094380776047,1.165373076005009,1.358094405571585,1.1653730454832483,1.3580943354944817,1.1653730627235883,1.358094375082539,1.165373082792527,1.3580944211913548	-0.3580943321276475,-0.35809433070932206,-0.3580943231216138,-0.3580943286956262,-0.3580943309486795,-0.3580943235631584,-0.35809432765633975,-0.35809433206268837
INNER	parabola-16-s1	fixed	AugmentedLagrangianIteration(1,10.0,0.01,1.0,1.0,23,30,29,29,Some(Converged),true,0)
INNER	parabola-16-s1	fixed	AugmentedLagrangianIteration(2,10.0,0.001,1.0,1.0,7,11,10,10,Some(Converged),true,0)
INNER	parabola-16-s1	fixed	AugmentedLagrangianIteration(3,10.0,1.0E-4,1.0,1.0,2,4,3,3,Some(Converged),true,0)
INNER	parabola-16-s1	fixed	AugmentedLagrangianIteration(4,10.0,1.0E-5,1.0,1.0,4,10,9,9,Some(Converged),true,0)
INNER	parabola-16-s1	fixed	AugmentedLagrangianIteration(5,10.0,1.0000000000000002E-6,1.0,1.0,1,3,2,2,Some(Converged),true,0)
INNER	parabola-16-s1	fixed	AugmentedLagrangianIteration(6,10.0,1.0000000000000002E-7,1.0,1.0,1,3,2,2,Some(Converged),true,0)
[success] Total time: 3 s, completed Oct 8, 2026, 11:52:29 a.m.
[info] running gale.bench.OptimizationALMBench 5 1 docs/verification/optim-alm-robust/fixtures.tsv adaptive adaptive trace
ALM	adaptive	equality-diagonal-8-s0	0	0.726542	Converged	0.05923760188248493	11	48	120	60	60	6.003506941576475E-9	6.003506941576475E-9	9.394278230323572E-8	0.0	10.0	0.05960083678858432,0.2796117060045479,0.24254890664348108,-0.017512248143970843,-0.2614727271738991,-0.2650363874832163,-0.02492681045116865,0.23810036799435544	0.4999999886892936
INNER	equality-diagonal-8-s0	adaptive	AugmentedLagrangianIteration(1,10.0,0.01,1.0,1.0,7,9,8,8,Some(Converged),true,0)
INNER	equality-diagonal-8-s0	adaptive	AugmentedLagrangianIteration(2,10.0,0.004166754437816497,1.0,1.0,4,6,5,5,Some(Converged),true,0)
INNER	equality-diagonal-8-s0	adaptive	AugmentedLagrangianIteration(3,10.0,6.937368934637784E-4,1.0,1.0,6,8,7,7,Some(Converged),true,0)
INNER	equality-diagonal-8-s0	adaptive	AugmentedLagrangianIteration(4,10.0,1.1507253543163177E-4,1.0,1.0,5,7,6,6,Some(Converged),true,0)
INNER	equality-diagonal-8-s0	adaptive	AugmentedLagrangianIteration(5,10.0,2.0188130343012924E-5,1.0,1.0,5,7,6,6,Some(Converged),true,0)
INNER	equality-diagonal-8-s0	adaptive	AugmentedLagrangianIteration(6,10.0,3.4155224440030055E-6,1.0,1.0,5,7,6,6,Some(Converged),true,0)
INNER	equality-diagonal-8-s0	adaptive	AugmentedLagrangianIteration(7,10.0,6.721611958721008E-7,1.0,1.0,5,7,6,6,Some(Converged),true,0)
INNER	equality-diagonal-8-s0	adaptive	AugmentedLagrangianIteration(8,10.0,1.306667384154414E-7,1.0,1.0,5,7,6,6,Some(Converged),true,0)
INNER	equality-diagonal-8-s0	adaptive	AugmentedLagrangianIteration(9,10.0,1.0E-7,1.0,1.0,3,5,4,4,Some(Converged),true,0)
INNER	equality-diagonal-8-s0	adaptive	AugmentedLagrangianIteration(10,10.0,1.0E-7,1.0,1.0,2,4,3,3,Some(Converged),true,0)
INNER	equality-diagonal-8-s0	adaptive	AugmentedLagrangianIteration(11,10.0,1.0E-7,1.0,1.0,1,3,2,2,Some(Converged),true,0)
ALM	adaptive	equality-diagonal-8-s1	0	0.668333	Converged	0.059237601565683626	11	46	118	59	59	5.369905159424704E-9	5.369905159424704E-9	7.849601602050171E-8	0.0	10.0	0.059600831616033835,0.279611711005811,0.24254890916239952,-0.01751224844451746,-0.2614727270925386,-0.26503638766833726,-0.024926810057842617,0.2381003668919451	0.49999999792993416
INNER	equality-diagonal-8-s1	adaptive	AugmentedLagrangianIteration(1,10.0,0.01,1.0,1.0,5,7,6,6,Some(Converged),true,0)
INNER	equality-diagonal-8-s1	adaptive	AugmentedLagrangianIteration(2,10.0,0.004141784557623543,1.0,1.0,5,7,6,6,Some(Converged),true,0)
INNER	equality-diagonal-8-s1	adaptive	AugmentedLagrangianIteration(3,10.0,7.063711975048431E-4,1.0,1.0,5,7,6,6,Some(Converged),true,0)
INNER	equality-diagonal-8-s1	adaptive	AugmentedLagrangianIteration(4,10.0,1.2245389204285916E-4,1.0,1.0,6,9,8,8,Some(Converged),true,0)
INNER	equality-diagonal-8-s1	adaptive	AugmentedLagrangianIteration(5,10.0,2.3973828213855186E-5,1.0,1.0,4,6,5,5,Some(Converged),true,0)
INNER	equality-diagonal-8-s1	adaptive	AugmentedLagrangianIteration(6,10.0,4.489940397106596E-6,1.0,1.0,6,8,7,7,Some(Converged),true,0)
INNER	equality-diagonal-8-s1	adaptive	AugmentedLagrangianIteration(7,10.0,7.643427532705305E-7,1.0,1.0,4,6,5,5,Some(Converged),true,0)
INNER	equality-diagonal-8-s1	adaptive	AugmentedLagrangianIteration(8,10.0,1.346713964456292E-7,1.0,1.0,6,8,7,7,Some(Converged),true,0)
INNER	equality-diagonal-8-s1	adaptive	AugmentedLagrangianIteration(9,10.0,1.0E-7,1.0,1.0,3,5,4,4,Some(Converged),true,0)
INNER	equality-diagonal-8-s1	adaptive	AugmentedLagrangianIteration(10,10.0,1.0E-7,1.0,1.0,1,3,2,2,Some(Converged),true,0)
INNER	equality-diagonal-8-s1	adaptive	AugmentedLagrangianIteration(11,10.0,1.0E-7,1.0,1.0,1,3,2,2,Some(Converged),true,0)
ALM	adaptive	equality-dense-32-s0	0	8.647541	Converged	1.333742220550374	14	232	520	260	260	3.47352266394374E-9	3.47352266394374E-9	9.939721701268667E-8	0.0	100.0	0.05960086671488946,0.2796117227076577,0.2425488954379074,-0.017512272127748345,-0.26147275348516014,-0.2650364068125709,-0.024926820038723027,0.23810036718148742,0.28221917776233607,0.06686698402311832,-0.20996239929511828,-0.29375331465367427,-0.10746878310435971,0.17762205354586436,0.29940799313651345,0.14591960360117484,-0.14172659803828744,-0.29907002068334143,-0.18144984700304656,0.10299447804135434,0.2927461542572993,0.21334836609433452,-0.062200926044982,-0.2805629735932813,-0.24097671670384582,0.02016242299117658,0.26276432500904334,0.2637819194809279,0.022279634695494887,-0.23970644230093616,-0.28130752042718987,-0.06427576033097233	0.5000000350706031,0.833333296702074,1.1666667671956157,1.500000030058327
INNER	equality-dense-32-s0	adaptive	AugmentedLagrangianIteration(1,10.0,0.01,1.0,1.0,26,29,28,28,Some(Converged),true,0)
INNER	equality-dense-32-s0	adaptive	AugmentedLagrangianIteration(2,10.0,0.01,1.0,1.0,15,19,18,18,Some(Converged),true,0)
INNER	equality-dense-32-s0	adaptive	AugmentedLagrangianIteration(3,10.0,0.0024575346669088306,1.0,1.0,17,20,19,19,Some(Converged),true,0)
INNER	equality-dense-32-s0	adaptive	AugmentedLagrangianIteration(4,10.0,6.74904070202264E-4,1.0,1.0,16,19,18,18,Some(Converged),true,0)
INNER	equality-dense-32-s0	adaptive	AugmentedLagrangianIteration(5,10.0,2.466270538089205E-4,1.0,1.0,15,19,18,18,Some(Converged),true,0)
INNER	equality-dense-32-s0	adaptive	AugmentedLagrangianIteration(6,10.0,1.1287074890997881E-4,1.0,1.0,15,19,18,18,Some(Converged),true,0)
INNER	equality-dense-32-s0	adaptive	AugmentedLagrangianIteration(7,100.0,6.060906181415554E-5,1.0,1.0,21,24,23,23,Some(Converged),true,0)
INNER	equality-dense-32-s0	adaptive	AugmentedLagrangianIteration(8,100.0,1.3196354375608067E-5,1.0,1.0,21,24,23,23,Some(Converged),true,0)
INNER	equality-dense-32-s0	adaptive	AugmentedLagrangianIteration(9,100.0,2.884913673520395E-6,1.0,1.0,20,23,22,22,Some(Converged),true,0)
INNER	equality-dense-32-s0	adaptive	AugmentedLagrangianIteration(10,100.0,6.490623765564863E-7,1.0,1.0,22,25,24,24,Some(Converged),true,0)
INNER	equality-dense-32-s0	adaptive	AugmentedLagrangianIteration(11,100.0,1.416277161520041E-7,1.0,1.0,21,23,22,22,Some(Converged),true,0)
INNER	equality-dense-32-s0	adaptive	AugmentedLagrangianIteration(12,100.0,1.0E-7,1.0,1.0,12,14,13,13,Some(Converged),true,0)
INNER	equality-dense-32-s0	adaptive	AugmentedLagrangianIteration(13,100.0,1.0E-7,1.0,1.0,8,10,9,9,Some(Converged),true,0)
INNER	equality-dense-32-s0	adaptive	AugmentedLagrangianIteration(14,100.0,1.0E-7,1.0,1.0,3,5,4,4,Some(Converged),true,0)
ALM	adaptive	equality-dense-32-s1	0	8.079	Converged	1.3337422206660292	14	221	494	247	247	3.3838591095847192E-9	3.3838591095847192E-9	9.099207493035166E-8	0.0	100.0	0.059600860512150945,0.27961172339580276,0.24254889859305334,-0.017512268954263433,-0.2614727521032645,-0.26503640710612547,-0.02492682081829595,0.23810036663415943,0.28221917738352303,0.06686698364178871,-0.20996239962244853,-0.2937533148791221,-0.10746878327549732,0.1776220535251694,0.2994079934185538,0.14591960400141277,-0.1417265978566684,-0.29907002073879,-0.1814498471863035,0.10299447781762222,0.2927461541297349,0.21334836608020671,-0.062200926006362366,-0.2805629735548348,-0.24097671669487883,0.020162422977156823,0.262764324990674,0.2637819194590103,0.022279634665704595,-0.23970644233416,-0.28130752047865815,-0.06427576039653793	0.500000032694853,0.8333332958570397,1.1666667630669245,1.5000000284926436
INNER	equality-dense-32-s1	adaptive	AugmentedLagrangianIteration(1,10.0,0.01,1.0,1.0,17,19,18,18,Some(Converged),true,0)
INNER	equality-dense-32-s1	adaptive	AugmentedLagrangianIteration(2,10.0,0.01,1.0,1.0,15,19,18,18,Some(Converged),true,0)
INNER	equality-dense-32-s1	adaptive	AugmentedLagrangianIteration(3,10.0,0.002444638321827412,1.0,1.0,17,20,19,19,Some(Converged),true,0)
INNER	equality-dense-32-s1	adaptive	AugmentedLagrangianIteration(4,10.0,6.711018506092029E-4,1.0,1.0,14,16,15,15,Some(Converged),true,0)
INNER	equality-dense-32-s1	adaptive	AugmentedLagrangianIteration(5,10.0,2.4532283572550537E-4,1.0,1.0,12,14,13,13,Some(Converged),true,0)
INNER	equality-dense-32-s1	adaptive	AugmentedLagrangianIteration(6,10.0,1.1177970387346998E-4,1.0,1.0,15,18,17,17,Some(Converged),true,0)
INNER	equality-dense-32-s1	adaptive	AugmentedLagrangianIteration(7,100.0,5.9778186612095835E-5,1.0,1.0,20,23,22,22,Some(Converged),true,0)
INNER	equality-dense-32-s1	adaptive	AugmentedLagrangianIteration(8,100.0,1.3006325485609428E-5,1.0,1.0,23,26,25,25,Some(Converged),true,0)
INNER	equality-dense-32-s1	adaptive	AugmentedLagrangianIteration(9,100.0,2.8636742312432298E-6,1.0,1.0,22,26,25,25,Some(Converged),true,0)
INNER	equality-dense-32-s1	adaptive	AugmentedLagrangianIteration(10,100.0,6.344512467504338E-7,1.0,1.0,20,23,22,22,Some(Converged),true,0)
INNER	equality-dense-32-s1	adaptive	AugmentedLagrangianIteration(11,100.0,1.4290480095102698E-7,1.0,1.0,23,27,26,26,Some(Converged),true,0)
INNER	equality-dense-32-s1	adaptive	AugmentedLagrangianIteration(12,100.0,1.0E-7,1.0,1.0,12,14,13,13,Some(Converged),true,0)
INNER	equality-dense-32-s1	adaptive	AugmentedLagrangianIteration(13,100.0,1.0E-7,1.0,1.0,8,10,9,9,Some(Converged),true,0)
INNER	equality-dense-32-s1	adaptive	AugmentedLagrangianIteration(14,100.0,1.0E-7,1.0,1.0,3,5,4,4,Some(Converged),true,0)
ALM	adaptive	equality-dense-128-s0	0	3.508625	Converged	3.607942966896053	16	68	170	85	85	2.711752003503598E-10	2.711752003503598E-10	6.746563940840389E-8	0.0	100.0	0.05960087986504325,0.27961174184513643,0.24254892206651654,-0.017512245074138098,-0.2614727416259389,-0.2650364168310673,-0.02492684749993431,0.23810033082513185,0.28221913983712593,0.06686694935205503,-0.20996242824892092,-0.29375333727807623,-0.10746879942154637,0.17762204355692277,0.2994079887954897,0.145919603256466,-0.14172659609062313,-0.2990700172983464,-0.18144984215650756,0.10299448459129343,0.2927461619790192,0.2133483735718789,-0.06220092002629538,-0.28056296945671433,-0.24097671436594617,0.02016242364956333,0.26276432391210924,0.26378191648419164,0.022279629735888873,-0.2397064493181141,-0.28130752936314907,-0.06427577062469633,0.21185082768741603,0.2932027436743251,0.10498540042346743,-0.179755044907086,-0.29922953994841855,-0.1435937845925348,0.14406142602393257,0.2992672186254193,0.17932810417456124,-0.10548444763578174,-0.2933150891304262,-0.21147319374912038,0.06479617824984193,0.28149224113921195,0.23938563470253305,-0.02281102079931074,-0.26403532917693145,-0.2625067736576518,-0.01963070120887044,0.24129374699788955,0.2803738362081002,0.06167951212353706,-0.2137226728492401,-0.29262922058750807,-0.10249381568377008,0.1818739267727332,0.29902761516813475,0.1412566881164407,-0.14638499211596187,-0.2994409916078181,-0.17719233050827862,0.1079661358553319,0.29386102862549357,0.2095814408515475,-0.06738636286528221,-0.2823994607122427,-0.23777580165587928,0.025457828463640548,0.2652856445966377,0.2612110591185617,0.016980227597380215,-0.24286214938082018,-0.27941818840968996,-0.05907843554707539,0.21557775672091997,0.29203275191132483,0.09999417998444694,-0.18397858180485155,-0.2988022860989498,-0.13890854899652486,0.14869706465861646,0.29959127966190596,0.175042650239643,-0.11043938848020411,-0.29438396701884467,-0.2076732884822648,0.06997124891561789,0.2832845377285009,0.23614732385673004,-0.028102655679515018,-0.26651518829431353,-0.2598948908692465,-0.014328434129103578,0.24441151434094419,0.2784406394548487,0.05647272083970449,-0.21741596045472628,-0.2914134136249324,-0.09748672118497251,0.1860688104313315,0.29855353334157975,0.13654951218971761,-0.15099750303049275,-0.299718112624064,-0.17287927407134382,0.11290396926103419,0.2948838212020484,0.20574884486394554,-0.07255067386528333,-0.2841474412182817,-0.23450036542857683,0.030745260688715498,0.26772383146358375,0.25855834159531266,0.011675500047462404,-0.24594174730160656,-0.27744129130742734,-0.053862596404876784,0.2192371165500091,0.2907712311536427,0.0949716126213463,-0.18814447241031762,-0.2982814006536253,-0.13417978782476506,0.15328610040632848,0.2998214524587949	0.4999999659485705,0.6428570581832111,0.7857143047001709,0.9285714118208168,1.071428569988819,1.214285721140455,1.357142848918588,1.5000000186228077
INNER	equality-dense-128-s0	adaptive	AugmentedLagrangianIteration(1,10.0,0.01,1.0,1.0,11,14,13,13,Some(Converged),true,0)
INNER	equality-dense-128-s0	adaptive	AugmentedLagrangianIteration(2,10.0,0.01,1.0,1.0,4,6,5,5,Some(Converged),true,0)
INNER	equality-dense-128-s0	adaptive	AugmentedLagrangianIteration(3,10.0,0.0019092865015711794,1.0,1.0,6,8,7,7,Some(Converged),true,0)
INNER	equality-dense-128-s0	adaptive	AugmentedLagrangianIteration(4,10.0,3.558503909893686E-4,1.0,1.0,6,8,7,7,Some(Converged),true,0)
INNER	equality-dense-128-s0	adaptive	AugmentedLagrangianIteration(5,10.0,6.842930267147717E-5,1.0,1.0,6,8,7,7,Some(Converged),true,0)
INNER	equality-dense-128-s0	adaptive	AugmentedLagrangianIteration(6,10.0,1.5870789493107468E-5,1.0,1.0,6,8,7,7,Some(Converged),true,0)
INNER	equality-dense-128-s0	adaptive	AugmentedLagrangianIteration(7,10.0,4.011211674261745E-6,1.0,1.0,6,8,7,7,Some(Converged),true,0)
INNER	equality-dense-128-s0	adaptive	AugmentedLagrangianIteration(8,10.0,1.3241644535904458E-6,1.0,1.0,6,8,7,7,Some(Converged),true,0)
INNER	equality-dense-128-s0	adaptive	AugmentedLagrangianIteration(9,10.0,4.863770412064788E-7,1.0,1.0,5,7,6,6,Some(Converged),true,0)
INNER	equality-dense-128-s0	adaptive	AugmentedLagrangianIteration(10,10.0,1.9022524648665274E-7,1.0,1.0,5,7,6,6,Some(Converged),true,0)
INNER	equality-dense-128-s0	adaptive	AugmentedLagrangianIteration(11,10.0,1.0E-7,1.0,1.0,2,4,3,3,Some(Converged),true,0)
INNER	equality-dense-128-s0	adaptive	AugmentedLagrangianIteration(12,10.0,1.0E-7,1.0,1.0,2,4,3,3,Some(Converged),true,0)
INNER	equality-dense-128-s0	adaptive	AugmentedLagrangianIteration(13,10.0,1.0E-7,1.0,1.0,1,3,2,2,Some(Converged),true,0)
INNER	equality-dense-128-s0	adaptive	AugmentedLagrangianIteration(14,10.0,1.0E-7,1.0,1.0,1,3,2,2,Some(Converged),true,0)
INNER	equality-dense-128-s0	adaptive	AugmentedLagrangianIteration(15,10.0,1.0E-7,1.0,1.0,0,1,0,0,Some(Converged),true,0)
INNER	equality-dense-128-s0	adaptive	AugmentedLagrangianIteration(16,100.0,1.0E-7,1.0,1.0,1,3,2,2,Some(Converged),true,0)
ALM	adaptive	equality-dense-128-s1	0	1.894833	Converged	3.607942966849752	16	68	168	84	84	5.584240639344706E-10	5.584240639344706E-10	7.392446602083602E-8	0.0	100.0	0.05960087899587659,0.2796117644101017,0.24254893168148656,-0.01751224748122578,-0.26147274444639435,-0.2650364155924559,-0.024926844696459702,0.2381003320563412,0.28221913856201053,0.06686694600176499,-0.20996243309851134,-0.2937533431535312,-0.10746880580987886,0.17762203718700564,0.29940798288972315,0.14591959816349095,-0.14172660008058127,-0.29907001995524124,-0.18144984334175127,0.1029944849139795,0.2927461637583061,0.21334837668527956,-0.062200915763109176,-0.2805629642803523,-0.2409767085510883,0.0201624298066104,0.26276433010964767,0.26378192243065024,0.02227963516407107,-0.23970644463880542,-0.281307525616845,-0.06427576794185978,0.21185082923416498,0.29320274407139996,0.1049853997147606,-0.1797550466244655,-0.2992295425308876,-0.14359378785861562,0.1440614222836292,0.29926721463695904,0.17932810016890538,-0.10548445143398225,-0.29331509251315957,-0.21147319653473765,0.06479617620829518,0.2814922399484226,0.23938563442567132,-0.02281102014505477,-0.2640353276209123,-0.2625067712713606,-0.019630698097961162,0.24129375069837267,0.28037384033355334,0.061679516484610036,-0.21372266844780086,-0.2926292163234622,-0.10249381171063844,0.18187393031187796,0.2990276181307614,0.14125669037801855,-0.14638499062842336,-0.29944099090184656,-0.17719233054676312,0.10796613512394836,0.293861027261069,0.20958143894039805,-0.06738636519711587,-0.2823994633098821,-0.237775804359154,0.025457825805938986,0.2652856421263193,0.261211056969082,0.016980225887744085,-0.24286215055503144,-0.27941818898107745,-0.05907843547697766,0.21557775744205476,0.2920327532630411,0.09999418191736911,-0.18397857936511583,-0.2988022832469729,-0.1389085458426502,0.14869706799293977,0.29959128304985744,0.17504265355522397,-0.11043938535658869,-0.29438396419561985,-0.2076732860523717,0.06997125087854913,0.28328453917302715,0.23614732475526448,-0.02810265533010638,-0.26651518847302275,-0.2598948915321652,-0.014328435211654672,0.2444115129208673,0.27844063779302713,0.05647271904122146,-0.2174159622801993,-0.2914134153679994,-0.0974867227413152,0.18606880915642993,0.29855353242918675,0.13654951170385532,-0.15099750304544865,-0.2997181121450839,-0.17287927309747889,0.11290397070889838,0.29488382308239064,0.20574884711668556,-0.07255067131594312,-0.2841474384603959,-0.23450036255854806,0.030745263570308597,0.2677238342562327,0.25855834420271384,0.01167550238137027,-0.24594174531795734,-0.27744128973645354,-0.05386259529242343,0.21923711717618694,0.29077123128466537,0.09497161226726555,-0.18814447322116262,-0.29828140187589636,-0.13417978939798414,0.15328609855544173,0.2998214504136088	0.4999999719950543,0.642857073267652,0.7857142970200548,0.9285714245207829,1.0714285601687161,1.2142857324941283,1.3571428372322285,1.5000000607863722
INNER	equality-dense-128-s1	adaptive	AugmentedLagrangianIteration(1,10.0,0.01,1.0,1.0,10,12,11,11,Some(Converged),true,0)
INNER	equality-dense-128-s1	adaptive	AugmentedLagrangianIteration(2,10.0,0.01,1.0,1.0,4,6,5,5,Some(Converged),true,0)
INNER	equality-dense-128-s1	adaptive	AugmentedLagrangianIteration(3,10.0,0.001920892814163372,1.0,1.0,6,8,7,7,Some(Converged),true,0)
INNER	equality-dense-128-s1	adaptive	AugmentedLagrangianIteration(4,10.0,3.525351322626311E-4,1.0,1.0,6,8,7,7,Some(Converged),true,0)
INNER	equality-dense-128-s1	adaptive	AugmentedLagrangianIteration(5,10.0,6.906234942396713E-5,1.0,1.0,6,8,7,7,Some(Converged),true,0)
INNER	equality-dense-128-s1	adaptive	AugmentedLagrangianIteration(6,10.0,1.6183991057794334E-5,1.0,1.0,6,8,7,7,Some(Converged),true,0)
INNER	equality-dense-128-s1	adaptive	AugmentedLagrangianIteration(7,10.0,4.188315053019892E-6,1.0,1.0,6,8,7,7,Some(Converged),true,0)
INNER	equality-dense-128-s1	adaptive	AugmentedLagrangianIteration(8,10.0,1.1978847118440661E-6,1.0,1.0,6,8,7,7,Some(Converged),true,0)
INNER	equality-dense-128-s1	adaptive	AugmentedLagrangianIteration(9,10.0,4.563141255096992E-7,1.0,1.0,6,8,7,7,Some(Converged),true,0)
INNER	equality-dense-128-s1	adaptive	AugmentedLagrangianIteration(10,10.0,1.77286507904717E-7,1.0,1.0,5,7,6,6,Some(Converged),true,0)
INNER	equality-dense-128-s1	adaptive	AugmentedLagrangianIteration(11,10.0,1.0E-7,1.0,1.0,2,4,3,3,Some(Converged),true,0)
INNER	equality-dense-128-s1	adaptive	AugmentedLagrangianIteration(12,10.0,1.0E-7,1.0,1.0,2,4,3,3,Some(Converged),true,0)
INNER	equality-dense-128-s1	adaptive	AugmentedLagrangianIteration(13,10.0,1.0E-7,1.0,1.0,1,3,2,2,Some(Converged),true,0)
INNER	equality-dense-128-s1	adaptive	AugmentedLagrangianIteration(14,10.0,1.0E-7,1.0,1.0,1,3,2,2,Some(Converged),true,0)
INNER	equality-dense-128-s1	adaptive	AugmentedLagrangianIteration(15,10.0,1.0E-7,1.0,1.0,0,1,0,0,Some(Converged),true,0)
INNER	equality-dense-128-s1	adaptive	AugmentedLagrangianIteration(16,100.0,1.0E-7,1.0,1.0,1,3,2,2,Some(Converged),true,0)
ALM	adaptive	mixed-box-3-s0	0	1.207833	Converged	2.500000001565402	14	28	108	54	54	7.823001135776053E-10	7.823001135776053E-10	9.283139323912337E-8	8.01897993934141E-13	100.0	0.999999999217299,4.009489886612845E-13,0.0	1.999999948598843,2.000000041430637,0.0
INNER	mixed-box-3-s0	adaptive	AugmentedLagrangianIteration(1,10.0,0.01,1.0,1.0,6,12,11,11,Some(Converged),true,0)
INNER	mixed-box-3-s0	adaptive	AugmentedLagrangianIteration(2,10.0,0.01,1.0,1.0,3,5,4,4,Some(Converged),true,0)
INNER	mixed-box-3-s0	adaptive	AugmentedLagrangianIteration(3,10.0,0.0037290338603792788,1.0,1.0,2,5,4,4,Some(Converged),true,0)
INNER	mixed-box-3-s0	adaptive	AugmentedLagrangianIteration(4,10.0,7.944022441717675E-4,1.0,1.0,2,5,4,4,Some(Converged),true,0)
INNER	mixed-box-3-s0	adaptive	AugmentedLagrangianIteration(5,10.0,1.655865492604437E-4,1.0,1.0,2,5,4,4,Some(Converged),true,0)
INNER	mixed-box-3-s0	adaptive	AugmentedLagrangianIteration(6,10.0,3.438448345161393E-5,1.0,1.0,1,3,2,2,Some(Converged),true,0)
INNER	mixed-box-3-s0	adaptive	AugmentedLagrangianIteration(7,10.0,7.162288059326257E-6,1.0,1.0,2,5,4,4,Some(Converged),true,0)
INNER	mixed-box-3-s0	adaptive	AugmentedLagrangianIteration(8,10.0,1.4544458574875782E-6,1.0,1.0,2,5,4,4,Some(Converged),true,0)
INNER	mixed-box-3-s0	adaptive	AugmentedLagrangianIteration(9,10.0,3.0620986195521267E-7,1.0,1.0,2,5,4,4,Some(Converged),true,0)
INNER	mixed-box-3-s0	adaptive	AugmentedLagrangianIteration(10,10.0,1.0E-7,1.0,1.0,1,3,2,2,Some(Converged),true,0)
INNER	mixed-box-3-s0	adaptive	AugmentedLagrangianIteration(11,10.0,1.0E-7,1.0,1.0,2,5,4,4,Some(Converged),true,0)
INNER	mixed-box-3-s0	adaptive	AugmentedLagrangianIteration(12,10.0,1.0E-7,1.0,1.0,2,5,4,4,Some(Converged),true,0)
INNER	mixed-box-3-s0	adaptive	AugmentedLagrangianIteration(13,10.0,1.0E-7,1.0,1.0,0,1,0,0,Some(Converged),true,0)
INNER	mixed-box-3-s0	adaptive	AugmentedLagrangianIteration(14,100.0,1.0E-7,1.0,1.0,1,3,2,2,Some(Converged),true,0)
ALM	adaptive	mixed-box-3-s1	0	1.10925	Converged	2.500000001568372	14	29	110	55	55	8.005647256226212E-10	8.005647256226212E-10	9.631673369980831E-8	3.275712493944901E-11	100.0	0.9999999992158138,-1.6378562116501755E-11,0.0	1.9999999468319718,2.000000043132327,0.0
INNER	mixed-box-3-s1	adaptive	AugmentedLagrangianIteration(1,10.0,0.01,1.0,1.0,7,13,12,12,Some(Converged),true,0)
INNER	mixed-box-3-s1	adaptive	AugmentedLagrangianIteration(2,10.0,0.01,1.0,1.0,3,5,4,4,Some(Converged),true,0)
INNER	mixed-box-3-s1	adaptive	AugmentedLagrangianIteration(3,10.0,0.0037286245231016924,1.0,1.0,2,5,4,4,Some(Converged),true,0)
INNER	mixed-box-3-s1	adaptive	AugmentedLagrangianIteration(4,10.0,7.950927675480628E-4,1.0,1.0,2,5,4,4,Some(Converged),true,0)
INNER	mixed-box-3-s1	adaptive	AugmentedLagrangianIteration(5,10.0,1.6575835143843741E-4,1.0,1.0,2,5,4,4,Some(Converged),true,0)
INNER	mixed-box-3-s1	adaptive	AugmentedLagrangianIteration(6,10.0,3.442117922505458E-5,1.0,1.0,1,3,2,2,Some(Converged),true,0)
INNER	mixed-box-3-s1	adaptive	AugmentedLagrangianIteration(7,10.0,7.17095672953409E-6,1.0,1.0,2,5,4,4,Some(Converged),true,0)
INNER	mixed-box-3-s1	adaptive	AugmentedLagrangianIteration(8,10.0,1.455057025892428E-6,1.0,1.0,2,5,4,4,Some(Converged),true,0)
INNER	mixed-box-3-s1	adaptive	AugmentedLagrangianIteration(9,10.0,3.0650294672907116E-7,1.0,1.0,2,5,4,4,Some(Converged),true,0)
INNER	mixed-box-3-s1	adaptive	AugmentedLagrangianIteration(10,10.0,1.0E-7,1.0,1.0,1,3,2,2,Some(Converged),true,0)
INNER	mixed-box-3-s1	adaptive	AugmentedLagrangianIteration(11,10.0,1.0E-7,1.0,1.0,2,5,4,4,Some(Converged),true,0)
INNER	mixed-box-3-s1	adaptive	AugmentedLagrangianIteration(12,10.0,1.0E-7,1.0,1.0,2,5,4,4,Some(Converged),true,0)
INNER	mixed-box-3-s1	adaptive	AugmentedLagrangianIteration(13,10.0,1.0E-7,1.0,1.0,0,1,0,0,Some(Converged),true,0)
INNER	mixed-box-3-s1	adaptive	AugmentedLagrangianIteration(14,100.0,1.0E-7,1.0,1.0,1,3,2,2,Some(Converged),true,0)
ALM	adaptive	ball-8-s0	0	0.277875	Converged	1.952476189802819	8	14	76	38	38	2.2238095809257175E-9	2.2238095809257175E-9	2.843281166065026E-13	2.197229756274483E-9	10.0	0.16800537644486774,0.21600691257197277,0.2640084486990779,0.312009984826183,0.36001152095328803,0.4080130570803931,0.4560145932074982,0.5040161293346033	0.9880476166308405
INNER	ball-8-s0	adaptive	AugmentedLagrangianIteration(1,10.0,0.01,1.0,1.0,5,18,17,17,Some(Converged),true,0)
INNER	ball-8-s0	adaptive	AugmentedLagrangianIteration(2,10.0,0.009235690168445655,1.0,1.0,3,8,7,7,Some(Converged),true,0)
INNER	ball-8-s0	adaptive	AugmentedLagrangianIteration(3,10.0,6.069191796031604E-4,1.0,1.0,1,4,3,3,Some(Converged),true,0)
INNER	ball-8-s0	adaptive	AugmentedLagrangianIteration(4,10.0,3.206821324446274E-5,1.0,1.0,1,3,2,2,Some(Converged),true,0)
INNER	ball-8-s0	adaptive	AugmentedLagrangianIteration(5,10.0,5.187413845764156E-6,1.0,1.0,1,3,2,2,Some(Converged),true,0)
INNER	ball-8-s0	adaptive	AugmentedLagrangianIteration(6,10.0,5.626250390911025E-7,1.0,1.0,1,3,2,2,Some(Converged),true,0)
INNER	ball-8-s0	adaptive	AugmentedLagrangianIteration(7,10.0,1.0E-7,1.0,1.0,1,3,2,2,Some(Converged),true,0)
INNER	ball-8-s0	adaptive	AugmentedLagrangianIteration(8,10.0,1.0E-7,1.0,1.0,1,3,2,2,Some(Converged),true,0)
ALM	adaptive	ball-8-s1	0	0.255083	Converged	1.9524761989831048	7	22	88	44	44	0.0	0.0	3.712556195800687E-8	6.983055468206953E-9	10.0	0.1680053800240945,0.21600692318483697,0.26400845511120835,0.312009979337132,0.3600115064762876,0.40801304446394265,0.4560145912613044,0.5040161367299764	0.9880476249077608
INNER	ball-8-s1	adaptive	AugmentedLagrangianIteration(1,10.0,0.01,1.0,1.0,8,19,18,18,Some(Converged),true,0)
INNER	ball-8-s1	adaptive	AugmentedLagrangianIteration(2,10.0,0.009283263328964387,1.0,1.0,3,8,7,7,Some(Converged),true,0)
INNER	ball-8-s1	adaptive	AugmentedLagrangianIteration(3,10.0,5.636474088110522E-4,1.0,1.0,3,7,6,6,Some(Converged),true,0)
INNER	ball-8-s1	adaptive	AugmentedLagrangianIteration(4,10.0,3.584192738403935E-5,1.0,1.0,5,7,6,6,Some(Converged),true,0)
INNER	ball-8-s1	adaptive	AugmentedLagrangianIteration(5,10.0,2.098200415201479E-6,1.0,1.0,1,3,2,2,Some(Converged),true,0)
INNER	ball-8-s1	adaptive	AugmentedLagrangianIteration(6,10.0,1.67029330211399E-7,1.0,1.0,1,3,2,2,Some(Converged),true,0)
INNER	ball-8-s1	adaptive	AugmentedLagrangianIteration(7,10.0,1.0E-7,1.0,1.0,1,3,2,2,Some(Converged),true,0)
ALM	adaptive	ball-64-s0	0	0.500167	Converged	26.91449808785497	13	20	80	40	40	0.0	0.0	6.252776074688882E-13	1.993617240353558E-9	100.0	0.059974872919612274,0.0618788371392825,0.06378280135895271,0.06568676557862298,0.06759072979829318,0.0694946940179634,0.07139865823763364,0.07330262245730389,0.07520658667697412,0.07711055089664434,0.07901451511631459,0.08091847933598484,0.08282244355565505,0.08472640777532527,0.0866303719949955,0.08853433621466575,0.09043830043433597,0.09234226465400619,0.09424622887367642,0.09615019309334666,0.09805415731301687,0.09995812153268711,0.10186208575235735,0.1037660499720276,0.10567001419169782,0.10757397841136804,0.10947794263103827,0.11138190685070852,0.11328587107037873,0.11518983529004896,0.1170937995097192,0.11899776372938943,0.12090172794905965,0.12280569216872987,0.1247096563884001,0.12661362060807033,0.1285175848277406,0.1304215490474108,0.13232551326708106,0.13422947748675126,0.13613344170642147,0.13803740592609173,0.13994137014576194,0.14184533436543217,0.14374929858510244,0.14565326280477264,0.14755722702444293,0.1494611912441131,0.15136515546378335,0.1532691196834536,0.1551730839031238,0.15707704812279405,0.15898101234246426,0.16088497656213452,0.16278894078180473,0.164692905001475,0.1665968692211452,0.16850083344081543,0.17040479766048564,0.1723087618801559,0.17421272609982613,0.17611669031949634,0.1780206545391666,0.1799246187588368	3.6684123338616326
INNER	ball-64-s0	adaptive	AugmentedLagrangianIteration(1,10.0,0.01,1.0,1.0,3,11,10,10,Some(Converged),true,0)
INNER	ball-64-s0	adaptive	AugmentedLagrangianIteration(2,10.0,0.01,1.0,1.0,4,6,5,5,Some(Converged),true,0)
INNER	ball-64-s0	adaptive	AugmentedLagrangianIteration(3,10.0,0.004412610726159771,1.0,1.0,2,5,4,4,Some(Converged),true,0)
INNER	ball-64-s0	adaptive	AugmentedLagrangianIteration(4,10.0,7.238498550529382E-4,1.0,1.0,2,4,3,3,Some(Converged),true,0)
INNER	ball-64-s0	adaptive	AugmentedLagrangianIteration(5,10.0,1.3125353086194114E-4,1.0,1.0,2,4,3,3,Some(Converged),true,0)
INNER	ball-64-s0	adaptive	AugmentedLagrangianIteration(6,10.0,2.304354044349033E-5,1.0,1.0,1,3,2,2,Some(Converged),true,0)
INNER	ball-64-s0	adaptive	AugmentedLagrangianIteration(7,10.0,3.868850845001326E-6,1.0,1.0,1,3,2,2,Some(Converged),true,0)
INNER	ball-64-s0	adaptive	AugmentedLagrangianIteration(8,10.0,7.716863878126646E-7,1.0,1.0,1,3,2,2,Some(Converged),true,0)
INNER	ball-64-s0	adaptive	AugmentedLagrangianIteration(9,10.0,1.3579089968018821E-7,1.0,1.0,1,3,2,2,Some(Converged),true,0)
INNER	ball-64-s0	adaptive	AugmentedLagrangianIteration(10,10.0,1.0E-7,1.0,1.0,1,3,2,2,Some(Converged),true,0)
INNER	ball-64-s0	adaptive	AugmentedLagrangianIteration(11,10.0,1.0E-7,1.0,1.0,1,3,2,2,Some(Converged),true,1)
INNER	ball-64-s0	adaptive	AugmentedLagrangianIteration(12,10.0,1.0E-7,1.0,1.0,0,1,0,0,Some(Converged),true,0)
INNER	ball-64-s0	adaptive	AugmentedLagrangianIteration(13,100.0,1.0E-7,1.0,1.0,1,3,2,2,Some(Converged),true,0)
ALM	adaptive	ball-64-s1	0	0.68925	Converged	26.91449808762659	13	33	116	58	58	0.0	0.0	4.472422432399981E-12	1.7652313476049564E-9	100.0	0.05997487292166974,0.061878837141689624,0.06378280136126814,0.0656867655805441,0.06759072979993448,0.06949469401975117,0.07139865823991397,0.07330262246002454,0.07520658667973255,0.07711055089905779,0.07901451511837194,0.08091847933805689,0.08282244355815364,0.08472640777832452,0.08663037199816383,0.08853433621757058,0.0904383004368415,0.09234226465639829,0.09424622887639975,0.0961501930965958,0.0980541573165576,0.09995812153607152,0.10186208575533585,0.10376604997477826,0.1056700141946627,0.10757397841484675,0.10947794263491253,0.1113819068545509,0.11328587107384562,0.1151898352931965,0.11709379951295164,0.11899776373308751,0.12090172795323048,0.12280569217300047,0.12470965639236027,0.12661362061164982,0.12851758483127354,0.13042154905132886,0.13232551327151615,0.1342294774914145,0.1361334417108688,0.138037405930132,0.13994137014963287,0.14184533436958166,0.14374929858977675,0.14565326280979007,0.14755722702936078,0.14946119124863486,0.15136515546803098,0.1532691196878557,0.15517308390802162,0.15707704812812728,0.15898101234782713,0.1608849765671482,0.16278894078646622,0.16469290500615943,0.16659686922626118,0.1685008334464293,0.17040479766626057,0.17230876188566135,0.17421272610493402,0.17611669032449845,0.17802065454450663,0.17992461876470214	3.6684123337322805
INNER	ball-64-s1	adaptive	AugmentedLagrangianIteration(1,10.0,0.01,1.0,1.0,13,26,25,25,Some(Converged),true,0)
INNER	ball-64-s1	adaptive	AugmentedLagrangianIteration(2,10.0,0.01,1.0,1.0,4,6,5,5,Some(Converged),true,0)
INNER	ball-64-s1	adaptive	AugmentedLagrangianIteration(3,10.0,0.004429000477408596,1.0,1.0,2,5,4,4,Some(Converged),true,0)
INNER	ball-64-s1	adaptive	AugmentedLagrangianIteration(4,10.0,7.264327548017536E-4,1.0,1.0,2,4,3,3,Some(Converged),true,0)
INNER	ball-64-s1	adaptive	AugmentedLagrangianIteration(5,10.0,1.3180436987403343E-4,1.0,1.0,2,4,3,3,Some(Converged),true,0)
INNER	ball-64-s1	adaptive	AugmentedLagrangianIteration(6,10.0,2.3140556061473917E-5,1.0,1.0,2,4,3,3,Some(Converged),true,0)
INNER	ball-64-s1	adaptive	AugmentedLagrangianIteration(7,10.0,3.986281742207609E-6,1.0,1.0,3,5,4,4,Some(Converged),true,0)
INNER	ball-64-s1	adaptive	AugmentedLagrangianIteration(8,10.0,6.980383439714189E-7,1.0,1.0,1,3,2,2,Some(Converged),true,0)
INNER	ball-64-s1	adaptive	AugmentedLagrangianIteration(9,10.0,1.2028865097324372E-7,1.0,1.0,1,3,2,2,Some(Converged),true,0)
INNER	ball-64-s1	adaptive	AugmentedLagrangianIteration(10,10.0,1.0E-7,1.0,1.0,1,3,2,2,Some(Converged),true,0)
INNER	ball-64-s1	adaptive	AugmentedLagrangianIteration(11,10.0,1.0E-7,1.0,1.0,1,3,2,2,Some(Converged),true,0)
INNER	ball-64-s1	adaptive	AugmentedLagrangianIteration(12,10.0,1.0E-7,1.0,1.0,0,1,0,0,Some(Converged),true,0)
INNER	ball-64-s1	adaptive	AugmentedLagrangianIteration(13,100.0,1.0E-7,1.0,1.0,1,3,2,2,Some(Converged),true,0)
ALM	adaptive	parabola-2-s0	0	0.27975	Converged	0.412416852660796	6	23	86	43	43	1.0372791514612345E-9	1.0372791514612345E-9	1.8784973576657649E-13	0.0	10.0	1.165373043400613,1.358094329247528	-0.3580943292476091
INNER	parabola-2-s0	adaptive	AugmentedLagrangianIteration(1,10.0,0.01,1.0,1.0,8,15,14,14,Some(Converged),true,0)
INNER	parabola-2-s0	adaptive	AugmentedLagrangianIteration(2,10.0,0.0034717148461251846,1.0,1.0,2,5,4,4,Some(Converged),true,0)
INNER	parabola-2-s0	adaptive	AugmentedLagrangianIteration(3,10.0,1.0830479317263109E-4,1.0,1.0,6,9,8,8,Some(Converged),true,0)
INNER	parabola-2-s0	adaptive	AugmentedLagrangianIteration(4,10.0,1.2019990216272093E-6,1.0,1.0,3,8,7,7,Some(Converged),true,0)
INNER	parabola-2-s0	adaptive	AugmentedLagrangianIteration(5,10.0,2.717112591366089E-7,1.0,1.0,1,3,2,2,Some(Converged),true,0)
INNER	parabola-2-s0	adaptive	AugmentedLagrangianIteration(6,10.0,1.0E-7,1.0,1.0,3,8,7,7,Some(Converged),true,0)
ALM	adaptive	parabola-2-s1	0	0.234417	Converged	0.4124168530408255	6	25	86	43	43	2.3973489859940855E-11	2.3973489859940855E-11	3.9688060615716836E-8	0.0	10.0	1.1653730594103624,1.3580943676234416	-0.358094327935381
INNER	parabola-2-s1	adaptive	AugmentedLagrangianIteration(1,10.0,0.01,1.0,1.0,12,20,19,19,Some(Converged),true,0)
INNER	parabola-2-s1	adaptive	AugmentedLagrangianIteration(2,10.0,0.0034814324606274208,1.0,1.0,6,10,9,9,Some(Converged),true,0)
INNER	parabola-2-s1	adaptive	AugmentedLagrangianIteration(3,10.0,9.774293576394478E-5,1.0,1.0,2,4,3,3,Some(Converged),true,0)
INNER	parabola-2-s1	adaptive	AugmentedLagrangianIteration(4,10.0,1.8149532231115373E-6,1.0,1.0,3,8,7,7,Some(Converged),true,0)
INNER	parabola-2-s1	adaptive	AugmentedLagrangianIteration(5,10.0,1.0E-7,1.0,1.0,1,3,2,2,Some(Converged),true,0)
INNER	parabola-2-s1	adaptive	AugmentedLagrangianIteration(6,10.0,1.0E-7,1.0,1.0,1,3,2,2,Some(Converged),true,0)
ALM	adaptive	parabola-16-s0	0	0.332125	Converged	3.299334821286367	6	23	86	43	43	1.0372791514612345E-9	1.0372791514612345E-9	1.8784973576657649E-13	0.0	10.0	1.165373043400613,1.358094329247528,1.165373043400613,1.358094329247528,1.165373043400613,1.358094329247528,1.165373043400613,1.358094329247528,1.165373043400613,1.358094329247528,1.165373043400613,1.358094329247528,1.165373043400613,1.358094329247528,1.165373043400613,1.358094329247528	-0.3580943292476091,-0.3580943292476091,-0.3580943292476091,-0.3580943292476091,-0.3580943292476091,-0.3580943292476091,-0.3580943292476091,-0.3580943292476091
INNER	parabola-16-s0	adaptive	AugmentedLagrangianIteration(1,10.0,0.01,1.0,1.0,8,15,14,14,Some(Converged),true,0)
INNER	parabola-16-s0	adaptive	AugmentedLagrangianIteration(2,10.0,0.003471714846124785,1.0,1.0,2,5,4,4,Some(Converged),true,0)
INNER	parabola-16-s0	adaptive	AugmentedLagrangianIteration(3,10.0,1.0830479317305298E-4,1.0,1.0,6,9,8,8,Some(Converged),true,0)
INNER	parabola-16-s0	adaptive	AugmentedLagrangianIteration(4,10.0,1.2019990216272093E-6,1.0,1.0,3,8,7,7,Some(Converged),true,0)
INNER	parabola-16-s0	adaptive	AugmentedLagrangianIteration(5,10.0,2.7171125920322227E-7,1.0,1.0,1,3,2,2,Some(Converged),true,0)
INNER	parabola-16-s0	adaptive	AugmentedLagrangianIteration(6,10.0,1.0E-7,1.0,1.0,3,8,7,7,Some(Converged),true,0)
ALM	adaptive	parabola-16-s1	0	0.42725	Converged	3.299334822862754	6	39	120	60	60	7.411831148829151E-10	7.411831148829151E-10	5.514444456622414E-11	0.0	10.0	1.1653730431674973,1.3580943294189995,1.1653730431913691,1.3580943294014585,1.1653730433019471,1.358094329320374,1.1653730432168856,1.3580943293825842,1.1653730431807667,1.358094329409146,1.1653730433041527,1.3580943293187995,1.1653730432411105,1.358094329364821,1.165373043165653,1.3580943294203565	-0.35809432940306696,-0.35809432938879393,-0.35809432933791685,-0.35809432936217744,-0.3580943293857475,-0.358094329340799,-0.35809432935111296,-0.3580943294042771
INNER	parabola-16-s1	adaptive	AugmentedLagrangianIteration(1,10.0,0.01,1.0,1.0,23,30,29,29,Some(Converged),true,0)
INNER	parabola-16-s1	adaptive	AugmentedLagrangianIteration(2,10.0,0.0035087336111812918,1.0,1.0,6,10,9,9,Some(Converged),true,0)
INNER	parabola-16-s1	adaptive	AugmentedLagrangianIteration(3,10.0,1.0403922403632305E-4,1.0,1.0,2,4,3,3,Some(Converged),true,0)
INNER	parabola-16-s1	adaptive	AugmentedLagrangianIteration(4,10.0,4.650261627925367E-6,1.0,1.0,4,10,9,9,Some(Converged),true,0)
INNER	parabola-16-s1	adaptive	AugmentedLagrangianIteration(5,10.0,1.717340625928543E-7,1.0,1.0,1,3,2,2,Some(Converged),true,0)
INNER	parabola-16-s1	adaptive	AugmentedLagrangianIteration(6,10.0,1.0E-7,1.0,1.0,3,8,7,7,Some(Converged),true,0)
[success] Total time: 0 s, completed Oct 8, 2026, 11:52:29 a.m.
[info] running gale.bench.OptimizationALMBench 5 1 docs/verification/optim-alm-robust/fixtures.tsv scale scale trace
ALM	scale	equality-diagonal-8-s0	0	0.495958	Converged	0.05923759651224624	11	62	146	73	73	4.7369710931555176E-9	4.7369710931555176E-9	9.78940490337088E-8	0.0	10.0	0.05960085287592758,0.2796117082766053,0.24254890393351877,-0.017512248124627663,-0.2614727274570959,-0.2650363891370466,-0.024926814486462872,0.23810036698894851	0.5000000902473573
INNER	equality-diagonal-8-s0	scale	AugmentedLagrangianIteration(1,10.0,0.01,1.0,0.3858809418622199,7,9,8,8,Some(Converged),true,0)
INNER	equality-diagonal-8-s0	scale	AugmentedLagrangianIteration(2,10.0,0.001,0.3858809418622199,0.46188407566898454,6,8,7,7,Some(Converged),true,0)
INNER	equality-diagonal-8-s0	scale	AugmentedLagrangianIteration(3,10.0,1.0E-4,0.46188407566898454,0.30412641725578454,7,9,8,8,Some(Converged),true,0)
INNER	equality-diagonal-8-s0	scale	AugmentedLagrangianIteration(4,10.0,1.0E-5,0.30412641725578454,0.15433650779263547,8,10,9,9,Some(Converged),true,0)
INNER	equality-diagonal-8-s0	scale	AugmentedLagrangianIteration(5,10.0,1.0000000000000002E-6,0.15433650779263547,0.15761630737901794,8,10,9,9,Some(Converged),true,0)
INNER	equality-diagonal-8-s0	scale	AugmentedLagrangianIteration(6,10.0,1.0000000000000002E-7,0.15761630737901794,0.23398757883165117,9,11,10,10,Some(Converged),true,0)
INNER	equality-diagonal-8-s0	scale	AugmentedLagrangianIteration(7,10.0,1.0E-7,0.23398757883165117,0.2445199959127579,7,9,8,8,Some(Converged),true,0)
INNER	equality-diagonal-8-s0	scale	AugmentedLagrangianIteration(8,10.0,1.0E-7,0.2445199959127579,0.322990029682261,5,7,6,6,Some(Converged),true,0)
INNER	equality-diagonal-8-s0	scale	AugmentedLagrangianIteration(9,10.0,1.0E-7,0.322990029682261,0.24059500010276988,3,5,4,4,Some(Converged),true,0)
INNER	equality-diagonal-8-s0	scale	AugmentedLagrangianIteration(10,10.0,1.0E-7,0.24059500010276988,0.06398103416935368,1,3,2,2,Some(Converged),true,0)
INNER	equality-diagonal-8-s0	scale	AugmentedLagrangianIteration(11,10.0,1.0E-7,0.06398103416935368,0.10681890726792682,1,2,1,1,Some(Converged),true,0)
ALM	scale	equality-diagonal-8-s1	0	0.456875	Converged	0.05923759646901977	11	62	146	73	73	4.8234242988609566E-9	4.8234242988609566E-9	9.968069428212267E-8	0.0	10.0	0.0596008538549453,0.27961170795679147,0.2425489036193916,-0.017512248217635553,-0.26147272737922594,-0.2650363889987471,-0.0249268143704367,0.23810036713191632	0.5000000918942571
INNER	equality-diagonal-8-s1	scale	AugmentedLagrangianIteration(1,10.0,0.01,1.0,0.45441593029183547,5,7,6,6,Some(Converged),true,0)
INNER	equality-diagonal-8-s1	scale	AugmentedLagrangianIteration(2,10.0,0.001,0.45441593029183547,0.14904026756898694,7,9,8,8,Some(Converged),true,0)
INNER	equality-diagonal-8-s1	scale	AugmentedLagrangianIteration(3,10.0,1.0E-4,0.14904026756898694,0.15245283168131646,8,10,9,9,Some(Converged),true,0)
INNER	equality-diagonal-8-s1	scale	AugmentedLagrangianIteration(4,10.0,1.0E-5,0.15245283168131646,0.15748784819882256,8,10,9,9,Some(Converged),true,0)
INNER	equality-diagonal-8-s1	scale	AugmentedLagrangianIteration(5,10.0,1.0000000000000002E-6,0.15748784819882256,0.1580938482975523,8,10,9,9,Some(Converged),true,0)
INNER	equality-diagonal-8-s1	scale	AugmentedLagrangianIteration(6,10.0,1.0000000000000002E-7,0.1580938482975523,0.23413587598044552,9,11,10,10,Some(Converged),true,0)
INNER	equality-diagonal-8-s1	scale	AugmentedLagrangianIteration(7,10.0,1.0E-7,0.23413587598044552,0.2445323234459036,7,9,8,8,Some(Converged),true,0)
INNER	equality-diagonal-8-s1	scale	AugmentedLagrangianIteration(8,10.0,1.0E-7,0.2445323234459036,0.3229916134465196,5,7,6,6,Some(Converged),true,0)
INNER	equality-diagonal-8-s1	scale	AugmentedLagrangianIteration(9,10.0,1.0E-7,0.3229916134465196,0.24059518897647558,3,5,4,4,Some(Converged),true,0)
INNER	equality-diagonal-8-s1	scale	AugmentedLagrangianIteration(10,10.0,1.0E-7,0.24059518897647558,0.06398104081838722,1,3,2,2,Some(Converged),true,0)
INNER	equality-diagonal-8-s1	scale	AugmentedLagrangianIteration(11,10.0,1.0E-7,0.06398104081838722,0.1068190439195632,1,2,1,1,Some(Converged),true,0)
ALM	scale	equality-dense-32-s0	0	3.623375	Converged	1.3337422205080318	14	425	916	458	458	3.4323211217657246E-9	3.4323211217657246E-9	9.771201930908191E-8	0.0	100.0	0.05960086383306376,0.2796117274551604,0.2425488948843123,-0.01751227349501172,-0.26147275385645957,-0.26503640652455723,-0.024926819735140465,0.2381003672423627,0.2822191776106924,0.06686698384224317,-0.20996239927239066,-0.2937533144475158,-0.10746878294136752,0.17762205359229485,0.29940799308401356,0.14591960348509664,-0.14172659817648536,-0.2990700207613555,-0.18144984702791736,0.10299447800105069,0.29274615425130557,0.21334836614489214,-0.06220092598145369,-0.2805629735468113,-0.24097671667251672,0.02016242301105142,0.2627643250141562,0.26378191947181306,0.022279634677967956,-0.23970644232399985,-0.2813075204550016,-0.06427576035709202	0.5000000360734369,0.8333332977452632,1.1666667656325744,1.5000000344126507
INNER	equality-dense-32-s0	scale	AugmentedLagrangianIteration(1,10.0,0.01,1.0,0.023149472379716967,26,29,28,28,Some(Converged),true,0)
INNER	equality-dense-32-s0	scale	AugmentedLagrangianIteration(2,10.0,0.001,0.023149472379716967,0.014200929163194115,27,28,27,27,Some(Converged),true,0)
INNER	equality-dense-32-s0	scale	AugmentedLagrangianIteration(3,10.0,1.0E-4,0.014200929163194115,0.029486353085276924,31,35,34,34,Some(Converged),true,0)
INNER	equality-dense-32-s0	scale	AugmentedLagrangianIteration(4,10.0,1.0E-5,0.029486353085276924,0.036416168014382376,32,35,34,34,Some(Converged),true,0)
INNER	equality-dense-32-s0	scale	AugmentedLagrangianIteration(5,10.0,1.0000000000000002E-6,0.036416168014382376,0.02133078877790938,41,43,42,42,Some(Converged),true,0)
INNER	equality-dense-32-s0	scale	AugmentedLagrangianIteration(6,10.0,1.0000000000000002E-7,0.02133078877790938,0.013307284259072103,49,53,52,52,Some(Converged),true,0)
INNER	equality-dense-32-s0	scale	AugmentedLagrangianIteration(7,100.0,1.0E-7,1.0,0.02206918464026699,59,66,65,65,Some(Converged),true,0)
INNER	equality-dense-32-s0	scale	AugmentedLagrangianIteration(8,100.0,1.0E-7,0.02206918464026699,0.04492644362513259,47,52,51,51,Some(Converged),true,0)
INNER	equality-dense-32-s0	scale	AugmentedLagrangianIteration(9,100.0,1.0E-7,0.04492644362513259,0.024909864337544583,39,45,44,44,Some(Converged),true,0)
INNER	equality-dense-32-s0	scale	AugmentedLagrangianIteration(10,100.0,1.0E-7,0.024909864337544583,0.018982262533988874,29,31,30,30,Some(Converged),true,0)
INNER	equality-dense-32-s0	scale	AugmentedLagrangianIteration(11,100.0,1.0E-7,0.018982262533988874,0.07476130947582944,22,25,24,24,Some(Converged),true,0)
INNER	equality-dense-32-s0	scale	AugmentedLagrangianIteration(12,100.0,1.0E-7,0.07476130947582944,0.01743200985330876,12,14,13,13,Some(Converged),true,0)
INNER	equality-dense-32-s0	scale	AugmentedLagrangianIteration(13,100.0,1.0E-7,0.01743200985330876,0.02003228416942344,8,10,9,9,Some(Converged),true,0)
INNER	equality-dense-32-s0	scale	AugmentedLagrangianIteration(14,100.0,1.0E-7,0.02003228416942344,0.019588534927412676,3,5,4,4,Some(Converged),true,0)
ALM	scale	equality-dense-32-s1	0	3.550458	Converged	1.3337422209412877	14	410	878	439	439	3.47477738249502E-9	3.47477738249502E-9	9.375353887675075E-8	0.0	100.0	0.059600864587149804,0.27961172662983036,0.24254889352064235,-0.017512274134490437,-0.2614727534302611,-0.2650364056319113,-0.024926819139043422,0.23810036727011774,0.2822191772654627,0.06686698339418672,-0.20996239966966393,-0.293753314673404,-0.10746878291380968,0.17762205375142198,0.29940799316862565,0.14591960354368277,-0.14172659799128254,-0.29907002053317244,-0.1814498468800363,0.10299447807326646,0.29274615423243494,0.21334836607187108,-0.06220092605466115,-0.280562973626506,-0.24097671677259913,0.02016242289943204,0.2627643249189037,0.2637819194051007,0.02227963461845652,-0.23970644238967612,-0.281307520515248,-0.06427576043540535	0.5000000303532529,0.8333332965570183,1.1666667632091179,1.5000000249879781
INNER	equality-dense-32-s1	scale	AugmentedLagrangianIteration(1,10.0,0.01,1.0,0.06433481784280602,17,19,18,18,Some(Converged),true,0)
INNER	equality-dense-32-s1	scale	AugmentedLagrangianIteration(2,10.0,0.001,0.06433481784280602,0.064682515178656,25,28,27,27,Some(Converged),true,0)
INNER	equality-dense-32-s1	scale	AugmentedLagrangianIteration(3,10.0,1.0E-4,0.064682515178656,0.017771123664528272,33,37,36,36,Some(Converged),true,0)
INNER	equality-dense-32-s1	scale	AugmentedLagrangianIteration(4,10.0,1.0E-5,0.017771123664528272,0.031853231127680945,31,33,32,32,Some(Converged),true,0)
INNER	equality-dense-32-s1	scale	AugmentedLagrangianIteration(5,10.0,1.0000000000000002E-6,0.031853231127680945,0.01385422267641759,40,43,42,42,Some(Converged),true,0)
INNER	equality-dense-32-s1	scale	AugmentedLagrangianIteration(6,10.0,1.0000000000000002E-7,0.01385422267641759,0.027042727929441082,42,46,45,45,Some(Converged),true,0)
INNER	equality-dense-32-s1	scale	AugmentedLagrangianIteration(7,100.0,1.0E-7,1.0,0.009454565259998595,61,68,67,67,Some(Converged),true,0)
INNER	equality-dense-32-s1	scale	AugmentedLagrangianIteration(8,100.0,1.0E-7,0.009454565259998595,0.07856082654967611,48,51,50,50,Some(Converged),true,0)
INNER	equality-dense-32-s1	scale	AugmentedLagrangianIteration(9,100.0,1.0E-7,0.07856082654967611,0.011955102040938761,39,44,43,43,Some(Converged),true,0)
INNER	equality-dense-32-s1	scale	AugmentedLagrangianIteration(10,100.0,1.0E-7,0.011955102040938761,0.008956551704516778,30,31,30,30,Some(Converged),true,0)
INNER	equality-dense-32-s1	scale	AugmentedLagrangianIteration(11,100.0,1.0E-7,0.008956551704516778,0.025074368994648908,21,23,22,22,Some(Converged),true,0)
INNER	equality-dense-32-s1	scale	AugmentedLagrangianIteration(12,100.0,1.0E-7,0.025074368994648908,0.015840379404935198,12,14,13,13,Some(Converged),true,0)
INNER	equality-dense-32-s1	scale	AugmentedLagrangianIteration(13,100.0,1.0E-7,0.015840379404935198,0.020547541010067116,8,10,9,9,Some(Converged),true,0)
INNER	equality-dense-32-s1	scale	AugmentedLagrangianIteration(14,100.0,1.0E-7,0.020547541010067116,0.01997856270424573,3,5,4,4,Some(Converged),true,0)
ALM	scale	equality-dense-128-s0	0	3.161458	Converged	3.6079429685537527	16	120	268	134	134	8.435016272262397E-9	8.435016272262397E-9	7.60596334248298E-8	0.0	10.0	0.05960085069927512,0.27961176917843034,0.24254895465465923,-0.01751222044185067,-0.2614727203585783,-0.2650363961840506,-0.024926830162887974,0.23810034145506795,0.28221914274595533,0.06686694545940941,-0.20996243742725348,-0.2937533501759435,-0.10746881443481018,0.17762202802029423,0.2994079741841443,0.1459195908099595,-0.14172660534979759,-0.29907002259125776,-0.18144984299209993,0.10299448839853598,0.2927461703273478,0.21334838610505463,-0.062200903883157854,-0.280562950453988,-0.24097669337684083,0.020162445686068325,0.2627643460473674,0.263781937812279,0.022279649440116598,-0.23970643192670849,-0.2813075148166075,-0.06427575927886676,0.21185083566184626,0.2932027482906881,0.10498540186869319,-0.17975504629113753,-0.2992295436905272,-0.1435937901226948,0.1440614193408807,0.2992672114547314,0.1793280971769267,-0.10548445383639951,-0.2933150939750563,-0.21147319676771412,0.06479617741958049,0.2814922427394047,0.23938563884928107,-0.0228110141163499,-0.26403532008945935,-0.2625067624065712,-0.01963068812631753,0.24129376150691234,0.2803738516821884,0.061679528066001965,-0.21372265693802742,-0.2926292051745472,-0.10249380118338727,0.18187393999779122,0.29902762680403544,0.1412566979164524,-0.1463849842984025,-0.2994409858019591,-0.17719232664268808,0.10796613792051184,0.2938610290822808,0.20958143995068892,-0.06738636480734123,-0.28239946332660004,-0.23777580455002958,0.02545782568002554,0.2652856422973322,0.2612110576507403,0.016980227268042474,-0.2428621483204238,-0.2794181857758513,-0.05907843122993803,0.2155777627544899,0.2920327596174778,0.0999941892458851,-0.18397857117129987,-0.29880227433225776,-0.13890853638015446,0.14869707780932237,0.2995912930136794,0.1750426634556427,-0.11043937572678916,-0.2943839550323112,-0.20767327753295506,0.06997125860143766,0.2832845459768288,0.23614733055168705,-0.02810265059217616,-0.26651518480599773,-0.2598948889096711,-0.014328433569867136,0.2444115136805143,0.27844063779986766,0.056472718450284495,-0.21741596329414695,-0.29141341661705106,-0.0974867240314001,0.1860688080184624,0.2985535316286451,0.13654951141170163,-0.15099750267845108,-0.29971811099336704,-0.17287927106464293,0.1129039736872624,0.29488382703711286,0.20574885204470192,-0.07255066545064041,-0.2841474317245922,-0.2345003550465164,0.030745271741091863,0.2677238429502032,0.25855835327197474,0.011675511671873908,-0.24594173596003127,-0.27744128045836125,-0.05386258622880097,0.21923712590886868,0.29077123959292067,0.09497162008450187,-0.18814446593180126,-0.29828139511985996,-0.1341797831488816,0.15328610435503384,0.29982145585014	0.5000000212807291,0.6428571661937866,0.7857143211468949,0.9285713861249724,1.071428630761583,1.2142856764218468,1.3571428732147814,1.5000001206970506
INNER	equality-dense-128-s0	scale	AugmentedLagrangianIteration(1,10.0,0.01,1.0,0.11610957387878666,11,14,13,13,Some(Converged),true,0)
INNER	equality-dense-128-s0	scale	AugmentedLagrangianIteration(2,10.0,0.001,0.11610957387878666,0.13855788405365607,11,13,12,12,Some(Converged),true,0)
INNER	equality-dense-128-s0	scale	AugmentedLagrangianIteration(3,10.0,1.0E-4,0.13855788405365607,0.1121260718587791,11,13,12,12,Some(Converged),true,0)
INNER	equality-dense-128-s0	scale	AugmentedLagrangianIteration(4,10.0,1.0E-5,0.1121260718587791,0.1237072220299307,12,13,12,12,Some(Converged),true,0)
INNER	equality-dense-128-s0	scale	AugmentedLagrangianIteration(5,10.0,1.0000000000000002E-6,0.1237072220299307,0.170998361515832,12,14,13,13,Some(Converged),true,0)
INNER	equality-dense-128-s0	scale	AugmentedLagrangianIteration(6,10.0,1.0000000000000002E-7,0.170998361515832,0.08803061575152034,14,18,17,17,Some(Converged),true,0)
INNER	equality-dense-128-s0	scale	AugmentedLagrangianIteration(7,10.0,1.0E-7,0.08803061575152034,0.4062400478822063,13,14,13,13,Some(Converged),true,0)
INNER	equality-dense-128-s0	scale	AugmentedLagrangianIteration(8,10.0,1.0E-7,0.4062400478822063,0.07450360049504026,10,12,11,11,Some(Converged),true,0)
INNER	equality-dense-128-s0	scale	AugmentedLagrangianIteration(9,10.0,1.0E-7,0.07450360049504026,0.3400890104148721,8,9,8,8,Some(Converged),true,0)
INNER	equality-dense-128-s0	scale	AugmentedLagrangianIteration(10,10.0,1.0E-7,0.3400890104148721,0.12213618881741174,5,7,6,6,Some(Converged),true,0)
INNER	equality-dense-128-s0	scale	AugmentedLagrangianIteration(11,10.0,1.0E-7,0.12213618881741174,0.1472279737994989,4,6,5,5,Some(Converged),true,0)
INNER	equality-dense-128-s0	scale	AugmentedLagrangianIteration(12,10.0,1.0E-7,0.1472279737994989,0.17711485811736585,3,5,4,4,Some(Converged),true,0)
INNER	equality-dense-128-s0	scale	AugmentedLagrangianIteration(13,10.0,1.0E-7,0.17711485811736585,0.10657455380396587,2,4,3,3,Some(Converged),true,0)
INNER	equality-dense-128-s0	scale	AugmentedLagrangianIteration(14,10.0,1.0E-7,0.10657455380396587,0.05444898970663375,2,3,2,2,Some(Converged),true,0)
INNER	equality-dense-128-s0	scale	AugmentedLagrangianIteration(15,10.0,1.0E-7,0.05444898970663375,0.056665465338590446,1,2,1,1,Some(Converged),true,0)
INNER	equality-dense-128-s0	scale	AugmentedLagrangianIteration(16,10.0,1.0E-7,0.056665465338590446,0.06017214265737314,1,2,1,1,Some(Converged),true,0)
ALM	scale	equality-dense-128-s1	0	2.943083	Converged	3.607942962586583	16	117	258	129	129	8.474494248705833E-9	8.474494248705833E-9	8.909888007946343E-8	0.0	10.0	0.05960084902084989,0.2796117681883904,0.24254895443833907,-0.017512219860453523,-0.2614727190139329,-0.26503639416250857,-0.02492682759313051,0.23810034441369998,0.28221914591634445,0.06686694865984065,-0.20996243437047543,-0.29375334741720954,-0.10746881209988317,0.1776220298411765,0.29940797544045294,0.14591959149224798,-0.14172660521124958,-0.2990700229302875,-0.18144984371260842,0.10299448741502187,0.2927461692130555,0.2133483849968802,-0.06220090485261545,-0.2805629511647257,-0.24097669372860916,0.020162445768132475,0.2627643466088997,0.26378193886778756,0.02227965097304745,-0.2397064299620369,-0.2813075124913975,-0.06427575668485237,0.2118508384184158,0.2932027510956964,0.10498540460702126,-0.1797550437289348,-0.2992295414021081,-0.1435937881887053,0.1440614208608884,0.2992672125250541,0.17932809778704356,-0.10548445367193106,-0.29331509421807433,-0.21147319735916015,0.0647961765559184,0.28149224169235515,0.23938563771523336,-0.022811015238734536,-0.26403532110448263,-0.2625067632264105,-0.019630688675374937,0.24129376128842436,0.2803738518355789,0.061679528612452246,-0.21372265599804796,-0.2926292038608068,-0.10249379953441783,0.18187394192706405,0.299027628945415,0.14125670019217318,-0.14638498197158897,-0.29944098350852033,-0.1771923244640779,0.10796613990985407,0.29386103081851395,0.20958144138357637,-0.0673863637121347,-0.28239946258601634,-0.23777580416298924,0.0254578257323691,0.2652856420504758,0.26121105715491033,0.016980226585564105,-0.24286214911834333,-0.27941818661277384,-0.05907843202810875,0.2155777620701503,0.2920327591154952,0.09999418898465783,-0.18397857114658897,-0.29880227399208226,-0.1389085357123007,0.14869707879898425,0.29959129430137016,0.17504266500080812,-0.11043937397942229,-0.2943839531498451,-0.20767327559073415,0.06997126052392982,0.28328454780037227,0.23614733220178813,-0.02810264918101343,-0.26651518368643706,-0.2598948881183732,-0.014328433125174483,0.24441151377989187,0.2784406375750791,0.05647271794145091,-0.21741596402989155,-0.29141341750848754,-0.0974867249969606,0.1860688070663557,0.298553530778879,0.1365495107496676,-0.15099750307550153,-0.2997181110605562,-0.1728792707530627,0.11290397440778337,0.294883828176216,0.20574885359077327,-0.07255066353008927,-0.2841474294814539,-0.23450035254960033,0.030745274409442726,0.26772384569822366,0.2585583560031131,0.011675514289719281,-0.24594173354678028,-0.2774412783311432,-0.053862584454903786,0.21923712727989828,0.2907712405319723,0.09497162058454507,-0.18814446585522376,-0.2982813954293282,-0.13417978378695314,0.1532861034629074,0.29982145479179656	0.5000000470283401,0.6428571985436254,0.7857143300878389,0.9285713911696524,1.0714286328162115,1.2142856849160983,1.3571428728568977,1.500000155559645
INNER	equality-dense-128-s1	scale	AugmentedLagrangianIteration(1,10.0,0.01,1.0,0.08100264925831444,10,12,11,11,Some(Converged),true,0)
INNER	equality-dense-128-s1	scale	AugmentedLagrangianIteration(2,10.0,0.001,0.08100264925831444,0.19431171919905527,10,11,10,10,Some(Converged),true,0)
INNER	equality-dense-128-s1	scale	AugmentedLagrangianIteration(3,10.0,1.0E-4,0.19431171919905527,0.10108199936994343,10,13,12,12,Some(Converged),true,0)
INNER	equality-dense-128-s1	scale	AugmentedLagrangianIteration(4,10.0,1.0E-5,0.10108199936994343,0.08121168840769039,11,12,11,11,Some(Converged),true,0)
INNER	equality-dense-128-s1	scale	AugmentedLagrangianIteration(5,10.0,1.0000000000000002E-6,0.08121168840769039,0.31262723632255246,13,14,13,13,Some(Converged),true,0)
INNER	equality-dense-128-s1	scale	AugmentedLagrangianIteration(6,10.0,1.0000000000000002E-7,0.31262723632255246,0.08840481972087529,14,18,17,17,Some(Converged),true,0)
INNER	equality-dense-128-s1	scale	AugmentedLagrangianIteration(7,10.0,1.0E-7,0.08840481972087529,0.3979729775585868,13,14,13,13,Some(Converged),true,0)
INNER	equality-dense-128-s1	scale	AugmentedLagrangianIteration(8,10.0,1.0E-7,0.3979729775585868,0.07404195850262632,10,12,11,11,Some(Converged),true,0)
INNER	equality-dense-128-s1	scale	AugmentedLagrangianIteration(9,10.0,1.0E-7,0.07404195850262632,0.3433006945428808,8,9,8,8,Some(Converged),true,0)
INNER	equality-dense-128-s1	scale	AugmentedLagrangianIteration(10,10.0,1.0E-7,0.3433006945428808,0.1546186273898336,6,8,7,7,Some(Converged),true,0)
INNER	equality-dense-128-s1	scale	AugmentedLagrangianIteration(11,10.0,1.0E-7,0.1546186273898336,0.1444476452385227,4,6,5,5,Some(Converged),true,0)
INNER	equality-dense-128-s1	scale	AugmentedLagrangianIteration(12,10.0,1.0E-7,0.1444476452385227,0.15766116731933308,4,6,5,5,Some(Converged),true,0)
INNER	equality-dense-128-s1	scale	AugmentedLagrangianIteration(13,10.0,1.0E-7,0.15766116731933308,0.05463234438250864,1,3,2,2,Some(Converged),true,0)
INNER	equality-dense-128-s1	scale	AugmentedLagrangianIteration(14,10.0,1.0E-7,0.05463234438250864,0.056031501209872686,1,2,1,1,Some(Converged),true,0)
INNER	equality-dense-128-s1	scale	AugmentedLagrangianIteration(15,10.0,1.0E-7,0.056031501209872686,0.05780871944540675,1,2,1,1,Some(Converged),true,0)
INNER	equality-dense-128-s1	scale	AugmentedLagrangianIteration(16,10.0,1.0E-7,0.05780871944540675,0.06550806020161501,1,2,1,1,Some(Converged),true,0)
ALM	scale	mixed-box-3-s0	0	1.023125	Converged	2.500000014921313	12	42	110	55	55	3.5193489233975583E-9	3.5193489233975583E-9	6.752426617850915E-9	7.882615446976851E-9	10.0	0.9999999925393434,3.941307717779931E-9,0.0	2.00000000070823,2.0000000028967513,0.0
INNER	mixed-box-3-s0	scale	AugmentedLagrangianIteration(1,10.0,0.01,1.0,0.05213694765800984,6,12,11,11,Some(Converged),true,0)
INNER	mixed-box-3-s0	scale	AugmentedLagrangianIteration(2,10.0,0.001,0.05213694765800984,0.05129999003915021,5,6,5,5,Some(Converged),true,0)
INNER	mixed-box-3-s0	scale	AugmentedLagrangianIteration(3,10.0,1.0E-4,0.05129999003915021,0.19394668651606994,5,6,5,5,Some(Converged),true,0)
INNER	mixed-box-3-s0	scale	AugmentedLagrangianIteration(4,10.0,1.0E-5,0.19394668651606994,0.14633389132200733,4,6,5,5,Some(Converged),true,0)
INNER	mixed-box-3-s0	scale	AugmentedLagrangianIteration(5,10.0,1.0000000000000002E-6,0.14633389132200733,0.19330279268329562,4,6,5,5,Some(Converged),true,0)
INNER	mixed-box-3-s0	scale	AugmentedLagrangianIteration(6,10.0,1.0000000000000002E-7,0.19330279268329562,0.19747217010462015,4,6,5,5,Some(Converged),true,0)
INNER	mixed-box-3-s0	scale	AugmentedLagrangianIteration(7,10.0,1.0E-7,0.19747217010462015,0.036813815290315625,3,5,4,4,Some(Converged),true,0)
INNER	mixed-box-3-s0	scale	AugmentedLagrangianIteration(8,10.0,1.0E-7,0.036813815290315625,0.20748323280571682,2,3,2,2,Some(Converged),true,0)
INNER	mixed-box-3-s0	scale	AugmentedLagrangianIteration(9,10.0,1.0E-7,0.20748323280571682,0.03680255733777359,2,4,3,3,Some(Converged),true,0)
INNER	mixed-box-3-s0	scale	AugmentedLagrangianIteration(10,10.0,1.0E-7,0.03680255733777359,0.18406389726313524,4,6,5,5,Some(Converged),true,0)
INNER	mixed-box-3-s0	scale	AugmentedLagrangianIteration(11,10.0,1.0E-7,0.18406389726313524,0.2074129265040522,1,2,1,1,Some(Converged),true,0)
INNER	mixed-box-3-s0	scale	AugmentedLagrangianIteration(12,10.0,1.0E-7,0.2074129265040522,0.03730188501279845,2,4,3,3,Some(Converged),true,0)
ALM	scale	mixed-box-3-s1	0	0.805625	Converged	2.5000000113693783	12	42	108	54	54	7.657088740842255E-9	7.657088740842255E-9	9.757419872080675E-8	3.9447990015924264E-9	10.0	0.9999999943153107,-1.9723994602686617E-9,0.0	1.9999999454928696,2.000000041094669,0.0
INNER	mixed-box-3-s1	scale	AugmentedLagrangianIteration(1,10.0,0.01,1.0,0.03872747287563487,7,13,12,12,Some(Converged),true,0)
INNER	mixed-box-3-s1	scale	AugmentedLagrangianIteration(2,10.0,0.001,0.03872747287563487,0.0484681800409847,5,6,5,5,Some(Converged),true,0)
INNER	mixed-box-3-s1	scale	AugmentedLagrangianIteration(3,10.0,1.0E-4,0.0484681800409847,0.1929605716396119,5,6,5,5,Some(Converged),true,0)
INNER	mixed-box-3-s1	scale	AugmentedLagrangianIteration(4,10.0,1.0E-5,0.1929605716396119,0.14223575526550503,4,6,5,5,Some(Converged),true,0)
INNER	mixed-box-3-s1	scale	AugmentedLagrangianIteration(5,10.0,1.0000000000000002E-6,0.14223575526550503,0.19470578473020156,4,6,5,5,Some(Converged),true,0)
INNER	mixed-box-3-s1	scale	AugmentedLagrangianIteration(6,10.0,1.0000000000000002E-7,0.19470578473020156,0.19520663438008945,4,6,5,5,Some(Converged),true,0)
INNER	mixed-box-3-s1	scale	AugmentedLagrangianIteration(7,10.0,1.0E-7,0.19520663438008945,0.03680644442344136,3,5,4,4,Some(Converged),true,0)
INNER	mixed-box-3-s1	scale	AugmentedLagrangianIteration(8,10.0,1.0E-7,0.03680644442344136,0.20748330674112872,2,3,2,2,Some(Converged),true,0)
INNER	mixed-box-3-s1	scale	AugmentedLagrangianIteration(9,10.0,1.0E-7,0.20748330674112872,0.03679958635368201,2,4,3,3,Some(Converged),true,0)
INNER	mixed-box-3-s1	scale	AugmentedLagrangianIteration(10,10.0,1.0E-7,0.03679958635368201,0.1882693213713819,4,6,5,5,Some(Converged),true,0)
INNER	mixed-box-3-s1	scale	AugmentedLagrangianIteration(11,10.0,1.0E-7,0.1882693213713819,0.20742848288451937,1,2,1,1,Some(Converged),true,0)
INNER	mixed-box-3-s1	scale	AugmentedLagrangianIteration(12,10.0,1.0E-7,0.20742848288451937,0.18526478205307303,1,2,1,1,Some(Converged),true,0)
ALM	scale	ball-8-s0	0	0.2295	Converged	1.9524761847579615	7	13	52	26	26	7.329694629021333E-9	7.329694629021333E-9	1.1401990462900358E-12	7.2420872810019825E-9	10.0	0.16800537687377579,0.216006913123426,0.26400844937307627,0.3120099856227265,0.3600115218723768,0.40801305812202693,0.4560145943716772,0.5040161306213274	0.9880476128333537
INNER	ball-8-s0	scale	AugmentedLagrangianIteration(1,10.0,0.01,1.0,0.021470827809559896,5,18,17,17,Some(Converged),true,0)
INNER	ball-8-s0	scale	AugmentedLagrangianIteration(2,10.0,0.001,0.021470827809559896,0.02311974956363538,2,3,2,2,Some(Converged),true,0)
INNER	ball-8-s0	scale	AugmentedLagrangianIteration(3,10.0,1.0E-4,0.02311974956363538,0.023261496588815444,2,3,2,2,Some(Converged),true,0)
INNER	ball-8-s0	scale	AugmentedLagrangianIteration(4,10.0,1.0E-5,0.023261496588815444,0.023263144942276704,1,2,1,1,Some(Converged),true,0)
INNER	ball-8-s0	scale	AugmentedLagrangianIteration(5,10.0,1.0000000000000002E-6,0.023263144942276704,0.023268361969867365,1,2,1,1,Some(Converged),true,0)
INNER	ball-8-s0	scale	AugmentedLagrangianIteration(6,10.0,1.0000000000000002E-7,0.023268361969867365,0.02326872308904385,1,2,1,1,Some(Converged),true,0)
INNER	ball-8-s0	scale	AugmentedLagrangianIteration(7,10.0,1.0E-7,0.02326872308904385,0.023268747886773525,1,2,1,1,Some(Converged),true,0)
ALM	scale	ball-8-s1	0	0.331583	Converged	1.952476185102233	7	22	72	36	36	6.981260902705344E-9	6.981260902705344E-9	6.681687469978215E-8	6.897818171280581E-9	10.0	0.16800538448869443,0.21600693345351518,0.26400846272038214,0.31200997848555306,0.36001149935868326,0.4080130392531931,0.45601459459433524,0.5040161476057986	0.9880476130905769
INNER	ball-8-s1	scale	AugmentedLagrangianIteration(1,10.0,0.01,1.0,0.02356615463992933,8,19,18,18,Some(Converged),true,0)
INNER	ball-8-s1	scale	AugmentedLagrangianIteration(2,10.0,0.001,0.02356615463992933,0.0683630069943534,6,7,6,6,Some(Converged),true,0)
INNER	ball-8-s1	scale	AugmentedLagrangianIteration(3,10.0,1.0E-4,0.0683630069943534,0.02329860728134717,2,4,3,3,Some(Converged),true,0)
INNER	ball-8-s1	scale	AugmentedLagrangianIteration(4,10.0,1.0E-5,0.02329860728134717,0.33570687857663983,3,5,4,4,Some(Converged),true,0)
INNER	ball-8-s1	scale	AugmentedLagrangianIteration(5,10.0,1.0000000000000002E-6,0.33570687857663983,0.023268387196037063,1,3,2,2,Some(Converged),true,0)
INNER	ball-8-s1	scale	AugmentedLagrangianIteration(6,10.0,1.0000000000000002E-7,0.023268387196037063,0.02326876830175153,1,2,1,1,Some(Converged),true,0)
INNER	ball-8-s1	scale	AugmentedLagrangianIteration(7,10.0,1.0E-7,0.02326876830175153,0.023275691799185694,1,2,1,1,Some(Converged),true,0)
ALM	scale	ball-64-s0	0	0.567458	Converged	26.914498087480098	13	19	56	28	28	0.0	0.0	4.1722181265413383E-13	1.6187485747666137E-9	100.0	0.05997487292267664,0.061878837142444146,0.06378280136221166,0.06568676558197918,0.06759072980174669,0.06949469402151418,0.0713986582412817,0.07330262246104922,0.07520658668081674,0.07711055090058423,0.07901451512035175,0.08091847934011927,0.08282244355988679,0.08472640777965429,0.08663037199942179,0.08853433621918931,0.09043830043895681,0.09234226465872435,0.09424622887849185,0.0961501930982594,0.09805415731802689,0.09995812153779439,0.10186208575756191,0.10376604997732942,0.10567001419709693,0.10757397841686445,0.10947794263663196,0.11138190685639947,0.11328587107616699,0.11518983529593449,0.11709379951570201,0.11899776373546953,0.12090172795523703,0.12280569217500453,0.12470965639477205,0.12661362061453957,0.12851758483430709,0.13042154905407458,0.1323255132738421,0.13422947749360958,0.13613344171337716,0.13803740593314462,0.13994137015291216,0.14184533437267968,0.1437492985924472,0.1456532628122147,0.1475572270319822,0.14946119125174975,0.15136515547151724,0.1532691196912847,0.15517308391105225,0.15707704813081977,0.1589810123505873,0.16088497657035478,0.1627889407901223,0.1646929050098898,0.1665968692296573,0.16850083344942482,0.17040479766919234,0.17230876188895985,0.17421272610872734,0.17611669032849486,0.1780206545482624,0.1799246187680299	3.668412333649229
INNER	ball-64-s0	scale	AugmentedLagrangianIteration(1,10.0,0.01,1.0,0.016784150618948824,3,11,10,10,Some(Converged),true,0)
INNER	ball-64-s0	scale	AugmentedLagrangianIteration(2,10.0,0.001,0.016784150618948824,0.02001928498135676,3,4,3,3,Some(Converged),true,0)
INNER	ball-64-s0	scale	AugmentedLagrangianIteration(3,10.0,1.0E-4,0.02001928498135676,0.020573421640693836,2,3,2,2,Some(Converged),true,0)
INNER	ball-64-s0	scale	AugmentedLagrangianIteration(4,10.0,1.0E-5,0.020573421640693836,0.02066879518899219,2,3,2,2,Some(Converged),true,0)
INNER	ball-64-s0	scale	AugmentedLagrangianIteration(5,10.0,1.0000000000000002E-6,0.02066879518899219,0.020671460492816894,1,2,1,1,Some(Converged),true,0)
INNER	ball-64-s0	scale	AugmentedLagrangianIteration(6,10.0,1.0000000000000002E-7,0.020671460492816894,0.020687587093221455,2,3,2,2,Some(Converged),true,0)
INNER	ball-64-s0	scale	AugmentedLagrangianIteration(7,10.0,1.0E-7,0.020687587093221455,0.020687665656394204,1,2,1,1,Some(Converged),true,0)
INNER	ball-64-s0	scale	AugmentedLagrangianIteration(8,10.0,1.0E-7,0.020687665656394204,0.020688075378706136,1,2,1,1,Some(Converged),true,0)
INNER	ball-64-s0	scale	AugmentedLagrangianIteration(9,10.0,1.0E-7,0.020688075378706136,0.020688146040924504,1,2,1,1,Some(Converged),true,0)
INNER	ball-64-s0	scale	AugmentedLagrangianIteration(10,10.0,1.0E-7,0.020688146040924504,0.020688158280548277,1,2,1,1,Some(Converged),true,0)
INNER	ball-64-s0	scale	AugmentedLagrangianIteration(11,10.0,1.0E-7,0.020688158280548277,0.02068816023589155,1,2,1,1,Some(Converged),true,0)
INNER	ball-64-s0	scale	AugmentedLagrangianIteration(12,10.0,1.0E-7,0.02068816023589155,0.02068816023589155,0,1,0,0,Some(Converged),true,0)
INNER	ball-64-s0	scale	AugmentedLagrangianIteration(13,100.0,1.0E-7,1.0,0.0024489586024627422,1,3,2,2,Some(Converged),true,0)
ALM	scale	ball-64-s1	0	0.65625	Converged	26.914498087475533	13	33	98	49	49	0.0	0.0	2.2987023395870665E-10	1.6141712044803928E-9	100.0	0.059974872911974265,0.06187883711537374,0.06378280134365362,0.06568676558898738,0.06759072982786933,0.06949469404272546,0.07139865823807107,0.07330262243635925,0.07520658665733779,0.07711055089989298,0.07901451514307374,0.08091847936535375,0.0828224435644228,0.08472640775931069,0.08663037197289143,0.08853433621085283,0.09043830045646727,0.09234226468597097,0.09424622889041227,0.09615019308388177,0.09805415729055748,0.0999581215224757,0.1018620857684649,0.10376605000441669,0.10567001421545111,0.10757397840959705,0.10947794261041066,0.11138190683531779,0.11328587107959286,0.11518983532070351,0.11709379953902668,0.11899776373589006,0.12090172793235138,0.12280569214983793,0.12470965639044664,0.12661362063501597,0.1285175848607429,0.13042154906214826,0.1323255132561138,0.13422947746636152,0.13613344170164357,0.1380374059476958,0.1399413701803518,0.14184533438776178,0.14374929858128696,0.14565326278505414,0.1475572270137737,0.14946119125921492,0.15136515549777335,0.1532691197121723,0.1551730839073475,0.15707704810590864,0.15898101232735265,0.16088497657013778,0.1627889408131016,0.1646929050349172,0.16659686923370143,0.16850083342874586,0.17040479764278058,0.1723087618810761,0.17421272612659752,0.17611669035566663,0.17802065455973132,0.17992461875322838	3.6684123336459895
INNER	ball-64-s1	scale	AugmentedLagrangianIteration(1,10.0,0.01,1.0,0.019711599983152344,13,26,25,25,Some(Converged),true,0)
INNER	ball-64-s1	scale	AugmentedLagrangianIteration(2,10.0,0.001,0.019711599983152344,0.02008759637437372,3,4,3,3,Some(Converged),true,0)
INNER	ball-64-s1	scale	AugmentedLagrangianIteration(3,10.0,1.0E-4,0.02008759637437372,0.02080434483449703,2,3,2,2,Some(Converged),true,0)
INNER	ball-64-s1	scale	AugmentedLagrangianIteration(4,10.0,1.0E-5,0.02080434483449703,0.11889578206135093,4,5,4,4,Some(Converged),true,0)
INNER	ball-64-s1	scale	AugmentedLagrangianIteration(5,10.0,1.0000000000000002E-6,0.11889578206135093,0.02068601797058871,2,4,3,3,Some(Converged),true,0)
INNER	ball-64-s1	scale	AugmentedLagrangianIteration(6,10.0,1.0000000000000002E-7,0.02068601797058871,0.1198739912296974,3,4,3,3,Some(Converged),true,0)
INNER	ball-64-s1	scale	AugmentedLagrangianIteration(7,10.0,1.0E-7,0.1198739912296974,0.020687668112204842,1,3,2,2,Some(Converged),true,0)
INNER	ball-64-s1	scale	AugmentedLagrangianIteration(8,10.0,1.0E-7,0.020687668112204842,0.02068807584058871,1,2,1,1,Some(Converged),true,0)
INNER	ball-64-s1	scale	AugmentedLagrangianIteration(9,10.0,1.0E-7,0.02068807584058871,0.020688146122809455,1,2,1,1,Some(Converged),true,0)
INNER	ball-64-s1	scale	AugmentedLagrangianIteration(10,10.0,1.0E-7,0.020688146122809455,0.020688158948023023,1,2,1,1,Some(Converged),true,0)
INNER	ball-64-s1	scale	AugmentedLagrangianIteration(11,10.0,1.0E-7,0.020688158948023023,0.020688177627214824,1,2,1,1,Some(Converged),true,0)
INNER	ball-64-s1	scale	AugmentedLagrangianIteration(12,10.0,1.0E-7,0.020688177627214824,0.020688177627214824,0,1,0,0,Some(Converged),true,0)
INNER	ball-64-s1	scale	AugmentedLagrangianIteration(13,100.0,1.0E-7,1.0,0.0024489587866589843,1,3,2,2,Some(Converged),true,1)
ALM	scale	parabola-2-s0	0	0.262167	Converged	0.41241685260888394	6	30	94	47	47	1.1822467449462692E-9	1.1822467449462692E-9	5.196969521392703E-10	0.0	100.0	1.1653730434478264,1.3580943292126029	-0.3580943294357386
INNER	parabola-2-s0	scale	AugmentedLagrangianIteration(1,10.0,0.01,1.0,0.47066564510804915,8,15,14,14,Some(Converged),true,0)
INNER	parabola-2-s0	scale	AugmentedLagrangianIteration(2,10.0,0.001,0.47066564510804915,0.01686915161440209,9,11,10,10,Some(Converged),true,0)
INNER	parabola-2-s0	scale	AugmentedLagrangianIteration(3,10.0,1.0E-4,0.01686915161440209,0.015169010439788843,2,3,2,2,Some(Converged),true,0)
INNER	parabola-2-s0	scale	AugmentedLagrangianIteration(4,10.0,1.0E-5,0.015169010439788843,0.017637400886350716,5,8,7,7,Some(Converged),true,0)
INNER	parabola-2-s0	scale	AugmentedLagrangianIteration(5,10.0,1.0000000000000002E-6,0.017637400886350716,0.015174798852507705,2,3,2,2,Some(Converged),true,0)
INNER	parabola-2-s0	scale	AugmentedLagrangianIteration(6,100.0,1.0000000000000002E-7,1.0,0.0016174981041069184,4,12,11,11,Some(Converged),true,1)
ALM	scale	parabola-2-s1	0	0.242291	Converged	0.41241685206853995	6	32	90	45	45	2.6911897155201814E-9	2.6911897155201814E-9	9.35155307635327E-8	0.0	10.0	1.1653730420503572,1.3580943244465138	-0.35809437036433023
INNER	parabola-2-s1	scale	AugmentedLagrangianIteration(1,10.0,0.01,1.0,0.05582822895547571,12,20,19,19,Some(Converged),true,0)
INNER	parabola-2-s1	scale	AugmentedLagrangianIteration(2,10.0,0.001,0.05582822895547571,0.023967601454841034,6,9,8,8,Some(Converged),true,0)
INNER	parabola-2-s1	scale	AugmentedLagrangianIteration(3,10.0,1.0E-4,0.023967601454841034,0.01517197595610516,2,3,2,2,Some(Converged),true,0)
INNER	parabola-2-s1	scale	AugmentedLagrangianIteration(4,10.0,1.0E-5,0.01517197595610516,0.015237083993138112,6,8,7,7,Some(Converged),true,0)
INNER	parabola-2-s1	scale	AugmentedLagrangianIteration(5,10.0,1.0000000000000002E-6,0.015237083993138112,0.015167882580096709,1,2,1,1,Some(Converged),true,0)
INNER	parabola-2-s1	scale	AugmentedLagrangianIteration(6,10.0,1.0000000000000002E-7,0.015167882580096709,0.019497865411387618,5,8,7,7,Some(Converged),true,0)
ALM	scale	parabola-16-s0	0	0.378583	Converged	3.299334820871071	6	30	94	47	47	1.1822467449462692E-9	1.1822467449462692E-9	5.196969521392703E-10	0.0	100.0	1.1653730434478264,1.3580943292126029,1.1653730434478264,1.3580943292126029,1.1653730434478264,1.3580943292126029,1.1653730434478264,1.3580943292126029,1.1653730434478264,1.3580943292126029,1.1653730434478264,1.3580943292126029,1.1653730434478264,1.3580943292126029,1.1653730434478264,1.3580943292126029	-0.3580943294357386,-0.3580943294357386,-0.3580943294357386,-0.3580943294357386,-0.3580943294357386,-0.3580943294357386,-0.3580943294357386,-0.3580943294357386
INNER	parabola-16-s0	scale	AugmentedLagrangianIteration(1,10.0,0.01,1.0,0.4706656451099149,8,15,14,14,Some(Converged),true,0)
INNER	parabola-16-s0	scale	AugmentedLagrangianIteration(2,10.0,0.001,0.4706656451099149,0.016869151614366147,9,11,10,10,Some(Converged),true,0)
INNER	parabola-16-s0	scale	AugmentedLagrangianIteration(3,10.0,1.0E-4,0.016869151614366147,0.015169010439798285,2,3,2,2,Some(Converged),true,0)
INNER	parabola-16-s0	scale	AugmentedLagrangianIteration(4,10.0,1.0E-5,0.015169010439798285,0.017637400886350716,5,8,7,7,Some(Converged),true,0)
INNER	parabola-16-s0	scale	AugmentedLagrangianIteration(5,10.0,1.0000000000000002E-6,0.017637400886350716,0.015174798852507708,2,3,2,2,Some(Converged),true,0)
INNER	parabola-16-s0	scale	AugmentedLagrangianIteration(6,100.0,1.0000000000000002E-7,1.0,0.001617498104106918,4,12,11,11,Some(Converged),true,0)
ALM	scale	parabola-16-s1	0	0.459708	Converged	3.299334818991845	6	48	112	56	56	2.5544117931985966E-9	2.5544117931985966E-9	8.830099429424365E-9	0.0	10.0	1.165373043209232,1.3580943272843347,1.1653730431950065,1.3580943275519628,1.1653730431433196,1.3580943288945595,1.1653730432339602,1.3580943280995807,1.1653730432605272,1.358094327713862,1.1653730430753608,1.3580943286238072,1.1653730431451192,1.358094328036751,1.1653730432388973,1.358094327397389	-0.35809432796159113,-0.3580943280382143,-0.3580943277534887,-0.35809432588513657,-0.35809432556214826,-0.35809433046096073,-0.3580943289956684,-0.35809432677487374
INNER	parabola-16-s1	scale	AugmentedLagrangianIteration(1,10.0,0.01,1.0,0.03536868259387204,23,30,29,29,Some(Converged),true,0)
INNER	parabola-16-s1	scale	AugmentedLagrangianIteration(2,10.0,0.001,0.03536868259387204,0.016335566855730618,7,9,8,8,Some(Converged),true,0)
INNER	parabola-16-s1	scale	AugmentedLagrangianIteration(3,10.0,1.0E-4,0.016335566855730618,0.015168578453542787,2,3,2,2,Some(Converged),true,0)
INNER	parabola-16-s1	scale	AugmentedLagrangianIteration(4,10.0,1.0E-5,0.015168578453542787,0.018408876513983586,7,8,7,7,Some(Converged),true,0)
INNER	parabola-16-s1	scale	AugmentedLagrangianIteration(5,10.0,1.0000000000000002E-6,0.018408876513983586,0.015169830372200545,2,3,2,2,Some(Converged),true,0)
INNER	parabola-16-s1	scale	AugmentedLagrangianIteration(6,10.0,1.0000000000000002E-7,0.015169830372200545,0.016900125457267035,7,8,7,7,Some(Converged),true,0)
[success] Total time: 0 s, completed Oct 8, 2026, 11:52:30 a.m.
[info] running gale.bench.OptimizationALMBench 5 1 docs/verification/optim-alm-robust/fixtures.tsv combined combined trace
ALM	combined	equality-diagonal-8-s0	0	0.827834	Converged	0.05923760147597911	11	49	120	60	60	5.190497864848709E-9	5.190497864848709E-9	3.309040957910625E-8	0.0	10.0	0.05960082323317974,0.2796117046486429,0.24254890725848055,-0.017512247242021557,-0.26147272878239797,-0.26503639180133104,-0.02492681643108339,0.23810035999486723	0.4999999968193841
INNER	equality-diagonal-8-s0	combined	AugmentedLagrangianIteration(1,10.0,0.01,1.0,0.3858809418622199,7,9,8,8,Some(Converged),true,0)
INNER	equality-diagonal-8-s0	combined	AugmentedLagrangianIteration(2,10.0,0.004166754437816497,0.3858809418622199,0.18483236744367948,4,6,5,5,Some(Converged),true,0)
INNER	equality-diagonal-8-s0	combined	AugmentedLagrangianIteration(3,10.0,6.937368934637784E-4,0.18483236744367948,0.3026717946500227,6,8,7,7,Some(Converged),true,0)
INNER	equality-diagonal-8-s0	combined	AugmentedLagrangianIteration(4,10.0,1.1507253543162344E-4,0.3026717946500227,0.3981258071310304,5,7,6,6,Some(Converged),true,0)
INNER	equality-diagonal-8-s0	combined	AugmentedLagrangianIteration(5,10.0,2.018813034302125E-5,0.3981258071310304,0.42174179477970836,5,7,6,6,Some(Converged),true,0)
INNER	equality-diagonal-8-s0	combined	AugmentedLagrangianIteration(6,10.0,3.41552244400023E-6,0.42174179477970836,0.4433201560456385,5,7,6,6,Some(Converged),true,0)
INNER	equality-diagonal-8-s0	combined	AugmentedLagrangianIteration(7,10.0,6.721611958693252E-7,0.4433201560456385,0.545243320092387,5,7,6,6,Some(Converged),true,0)
INNER	equality-diagonal-8-s0	combined	AugmentedLagrangianIteration(8,10.0,1.3066673842099252E-7,0.545243320092387,0.44027222774555813,5,7,6,6,Some(Converged),true,0)
INNER	equality-diagonal-8-s0	combined	AugmentedLagrangianIteration(9,10.0,1.0E-7,0.44027222774555813,0.22338498743290616,3,5,4,4,Some(Converged),true,0)
INNER	equality-diagonal-8-s0	combined	AugmentedLagrangianIteration(10,10.0,1.0E-7,0.22338498743290616,0.20739151244631004,2,4,3,3,Some(Converged),true,0)
INNER	equality-diagonal-8-s0	combined	AugmentedLagrangianIteration(11,10.0,1.0E-7,0.20739151244631004,0.07209887502628332,2,3,2,2,Some(Converged),true,0)
ALM	combined	equality-diagonal-8-s1	0	1.14275	Converged	0.05923759634366575	11	46	116	58	58	5.074130920990072E-9	5.074130920990072E-9	9.508845361105855E-8	0.0	10.0	0.05960084412533253,0.27961171701429727,0.2425489124653552,-0.017512248020398184,-0.2614727271114056,-0.2650363887546274,-0.024926813338941627,0.2381003685537037	0.5000001023702954
INNER	equality-diagonal-8-s1	combined	AugmentedLagrangianIteration(1,10.0,0.01,1.0,0.45441593029183547,5,7,6,6,Some(Converged),true,0)
INNER	equality-diagonal-8-s1	combined	AugmentedLagrangianIteration(2,10.0,0.004141784557623543,0.45441593029183547,0.40324733899723925,5,7,6,6,Some(Converged),true,0)
INNER	equality-diagonal-8-s1	combined	AugmentedLagrangianIteration(3,10.0,7.063711975048431E-4,0.40324733899723925,0.42307104353895914,5,7,6,6,Some(Converged),true,0)
INNER	equality-diagonal-8-s1	combined	AugmentedLagrangianIteration(4,10.0,1.2245389204284808E-4,0.42307104353895914,0.1616702010652237,6,9,8,8,Some(Converged),true,0)
INNER	equality-diagonal-8-s1	combined	AugmentedLagrangianIteration(5,10.0,2.397382821386629E-5,0.1616702010652237,0.17437229221670147,4,6,5,5,Some(Converged),true,0)
INNER	equality-diagonal-8-s1	combined	AugmentedLagrangianIteration(6,10.0,4.489940397101044E-6,0.17437229221670147,0.3076456626336777,6,8,7,7,Some(Converged),true,0)
INNER	equality-diagonal-8-s1	combined	AugmentedLagrangianIteration(7,10.0,7.643427532733061E-7,0.3076456626336777,0.18145778851674021,4,6,5,5,Some(Converged),true,0)
INNER	equality-diagonal-8-s1	combined	AugmentedLagrangianIteration(8,10.0,1.346713964456292E-7,0.18145778851674021,0.2982866394085908,6,8,7,7,Some(Converged),true,0)
INNER	equality-diagonal-8-s1	combined	AugmentedLagrangianIteration(9,10.0,1.0E-7,0.2982866394085908,0.24100568636558858,3,5,4,4,Some(Converged),true,0)
INNER	equality-diagonal-8-s1	combined	AugmentedLagrangianIteration(10,10.0,1.0E-7,0.24100568636558858,0.06409795108457507,1,3,2,2,Some(Converged),true,0)
INNER	equality-diagonal-8-s1	combined	AugmentedLagrangianIteration(11,10.0,1.0E-7,0.06409795108457507,0.09460594475047149,1,2,1,1,Some(Converged),true,0)
ALM	combined	equality-dense-32-s0	0	9.174084	Converged	1.3337422188952313	14	230	498	249	249	3.103677204130406E-9	3.103677204130406E-9	8.467122969424423E-8	0.0	100.0	0.05960085089334014,0.27961172134979123,0.24254890238497812,-0.01751226270448184,-0.2614727466020964,-0.26503640444866994,-0.024926821461040978,0.23810036369994392,0.28221917395892093,0.06686698130313849,-0.20996240047736675,-0.2937533149453863,-0.10746878336278642,0.17762205309702328,0.29940799279382807,0.14591960346114102,-0.14172659833840573,-0.2990700214046549,-0.1814498478181527,0.10299447786672847,0.29274615474922433,0.21334836634791957,-0.06220092643969376,-0.28056297444135464,-0.24097671786620148,0.020162421654457214,0.26276432380775294,0.2637819187091024,0.02227963437344808,-0.23970644252271975,-0.281307520810401,-0.06427576064443673	0.5000000528495178,0.8333332546637631,1.1666668246892589,1.5000000100102018
INNER	equality-dense-32-s0	combined	AugmentedLagrangianIteration(1,10.0,0.01,1.0,0.023149472379716967,26,29,28,28,Some(Converged),true,0)
INNER	equality-dense-32-s0	combined	AugmentedLagrangianIteration(2,10.0,0.01,0.023149472379716967,0.03878749318211907,14,15,14,14,Some(Converged),true,0)
INNER	equality-dense-32-s0	combined	AugmentedLagrangianIteration(3,10.0,0.0024315324521718613,0.03878749318211907,0.04353929455418464,14,15,14,14,Some(Converged),true,0)
INNER	equality-dense-32-s0	combined	AugmentedLagrangianIteration(4,10.0,6.817170692634787E-4,0.04353929455418464,0.024466759496330193,16,18,17,17,Some(Converged),true,0)
INNER	equality-dense-32-s0	combined	AugmentedLagrangianIteration(5,10.0,2.5854082636725466E-4,0.024466759496330193,0.039525391648170004,15,17,16,16,Some(Converged),true,0)
INNER	equality-dense-32-s0	combined	AugmentedLagrangianIteration(6,10.0,1.1758140369650741E-4,0.039525391648170004,0.015071980779931833,14,15,14,14,Some(Converged),true,0)
INNER	equality-dense-32-s0	combined	AugmentedLagrangianIteration(7,100.0,6.156716593611195E-5,1.0,0.06599317920349569,22,25,24,24,Some(Converged),true,0)
INNER	equality-dense-32-s0	combined	AugmentedLagrangianIteration(8,100.0,1.343742582291252E-5,0.06599317920349569,0.013703401745405255,21,24,23,23,Some(Converged),true,0)
INNER	equality-dense-32-s0	combined	AugmentedLagrangianIteration(9,100.0,2.857399243086367E-6,0.013703401745405255,0.021386669188475035,22,26,25,25,Some(Converged),true,0)
INNER	equality-dense-32-s0	combined	AugmentedLagrangianIteration(10,100.0,6.452899454584272E-7,0.021386669188475035,0.013886758240732539,20,22,21,21,Some(Converged),true,0)
INNER	equality-dense-32-s0	combined	AugmentedLagrangianIteration(11,100.0,1.4487816971942014E-7,0.013886758240732539,0.02564725557279608,20,23,22,22,Some(Converged),true,0)
INNER	equality-dense-32-s0	combined	AugmentedLagrangianIteration(12,100.0,1.0E-7,0.02564725557279608,0.02040809326605874,16,19,18,18,Some(Converged),true,0)
INNER	equality-dense-32-s0	combined	AugmentedLagrangianIteration(13,100.0,1.0E-7,0.02040809326605874,0.04016720313650095,5,7,6,6,Some(Converged),true,0)
INNER	equality-dense-32-s0	combined	AugmentedLagrangianIteration(14,100.0,1.0E-7,0.04016720313650095,0.07989980742242192,5,7,6,6,Some(Converged),true,0)
ALM	combined	equality-dense-32-s1	0	8.379167	Converged	1.3337422221982052	14	222	486	243	243	2.9075248146603894E-9	2.9075248146603894E-9	3.632805305187059E-8	0.0	100.0	0.05960083119916068,0.27961171302290955,0.24254890341594537,-0.017512253830741127,-0.2614727329456203,-0.2650363904390736,-0.02492681142375962,0.2381003671216017,0.28221917057832047,0.06686697320382197,-0.2099624098405735,-0.2937533223357104,-0.10746878723373793,0.17762205292245678,0.29940799607040064,0.14591960913114144,-0.1417265923637384,-0.29907001721225296,-0.1814498463155829,0.1029944772296042,0.29274615327628956,0.21334836487150685,-0.06220092785127866,-0.28056297556840837,-0.24097671822175046,0.020162422098151438,0.2627643245860711,0.26378191972920373,0.022279635662708398,-0.2397064416079523,-0.2813075202242854,-0.06427576002220632	0.5000000058666837,0.8333332774896913,1.166666786096657,1.499999877731401
INNER	equality-dense-32-s1	combined	AugmentedLagrangianIteration(1,10.0,0.01,1.0,0.06433481784280602,17,19,18,18,Some(Converged),true,0)
INNER	equality-dense-32-s1	combined	AugmentedLagrangianIteration(2,10.0,0.01,0.06433481784280602,0.015515579710702858,15,17,16,16,Some(Converged),true,0)
INNER	equality-dense-32-s1	combined	AugmentedLagrangianIteration(3,10.0,0.002448849396397468,0.015515579710702858,0.015813056071011983,17,19,18,18,Some(Converged),true,0)
INNER	equality-dense-32-s1	combined	AugmentedLagrangianIteration(4,10.0,6.665435198561714E-4,0.015813056071011983,0.02485594006831987,15,17,16,16,Some(Converged),true,0)
INNER	equality-dense-32-s1	combined	AugmentedLagrangianIteration(5,10.0,2.4538049733476567E-4,0.02485594006831987,0.018048387028512972,13,14,13,13,Some(Converged),true,0)
INNER	equality-dense-32-s1	combined	AugmentedLagrangianIteration(6,10.0,1.1239716374990897E-4,0.018048387028512972,0.019405584272565484,15,17,16,16,Some(Converged),true,0)
INNER	equality-dense-32-s1	combined	AugmentedLagrangianIteration(7,100.0,6.02365430123944E-5,1.0,0.019994621927592982,21,25,24,24,Some(Converged),true,0)
INNER	equality-dense-32-s1	combined	AugmentedLagrangianIteration(8,100.0,1.2827449513438949E-5,0.019994621927592982,0.06635690514886637,21,24,23,23,Some(Converged),true,0)
INNER	equality-dense-32-s1	combined	AugmentedLagrangianIteration(9,100.0,2.822080168610186E-6,0.06635690514886637,0.023236722797559065,22,26,25,25,Some(Converged),true,0)
INNER	equality-dense-32-s1	combined	AugmentedLagrangianIteration(10,100.0,6.226969465977784E-7,0.023236722797559065,0.028911015506587062,20,23,22,22,Some(Converged),true,0)
INNER	equality-dense-32-s1	combined	AugmentedLagrangianIteration(11,100.0,1.397677862002844E-7,0.028911015506587062,0.017093890709777956,21,24,23,23,Some(Converged),true,0)
INNER	equality-dense-32-s1	combined	AugmentedLagrangianIteration(12,100.0,1.0E-7,0.017093890709777956,0.01504254858845927,12,14,13,13,Some(Converged),true,0)
INNER	equality-dense-32-s1	combined	AugmentedLagrangianIteration(13,100.0,1.0E-7,0.01504254858845927,0.03975095120831831,5,7,6,6,Some(Converged),true,0)
INNER	equality-dense-32-s1	combined	AugmentedLagrangianIteration(14,100.0,1.0E-7,0.03975095120831831,0.011045031609795026,8,10,9,9,Some(Converged),true,0)
ALM	combined	equality-dense-128-s0	0	23.720542	Converged	3.607942967058312	19	76	186	93	93	2.733622009309933E-10	2.733622009309933E-10	6.523679219050393E-8	0.0	100.0	0.059600852284474606,0.27961175096290064,0.24254893565135535,-0.01751223461415504,-0.26147273057190745,-0.26503640313024757,-0.024926833005101616,0.2381003436131354,0.282219149837954,0.06686695659819204,-0.209962423446872,-0.29375333459970865,-0.10746879847669161,0.1776220432240761,0.2994079876408221,0.14591960172134358,-0.14172659756257158,-0.29907001827629337,-0.18144984226357386,0.10299448565014739,0.2927461644104213,0.2133483774922853,-0.062200914594348435,-0.28056296258410174,-0.24097670620834694,0.02016243286586136,0.26276433390719445,0.2637819269434155,0.022279640329727242,-0.23970643891457658,-0.2813075194520544,-0.06427576146931042,0.21185083587585443,0.2932027507461754,0.10498540629642411,-0.17975504024629027,-0.29922953644633443,-0.143593782134839,0.14406142760368218,0.29926721953455193,0.1793281046483678,-0.10548444734746171,-0.29331508877640977,-0.21147319308986143,0.06479617943007696,0.28149224302227027,0.23938563742873298,-0.02281101713717232,-0.2640353245373124,-0.2625067680495824,-0.019630694687485385,0.24129375433491343,0.28037384422166917,0.061679520639104736,-0.21372266402369453,-0.2926292116389531,-0.10249380678530123,0.1818739354518144,0.299027623453174,0.14125669584175493,-0.14638498507524828,-0.29944098531728414,-0.17719232498708948,0.10796614060806826,0.29386103262215446,0.20958144413166785,-0.06738636021794701,-0.2823994585723193,-0.237775799874501,0.025457830043430014,0.26528564613512173,0.2612110607777935,0.01698022953465681,-0.24286214702316444,-0.2794181855125626,-0.0590784320193622,0.21557776093910708,0.2920327568461354,0.0999941856278492,-0.1839785754929809,-0.29880227918747015,-0.13890854157934793,0.14869707246694108,0.29959128773174803,0.17504265843239603,-0.11043938030628153,-0.29438395900312014,-0.20767328075622593,0.06997125623379274,0.28328454453881946,0.23614733008139122,-0.028102650092994303,-0.2665151833708428,-0.2598948866049446,-0.014328430491314466,0.2444115174123518,0.2784406420449808,0.056472723055067654,-0.21741595849073087,-0.2914134117772622,-0.09748671931271642,0.18606881246891707,0.2985535356790308,0.13654951494957235,-0.15099749974299861,-0.29971810872560456,-0.17287926950423396,0.11290397452612304,0.29488382716448897,0.20574885149272687,-0.072550666630796,-0.28414743346642674,-0.23450035727237814,0.030745269115564723,0.26772384001160665,0.2585583501048461,0.01167550835478625,-0.2459417393578075,-0.2774412838794822,-0.05386258962965103,0.21923712255726166,0.2907712363048753,0.09497161686054882,-0.18814446910324914,-0.2982813982601492,-0.13417978628622024,0.1532861011888348,0.2998214526230866	0.5000000115868067,0.6428571681625148,0.7857142815446307,0.9285714373652024,1.071428567932336,1.2142857251203867,1.3571428450406298,1.5000000599463954
INNER	equality-dense-128-s0	combined	AugmentedLagrangianIteration(1,10.0,0.01,1.0,0.11610957387878666,11,14,13,13,Some(Converged),true,0)
INNER	equality-dense-128-s0	combined	AugmentedLagrangianIteration(2,10.0,0.01,0.11610957387878666,0.2004134393710771,5,6,5,5,Some(Converged),true,0)
INNER	equality-dense-128-s0	combined	AugmentedLagrangianIteration(3,10.0,0.00201799202159841,0.2004134393710771,0.07135679645946393,5,8,7,7,Some(Converged),true,0)
INNER	equality-dense-128-s0	combined	AugmentedLagrangianIteration(4,10.0,2.623635101714296E-4,0.07135679645946393,0.08925880394674249,6,8,7,7,Some(Converged),true,0)
INNER	equality-dense-128-s0	combined	AugmentedLagrangianIteration(5,10.0,6.066050730542117E-5,0.08925880394674249,0.13233004382004193,6,7,6,6,Some(Converged),true,0)
INNER	equality-dense-128-s0	combined	AugmentedLagrangianIteration(6,10.0,2.1958539270819367E-5,0.13233004382004193,0.16278758140625438,5,7,6,6,Some(Converged),true,0)
INNER	equality-dense-128-s0	combined	AugmentedLagrangianIteration(7,10.0,9.449173094985831E-6,0.16278758140625438,0.17050020350666276,5,7,6,6,Some(Converged),true,0)
INNER	equality-dense-128-s0	combined	AugmentedLagrangianIteration(8,10.0,3.829173895637459E-6,0.17050020350666276,0.16243661246092353,4,6,5,5,Some(Converged),true,0)
INNER	equality-dense-128-s0	combined	AugmentedLagrangianIteration(9,10.0,1.607745059683391E-6,0.16243661246092353,0.2200883483873181,5,7,6,6,Some(Converged),true,0)
INNER	equality-dense-128-s0	combined	AugmentedLagrangianIteration(10,10.0,7.291556208956913E-7,0.2200883483873181,0.15287111208479676,4,6,5,5,Some(Converged),true,0)
INNER	equality-dense-128-s0	combined	AugmentedLagrangianIteration(11,10.0,3.1014023894153367E-7,0.15287111208479676,0.20668941664865395,5,7,6,6,Some(Converged),true,0)
INNER	equality-dense-128-s0	combined	AugmentedLagrangianIteration(12,10.0,1.4211703409684752E-7,0.20668941664865395,0.1613814282617381,4,6,5,5,Some(Converged),true,0)
INNER	equality-dense-128-s0	combined	AugmentedLagrangianIteration(13,10.0,1.0E-7,0.1613814282617381,0.1522990216855264,4,6,5,5,Some(Converged),true,0)
INNER	equality-dense-128-s0	combined	AugmentedLagrangianIteration(14,10.0,1.0E-7,0.1522990216855264,0.05449010703882579,1,3,2,2,Some(Converged),true,0)
INNER	equality-dense-128-s0	combined	AugmentedLagrangianIteration(15,10.0,1.0E-7,0.05449010703882579,0.1920856593102165,3,4,3,3,Some(Converged),true,0)
INNER	equality-dense-128-s0	combined	AugmentedLagrangianIteration(16,10.0,1.0E-7,0.1920856593102165,0.05495154010721018,1,3,2,2,Some(Converged),true,0)
INNER	equality-dense-128-s0	combined	AugmentedLagrangianIteration(17,10.0,1.0E-7,0.05495154010721018,0.05581021148382721,1,2,1,1,Some(Converged),true,0)
INNER	equality-dense-128-s0	combined	AugmentedLagrangianIteration(18,10.0,1.0E-7,0.05581021148382721,0.05581021148382721,0,1,0,0,Some(Converged),true,0)
INNER	equality-dense-128-s0	combined	AugmentedLagrangianIteration(19,100.0,1.0E-7,1.0,0.009239674896384591,1,3,2,2,Some(Converged),true,0)
ALM	combined	equality-dense-128-s1	0	19.100666	Converged	3.6079429676438335	16	72	156	78	78	9.822833518802199E-10	9.822833518802199E-10	7.619392358715338E-8	0.0	100.0	0.0596008472746009,0.27961175900046187,0.24254894241575958,-0.017512230651060216,-0.26147272654925047,-0.2650363979676209,-0.024926827803321935,0.2381003474976245,0.2822191518433084,0.066866956780361,-0.2099624248566979,-0.29375333736126225,-0.10746880231842303,0.17762203862110607,0.2994079826185506,0.1459195966218061,-0.14172660240697302,-0.29907002255346476,-0.18144984569759062,0.10299448328502873,0.29274616328121594,0.2133483777020142,-0.06220091301031531,-0.28056295965915656,-0.24097670204215496,0.020162438113245234,0.2627643400239098,0.2637819336765766,0.02227964739795713,-0.23970643180741022,-0.2813075126025298,-0.06427575516026023,0.21185084138873653,0.2932027552464011,0.10498540961700602,-0.17975503821492256,-0.29922953575147926,-0.14359378275994839,0.14406142573775418,0.2992672165659977,0.17932810076844224,-0.10548445190332117,-0.2933150937401297,-0.21147319817372937,0.06479617452019544,0.2814922385738136,0.23938563370921329,-0.022811019893178602,-0.2640353261398554,-0.26250676836269726,-0.019630693635891445,0.24129375676175907,0.2803738479683772,0.06167952558633234,-0.21372265805410315,-0.29262920487601674,-0.10249379949850873,0.18187394296497486,0.299027630881178,0.14125670287375228,-0.14638497873456097,-0.29944097993306834,-0.1771923207807136,0.10796614347075832,0.2938610340398287,0.20958144407346554,-0.0673863617095848,-0.28239946138225186,-0.2377758038193615,0.02545782520684924,0.2652856406981096,0.2612110550653581,0.016980223889252515,-0.24286215225912486,-0.2794181900145031,-0.059078435497588955,0.21557775872408452,0.2920327560707959,0.09999418639602678,-0.18397857315600058,-0.2988022753367638,-0.13890853634797637,0.1486970788743745,0.2995912950492844,0.17504266634614934,-0.1104393721421471,-0.2943839509487084,-0.20767327316745063,0.06997126302347932,0.2832845502355611,0.23614733444602962,-0.028102647232632724,-0.2665151821111047,-0.25989488696139623,-0.014328432397919309,0.2444115140998961,0.2784406375419309,0.05647271763673368,-0.21741596450290807,-0.2914134180319418,-0.09748672544636466,0.18606880681374446,0.29855353083576036,0.13654951121094683,-0.15099750213948063,-0.29971810960941103,-0.17287926878009888,0.1129039768737303,0.2948838310709288,0.2057488568167834,-0.07255066009951122,-0.2841474259966774,-0.23450034917770515,0.030745277492510794,0.2677238483159731,0.25855835798684845,0.011675515486467716,-0.2459417332671518,-0.2774412790699403,-0.05386258627998342,0.21923712433724535,0.2907712364785898,0.09497161546547377,-0.18814447195808004,-0.29828140239977197,-0.1341797914781134,0.15328609522409622,0.29982144619943907	0.5000000234280261,0.6428571853466079,0.7857142891816976,0.9285714317034134,1.0714285743387768,1.2142857395115239,1.3571428191336163,1.5000001609837392
INNER	equality-dense-128-s1	combined	AugmentedLagrangianIteration(1,10.0,0.01,1.0,0.08100264925831444,10,12,11,11,Some(Converged),true,0)
INNER	equality-dense-128-s1	combined	AugmentedLagrangianIteration(2,10.0,0.01,0.08100264925831444,0.14070023350068042,4,5,4,4,Some(Converged),true,0)
INNER	equality-dense-128-s1	combined	AugmentedLagrangianIteration(3,10.0,0.001928480559511242,0.14070023350068042,0.0726118764091868,7,8,7,7,Some(Converged),true,0)
INNER	equality-dense-128-s1	combined	AugmentedLagrangianIteration(4,10.0,3.3554927205697307E-4,0.0726118764091868,0.25117129409265426,6,7,6,6,Some(Converged),true,0)
INNER	equality-dense-128-s1	combined	AugmentedLagrangianIteration(5,10.0,7.590486385319618E-5,0.25117129409265426,0.06267686569570023,6,8,7,7,Some(Converged),true,0)
INNER	equality-dense-128-s1	combined	AugmentedLagrangianIteration(6,10.0,1.7188750775821993E-5,0.06267686569570023,0.06614742552424695,6,7,6,6,Some(Converged),true,0)
INNER	equality-dense-128-s1	combined	AugmentedLagrangianIteration(7,10.0,5.05186319797249E-6,0.06614742552424695,0.06855634356335406,6,7,6,6,Some(Converged),true,0)
INNER	equality-dense-128-s1	combined	AugmentedLagrangianIteration(8,10.0,1.585099283270275E-6,0.06855634356335406,0.15220623069560238,5,6,5,5,Some(Converged),true,0)
INNER	equality-dense-128-s1	combined	AugmentedLagrangianIteration(9,10.0,6.038733686507259E-7,0.15220623069560238,0.0672950669407577,6,8,7,7,Some(Converged),true,0)
INNER	equality-dense-128-s1	combined	AugmentedLagrangianIteration(10,10.0,2.2579041212417161E-7,0.0672950669407577,0.21692738895980096,5,6,5,5,Some(Converged),true,0)
INNER	equality-dense-128-s1	combined	AugmentedLagrangianIteration(11,10.0,1.0E-7,0.21692738895980096,0.07288506173831248,6,8,7,7,Some(Converged),true,0)
INNER	equality-dense-128-s1	combined	AugmentedLagrangianIteration(12,10.0,1.0E-7,0.07288506173831248,0.05516676552717351,2,3,2,2,Some(Converged),true,0)
INNER	equality-dense-128-s1	combined	AugmentedLagrangianIteration(13,10.0,1.0E-7,0.05516676552717351,0.056579589566697015,1,2,1,1,Some(Converged),true,0)
INNER	equality-dense-128-s1	combined	AugmentedLagrangianIteration(14,10.0,1.0E-7,0.056579589566697015,0.05930714311511643,1,2,1,1,Some(Converged),true,0)
INNER	equality-dense-128-s1	combined	AugmentedLagrangianIteration(15,10.0,1.0E-7,0.05930714311511643,0.05930714311511643,0,1,0,0,Some(Converged),true,0)
INNER	equality-dense-128-s1	combined	AugmentedLagrangianIteration(16,100.0,1.0E-7,1.0,0.009262859177750294,1,3,2,2,Some(Converged),true,0)
ALM	combined	mixed-box-3-s0	0	1.5885	Converged	2.5000000013060326	14	44	114	57	57	1.075565192465433E-10	1.075565192465433E-10	3.1086244689504383E-15	1.0909201098538176E-9	100.0	0.9999999993469835,5.454600546000481E-10,0.0	2.0000000006530194,2.0000000011984773,0.0
INNER	mixed-box-3-s0	combined	AugmentedLagrangianIteration(1,10.0,0.01,1.0,0.05213694765800984,6,12,11,11,Some(Converged),true,0)
INNER	mixed-box-3-s0	combined	AugmentedLagrangianIteration(2,10.0,0.01,0.05213694765800984,0.03751799334940512,4,5,4,4,Some(Converged),true,0)
INNER	mixed-box-3-s0	combined	AugmentedLagrangianIteration(3,10.0,0.00373137039757247,0.03751799334940512,0.04511970049146424,4,5,4,4,Some(Converged),true,0)
INNER	mixed-box-3-s0	combined	AugmentedLagrangianIteration(4,10.0,7.90194236953945E-4,0.04511970049146424,0.048081884643207895,4,5,4,4,Some(Converged),true,0)
INNER	mixed-box-3-s0	combined	AugmentedLagrangianIteration(5,10.0,1.668338013093161E-4,0.048081884643207895,0.03684445433955034,3,5,4,4,Some(Converged),true,0)
INNER	mixed-box-3-s0	combined	AugmentedLagrangianIteration(6,10.0,3.458782251373472E-5,0.03684445433955034,0.03683349152517428,3,5,4,4,Some(Converged),true,0)
INNER	mixed-box-3-s0	combined	AugmentedLagrangianIteration(7,10.0,7.41796243416335E-6,0.03683349152517428,0.03680583252658181,3,5,4,4,Some(Converged),true,0)
INNER	mixed-box-3-s0	combined	AugmentedLagrangianIteration(8,10.0,1.5865582064366645E-6,0.03680583252658181,0.0368333768350146,3,5,4,4,Some(Converged),true,0)
INNER	mixed-box-3-s0	combined	AugmentedLagrangianIteration(9,10.0,3.3032617657692E-7,0.0368333768350146,0.03679698971532347,3,5,4,4,Some(Converged),true,0)
INNER	mixed-box-3-s0	combined	AugmentedLagrangianIteration(10,10.0,1.0E-7,0.03679698971532347,0.03681651502442667,3,5,4,4,Some(Converged),true,0)
INNER	mixed-box-3-s0	combined	AugmentedLagrangianIteration(11,10.0,1.0E-7,0.03681651502442667,0.20721836711793531,2,3,2,2,Some(Converged),true,0)
INNER	mixed-box-3-s0	combined	AugmentedLagrangianIteration(12,10.0,1.0E-7,0.20721836711793531,0.04991133510901062,3,4,3,3,Some(Converged),true,0)
INNER	mixed-box-3-s0	combined	AugmentedLagrangianIteration(13,10.0,1.0E-7,0.04991133510901062,0.04991133510901062,0,1,0,0,Some(Converged),true,0)
INNER	mixed-box-3-s0	combined	AugmentedLagrangianIteration(14,100.0,1.0E-7,1.0,0.011028532387161125,3,5,4,4,Some(Converged),true,0)
ALM	combined	mixed-box-3-s1	0	0.996417	Converged	2.5000000018715456	14	45	114	57	57	6.868053903374971E-10	6.868053903374971E-10	1.0968609606027756E-14	4.979347595980635E-10	100.0	0.9999999990642272,2.4896737965155113E-10,0.0	2.000000000935782,2.0000000011847385,0.0
INNER	mixed-box-3-s1	combined	AugmentedLagrangianIteration(1,10.0,0.01,1.0,0.03872747287563487,7,13,12,12,Some(Converged),true,0)
INNER	mixed-box-3-s1	combined	AugmentedLagrangianIteration(2,10.0,0.01,0.03872747287563487,0.04088415025250297,4,5,4,4,Some(Converged),true,0)
INNER	mixed-box-3-s1	combined	AugmentedLagrangianIteration(3,10.0,0.003728848646029557,0.04088415025250297,0.046468373424260745,4,5,4,4,Some(Converged),true,0)
INNER	mixed-box-3-s1	combined	AugmentedLagrangianIteration(4,10.0,7.917997990640951E-4,0.046468373424260745,0.17489749618679218,4,6,5,5,Some(Converged),true,0)
INNER	mixed-box-3-s1	combined	AugmentedLagrangianIteration(5,10.0,1.6816766803553343E-4,0.17489749618679218,0.048446384979556265,4,5,4,4,Some(Converged),true,0)
INNER	mixed-box-3-s1	combined	AugmentedLagrangianIteration(6,10.0,3.495475267644361E-5,0.048446384979556265,0.03679401373559468,3,5,4,4,Some(Converged),true,0)
INNER	mixed-box-3-s1	combined	AugmentedLagrangianIteration(7,10.0,7.239389676295168E-6,0.03679401373559468,0.0367946991677006,3,5,4,4,Some(Converged),true,0)
INNER	mixed-box-3-s1	combined	AugmentedLagrangianIteration(8,10.0,1.5045447990569862E-6,0.0367946991677006,0.20747898971702253,2,3,2,2,Some(Converged),true,0)
INNER	mixed-box-3-s1	combined	AugmentedLagrangianIteration(9,10.0,3.1159872186426597E-7,0.20747898971702253,0.03697053584999351,2,4,3,3,Some(Converged),true,0)
INNER	mixed-box-3-s1	combined	AugmentedLagrangianIteration(10,10.0,1.0E-7,0.03697053584999351,0.0481059989012388,4,5,4,4,Some(Converged),true,0)
INNER	mixed-box-3-s1	combined	AugmentedLagrangianIteration(11,10.0,1.0E-7,0.0481059989012388,0.03692218176124915,3,5,4,4,Some(Converged),true,0)
INNER	mixed-box-3-s1	combined	AugmentedLagrangianIteration(12,10.0,1.0E-7,0.03692218176124915,0.19963698495198043,2,3,2,2,Some(Converged),true,0)
INNER	mixed-box-3-s1	combined	AugmentedLagrangianIteration(13,10.0,1.0E-7,0.19963698495198043,0.19963698495198043,0,1,0,0,Some(Converged),true,0)
INNER	mixed-box-3-s1	combined	AugmentedLagrangianIteration(14,100.0,1.0E-7,1.0,0.01233012898185329,3,5,4,4,Some(Converged),true,0)
ALM	combined	ball-8-s0	0	0.336667	Converged	1.95247619428685	7	12	50	25	25	0.0	0.0	9.559020242022598E-14	2.286801478731299E-9	10.0	0.16800537606364052,0.21600691208182346,0.26400844810000645,0.31200998411818953,0.3600115201363725,0.4080130561545555,0.4560145921727385,0.5040161281909216	0.9880476200078014
INNER	ball-8-s0	combined	AugmentedLagrangianIteration(1,10.0,0.01,1.0,0.021470827809559896,5,18,17,17,Some(Converged),true,0)
INNER	ball-8-s0	combined	AugmentedLagrangianIteration(2,10.0,0.009235690168445655,0.021470827809559896,0.02311974956363538,2,3,2,2,Some(Converged),true,0)
INNER	ball-8-s0	combined	AugmentedLagrangianIteration(3,10.0,6.084249337080073E-4,0.02311974956363538,0.0231686425426239,1,2,1,1,Some(Converged),true,0)
INNER	ball-8-s0	combined	AugmentedLagrangianIteration(4,10.0,3.505932353313757E-5,0.0231686425426239,0.023262978374427354,1,2,1,1,Some(Converged),true,0)
INNER	ball-8-s0	combined	AugmentedLagrangianIteration(5,10.0,1.348890913965839E-6,0.023262978374427354,0.02326853249631292,1,2,1,1,Some(Converged),true,0)
INNER	ball-8-s0	combined	AugmentedLagrangianIteration(6,10.0,1.0E-7,0.02326853249631292,0.02326875685921671,1,2,1,1,Some(Converged),true,0)
INNER	ball-8-s0	combined	AugmentedLagrangianIteration(7,10.0,1.0E-7,0.02326875685921671,0.023268750268943844,1,2,1,1,Some(Converged),true,0)
ALM	combined	ball-8-s1	0	0.368125	Converged	1.9524761875198973	8	20	70	35	35	4.534347786133708E-9	4.534347786133708E-9	1.9090690139833555E-9	4.480151515217887E-9	10.0	0.16800537685640277,0.21600691340089115,0.2640084493850593,0.31200998498516336,0.3600115207305666,0.4080130570170446,0.4560145937429114,0.5040161304025088	0.9880476149003048
INNER	ball-8-s1	combined	AugmentedLagrangianIteration(1,10.0,0.01,1.0,0.02356615463992933,8,19,18,18,Some(Converged),true,0)
INNER	ball-8-s1	combined	AugmentedLagrangianIteration(2,10.0,0.009283263328964387,0.02356615463992933,0.023269990349551427,2,3,2,2,Some(Converged),true,0)
INNER	ball-8-s1	combined	AugmentedLagrangianIteration(3,10.0,5.174420969856763E-4,0.023269990349551427,0.33609117592581705,3,5,4,4,Some(Converged),true,0)
INNER	ball-8-s1	combined	AugmentedLagrangianIteration(4,10.0,7.452332349491276E-5,0.33609117592581705,0.023256501086081557,1,3,2,2,Some(Converged),true,0)
INNER	ball-8-s1	combined	AugmentedLagrangianIteration(5,10.0,4.426753380371018E-6,0.023256501086081557,0.023267997768139197,1,2,1,1,Some(Converged),true,0)
INNER	ball-8-s1	combined	AugmentedLagrangianIteration(6,10.0,7.656576776593483E-7,0.023267997768139197,0.023268683279419302,1,2,1,1,Some(Converged),true,0)
INNER	ball-8-s1	combined	AugmentedLagrangianIteration(7,10.0,1.0E-7,0.023268683279419302,0.3311623885977534,3,5,4,4,Some(Converged),true,0)
INNER	ball-8-s1	combined	AugmentedLagrangianIteration(8,10.0,1.0E-7,0.3311623885977534,0.023268810208862577,1,3,2,2,Some(Converged),true,0)
ALM	combined	ball-64-s0	0	1.303167	Converged	26.914498087783905	11	13	44	22	22	0.0	0.0	5.848654893725325E-13	1.922556611041881E-9	100.0	0.059974872920193156,0.06187883713988183,0.0637828013595705,0.06568676557925916,0.06759072979894785,0.0694946940186365,0.07139865823832518,0.07330262245801386,0.07520658667770254,0.07711055089739119,0.07901451511707987,0.08091847933676856,0.08282244355645722,0.08472640777614589,0.08663037199583454,0.08853433621552324,0.09043830043521191,0.09234226465490057,0.09424622887458924,0.09615019309427793,0.09805415731396658,0.09995812153365527,0.10186208575334392,0.10376604997303263,0.10567001419272128,0.10757397841240994,0.10947794263209862,0.1113819068517873,0.11328587107147596,0.11518983529116462,0.1170937995108533,0.11899776373054198,0.12090172795023064,0.12280569216991931,0.12470965638960799,0.12661362060929665,0.12851758482898534,0.130421549048674,0.1323255132683627,0.13422947748805136,0.13613344170774,0.13803740592742872,0.13994137014711736,0.14184533436680602,0.1437492985864947,0.14565326280618338,0.14755722702587207,0.14946119124556073,0.15136515546524942,0.1532691196849381,0.15517308390462672,0.15707704812431542,0.1589810123440041,0.16088497656369274,0.16278894078338144,0.1646929050030701,0.16659686922275876,0.1685008334424474,0.17040479766213612,0.17230876188182478,0.17421272610151348,0.1761166903212021,0.17802065454089078,0.17992461876057947	3.6684123338213714
INNER	ball-64-s0	combined	AugmentedLagrangianIteration(1,10.0,0.01,1.0,0.016784150618948824,3,11,10,10,Some(Converged),true,0)
INNER	ball-64-s0	combined	AugmentedLagrangianIteration(2,10.0,0.01,0.016784150618948824,0.019931398201503334,2,3,2,2,Some(Converged),true,0)
INNER	ball-64-s0	combined	AugmentedLagrangianIteration(3,10.0,0.0045068599710693215,0.019931398201503334,0.020107052300343563,1,2,1,1,Some(Converged),true,0)
INNER	ball-64-s0	combined	AugmentedLagrangianIteration(4,10.0,6.873570553906695E-4,0.020107052300343563,0.020596410383837367,1,2,1,1,Some(Converged),true,0)
INNER	ball-64-s0	combined	AugmentedLagrangianIteration(5,10.0,9.824470082295811E-5,0.020596410383837367,0.020675443926453204,1,2,1,1,Some(Converged),true,0)
INNER	ball-64-s0	combined	AugmentedLagrangianIteration(6,10.0,2.9317874644441137E-6,0.020675443926453204,0.020687780637899132,1,2,1,1,Some(Converged),true,0)
INNER	ball-64-s0	combined	AugmentedLagrangianIteration(7,10.0,1.414433325130915E-7,0.020687780637899132,0.020688142046761004,1,2,1,1,Some(Converged),true,0)
INNER	ball-64-s0	combined	AugmentedLagrangianIteration(8,10.0,1.0E-7,0.020688142046761004,0.02068815777633323,1,2,1,1,Some(Converged),true,0)
INNER	ball-64-s0	combined	AugmentedLagrangianIteration(9,10.0,1.0E-7,0.02068815777633323,0.02068816015046607,1,2,1,1,Some(Converged),true,0)
INNER	ball-64-s0	combined	AugmentedLagrangianIteration(10,10.0,1.0E-7,0.02068816015046607,0.02068816015046607,0,1,0,0,Some(Converged),true,0)
INNER	ball-64-s0	combined	AugmentedLagrangianIteration(11,100.0,1.0E-7,1.0,0.00244895862691773,1,3,2,2,Some(Converged),true,0)
ALM	combined	ball-64-s1	0	1.828292	Converged	26.914498089050568	12	27	84	42	42	0.0	0.0	2.4597363257328198E-8	3.1892174774586723E-9	100.0	0.05997487179992722,0.061878834327597575,0.06378279942654991,0.06568676628795267,0.0675907324825855,0.06949469619425329,0.07139865788958745,0.07330261988902737,0.07520658423341883,0.07711055080767013,0.07901451744656664,0.08091848192545924,0.08282244400559642,0.0847264056536314,0.0866303692334901,0.08853433533298864,0.09043830222339796,0.09234226744882916,0.09424623008416666,0.096150191585615,0.09805415445187124,0.0999581199268343,0.10186208685597015,0.1037660527477849,0.10567001606449299,0.10757397763585,0.10947793989627926,0.11138190464667422,0.11328587139866543,0.11518983782362495,0.1170938018935964,0.11899776374578849,0.1209017255564261,0.12280568953993902,0.12470965591302559,0.12661362269542115,0.12851758753054418,0.13042154985212656,0.13232551140483792,0.13422947464024426,0.13613344046284967,0.13803740739849923,0.13994137294971054,0.14184533589184714,0.14374929739904396,0.14565325996471293,0.1475572251091115,0.14946119198162514,0.15136515814281803,0.1532691218072398,0.15517308348495945,0.1570770455126112,0.15898100990510292,0.16088497650311978,0.16278894311959727,0.1646929075504981,0.16659686960119435,0.1685008312654069,0.1704047948921882,0.172308761026214,0.17421272790701095,0.17611669308752775,0.17802065568394287,0.17992461718824604	3.6684123307042116
INNER	ball-64-s1	combined	AugmentedLagrangianIteration(1,10.0,0.01,1.0,0.019711599983152344,13,26,25,25,Some(Converged),true,0)
INNER	ball-64-s1	combined	AugmentedLagrangianIteration(2,10.0,0.01,0.019711599983152344,0.02008759637437372,3,4,3,3,Some(Converged),true,0)
INNER	ball-64-s1	combined	AugmentedLagrangianIteration(3,10.0,0.0044337043053082285,0.02008759637437372,0.02011747839990562,1,2,1,1,Some(Converged),true,0)
INNER	ball-64-s1	combined	AugmentedLagrangianIteration(4,10.0,7.357284977383083E-4,0.02011747839990562,0.020589397178664162,1,2,1,1,Some(Converged),true,0)
INNER	ball-64-s1	combined	AugmentedLagrangianIteration(5,10.0,1.347802094793682E-4,0.020589397178664162,0.020670897178966113,1,2,1,1,Some(Converged),true,0)
INNER	ball-64-s1	combined	AugmentedLagrangianIteration(6,10.0,9.592537541514012E-6,0.020670897178966113,0.11869838647480738,3,4,3,3,Some(Converged),true,0)
INNER	ball-64-s1	combined	AugmentedLagrangianIteration(7,10.0,1.149570700387237E-6,0.11869838647480738,0.020688012758843674,1,3,2,2,Some(Converged),true,0)
INNER	ball-64-s1	combined	AugmentedLagrangianIteration(8,10.0,2.0920060674889385E-7,0.020688012758843674,0.020688230156353866,1,2,1,1,Some(Converged),true,0)
INNER	ball-64-s1	combined	AugmentedLagrangianIteration(9,10.0,1.0E-7,0.020688230156353866,0.02069038793915889,1,2,1,1,Some(Converged),true,0)
INNER	ball-64-s1	combined	AugmentedLagrangianIteration(10,10.0,1.0E-7,0.02069038793915889,0.020739539715436645,1,2,1,1,Some(Converged),true,0)
INNER	ball-64-s1	combined	AugmentedLagrangianIteration(11,10.0,1.0E-7,0.020739539715436645,0.020739539715436645,0,1,0,0,Some(Converged),true,0)
INNER	ball-64-s1	combined	AugmentedLagrangianIteration(12,100.0,1.0E-7,1.0,0.002449121016006148,1,3,2,2,Some(Converged),true,0)
ALM	combined	parabola-2-s0	0	0.243125	Converged	0.4124168526917674	5	20	70	35	35	9.507896692184659E-10	9.507896692184659E-10	1.4331138498135942E-9	0.0	10.0	1.1653730428192282,1.358094327978957	-0.35809432941207087
INNER	parabola-2-s0	combined	AugmentedLagrangianIteration(1,10.0,0.01,1.0,0.47066564510804915,8,15,14,14,Some(Converged),true,0)
INNER	parabola-2-s0	combined	AugmentedLagrangianIteration(2,10.0,0.0034717148461251846,0.47066564510804915,0.015252723086723862,3,5,4,4,Some(Converged),true,0)
INNER	parabola-2-s0	combined	AugmentedLagrangianIteration(3,10.0,1.0973250240211564E-4,0.015252723086723862,0.01993044730422294,4,8,7,7,Some(Converged),true,0)
INNER	parabola-2-s0	combined	AugmentedLagrangianIteration(4,10.0,5.05971607989153E-7,0.01993044730422294,0.8786172688552264,4,8,7,7,Some(Converged),true,0)
INNER	parabola-2-s0	combined	AugmentedLagrangianIteration(5,10.0,1.0E-7,0.8786172688552264,0.015167683442851217,1,3,2,2,Some(Converged),true,0)
ALM	combined	parabola-2-s1	0	0.300292	Converged	0.41241685321609617	6	31	94	47	47	5.134301872544711E-10	5.134301872544711E-10	1.935108961959031E-9	0.0	10.0	1.1653730436420504,1.3580943313609666	-0.3580943294258576
INNER	parabola-2-s1	combined	AugmentedLagrangianIteration(1,10.0,0.01,1.0,0.05582822895547571,12,20,19,19,Some(Converged),true,0)
INNER	parabola-2-s1	combined	AugmentedLagrangianIteration(2,10.0,0.0034814324606274208,0.05582822895547571,0.023967601454841034,6,9,8,8,Some(Converged),true,0)
INNER	parabola-2-s1	combined	AugmentedLagrangianIteration(3,10.0,1.0109668542481743E-4,0.023967601454841034,0.01517197595610516,2,3,2,2,Some(Converged),true,0)
INNER	parabola-2-s1	combined	AugmentedLagrangianIteration(4,10.0,1.4883991999781189E-6,0.01517197595610516,0.034366066838931605,7,9,8,8,Some(Converged),true,0)
INNER	parabola-2-s1	combined	AugmentedLagrangianIteration(5,10.0,1.0E-7,0.034366066838931605,0.9006193698254868,3,8,7,7,Some(Converged),true,0)
INNER	parabola-2-s1	combined	AugmentedLagrangianIteration(6,10.0,1.0E-7,0.9006193698254868,0.01516768437278398,1,3,2,2,Some(Converged),true,0)
ALM	combined	parabola-16-s0	0	1.130709	Converged	3.2993348215341425	5	20	70	35	35	9.507878928616265E-10	9.507878928616265E-10	1.4331120734567548E-9	0.0	10.0	1.1653730428192273,1.3580943279789566,1.1653730428192273,1.3580943279789566,1.1653730428192273,1.3580943279789566,1.1653730428192273,1.3580943279789566,1.1653730428192273,1.3580943279789566,1.1653730428192273,1.3580943279789566,1.1653730428192273,1.3580943279789566,1.1653730428192273,1.3580943279789566	-0.35809432941206865,-0.35809432941206865,-0.35809432941206865,-0.35809432941206865,-0.35809432941206865,-0.35809432941206865,-0.35809432941206865,-0.35809432941206865
INNER	parabola-16-s0	combined	AugmentedLagrangianIteration(1,10.0,0.01,1.0,0.4706656451099149,8,15,14,14,Some(Converged),true,0)
INNER	parabola-16-s0	combined	AugmentedLagrangianIteration(2,10.0,0.003471714846124785,0.4706656451099149,0.015252723086727543,3,5,4,4,Some(Converged),true,0)
INNER	parabola-16-s0	combined	AugmentedLagrangianIteration(3,10.0,1.0973250240251531E-4,0.015252723086727543,0.019930447303782482,4,8,7,7,Some(Converged),true,0)
INNER	parabola-16-s0	combined	AugmentedLagrangianIteration(4,10.0,5.059716079669485E-7,0.019930447303782482,0.8786172516070859,4,8,7,7,Some(Converged),true,0)
INNER	parabola-16-s0	combined	AugmentedLagrangianIteration(5,10.0,1.0E-7,0.8786172516070859,0.015167683379628824,1,3,2,2,Some(Converged),true,0)
ALM	combined	parabola-16-s1	0	1.626833	Converged	3.2993348248358925	6	42	102	51	51	3.078433064018782E-10	3.078433064018782E-10	5.482707243764651E-8	0.0	10.0	1.165373064092454,1.358094378820078,1.1653730613433053,1.3580943723714307,1.1653730467159733,1.358094338068379,1.1653730527283335,1.3580943521806126,1.1653730564528513,1.358094360920008,1.165373053144105,1.358094353127636,1.1653730574253471,1.3580943631755462,1.165373061396697,1.358094372507332	-0.35809432399300567,-0.35809432471232583,-0.35809432854085443,-0.3580943269691117,-0.3580943259950198,-0.35809432685596665,-0.3580943257366087,-0.3580943247000046
INNER	parabola-16-s1	combined	AugmentedLagrangianIteration(1,10.0,0.01,1.0,0.03536868259387204,23,30,29,29,Some(Converged),true,0)
INNER	parabola-16-s1	combined	AugmentedLagrangianIteration(2,10.0,0.0035087336111812918,0.03536868259387204,0.016335566855730618,7,9,8,8,Some(Converged),true,0)
INNER	parabola-16-s1	combined	AugmentedLagrangianIteration(3,10.0,1.0579629263445245E-4,0.016335566855730618,0.015168578453542787,2,3,2,2,Some(Converged),true,0)
INNER	parabola-16-s1	combined	AugmentedLagrangianIteration(4,10.0,6.789793546957413E-7,0.015168578453542787,0.0850055521174355,8,9,8,8,Some(Converged),true,0)
INNER	parabola-16-s1	combined	AugmentedLagrangianIteration(5,10.0,1.0E-7,0.0850055521174355,0.0151676893045596,1,3,2,2,Some(Converged),true,0)
INNER	parabola-16-s1	combined	AugmentedLagrangianIteration(6,10.0,1.0E-7,0.0151676893045596,0.015176601349484418,1,2,1,1,Some(Converged),true,0)
[success] Total time: 0 s, completed Oct 8, 2026, 11:52:30 a.m.
