WARNING: Using incubator modules: jdk.incubator.vector
WARNING: Using incubator modules: jdk.incubator.vector
[info] welcome to sbt 1.11.7 (Eclipse Adoptium Java 21.0.12.1)
[info] loading settings for project gale-build from plugins.sbt...
[info] loading project definition from /Users/bbuchsbaum/code/scala/gale/project
[info] loading settings for project root from build.sbt...
[info] loading settings for project ravel-build from plugins.sbt...
[info] loading project definition from /Users/bbuchsbaum/.sbt/1.0/staging/6c77ef03ad5f6b5be136/ravel/project
[info] loading settings for project root from build.sbt...
[info] resolving key references (31739 settings) ...
[info] set current project to gale (in build file:/Users/bbuchsbaum/code/scala/gale/)
[info] Defining benchmarksJS / Compile / mainClass
[info] The new value will be used by benchmarksJS / Compile / bspBuildTargetRun, benchmarksJS / Compile / packageBin / packageOptions and 2 others.
[info] 	Run `last` for details.
[info] Reapplying settings...
[info] set current project to gale (in build file:/Users/bbuchsbaum/code/scala/gale/)
[info] Defining benchmarksJS / scalaJSStage
[info] The new value will be used by benchmarksJS / Compile / scalaJSLinkedFile, benchmarksJS / Compile / scalaJSLinkerResult and 2 others.
[info] 	Run `last` for details.
[info] Reapplying settings...
[info] set current project to gale (in build file:/Users/bbuchsbaum/code/scala/gale/)
[info] Defining benchmarksJS / Compile / scalaJSMainModuleInitializer
[info] The new value will be used by benchmarksJS / Compile / scalaJSModuleInitializers
[info] Reapplying settings...
[info] set current project to gale (in build file:/Users/bbuchsbaum/code/scala/gale/)
[info] Full optimizing /Users/bbuchsbaum/code/scala/gale/benchmarks/js/target/scala-3.7.4/gale-benchmarks-js-opt
[info] Running gale.bench.OptimizationALMBench.
ALM	fixed	equality-diagonal-8-s0	0	0.394709	Converged	0.05923760233744352	11	62	148	74	74	6.913424527299483e-9	6.913424527299483e-9	8.302622303557605e-8	0	10	0.05960083471566489,0.2796117029030097,0.24254890284041294,-0.017512248201276726,-0.2614727277735048,-0.2650363889320073,-0.024926810825535686,0.23810036423921907	0.49999997374340016
INNER	equality-diagonal-8-s0	fixed	AugmentedLagrangianIteration(1,10,0.01,1,1,7,9,8,8,Some(Converged),true,0)
INNER	equality-diagonal-8-s0	fixed	AugmentedLagrangianIteration(2,10,0.001,1,1,6,8,7,7,Some(Converged),true,0)
INNER	equality-diagonal-8-s0	fixed	AugmentedLagrangianIteration(3,10,0.0001,1,1,7,9,8,8,Some(Converged),true,0)
INNER	equality-diagonal-8-s0	fixed	AugmentedLagrangianIteration(4,10,0.00001,1,1,8,10,9,9,Some(Converged),true,0)
INNER	equality-diagonal-8-s0	fixed	AugmentedLagrangianIteration(5,10,0.0000010000000000000002,1,1,8,10,9,9,Some(Converged),true,0)
INNER	equality-diagonal-8-s0	fixed	AugmentedLagrangianIteration(6,10,1.0000000000000002e-7,1,1,9,11,10,10,Some(Converged),true,0)
INNER	equality-diagonal-8-s0	fixed	AugmentedLagrangianIteration(7,10,1e-7,1,1,7,9,8,8,Some(Converged),true,0)
INNER	equality-diagonal-8-s0	fixed	AugmentedLagrangianIteration(8,10,1e-7,1,1,5,7,6,6,Some(Converged),true,0)
INNER	equality-diagonal-8-s0	fixed	AugmentedLagrangianIteration(9,10,1e-7,1,1,3,5,4,4,Some(Converged),true,0)
INNER	equality-diagonal-8-s0	fixed	AugmentedLagrangianIteration(10,10,1e-7,1,1,1,3,2,2,Some(Converged),true,0)
INNER	equality-diagonal-8-s0	fixed	AugmentedLagrangianIteration(11,10,1e-7,1,1,1,3,2,2,Some(Converged),true,0)
ALM	fixed	equality-diagonal-8-s1	0	0.407	Converged	0.0592376024005298	11	62	148	74	74	7.039596988667185e-9	7.039596988667185e-9	8.454155067671998e-8	0	10	0.05960083536320509,0.2796117024851671,0.242548902506344,-0.01751224829568024,-0.26147272770141256,-0.26503638878996005,-0.024926810642672097,0.23810036433197757	0.49999997326404505
INNER	equality-diagonal-8-s1	fixed	AugmentedLagrangianIteration(1,10,0.01,1,1,5,7,6,6,Some(Converged),true,0)
INNER	equality-diagonal-8-s1	fixed	AugmentedLagrangianIteration(2,10,0.001,1,1,7,9,8,8,Some(Converged),true,0)
INNER	equality-diagonal-8-s1	fixed	AugmentedLagrangianIteration(3,10,0.0001,1,1,8,10,9,9,Some(Converged),true,0)
INNER	equality-diagonal-8-s1	fixed	AugmentedLagrangianIteration(4,10,0.00001,1,1,8,10,9,9,Some(Converged),true,0)
INNER	equality-diagonal-8-s1	fixed	AugmentedLagrangianIteration(5,10,0.0000010000000000000002,1,1,8,10,9,9,Some(Converged),true,0)
INNER	equality-diagonal-8-s1	fixed	AugmentedLagrangianIteration(6,10,1.0000000000000002e-7,1,1,9,11,10,10,Some(Converged),true,0)
INNER	equality-diagonal-8-s1	fixed	AugmentedLagrangianIteration(7,10,1e-7,1,1,7,9,8,8,Some(Converged),true,0)
INNER	equality-diagonal-8-s1	fixed	AugmentedLagrangianIteration(8,10,1e-7,1,1,5,7,6,6,Some(Converged),true,0)
INNER	equality-diagonal-8-s1	fixed	AugmentedLagrangianIteration(9,10,1e-7,1,1,3,5,4,4,Some(Converged),true,0)
INNER	equality-diagonal-8-s1	fixed	AugmentedLagrangianIteration(10,10,1e-7,1,1,1,3,2,2,Some(Converged),true,0)
INNER	equality-diagonal-8-s1	fixed	AugmentedLagrangianIteration(11,10,1e-7,1,1,1,3,2,2,Some(Converged),true,0)
ALM	fixed	equality-dense-32-s0	0	5.052334	Converged	1.333742220516693	14	417	920	460	460	3.4447340258036974e-9	3.4447340258036974e-9	9.734415584716771e-8	0	100	0.059600863527044134,0.27961172816181773,0.24254889488504025,-0.017512273892226628,-0.2614727540877849,-0.2650364065174526,-0.024926819653744346,0.23810036731020892,0.2822191776471405,0.06686698385689271,-0.209962399264037,-0.2937533144406004,-0.10746878292848082,0.17762205359994243,0.29940799307302474,0.14591960346093708,-0.14172659819400113,-0.2990700207603978,-0.1814498470136546,0.10299447801747864,0.29274615425781714,0.2133483661411737,-0.062200925987932996,-0.2805629735522265,-0.24097671667625134,0.02016242300850032,0.262764325012313,0.2637819194709193,0.022279634677731232,-0.23970644232413055,-0.28130752045394203,-0.0642757603554854	0.5000000359817751,0.8333332976522945,1.1666667658190213,1.500000034168186
INNER	equality-dense-32-s0	fixed	AugmentedLagrangianIteration(1,10,0.01,1,1,26,29,28,28,Some(Converged),true,0)
INNER	equality-dense-32-s0	fixed	AugmentedLagrangianIteration(2,10,0.001,1,1,25,30,29,29,Some(Converged),true,0)
INNER	equality-dense-32-s0	fixed	AugmentedLagrangianIteration(3,10,0.0001,1,1,30,35,34,34,Some(Converged),true,0)
INNER	equality-dense-32-s0	fixed	AugmentedLagrangianIteration(4,10,0.00001,1,1,34,38,37,37,Some(Converged),true,0)
INNER	equality-dense-32-s0	fixed	AugmentedLagrangianIteration(5,10,0.0000010000000000000002,1,1,38,42,41,41,Some(Converged),true,0)
INNER	equality-dense-32-s0	fixed	AugmentedLagrangianIteration(6,10,1.0000000000000002e-7,1,1,45,51,50,50,Some(Converged),true,0)
INNER	equality-dense-32-s0	fixed	AugmentedLagrangianIteration(7,100,1e-7,1,1,57,62,61,61,Some(Converged),true,0)
INNER	equality-dense-32-s0	fixed	AugmentedLagrangianIteration(8,100,1e-7,1,1,45,51,50,50,Some(Converged),true,0)
INNER	equality-dense-32-s0	fixed	AugmentedLagrangianIteration(9,100,1e-7,1,1,40,46,45,45,Some(Converged),true,0)
INNER	equality-dense-32-s0	fixed	AugmentedLagrangianIteration(10,100,1e-7,1,1,32,35,34,34,Some(Converged),true,0)
INNER	equality-dense-32-s0	fixed	AugmentedLagrangianIteration(11,100,1e-7,1,1,22,25,24,24,Some(Converged),true,0)
INNER	equality-dense-32-s0	fixed	AugmentedLagrangianIteration(12,100,1e-7,1,1,12,14,13,13,Some(Converged),true,0)
INNER	equality-dense-32-s0	fixed	AugmentedLagrangianIteration(13,100,1e-7,1,1,8,10,9,9,Some(Converged),true,0)
INNER	equality-dense-32-s0	fixed	AugmentedLagrangianIteration(14,100,1e-7,1,1,3,5,4,4,Some(Converged),true,0)
ALM	fixed	equality-dense-32-s1	0	5.479042	Converged	1.3337422205424723	14	410	894	447	447	3.3898275020316504e-9	3.3898275020316504e-9	9.681402934891281e-8	0	100	0.059600863379633134,0.2796117271165466,0.24254889505741087,-0.017512273082724215,-0.26147275353196103,-0.2650364063762054,-0.024926819725398498,0.23810036715538213,0.2822191774797223,0.06686698371667622,-0.20996239937231248,-0.29375331451312664,-0.10746878296855084,0.17762205360237104,0.29940799311606897,0.14591960352024178,-0.14172659814376318,-0.299070020735623,-0.1814498470032401,0.1029944780285326,0.2927461542716546,0.21334836614810937,-0.06220092599494574,-0.2805629735697242,-0.24097671669641343,0.020162422991421645,0.2627643249992093,0.26378191945990215,0.022279634667032096,-0.2397064423379393,-0.2813075204730158,-0.06427576037568182	0.5000000356517516,0.8333332982352214,1.1666667646216524,1.5000000335530865
INNER	equality-dense-32-s1	fixed	AugmentedLagrangianIteration(1,10,0.01,1,1,17,19,18,18,Some(Converged),true,0)
INNER	equality-dense-32-s1	fixed	AugmentedLagrangianIteration(2,10,0.001,1,1,28,33,32,32,Some(Converged),true,0)
INNER	equality-dense-32-s1	fixed	AugmentedLagrangianIteration(3,10,0.0001,1,1,30,35,34,34,Some(Converged),true,0)
INNER	equality-dense-32-s1	fixed	AugmentedLagrangianIteration(4,10,0.00001,1,1,33,36,35,35,Some(Converged),true,0)
INNER	equality-dense-32-s1	fixed	AugmentedLagrangianIteration(5,10,0.0000010000000000000002,1,1,38,42,41,41,Some(Converged),true,0)
INNER	equality-dense-32-s1	fixed	AugmentedLagrangianIteration(6,10,1.0000000000000002e-7,1,1,46,51,50,50,Some(Converged),true,0)
INNER	equality-dense-32-s1	fixed	AugmentedLagrangianIteration(7,100,1e-7,1,1,57,61,60,60,Some(Converged),true,0)
INNER	equality-dense-32-s1	fixed	AugmentedLagrangianIteration(8,100,1e-7,1,1,49,54,53,53,Some(Converged),true,0)
INNER	equality-dense-32-s1	fixed	AugmentedLagrangianIteration(9,100,1e-7,1,1,40,45,44,44,Some(Converged),true,0)
INNER	equality-dense-32-s1	fixed	AugmentedLagrangianIteration(10,100,1e-7,1,1,27,30,29,29,Some(Converged),true,0)
INNER	equality-dense-32-s1	fixed	AugmentedLagrangianIteration(11,100,1e-7,1,1,22,25,24,24,Some(Converged),true,0)
INNER	equality-dense-32-s1	fixed	AugmentedLagrangianIteration(12,100,1e-7,1,1,12,14,13,13,Some(Converged),true,0)
INNER	equality-dense-32-s1	fixed	AugmentedLagrangianIteration(13,100,1e-7,1,1,8,10,9,9,Some(Converged),true,0)
INNER	equality-dense-32-s1	fixed	AugmentedLagrangianIteration(14,100,1e-7,1,1,3,5,4,4,Some(Converged),true,0)
ALM	fixed	equality-dense-128-s0	0	5.741042	Converged	3.6079429664582428	17	116	274	137	137	2.1671412581136806e-10	2.1671412581136806e-10	6.260825063941766e-8	0	100	0.059600838170475436,0.27961175841778557,0.24254894618796943,-0.017512226270498508,-0.2614727233905361,-0.26503639643920723,-0.024926827823502553,0.23810034606807542,0.28221914920230795,0.06686695325230815,-0.20996242884681307,-0.2937533413653234,-0.10746880592809742,0.17762203574021906,0.299407980708667,0.14591959582209885,-0.141726602064185,-0.2990700211385513,-0.1814498433720577,0.10299448628606672,0.2927461666708966,0.21334838116610313,-0.06220090978842894,-0.28056295697464967,-0.24097670014772946,0.020162439024363932,0.2627643398300307,0.2637819323341506,0.022279644942608874,-0.2397064352651906,-0.28130751688647093,-0.06427576004129734,0.21185083617661962,0.29320274998852175,0.10498540459958924,-0.17975504272261691,-0.2992295395131497,-0.14359378558545416,0.14406142398215563,0.29926721595037725,0.17932810129543977,-0.10548445029790428,-0.293315091182342,-0.21147319484317464,0.06479617840074037,0.2814922427505166,0.23938563791116646,-0.022811015938632568,-0.26403532269179236,-0.26250676565252357,-0.01963069185504999,0.2412937574720207,0.28037384752463823,0.06167952396742586,-0.2137226608060628,-0.2926292086578453,-0.10249380415125132,0.1818739376478084,0.2990276251428923,0.14125669698193946,-0.14638498450180487,-0.29944098530177776,-0.1771923254958577,0.10796613963135024,0.2938610312533564,0.2095814424623075,-0.06738636208521204,-0.2823994605286129,-0.23777580180983568,0.025457828235096666,0.26528564455111164,0.2612110595024339,0.016980228635706997,-0.24286214749722362,-0.27941818553425424,-0.05907843158288786,0.21557776181825766,0.29203275813259194,0.09999418726868703,-0.18397857356514324,-0.2988022770507901,-0.13890853931870578,0.14869707476414173,0.2995912899797045,0.1750426605507477,-0.11043937838907439,-0.2943839573470014,-0.20767327940747235,0.06997125724388659,0.28328454519449286,0.23614733038223945,-0.02810265013285765,-0.26651518372418476,-0.25989488723325704,-0.014328431346976636,0.24441151638372116,0.2784406409021035,0.0564727218586282,-0.2174159596803276,-0.29141341290192657,-0.09748672031845161,0.1860688116305227,0.2985535350496043,0.13654951456303793,-0.15099749986108146,-0.29971810855848185,-0.17287926904421583,0.11290397527755026,0.29488382819666875,0.20574885278594185,-0.07255066510510987,-0.28414743174534013,-0.23450035540096584,0.030745271084940216,0.2677238420202827,0.2585583520891741,0.011675510247815563,-0.24594173762425564,-0.2774412823723636,-0.05386258841192233,0.2192371234296482,0.29077123678606764,0.09497161691780702,-0.18814446948682684,-0.29828139908339496,-0.13417978752836401,0.15328609956882447,0.2998214506861603	0.500000027891848,0.6428571877045062,0.7857142882737325,0.9285714403266825,1.0714285697854402,1.2142857286600657,1.3571428434858115,1.5000001022412737
INNER	equality-dense-128-s0	fixed	AugmentedLagrangianIteration(1,10,0.01,1,1,11,14,13,13,Some(Converged),true,0)
INNER	equality-dense-128-s0	fixed	AugmentedLagrangianIteration(2,10,0.001,1,1,10,12,11,11,Some(Converged),true,0)
INNER	equality-dense-128-s0	fixed	AugmentedLagrangianIteration(3,10,0.0001,1,1,10,12,11,11,Some(Converged),true,0)
INNER	equality-dense-128-s0	fixed	AugmentedLagrangianIteration(4,10,0.00001,1,1,11,14,13,13,Some(Converged),true,0)
INNER	equality-dense-128-s0	fixed	AugmentedLagrangianIteration(5,10,0.0000010000000000000002,1,1,13,16,15,15,Some(Converged),true,0)
INNER	equality-dense-128-s0	fixed	AugmentedLagrangianIteration(6,10,1.0000000000000002e-7,1,1,15,18,17,17,Some(Converged),true,0)
INNER	equality-dense-128-s0	fixed	AugmentedLagrangianIteration(7,10,1e-7,1,1,11,13,12,12,Some(Converged),true,0)
INNER	equality-dense-128-s0	fixed	AugmentedLagrangianIteration(8,10,1e-7,1,1,10,12,11,11,Some(Converged),true,0)
INNER	equality-dense-128-s0	fixed	AugmentedLagrangianIteration(9,10,1e-7,1,1,7,9,8,8,Some(Converged),true,0)
INNER	equality-dense-128-s0	fixed	AugmentedLagrangianIteration(10,10,1e-7,1,1,5,7,6,6,Some(Converged),true,0)
INNER	equality-dense-128-s0	fixed	AugmentedLagrangianIteration(11,10,1e-7,1,1,5,7,6,6,Some(Converged),true,0)
INNER	equality-dense-128-s0	fixed	AugmentedLagrangianIteration(12,10,1e-7,1,1,2,4,3,3,Some(Converged),true,0)
INNER	equality-dense-128-s0	fixed	AugmentedLagrangianIteration(13,10,1e-7,1,1,3,5,4,4,Some(Converged),true,0)
INNER	equality-dense-128-s0	fixed	AugmentedLagrangianIteration(14,10,1e-7,1,1,1,3,2,2,Some(Converged),true,0)
INNER	equality-dense-128-s0	fixed	AugmentedLagrangianIteration(15,10,1e-7,1,1,1,3,2,2,Some(Converged),true,0)
INNER	equality-dense-128-s0	fixed	AugmentedLagrangianIteration(16,10,1e-7,1,1,0,1,0,0,Some(Converged),true,0)
INNER	equality-dense-128-s0	fixed	AugmentedLagrangianIteration(17,100,1e-7,1,1,1,3,2,2,Some(Converged),true,0)
ALM	fixed	equality-dense-128-s1	0	6.629334	Converged	3.6079429681427633	17	116	272	136	136	4.760597922814913e-10	4.760597922814913e-10	7.031875659535558e-8	0	100	0.05960084589907892,0.27961176517795366,0.24254895167402252,-0.017512222263275194,-0.261472720966274,-0.26503639560664566,-0.024926828505172246,0.23810034402358324,0.2822191460059126,0.06686694915874994,-0.20996243355509575,-0.2937533463940056,-0.10746881098584195,0.1776220309283421,0.29940797638960986,0.14591959220539485,-0.14172660481355834,-0.2990700229049315,-0.18144984409148737,0.10299448662573253,0.29274616803201464,0.2133483834651944,-0.06220090667504944,-0.2805629532038531,-0.24097669590148,0.02016244354783813,0.26276434442545116,0.2637819367984287,0.02227964908376272,-0.23970643161978367,-0.2813075138827981,-0.06427575779269111,0.21185083759401138,0.2932027505385983,0.10498540428737702,-0.17975504385170735,-0.29922954137585933,-0.1435937880648955,0.1440614210307802,0.2992672126928069,0.17932809791045065,-0.10548445362698271,-0.2933150942762994,-0.21147319753537816,0.06479617625650073,0.28149224127316785,0.2393856371868077,-0.022811015860692153,-0.26403532180121825,-0.26250676397825684,-0.019630689463708488,0.24129376047956222,0.28037385101832063,0.06167952779448021,-0.21372265681355973,-0.2926292046747069,-0.10249380035061842,0.18187394110290903,0.29902762810745176,0.14125669933594784,-0.14638498284763918,-0.2994409844018457,-0.1771923253672021,0.10796613900963607,0.29386102993886326,0.20958144054624928,-0.0673863644826963,-0.2823994632645548,-0.237775804725626,0.02545782530578416,0.2652856417740568,0.26121105703467434,0.01698022661781525,-0.24286214894800767,-0.27941818632969795,-0.05907843166796755,0.2155777624628333,0.2920327594896593,0.09999418928573742,-0.18397857097308354,-0.2988022739966582,-0.13890853593751376,0.14869707832227924,0.2995912935572673,0.17504266399083532,-0.11043937523480107,-0.29438395461087064,-0.2076732771992246,0.06997125884246663,0.28328454613346427,0.23614733064571794,-0.02810265052626778,-0.2665151847227546,-0.2598948887552118,-0.014328433285119905,0.24441151415608653,0.27844063852427686,0.05647271947500296,-0.21741596192798096,-0.2914134148819733,-0.09748672191629916,0.1860688105064957,0.2985535344634175,0.1365495145480292,-0.1509974993036147,-0.29971810745884314,-0.17287926746209054,0.11290397725697471,0.29488383046803257,0.2057488552301977,-0.0725506626134198,-0.28414742933042764,-0.2345003531782008,0.03074527301612247,0.26772384358254847,0.2585583532321588,0.011675510951385531,-0.24594173734856628,-0.27744128248185573,-0.0538625888351796,0.21923712278847635,0.2907712360413684,0.09497161619531277,-0.18814447005811852,-0.2982813993797224,-0.13417978743961978,0.1532861001312696,0.29982145178271363	0.5000000196001405,0.6428571784757842,0.7857142848408849,0.9285714386500357,1.0714285683251843,1.2142857264697353,1.3571428450298577,1.5000001265032366
INNER	equality-dense-128-s1	fixed	AugmentedLagrangianIteration(1,10,0.01,1,1,10,12,11,11,Some(Converged),true,0)
INNER	equality-dense-128-s1	fixed	AugmentedLagrangianIteration(2,10,0.001,1,1,11,13,12,12,Some(Converged),true,0)
INNER	equality-dense-128-s1	fixed	AugmentedLagrangianIteration(3,10,0.0001,1,1,10,12,11,11,Some(Converged),true,0)
INNER	equality-dense-128-s1	fixed	AugmentedLagrangianIteration(4,10,0.00001,1,1,11,13,12,12,Some(Converged),true,0)
INNER	equality-dense-128-s1	fixed	AugmentedLagrangianIteration(5,10,0.0000010000000000000002,1,1,13,16,15,15,Some(Converged),true,0)
INNER	equality-dense-128-s1	fixed	AugmentedLagrangianIteration(6,10,1.0000000000000002e-7,1,1,14,18,17,17,Some(Converged),true,0)
INNER	equality-dense-128-s1	fixed	AugmentedLagrangianIteration(7,10,1e-7,1,1,12,14,13,13,Some(Converged),true,0)
INNER	equality-dense-128-s1	fixed	AugmentedLagrangianIteration(8,10,1e-7,1,1,10,12,11,11,Some(Converged),true,0)
INNER	equality-dense-128-s1	fixed	AugmentedLagrangianIteration(9,10,1e-7,1,1,7,9,8,8,Some(Converged),true,0)
INNER	equality-dense-128-s1	fixed	AugmentedLagrangianIteration(10,10,1e-7,1,1,5,7,6,6,Some(Converged),true,0)
INNER	equality-dense-128-s1	fixed	AugmentedLagrangianIteration(11,10,1e-7,1,1,5,7,6,6,Some(Converged),true,0)
INNER	equality-dense-128-s1	fixed	AugmentedLagrangianIteration(12,10,1e-7,1,1,3,5,4,4,Some(Converged),true,0)
INNER	equality-dense-128-s1	fixed	AugmentedLagrangianIteration(13,10,1e-7,1,1,1,3,2,2,Some(Converged),true,0)
INNER	equality-dense-128-s1	fixed	AugmentedLagrangianIteration(14,10,1e-7,1,1,1,3,2,2,Some(Converged),true,0)
INNER	equality-dense-128-s1	fixed	AugmentedLagrangianIteration(15,10,1e-7,1,1,2,4,3,3,Some(Converged),true,0)
INNER	equality-dense-128-s1	fixed	AugmentedLagrangianIteration(16,10,1e-7,1,1,0,1,0,0,Some(Converged),true,0)
INNER	equality-dense-128-s1	fixed	AugmentedLagrangianIteration(17,100,1e-7,1,1,1,3,2,2,Some(Converged),true,0)
ALM	fixed	mixed-box-3-s0	0	1.098542	Converged	2.500000000669015	14	28	106	53	53	5.247063894486814e-10	5.247063894486814e-10	6.078671388465295e-8	3.8039720416676676e-10	100	0.9999999996654922,-1.901985972039128e-10,0	1.999999990712702,2.0000000513092173,0
INNER	mixed-box-3-s0	fixed	AugmentedLagrangianIteration(1,10,0.01,1,1,6,12,11,11,Some(Converged),true,0)
INNER	mixed-box-3-s0	fixed	AugmentedLagrangianIteration(2,10,0.001,1,1,3,5,4,4,Some(Converged),true,0)
INNER	mixed-box-3-s0	fixed	AugmentedLagrangianIteration(3,10,0.0001,1,1,2,5,4,4,Some(Converged),true,0)
INNER	mixed-box-3-s0	fixed	AugmentedLagrangianIteration(4,10,0.00001,1,1,2,5,4,4,Some(Converged),true,0)
INNER	mixed-box-3-s0	fixed	AugmentedLagrangianIteration(5,10,0.0000010000000000000002,1,1,2,5,4,4,Some(Converged),true,0)
INNER	mixed-box-3-s0	fixed	AugmentedLagrangianIteration(6,10,1.0000000000000002e-7,1,1,2,5,4,4,Some(Converged),true,0)
INNER	mixed-box-3-s0	fixed	AugmentedLagrangianIteration(7,10,1e-7,1,1,2,5,4,4,Some(Converged),true,0)
INNER	mixed-box-3-s0	fixed	AugmentedLagrangianIteration(8,10,1e-7,1,1,1,3,2,2,Some(Converged),true,0)
INNER	mixed-box-3-s0	fixed	AugmentedLagrangianIteration(9,10,1e-7,1,1,1,3,2,2,Some(Converged),true,0)
INNER	mixed-box-3-s0	fixed	AugmentedLagrangianIteration(10,10,1e-7,1,1,2,5,4,4,Some(Converged),true,0)
INNER	mixed-box-3-s0	fixed	AugmentedLagrangianIteration(11,10,1e-7,1,1,2,5,4,4,Some(Converged),true,0)
INNER	mixed-box-3-s0	fixed	AugmentedLagrangianIteration(12,10,1e-7,1,1,1,3,2,2,Some(Converged),true,0)
INNER	mixed-box-3-s0	fixed	AugmentedLagrangianIteration(13,10,1e-7,1,1,0,1,0,0,Some(Converged),true,0)
INNER	mixed-box-3-s0	fixed	AugmentedLagrangianIteration(14,100,1e-7,1,1,2,4,3,3,Some(Converged),true,0)
ALM	fixed	mixed-box-3-s1	0	1.063916	Converged	2.5000000003085407	14	29	108	54	54	5.611742182054513e-10	5.611742182054513e-10	8.534127160508831e-8	8.138074774164158e-10	100	0.9999999998457295,-4.0690372392010026e-10,0	1.9999999877516594,2.0000000726860274,0
INNER	mixed-box-3-s1	fixed	AugmentedLagrangianIteration(1,10,0.01,1,1,7,13,12,12,Some(Converged),true,0)
INNER	mixed-box-3-s1	fixed	AugmentedLagrangianIteration(2,10,0.001,1,1,3,5,4,4,Some(Converged),true,0)
INNER	mixed-box-3-s1	fixed	AugmentedLagrangianIteration(3,10,0.0001,1,1,2,5,4,4,Some(Converged),true,0)
INNER	mixed-box-3-s1	fixed	AugmentedLagrangianIteration(4,10,0.00001,1,1,2,5,4,4,Some(Converged),true,0)
INNER	mixed-box-3-s1	fixed	AugmentedLagrangianIteration(5,10,0.0000010000000000000002,1,1,2,5,4,4,Some(Converged),true,0)
INNER	mixed-box-3-s1	fixed	AugmentedLagrangianIteration(6,10,1.0000000000000002e-7,1,1,2,5,4,4,Some(Converged),true,0)
INNER	mixed-box-3-s1	fixed	AugmentedLagrangianIteration(7,10,1e-7,1,1,2,5,4,4,Some(Converged),true,0)
INNER	mixed-box-3-s1	fixed	AugmentedLagrangianIteration(8,10,1e-7,1,1,1,3,2,2,Some(Converged),true,0)
INNER	mixed-box-3-s1	fixed	AugmentedLagrangianIteration(9,10,1e-7,1,1,1,3,2,2,Some(Converged),true,0)
INNER	mixed-box-3-s1	fixed	AugmentedLagrangianIteration(10,10,1e-7,1,1,2,5,4,4,Some(Converged),true,0)
INNER	mixed-box-3-s1	fixed	AugmentedLagrangianIteration(11,10,1e-7,1,1,2,5,4,4,Some(Converged),true,0)
INNER	mixed-box-3-s1	fixed	AugmentedLagrangianIteration(12,10,1e-7,1,1,1,3,2,2,Some(Converged),true,0)
INNER	mixed-box-3-s1	fixed	AugmentedLagrangianIteration(13,10,1e-7,1,1,0,1,0,0,Some(Converged),true,0)
INNER	mixed-box-3-s1	fixed	AugmentedLagrangianIteration(14,100,1e-7,1,1,2,4,3,3,Some(Converged),true,0)
ALM	fixed	ball-8-s0	0	0.199958	Converged	1.9524761829153694	7	15	76	38	38	9.1945764335577e-9	9.1945764335577e-9	4.7690740245798224e-12	9.084679283378969e-9	10	0.16800537703043092,0.2160069133248397,0.2640084496192485,0.31200998591365736,0.36001152220806615,0.40801305850247505,0.4560145947968839,0.5040161310912927	0.988047611439975
INNER	ball-8-s0	fixed	AugmentedLagrangianIteration(1,10,0.01,1,1,5,18,17,17,Some(Converged),true,0)
INNER	ball-8-s0	fixed	AugmentedLagrangianIteration(2,10,0.001,1,1,3,8,7,7,Some(Converged),true,0)
INNER	ball-8-s0	fixed	AugmentedLagrangianIteration(3,10,0.0001,1,1,2,5,4,4,Some(Converged),true,0)
INNER	ball-8-s0	fixed	AugmentedLagrangianIteration(4,10,0.00001,1,1,2,4,3,3,Some(Converged),true,0)
INNER	ball-8-s0	fixed	AugmentedLagrangianIteration(5,10,0.0000010000000000000002,1,1,1,3,2,2,Some(Converged),true,0)
INNER	ball-8-s0	fixed	AugmentedLagrangianIteration(6,10,1.0000000000000002e-7,1,1,1,3,2,2,Some(Converged),true,0)
INNER	ball-8-s0	fixed	AugmentedLagrangianIteration(7,10,1e-7,1,1,1,3,2,2,Some(Converged),true,0)
ALM	fixed	ball-8-s1	0	0.238667	Converged	1.9524761912165693	8	28	102	51	51	7.929572554132847e-10	7.929572554132847e-10	3.4083846855992306e-14	7.834795271455989e-10	10	0.16800537632467227,0.21600691241743564,0.26400844851019917,0.31200998460296286,0.3600115206957264,0.4080130567884901,0.45601459288125346,0.5040161289740167	0.9880476176956776
INNER	ball-8-s1	fixed	AugmentedLagrangianIteration(1,10,0.01,1,1,8,19,18,18,Some(Converged),true,0)
INNER	ball-8-s1	fixed	AugmentedLagrangianIteration(2,10,0.001,1,1,6,11,10,10,Some(Converged),true,0)
INNER	ball-8-s1	fixed	AugmentedLagrangianIteration(3,10,0.0001,1,1,2,5,4,4,Some(Converged),true,0)
INNER	ball-8-s1	fixed	AugmentedLagrangianIteration(4,10,0.00001,1,1,6,8,7,7,Some(Converged),true,0)
INNER	ball-8-s1	fixed	AugmentedLagrangianIteration(5,10,0.0000010000000000000002,1,1,1,3,2,2,Some(Converged),true,0)
INNER	ball-8-s1	fixed	AugmentedLagrangianIteration(6,10,1.0000000000000002e-7,1,1,3,6,5,5,Some(Converged),true,0)
INNER	ball-8-s1	fixed	AugmentedLagrangianIteration(7,10,1e-7,1,1,1,3,2,2,Some(Converged),true,0)
INNER	ball-8-s1	fixed	AugmentedLagrangianIteration(8,10,1e-7,1,1,1,3,2,2,Some(Converged),true,0)
ALM	fixed	ball-64-s0	0	0.837458	Converged	26.914498087487576	13	24	88	44	44	0	0	4.1944225870338414e-13	1.626213936217045e-9	100	0.059974872922615614,0.06187883714238119,0.06378280136214676,0.06568676558191235,0.06759072980167792,0.06949469402144347,0.07139865824120907,0.07330262246097466,0.07520658668074022,0.07711055090050578,0.07901451512027137,0.08091847934003694,0.08282244355980252,0.08472640777956808,0.08663037199933367,0.08853433621909924,0.09043830043886482,0.0923422646586304,0.09424622887839597,0.09615019309816154,0.09805415731792712,0.09995812153769268,0.10186208575745827,0.10376604997722386,0.10567001419698942,0.10757397841675498,0.10947794263652057,0.11138190685628616,0.11328587107605172,0.11518983529581728,0.11709379951558287,0.11899776373534844,0.12090172795511402,0.12280569217487958,0.12470965639464517,0.12661362061441075,0.12851758483417633,0.13042154905394188,0.13232551327370748,0.13422947749347303,0.1361334417132386,0.1380374059330042,0.13994137015276975,0.14184533437253535,0.1437492985923009,0.14565326281206648,0.14755722703183208,0.14946119125159768,0.1513651554713632,0.15326911969112877,0.15517308391089432,0.15707704813065992,0.1589810123504255,0.1608849765701911,0.16278894078995665,0.16469290500972225,0.1665968692294878,0.1685008334492534,0.17040479766901892,0.17230876188878455,0.1742127261085501,0.17611669032831564,0.17802065454808128,0.17992461876784685	3.6684123336534635
INNER	ball-64-s0	fixed	AugmentedLagrangianIteration(1,10,0.01,1,1,3,11,10,10,Some(Converged),true,0)
INNER	ball-64-s0	fixed	AugmentedLagrangianIteration(2,10,0.001,1,1,4,6,5,5,Some(Converged),true,0)
INNER	ball-64-s0	fixed	AugmentedLagrangianIteration(3,10,0.0001,1,1,3,6,5,5,Some(Converged),true,0)
INNER	ball-64-s0	fixed	AugmentedLagrangianIteration(4,10,0.00001,1,1,3,5,4,4,Some(Converged),true,0)
INNER	ball-64-s0	fixed	AugmentedLagrangianIteration(5,10,0.0000010000000000000002,1,1,2,4,3,3,Some(Converged),true,0)
INNER	ball-64-s0	fixed	AugmentedLagrangianIteration(6,10,1.0000000000000002e-7,1,1,2,4,3,3,Some(Converged),true,0)
INNER	ball-64-s0	fixed	AugmentedLagrangianIteration(7,10,1e-7,1,1,2,4,3,3,Some(Converged),true,1)
INNER	ball-64-s0	fixed	AugmentedLagrangianIteration(8,10,1e-7,1,1,1,3,2,2,Some(Converged),true,0)
INNER	ball-64-s0	fixed	AugmentedLagrangianIteration(9,10,1e-7,1,1,1,3,2,2,Some(Converged),true,0)
INNER	ball-64-s0	fixed	AugmentedLagrangianIteration(10,10,1e-7,1,1,1,3,2,2,Some(Converged),true,0)
INNER	ball-64-s0	fixed	AugmentedLagrangianIteration(11,10,1e-7,1,1,1,3,2,2,Some(Converged),true,0)
INNER	ball-64-s0	fixed	AugmentedLagrangianIteration(12,10,1e-7,1,1,0,1,0,0,Some(Converged),true,0)
INNER	ball-64-s0	fixed	AugmentedLagrangianIteration(13,100,1e-7,1,1,1,3,2,2,Some(Converged),true,1)
ALM	fixed	ball-64-s1	0	1.149291	Converged	26.914498087486447	13	38	126	63	63	0	0	1.248702252709677e-10	1.6250959647395124e-9	100	0.05997487291679434,0.0618788371276737,0.0637828013520601,0.0656867655857047,0.06759072981584675,0.06949469403294568,0.07139865823945275,0.07330262244755732,0.07520658666797998,0.07711055090011613,0.07901451513259193,0.08091847935372114,0.08282244356224958,0.08472640776850816,0.08663037198491473,0.08853433621455702,0.09043830044835402,0.09234226467340478,0.09424622888484974,0.09615019309033833,0.09805415730299628,0.09995812152935786,0.10186208576335828,0.10376604999190961,0.10567001420693382,0.10757397841278964,0.10947794262226516,0.11138190684482059,0.11328587107789045,0.1151898353092424,0.1170937995282235,0.11899776373555457,0.12090172794266733,0.12280569216119426,0.12470965639227373,0.12661362062550333,0.1285175848485038,0.13042154905830058,0.1323255132640585,0.13422947747865563,0.13613344170684333,0.13803740594087802,0.13994137016764008,0.14184533438069666,0.14374929858621546,0.1456532627972944,0.1475572270219196,0.14946119125562252,0.1513651554855889,0.15326911970243964,0.15517308390885412,0.157077048117107,0.15898101233778228,0.1608849765700433,0.1627889408024013,0.16469290502327846,0.16659686923165218,0.1685008334379958,0.17040479765464878,0.17230876188447253,0.17421272611821897,0.17611669034303384,0.17802065455427435,0.1799246187597779	3.6684123336526175
INNER	ball-64-s1	fixed	AugmentedLagrangianIteration(1,10,0.01,1,1,13,26,25,25,Some(Converged),true,0)
INNER	ball-64-s1	fixed	AugmentedLagrangianIteration(2,10,0.001,1,1,4,6,5,5,Some(Converged),true,0)
INNER	ball-64-s1	fixed	AugmentedLagrangianIteration(3,10,0.0001,1,1,3,6,5,5,Some(Converged),true,0)
INNER	ball-64-s1	fixed	AugmentedLagrangianIteration(4,10,0.00001,1,1,5,7,6,6,Some(Converged),true,0)
INNER	ball-64-s1	fixed	AugmentedLagrangianIteration(5,10,0.0000010000000000000002,1,1,2,4,3,3,Some(Converged),true,0)
INNER	ball-64-s1	fixed	AugmentedLagrangianIteration(6,10,1.0000000000000002e-7,1,1,4,6,5,5,Some(Converged),true,0)
INNER	ball-64-s1	fixed	AugmentedLagrangianIteration(7,10,1e-7,1,1,2,4,3,3,Some(Converged),true,1)
INNER	ball-64-s1	fixed	AugmentedLagrangianIteration(8,10,1e-7,1,1,1,3,2,2,Some(Converged),true,0)
INNER	ball-64-s1	fixed	AugmentedLagrangianIteration(9,10,1e-7,1,1,1,3,2,2,Some(Converged),true,0)
INNER	ball-64-s1	fixed	AugmentedLagrangianIteration(10,10,1e-7,1,1,1,3,2,2,Some(Converged),true,0)
INNER	ball-64-s1	fixed	AugmentedLagrangianIteration(11,10,1e-7,1,1,1,3,2,2,Some(Converged),true,1)
INNER	ball-64-s1	fixed	AugmentedLagrangianIteration(12,10,1e-7,1,1,0,1,0,0,Some(Converged),true,0)
INNER	ball-64-s1	fixed	AugmentedLagrangianIteration(13,100,1e-7,1,1,1,3,2,2,Some(Converged),true,0)
ALM	fixed	parabola-2-s0	0	0.212709	Converged	0.41241685301745307	6	21	76	38	38	4.1308734211042974e-11	4.1308734211042974e-11	9.666938960428695e-8	0	10	1.1653730830825826,1.3580944227320952	-0.35809432606270564
INNER	parabola-2-s0	fixed	AugmentedLagrangianIteration(1,10,0.01,1,1,8,15,14,14,Some(Converged),true,0)
INNER	parabola-2-s0	fixed	AugmentedLagrangianIteration(2,10,0.001,1,1,6,10,9,9,Some(Converged),true,0)
INNER	parabola-2-s0	fixed	AugmentedLagrangianIteration(3,10,0.0001,1,1,2,4,3,3,Some(Converged),true,0)
INNER	parabola-2-s0	fixed	AugmentedLagrangianIteration(4,10,0.00001,1,1,3,8,7,7,Some(Converged),true,0)
INNER	parabola-2-s0	fixed	AugmentedLagrangianIteration(5,10,0.0000010000000000000002,1,1,1,3,2,2,Some(Converged),true,0)
INNER	parabola-2-s0	fixed	AugmentedLagrangianIteration(6,10,1.0000000000000002e-7,1,1,1,3,2,2,Some(Converged),true,0)
ALM	fixed	parabola-2-s1	0	0.157333	Converged	0.4124168530408255	6	25	86	43	43	2.3973489859940855e-11	2.3973489859940855e-11	3.9688060615716836e-8	0	10	1.1653730594103624,1.3580943676234416	-0.358094327935381
INNER	parabola-2-s1	fixed	AugmentedLagrangianIteration(1,10,0.01,1,1,12,20,19,19,Some(Converged),true,0)
INNER	parabola-2-s1	fixed	AugmentedLagrangianIteration(2,10,0.001,1,1,6,10,9,9,Some(Converged),true,0)
INNER	parabola-2-s1	fixed	AugmentedLagrangianIteration(3,10,0.0001,1,1,2,4,3,3,Some(Converged),true,0)
INNER	parabola-2-s1	fixed	AugmentedLagrangianIteration(4,10,0.00001,1,1,3,8,7,7,Some(Converged),true,0)
INNER	parabola-2-s1	fixed	AugmentedLagrangianIteration(5,10,0.0000010000000000000002,1,1,1,3,2,2,Some(Converged),true,0)
INNER	parabola-2-s1	fixed	AugmentedLagrangianIteration(6,10,1.0000000000000002e-7,1,1,1,3,2,2,Some(Converged),true,0)
ALM	fixed	parabola-16-s0	0	0.349583	Converged	3.299334824139624	6	21	76	38	38	4.1308734211042974e-11	4.1308734211042974e-11	9.666938960428695e-8	0	10	1.1653730830825826,1.3580944227320952,1.1653730830825826,1.3580944227320952,1.1653730830825826,1.3580944227320952,1.1653730830825826,1.3580944227320952,1.1653730830825826,1.3580944227320952,1.1653730830825826,1.3580944227320952,1.1653730830825826,1.3580944227320952,1.1653730830825826,1.3580944227320952	-0.35809432606270564,-0.35809432606270564,-0.35809432606270564,-0.35809432606270564,-0.35809432606270564,-0.35809432606270564,-0.35809432606270564,-0.35809432606270564
INNER	parabola-16-s0	fixed	AugmentedLagrangianIteration(1,10,0.01,1,1,8,15,14,14,Some(Converged),true,0)
INNER	parabola-16-s0	fixed	AugmentedLagrangianIteration(2,10,0.001,1,1,6,10,9,9,Some(Converged),true,0)
INNER	parabola-16-s0	fixed	AugmentedLagrangianIteration(3,10,0.0001,1,1,2,4,3,3,Some(Converged),true,0)
INNER	parabola-16-s0	fixed	AugmentedLagrangianIteration(4,10,0.00001,1,1,3,8,7,7,Some(Converged),true,0)
INNER	parabola-16-s0	fixed	AugmentedLagrangianIteration(5,10,0.0000010000000000000002,1,1,1,3,2,2,Some(Converged),true,0)
INNER	parabola-16-s0	fixed	AugmentedLagrangianIteration(6,10,1.0000000000000002e-7,1,1,1,3,2,2,Some(Converged),true,0)
ALM	fixed	parabola-16-s1	0	0.714916	Converged	3.299334823170648	6	38	112	56	56	9.35402644230976e-10	9.35402644230976e-10	9.218289798162971e-8	0	10	1.1653730841434207,1.3580944243105455,1.1653730768554025,1.3580944075538028,1.165373041729415,1.358094326844789,1.165373065216044,1.358094380776047,1.165373076005009,1.358094405571585,1.1653730454832483,1.3580943354944817,1.1653730627235883,1.358094375082539,1.165373082792527,1.3580944211913548	-0.3580943321276475,-0.35809433070932206,-0.3580943231216138,-0.3580943286956262,-0.3580943309486795,-0.3580943235631584,-0.35809432765633975,-0.35809433206268837
INNER	parabola-16-s1	fixed	AugmentedLagrangianIteration(1,10,0.01,1,1,23,30,29,29,Some(Converged),true,0)
INNER	parabola-16-s1	fixed	AugmentedLagrangianIteration(2,10,0.001,1,1,7,11,10,10,Some(Converged),true,0)
INNER	parabola-16-s1	fixed	AugmentedLagrangianIteration(3,10,0.0001,1,1,2,4,3,3,Some(Converged),true,0)
INNER	parabola-16-s1	fixed	AugmentedLagrangianIteration(4,10,0.00001,1,1,4,10,9,9,Some(Converged),true,0)
INNER	parabola-16-s1	fixed	AugmentedLagrangianIteration(5,10,0.0000010000000000000002,1,1,1,3,2,2,Some(Converged),true,0)
INNER	parabola-16-s1	fixed	AugmentedLagrangianIteration(6,10,1.0000000000000002e-7,1,1,1,3,2,2,Some(Converged),true,0)
[success] Total time: 7 s, completed Oct 8, 2026, 11:52:55 a.m.
[info] Defining benchmarksJS / Compile / scalaJSMainModuleInitializer
[info] The new value will be used by benchmarksJS / Compile / scalaJSModuleInitializers
[info] Reapplying settings...
[info] set current project to gale (in build file:/Users/bbuchsbaum/code/scala/gale/)
[info] Full optimizing /Users/bbuchsbaum/code/scala/gale/benchmarks/js/target/scala-3.7.4/gale-benchmarks-js-opt
[info] Running gale.bench.OptimizationALMBench.
ALM	adaptive	equality-diagonal-8-s0	0	0.33225	Converged	0.05923760188248486	11	48	120	60	60	6.003506747287446e-9	6.003506747287446e-9	9.39427825530359e-8	0	10	0.0596008367885847,0.279611706004548,0.24254890664348114,-0.017512248143970836,-0.261472727173899,-0.2650363874832163,-0.024926810451168607,0.23810036799435555	0.4999999886892953
INNER	equality-diagonal-8-s0	adaptive	AugmentedLagrangianIteration(1,10,0.01,1,1,7,9,8,8,Some(Converged),true,0)
INNER	equality-diagonal-8-s0	adaptive	AugmentedLagrangianIteration(2,10,0.004166754437816486,1,1,4,6,5,5,Some(Converged),true,0)
INNER	equality-diagonal-8-s0	adaptive	AugmentedLagrangianIteration(3,10,0.0006937368934637922,1,1,6,8,7,7,Some(Converged),true,0)
INNER	equality-diagonal-8-s0	adaptive	AugmentedLagrangianIteration(4,10,0.00011507253543162344,1,1,5,7,6,6,Some(Converged),true,0)
INNER	equality-diagonal-8-s0	adaptive	AugmentedLagrangianIteration(5,10,0.000020188130343018473,1,1,5,7,6,6,Some(Converged),true,0)
INNER	equality-diagonal-8-s0	adaptive	AugmentedLagrangianIteration(6,10,0.000003415522443997454,1,1,5,7,6,6,Some(Converged),true,0)
INNER	equality-diagonal-8-s0	adaptive	AugmentedLagrangianIteration(7,10,6.72161195883203e-7,1,1,5,7,6,6,Some(Converged),true,0)
INNER	equality-diagonal-8-s0	adaptive	AugmentedLagrangianIteration(8,10,1.3066673840711473e-7,1,1,5,7,6,6,Some(Converged),true,0)
INNER	equality-diagonal-8-s0	adaptive	AugmentedLagrangianIteration(9,10,1e-7,1,1,3,5,4,4,Some(Converged),true,0)
INNER	equality-diagonal-8-s0	adaptive	AugmentedLagrangianIteration(10,10,1e-7,1,1,2,4,3,3,Some(Converged),true,0)
INNER	equality-diagonal-8-s0	adaptive	AugmentedLagrangianIteration(11,10,1e-7,1,1,1,3,2,2,Some(Converged),true,0)
ALM	adaptive	equality-diagonal-8-s1	0	0.364125	Converged	0.05923760156568366	11	46	118	59	59	5.369905270447006e-9	5.369905270447006e-9	7.849601654785765e-8	0	10	0.05960083161603373,0.2796117110058109,0.24254890916239952,-0.01751224844451746,-0.2614727270925386,-0.26503638766833726,-0.024926810057842586,0.23810036689194505	0.4999999979299335
INNER	equality-diagonal-8-s1	adaptive	AugmentedLagrangianIteration(1,10,0.01,1,1,5,7,6,6,Some(Converged),true,0)
INNER	equality-diagonal-8-s1	adaptive	AugmentedLagrangianIteration(2,10,0.004141784557623543,1,1,5,7,6,6,Some(Converged),true,0)
INNER	equality-diagonal-8-s1	adaptive	AugmentedLagrangianIteration(3,10,0.0007063711975048515,1,1,5,7,6,6,Some(Converged),true,0)
INNER	equality-diagonal-8-s1	adaptive	AugmentedLagrangianIteration(4,10,0.00012245389204283696,1,1,6,9,8,8,Some(Converged),true,0)
INNER	equality-diagonal-8-s1	adaptive	AugmentedLagrangianIteration(5,10,0.000023973828213869064,1,1,4,6,5,5,Some(Converged),true,0)
INNER	equality-diagonal-8-s1	adaptive	AugmentedLagrangianIteration(6,10,0.000004489940397098269,1,1,6,8,7,7,Some(Converged),true,0)
INNER	equality-diagonal-8-s1	adaptive	AugmentedLagrangianIteration(7,10,7.643427532760816e-7,1,1,4,6,5,5,Some(Converged),true,0)
INNER	equality-diagonal-8-s1	adaptive	AugmentedLagrangianIteration(8,10,1.346713964456292e-7,1,1,6,8,7,7,Some(Converged),true,0)
INNER	equality-diagonal-8-s1	adaptive	AugmentedLagrangianIteration(9,10,1e-7,1,1,3,5,4,4,Some(Converged),true,0)
INNER	equality-diagonal-8-s1	adaptive	AugmentedLagrangianIteration(10,10,1e-7,1,1,1,3,2,2,Some(Converged),true,0)
INNER	equality-diagonal-8-s1	adaptive	AugmentedLagrangianIteration(11,10,1e-7,1,1,1,3,2,2,Some(Converged),true,0)
ALM	adaptive	equality-dense-32-s0	0	5.841167	Converged	1.333742220550372	14	232	520	260	260	3.4735218312764715e-9	3.4735218312764715e-9	9.939722928065109e-8	0	100	0.05960086671489221,0.2796117227076521,0.24254889543790492,-0.01751227212774624,-0.2614727534851553,-0.2650364068125658,-0.024926820038720023,0.23810036718148753,0.2822191777623342,0.0668669840231153,-0.20996239929512067,-0.2937533146536756,-0.10746878310435985,0.17762205354586452,0.2994079931365136,0.14591960360117545,-0.14172659803828627,-0.2990700206833404,-0.1814498470030462,0.1029944780413537,0.29274615425729833,0.21334836609433402,-0.06220092604498203,-0.2805629735932811,-0.2409767167038456,0.020162422991176748,0.26276432500904356,0.263781919480928,0.022279634695494988,-0.23970644230093596,-0.28130752042718965,-0.06427576033097222	0.5000000350706124,0.833333296702092,1.1666667671956157,1.500000030058339
INNER	equality-dense-32-s0	adaptive	AugmentedLagrangianIteration(1,10,0.01,1,1,26,29,28,28,Some(Converged),true,0)
INNER	equality-dense-32-s0	adaptive	AugmentedLagrangianIteration(2,10,0.01,1,1,15,19,18,18,Some(Converged),true,0)
INNER	equality-dense-32-s0	adaptive	AugmentedLagrangianIteration(3,10,0.002457534666908816,1,1,17,20,19,19,Some(Converged),true,0)
INNER	equality-dense-32-s0	adaptive	AugmentedLagrangianIteration(4,10,0.0006749040702022446,1,1,16,19,18,18,Some(Converged),true,0)
INNER	equality-dense-32-s0	adaptive	AugmentedLagrangianIteration(5,10,0.00024662705380893297,1,1,15,19,18,18,Some(Converged),true,0)
INNER	equality-dense-32-s0	adaptive	AugmentedLagrangianIteration(6,10,0.0001128707489099684,1,1,15,19,18,18,Some(Converged),true,0)
INNER	equality-dense-32-s0	adaptive	AugmentedLagrangianIteration(7,100,0.00006060906181419787,1,1,21,24,23,23,Some(Converged),true,0)
INNER	equality-dense-32-s0	adaptive	AugmentedLagrangianIteration(8,100,0.00001319635437616873,1,1,21,24,23,23,Some(Converged),true,0)
INNER	equality-dense-32-s0	adaptive	AugmentedLagrangianIteration(9,100,0.000002884913673126266,1,1,20,23,22,22,Some(Converged),true,0)
INNER	equality-dense-32-s0	adaptive	AugmentedLagrangianIteration(10,100,6.490623763705239e-7,1,1,22,25,24,24,Some(Converged),true,0)
INNER	equality-dense-32-s0	adaptive	AugmentedLagrangianIteration(11,100,1.4162771623249528e-7,1,1,21,23,22,22,Some(Converged),true,0)
INNER	equality-dense-32-s0	adaptive	AugmentedLagrangianIteration(12,100,1e-7,1,1,12,14,13,13,Some(Converged),true,0)
INNER	equality-dense-32-s0	adaptive	AugmentedLagrangianIteration(13,100,1e-7,1,1,8,10,9,9,Some(Converged),true,0)
INNER	equality-dense-32-s0	adaptive	AugmentedLagrangianIteration(14,100,1e-7,1,1,3,5,4,4,Some(Converged),true,0)
ALM	adaptive	equality-dense-32-s1	0	4.634958	Converged	1.333742220666029	14	221	494	247	247	3.3838585822287826e-9	3.3838585822287826e-9	9.099207676221965e-8	0	100	0.0596008605121502,0.2796117233957971,0.24254889859305093,-0.017512268954260918,-0.2614727521032582,-0.26503640710611903,-0.02492682081829189,0.2381003666341595,0.2822191773835201,0.06686698364178462,-0.20996239962245164,-0.2937533148791236,-0.1074687832754975,0.1776220535251696,0.29940799341855445,0.1459196040014139,-0.141726597856667,-0.29907002073878897,-0.1814498471863033,0.1029944778176213,0.29274615412973376,0.21334836608020608,-0.06220092600636239,-0.2805629735548346,-0.24097671669487872,0.020162422977156858,0.262764324990674,0.2637819194590103,0.022279634665704595,-0.2397064423341599,-0.2813075204786581,-0.06427576039653801	0.5000000326948605,0.8333332958570455,1.1666667630669243,1.500000028492642
INNER	equality-dense-32-s1	adaptive	AugmentedLagrangianIteration(1,10,0.01,1,1,17,19,18,18,Some(Converged),true,0)
INNER	equality-dense-32-s1	adaptive	AugmentedLagrangianIteration(2,10,0.01,1,1,15,19,18,18,Some(Converged),true,0)
INNER	equality-dense-32-s1	adaptive	AugmentedLagrangianIteration(3,10,0.0024446383218273936,1,1,17,20,19,19,Some(Converged),true,0)
INNER	equality-dense-32-s1	adaptive	AugmentedLagrangianIteration(4,10,0.0006711018506092314,1,1,14,16,15,15,Some(Converged),true,0)
INNER	equality-dense-32-s1	adaptive	AugmentedLagrangianIteration(5,10,0.0002453228357242897,1,1,12,14,13,13,Some(Converged),true,0)
INNER	equality-dense-32-s1	adaptive	AugmentedLagrangianIteration(6,10,0.0001117797038739786,1,1,15,18,17,17,Some(Converged),true,0)
INNER	equality-dense-32-s1	adaptive	AugmentedLagrangianIteration(7,100,0.00005977818661234147,1,1,20,23,22,22,Some(Converged),true,0)
INNER	equality-dense-32-s1	adaptive	AugmentedLagrangianIteration(8,100,0.000013006325485684368,1,1,23,26,25,25,Some(Converged),true,0)
INNER	equality-dense-32-s1	adaptive	AugmentedLagrangianIteration(9,100,0.000002863674230588198,1,1,22,26,25,25,Some(Converged),true,0)
INNER	equality-dense-32-s1	adaptive	AugmentedLagrangianIteration(10,100,6.344512468170471e-7,1,1,20,23,22,22,Some(Converged),true,0)
INNER	equality-dense-32-s1	adaptive	AugmentedLagrangianIteration(11,100,1.4290480139789176e-7,1,1,23,27,26,26,Some(Converged),true,0)
INNER	equality-dense-32-s1	adaptive	AugmentedLagrangianIteration(12,100,1e-7,1,1,12,14,13,13,Some(Converged),true,0)
INNER	equality-dense-32-s1	adaptive	AugmentedLagrangianIteration(13,100,1e-7,1,1,8,10,9,9,Some(Converged),true,0)
INNER	equality-dense-32-s1	adaptive	AugmentedLagrangianIteration(14,100,1e-7,1,1,3,5,4,4,Some(Converged),true,0)
ALM	adaptive	equality-dense-128-s0	0	3.709375	Converged	3.6079429668960534	16	68	170	85	85	2.711751795336781e-10	2.711751795336781e-10	6.746563802062511e-8	0	100	0.05960087986504322,0.2796117418451364,0.24254892206651651,-0.017512245074138108,-0.26147274162593886,-0.26503641683106727,-0.024926847499934356,0.23810033082513193,0.2822191398371258,0.06686694935205502,-0.2099624282489209,-0.29375333727807623,-0.10746879942154637,0.17762204355692274,0.2994079887954897,0.14591960325646602,-0.14172659609062313,-0.2990700172983464,-0.18144984215650758,0.10299448459129341,0.29274616197901915,0.21334837357187894,-0.06220092002629539,-0.28056296945671433,-0.24097671436594617,0.020162423649563332,0.2627643239121092,0.26378191648419164,0.02227962973588886,-0.23970644931811405,-0.281307529363149,-0.06427577062469633,0.211850827687416,0.2932027436743251,0.10498540042346743,-0.17975504490708602,-0.29922953994841855,-0.1435937845925348,0.14406142602393257,0.2992672186254193,0.17932810417456124,-0.10548444763578173,-0.2933150891304262,-0.2114731937491204,0.06479617824984196,0.281492241139212,0.23938563470253307,-0.022811020799310713,-0.26403532917693145,-0.26250677365765185,-0.019630701208870414,0.24129374699788958,0.2803738362081002,0.06167951212353709,-0.2137226728492401,-0.29262922058750807,-0.10249381568377006,0.18187392677273323,0.2990276151681348,0.14125668811644068,-0.14638499211596184,-0.2994409916078181,-0.17719233050827865,0.10796613585533191,0.29386102862549357,0.2095814408515475,-0.06738636286528223,-0.2823994607122427,-0.2377758016558793,0.025457828463640534,0.26528564459663767,0.2612110591185617,0.0169802275973802,-0.24286214938082018,-0.2794181884096899,-0.0590784355470754,0.21557775672091997,0.2920327519113249,0.09999417998444694,-0.18397858180485155,-0.2988022860989498,-0.1389085489965248,0.14869706465861648,0.299591279661906,0.175042650239643,-0.1104393884802041,-0.2943839670188446,-0.2076732884822648,0.0699712489156179,0.2832845377285009,0.23614732385673004,-0.028102655679515014,-0.26651518829431353,-0.2598948908692465,-0.014328434129103574,0.2444115143409442,0.2784406394548487,0.05647272083970449,-0.21741596045472628,-0.2914134136249324,-0.09748672118497252,0.1860688104313315,0.2985535333415798,0.1365495121897176,-0.15099750303049275,-0.299718112624064,-0.17287927407134382,0.11290396926103419,0.2948838212020484,0.20574884486394554,-0.07255067386528333,-0.2841474412182817,-0.23450036542857683,0.03074526068871549,0.26772383146358375,0.25855834159531266,0.0116755000474624,-0.24594174730160656,-0.27744129130742734,-0.053862596404876784,0.2192371165500091,0.29077123115364273,0.0949716126213463,-0.18814447241031762,-0.2982814006536253,-0.13417978782476506,0.15328610040632848,0.29982145245879493	0.49999996594856944,0.6428570581832085,0.7857143047001708,0.9285714118208153,1.0714285699888166,1.2142857211404596,1.357142848918587,1.5000000186228006
INNER	equality-dense-128-s0	adaptive	AugmentedLagrangianIteration(1,10,0.01,1,1,11,14,13,13,Some(Converged),true,0)
INNER	equality-dense-128-s0	adaptive	AugmentedLagrangianIteration(2,10,0.01,1,1,4,6,5,5,Some(Converged),true,0)
INNER	equality-dense-128-s0	adaptive	AugmentedLagrangianIteration(3,10,0.0019092865015711835,1,1,6,8,7,7,Some(Converged),true,0)
INNER	equality-dense-128-s0	adaptive	AugmentedLagrangianIteration(4,10,0.00035585039098936654,1,1,6,8,7,7,Some(Converged),true,0)
INNER	equality-dense-128-s0	adaptive	AugmentedLagrangianIteration(5,10,0.00006842930267147857,1,1,6,8,7,7,Some(Converged),true,0)
INNER	equality-dense-128-s0	adaptive	AugmentedLagrangianIteration(6,10,0.000015870789493104693,1,1,6,8,7,7,Some(Converged),true,0)
INNER	equality-dense-128-s0	adaptive	AugmentedLagrangianIteration(7,10,0.000004011211674271459,1,1,6,8,7,7,Some(Converged),true,0)
INNER	equality-dense-128-s0	adaptive	AugmentedLagrangianIteration(8,10,0.000001324164453594956,1,1,6,8,7,7,Some(Converged),true,0)
INNER	equality-dense-128-s0	adaptive	AugmentedLagrangianIteration(9,10,4.863770412026624e-7,1,1,5,7,6,6,Some(Converged),true,0)
INNER	equality-dense-128-s0	adaptive	AugmentedLagrangianIteration(10,10,1.9022524649220385e-7,1,1,5,7,6,6,Some(Converged),true,0)
INNER	equality-dense-128-s0	adaptive	AugmentedLagrangianIteration(11,10,1e-7,1,1,2,4,3,3,Some(Converged),true,0)
INNER	equality-dense-128-s0	adaptive	AugmentedLagrangianIteration(12,10,1e-7,1,1,2,4,3,3,Some(Converged),true,0)
INNER	equality-dense-128-s0	adaptive	AugmentedLagrangianIteration(13,10,1e-7,1,1,1,3,2,2,Some(Converged),true,0)
INNER	equality-dense-128-s0	adaptive	AugmentedLagrangianIteration(14,10,1e-7,1,1,1,3,2,2,Some(Converged),true,0)
INNER	equality-dense-128-s0	adaptive	AugmentedLagrangianIteration(15,10,1e-7,1,1,0,1,0,0,Some(Converged),true,0)
INNER	equality-dense-128-s0	adaptive	AugmentedLagrangianIteration(16,100,1e-7,1,1,1,3,2,2,Some(Converged),true,0)
ALM	adaptive	equality-dense-128-s1	0	3.670167	Converged	3.607942966849752	16	68	168	84	84	5.584240569955767e-10	5.584240569955767e-10	7.392446649268081e-8	0	100	0.05960087899587664,0.2796117644101017,0.24254893168148656,-0.017512247481225773,-0.26147274444639435,-0.2650364155924559,-0.024926844696459696,0.2381003320563411,0.2822191385620106,0.066866946001765,-0.20996243309851137,-0.2937533431535312,-0.1074688058098789,0.17762203718700567,0.29940798288972315,0.14591959816349098,-0.1417266000805813,-0.2990700199552412,-0.18144984334175132,0.10299448491397951,0.2927461637583061,0.21334837668527953,-0.06220091576310922,-0.28056296428035227,-0.24097670855108824,0.020162429806610403,0.2627643301096476,0.2637819224306503,0.02227963516407108,-0.23970644463880544,-0.2813075256168451,-0.06427576794185977,0.21185082923416498,0.2932027440713999,0.10498539971476063,-0.1797550466244655,-0.29922954253088757,-0.1435937878586156,0.1440614222836292,0.29926721463695904,0.17932810016890538,-0.10548445143398225,-0.29331509251315957,-0.21147319653473765,0.06479617620829518,0.2814922399484226,0.23938563442567132,-0.022811020145054785,-0.2640353276209123,-0.2625067712713606,-0.01963069809796119,0.24129375069837264,0.28037384033355334,0.06167951648461002,-0.21372266844780088,-0.29262921632346217,-0.10249381171063844,0.18187393031187796,0.2990276181307614,0.14125669037801855,-0.1463849906284234,-0.29944099090184656,-0.1771923305467631,0.10796613512394837,0.293861027261069,0.20958143894039805,-0.06738636519711586,-0.28239946330988214,-0.23777580435915396,0.025457825805938986,0.2652856421263193,0.261211056969082,0.016980225887744088,-0.24286215055503144,-0.2794181889810774,-0.05907843547697765,0.21557775744205473,0.29203275326304107,0.09999418191736911,-0.18397857936511583,-0.2988022832469729,-0.13890854584265017,0.14869706799293977,0.29959128304985744,0.17504265355522397,-0.11043938535658868,-0.2943839641956199,-0.20767328605237173,0.06997125087854913,0.28328453917302715,0.23614732475526445,-0.02810265533010638,-0.2665151884730227,-0.2598948915321652,-0.014328435211654673,0.2444115129208673,0.27844063779302713,0.05647271904122146,-0.21741596228019927,-0.2914134153679994,-0.09748672274131522,0.18606880915642993,0.29855353242918675,0.13654951170385532,-0.15099750304544868,-0.2997181121450839,-0.17287927309747889,0.11290397070889838,0.29488382308239064,0.20574884711668556,-0.07255067131594312,-0.28414743846039586,-0.2345003625585481,0.0307452635703086,0.2677238342562327,0.2585583442027138,0.011675502381370275,-0.24594174531795734,-0.27744128973645354,-0.05386259529242342,0.2192371171761869,0.29077123128466537,0.09497161226726555,-0.18814447322116262,-0.2982814018758964,-0.1341797893979841,0.15328609855544173,0.29982145041360886	0.4999999719950556,0.642857073267649,0.7857142970200548,0.9285714245207836,1.0714285601687152,1.2142857324941299,1.3571428372322303,1.5000000607863744
INNER	equality-dense-128-s1	adaptive	AugmentedLagrangianIteration(1,10,0.01,1,1,10,12,11,11,Some(Converged),true,0)
INNER	equality-dense-128-s1	adaptive	AugmentedLagrangianIteration(2,10,0.01,1,1,4,6,5,5,Some(Converged),true,0)
INNER	equality-dense-128-s1	adaptive	AugmentedLagrangianIteration(3,10,0.001920892814163369,1,1,6,8,7,7,Some(Converged),true,0)
INNER	equality-dense-128-s1	adaptive	AugmentedLagrangianIteration(4,10,0.00035253513226263526,1,1,6,8,7,7,Some(Converged),true,0)
INNER	equality-dense-128-s1	adaptive	AugmentedLagrangianIteration(5,10,0.00006906234942396922,1,1,6,8,7,7,Some(Converged),true,0)
INNER	equality-dense-128-s1	adaptive	AugmentedLagrangianIteration(6,10,0.000016183991057794334,1,1,6,8,7,7,Some(Converged),true,0)
INNER	equality-dense-128-s1	adaptive	AugmentedLagrangianIteration(7,10,0.000004188315053020586,1,1,6,8,7,7,Some(Converged),true,0)
INNER	equality-dense-128-s1	adaptive	AugmentedLagrangianIteration(8,10,0.0000011978847118468416,1,1,6,8,7,7,Some(Converged),true,0)
INNER	equality-dense-128-s1	adaptive	AugmentedLagrangianIteration(9,10,4.5631412550692367e-7,1,1,6,8,7,7,Some(Converged),true,0)
INNER	equality-dense-128-s1	adaptive	AugmentedLagrangianIteration(10,10,1.7728650791651313e-7,1,1,5,7,6,6,Some(Converged),true,0)
INNER	equality-dense-128-s1	adaptive	AugmentedLagrangianIteration(11,10,1e-7,1,1,2,4,3,3,Some(Converged),true,0)
INNER	equality-dense-128-s1	adaptive	AugmentedLagrangianIteration(12,10,1e-7,1,1,2,4,3,3,Some(Converged),true,0)
INNER	equality-dense-128-s1	adaptive	AugmentedLagrangianIteration(13,10,1e-7,1,1,1,3,2,2,Some(Converged),true,0)
INNER	equality-dense-128-s1	adaptive	AugmentedLagrangianIteration(14,10,1e-7,1,1,1,3,2,2,Some(Converged),true,0)
INNER	equality-dense-128-s1	adaptive	AugmentedLagrangianIteration(15,10,1e-7,1,1,0,1,0,0,Some(Converged),true,0)
INNER	equality-dense-128-s1	adaptive	AugmentedLagrangianIteration(16,100,1e-7,1,1,1,3,2,2,Some(Converged),true,0)
ALM	adaptive	mixed-box-3-s0	0	1.217084	Converged	2.500000001565402	14	28	108	54	54	7.823001135776053e-10	7.823001135776053e-10	9.283139323912337e-8	8.01897993934141e-13	100	0.999999999217299,4.009489886612845e-13,0	1.999999948598843,2.000000041430637,0
INNER	mixed-box-3-s0	adaptive	AugmentedLagrangianIteration(1,10,0.01,1,1,6,12,11,11,Some(Converged),true,0)
INNER	mixed-box-3-s0	adaptive	AugmentedLagrangianIteration(2,10,0.01,1,1,3,5,4,4,Some(Converged),true,0)
INNER	mixed-box-3-s0	adaptive	AugmentedLagrangianIteration(3,10,0.0037290338603792788,1,1,2,5,4,4,Some(Converged),true,0)
INNER	mixed-box-3-s0	adaptive	AugmentedLagrangianIteration(4,10,0.0007944022441717675,1,1,2,5,4,4,Some(Converged),true,0)
INNER	mixed-box-3-s0	adaptive	AugmentedLagrangianIteration(5,10,0.0001655865492604437,1,1,2,5,4,4,Some(Converged),true,0)
INNER	mixed-box-3-s0	adaptive	AugmentedLagrangianIteration(6,10,0.00003438448345161393,1,1,1,3,2,2,Some(Converged),true,0)
INNER	mixed-box-3-s0	adaptive	AugmentedLagrangianIteration(7,10,0.000007162288059326257,1,1,2,5,4,4,Some(Converged),true,0)
INNER	mixed-box-3-s0	adaptive	AugmentedLagrangianIteration(8,10,0.0000014544458574875782,1,1,2,5,4,4,Some(Converged),true,0)
INNER	mixed-box-3-s0	adaptive	AugmentedLagrangianIteration(9,10,3.0620986195521267e-7,1,1,2,5,4,4,Some(Converged),true,0)
INNER	mixed-box-3-s0	adaptive	AugmentedLagrangianIteration(10,10,1e-7,1,1,1,3,2,2,Some(Converged),true,0)
INNER	mixed-box-3-s0	adaptive	AugmentedLagrangianIteration(11,10,1e-7,1,1,2,5,4,4,Some(Converged),true,0)
INNER	mixed-box-3-s0	adaptive	AugmentedLagrangianIteration(12,10,1e-7,1,1,2,5,4,4,Some(Converged),true,0)
INNER	mixed-box-3-s0	adaptive	AugmentedLagrangianIteration(13,10,1e-7,1,1,0,1,0,0,Some(Converged),true,0)
INNER	mixed-box-3-s0	adaptive	AugmentedLagrangianIteration(14,100,1e-7,1,1,1,3,2,2,Some(Converged),true,0)
ALM	adaptive	mixed-box-3-s1	0	2.048125	Converged	2.500000001568372	14	29	110	55	55	8.005647256226212e-10	8.005647256226212e-10	9.631673369980831e-8	3.275712493944901e-11	100	0.9999999992158138,-1.6378562116501755e-11,0	1.9999999468319718,2.000000043132327,0
INNER	mixed-box-3-s1	adaptive	AugmentedLagrangianIteration(1,10,0.01,1,1,7,13,12,12,Some(Converged),true,0)
INNER	mixed-box-3-s1	adaptive	AugmentedLagrangianIteration(2,10,0.01,1,1,3,5,4,4,Some(Converged),true,0)
INNER	mixed-box-3-s1	adaptive	AugmentedLagrangianIteration(3,10,0.0037286245231016924,1,1,2,5,4,4,Some(Converged),true,0)
INNER	mixed-box-3-s1	adaptive	AugmentedLagrangianIteration(4,10,0.0007950927675480628,1,1,2,5,4,4,Some(Converged),true,0)
INNER	mixed-box-3-s1	adaptive	AugmentedLagrangianIteration(5,10,0.00016575835143843741,1,1,2,5,4,4,Some(Converged),true,0)
INNER	mixed-box-3-s1	adaptive	AugmentedLagrangianIteration(6,10,0.00003442117922505458,1,1,1,3,2,2,Some(Converged),true,0)
INNER	mixed-box-3-s1	adaptive	AugmentedLagrangianIteration(7,10,0.00000717095672953409,1,1,2,5,4,4,Some(Converged),true,0)
INNER	mixed-box-3-s1	adaptive	AugmentedLagrangianIteration(8,10,0.000001455057025892428,1,1,2,5,4,4,Some(Converged),true,0)
INNER	mixed-box-3-s1	adaptive	AugmentedLagrangianIteration(9,10,3.0650294672907116e-7,1,1,2,5,4,4,Some(Converged),true,0)
INNER	mixed-box-3-s1	adaptive	AugmentedLagrangianIteration(10,10,1e-7,1,1,1,3,2,2,Some(Converged),true,0)
INNER	mixed-box-3-s1	adaptive	AugmentedLagrangianIteration(11,10,1e-7,1,1,2,5,4,4,Some(Converged),true,0)
INNER	mixed-box-3-s1	adaptive	AugmentedLagrangianIteration(12,10,1e-7,1,1,2,5,4,4,Some(Converged),true,0)
INNER	mixed-box-3-s1	adaptive	AugmentedLagrangianIteration(13,10,1e-7,1,1,0,1,0,0,Some(Converged),true,0)
INNER	mixed-box-3-s1	adaptive	AugmentedLagrangianIteration(14,100,1e-7,1,1,1,3,2,2,Some(Converged),true,0)
ALM	adaptive	ball-8-s0	0	0.242625	Converged	1.952476189802819	8	14	76	38	38	2.2238095809257175e-9	2.2238095809257175e-9	2.843281166065026e-13	2.197229756274483e-9	10	0.16800537644486774,0.21600691257197277,0.2640084486990779,0.312009984826183,0.36001152095328803,0.4080130570803931,0.4560145932074982,0.5040161293346033	0.9880476166308405
INNER	ball-8-s0	adaptive	AugmentedLagrangianIteration(1,10,0.01,1,1,5,18,17,17,Some(Converged),true,0)
INNER	ball-8-s0	adaptive	AugmentedLagrangianIteration(2,10,0.009235690168445655,1,1,3,8,7,7,Some(Converged),true,0)
INNER	ball-8-s0	adaptive	AugmentedLagrangianIteration(3,10,0.0006069191796031604,1,1,1,4,3,3,Some(Converged),true,0)
INNER	ball-8-s0	adaptive	AugmentedLagrangianIteration(4,10,0.00003206821324446274,1,1,1,3,2,2,Some(Converged),true,0)
INNER	ball-8-s0	adaptive	AugmentedLagrangianIteration(5,10,0.000005187413845764156,1,1,1,3,2,2,Some(Converged),true,0)
INNER	ball-8-s0	adaptive	AugmentedLagrangianIteration(6,10,5.626250390911025e-7,1,1,1,3,2,2,Some(Converged),true,0)
INNER	ball-8-s0	adaptive	AugmentedLagrangianIteration(7,10,1e-7,1,1,1,3,2,2,Some(Converged),true,0)
INNER	ball-8-s0	adaptive	AugmentedLagrangianIteration(8,10,1e-7,1,1,1,3,2,2,Some(Converged),true,0)
ALM	adaptive	ball-8-s1	0	0.237	Converged	1.9524761989831048	7	22	88	44	44	0	0	3.712556195800687e-8	6.983055468206953e-9	10	0.1680053800240945,0.21600692318483697,0.26400845511120835,0.312009979337132,0.3600115064762876,0.40801304446394265,0.4560145912613044,0.5040161367299764	0.9880476249077608
INNER	ball-8-s1	adaptive	AugmentedLagrangianIteration(1,10,0.01,1,1,8,19,18,18,Some(Converged),true,0)
INNER	ball-8-s1	adaptive	AugmentedLagrangianIteration(2,10,0.009283263328964387,1,1,3,8,7,7,Some(Converged),true,0)
INNER	ball-8-s1	adaptive	AugmentedLagrangianIteration(3,10,0.0005636474088110522,1,1,3,7,6,6,Some(Converged),true,0)
INNER	ball-8-s1	adaptive	AugmentedLagrangianIteration(4,10,0.00003584192738403935,1,1,5,7,6,6,Some(Converged),true,0)
INNER	ball-8-s1	adaptive	AugmentedLagrangianIteration(5,10,0.000002098200415201479,1,1,1,3,2,2,Some(Converged),true,0)
INNER	ball-8-s1	adaptive	AugmentedLagrangianIteration(6,10,1.67029330211399e-7,1,1,1,3,2,2,Some(Converged),true,0)
INNER	ball-8-s1	adaptive	AugmentedLagrangianIteration(7,10,1e-7,1,1,1,3,2,2,Some(Converged),true,0)
ALM	adaptive	ball-64-s0	0	0.807292	Converged	26.91449808785497	13	20	80	40	40	0	0	6.252776074688882e-13	1.993617240353558e-9	100	0.059974872919612274,0.0618788371392825,0.06378280135895271,0.06568676557862298,0.06759072979829318,0.0694946940179634,0.07139865823763364,0.07330262245730389,0.07520658667697412,0.07711055089664434,0.07901451511631459,0.08091847933598484,0.08282244355565505,0.08472640777532527,0.0866303719949955,0.08853433621466575,0.09043830043433597,0.09234226465400619,0.09424622887367642,0.09615019309334666,0.09805415731301687,0.09995812153268711,0.10186208575235735,0.1037660499720276,0.10567001419169782,0.10757397841136804,0.10947794263103827,0.11138190685070852,0.11328587107037873,0.11518983529004896,0.1170937995097192,0.11899776372938943,0.12090172794905965,0.12280569216872987,0.1247096563884001,0.12661362060807033,0.1285175848277406,0.1304215490474108,0.13232551326708106,0.13422947748675126,0.13613344170642147,0.13803740592609173,0.13994137014576194,0.14184533436543217,0.14374929858510244,0.14565326280477264,0.14755722702444293,0.1494611912441131,0.15136515546378335,0.1532691196834536,0.1551730839031238,0.15707704812279405,0.15898101234246426,0.16088497656213452,0.16278894078180473,0.164692905001475,0.1665968692211452,0.16850083344081543,0.17040479766048564,0.1723087618801559,0.17421272609982613,0.17611669031949634,0.1780206545391666,0.1799246187588368	3.6684123338616326
INNER	ball-64-s0	adaptive	AugmentedLagrangianIteration(1,10,0.01,1,1,3,11,10,10,Some(Converged),true,0)
INNER	ball-64-s0	adaptive	AugmentedLagrangianIteration(2,10,0.01,1,1,4,6,5,5,Some(Converged),true,0)
INNER	ball-64-s0	adaptive	AugmentedLagrangianIteration(3,10,0.004412610726159771,1,1,2,5,4,4,Some(Converged),true,0)
INNER	ball-64-s0	adaptive	AugmentedLagrangianIteration(4,10,0.0007238498550529382,1,1,2,4,3,3,Some(Converged),true,0)
INNER	ball-64-s0	adaptive	AugmentedLagrangianIteration(5,10,0.00013125353086194114,1,1,2,4,3,3,Some(Converged),true,0)
INNER	ball-64-s0	adaptive	AugmentedLagrangianIteration(6,10,0.00002304354044349033,1,1,1,3,2,2,Some(Converged),true,0)
INNER	ball-64-s0	adaptive	AugmentedLagrangianIteration(7,10,0.000003868850845001326,1,1,1,3,2,2,Some(Converged),true,0)
INNER	ball-64-s0	adaptive	AugmentedLagrangianIteration(8,10,7.716863878126646e-7,1,1,1,3,2,2,Some(Converged),true,0)
INNER	ball-64-s0	adaptive	AugmentedLagrangianIteration(9,10,1.3579089968018821e-7,1,1,1,3,2,2,Some(Converged),true,0)
INNER	ball-64-s0	adaptive	AugmentedLagrangianIteration(10,10,1e-7,1,1,1,3,2,2,Some(Converged),true,0)
INNER	ball-64-s0	adaptive	AugmentedLagrangianIteration(11,10,1e-7,1,1,1,3,2,2,Some(Converged),true,1)
INNER	ball-64-s0	adaptive	AugmentedLagrangianIteration(12,10,1e-7,1,1,0,1,0,0,Some(Converged),true,0)
INNER	ball-64-s0	adaptive	AugmentedLagrangianIteration(13,100,1e-7,1,1,1,3,2,2,Some(Converged),true,0)
ALM	adaptive	ball-64-s1	0	1.075125	Converged	26.91449808762659	13	33	116	58	58	0	0	4.472422432399981e-12	1.7652313476049564e-9	100	0.05997487292166974,0.061878837141689624,0.06378280136126814,0.0656867655805441,0.06759072979993448,0.06949469401975117,0.07139865823991397,0.07330262246002454,0.07520658667973255,0.07711055089905779,0.07901451511837194,0.08091847933805689,0.08282244355815364,0.08472640777832452,0.08663037199816383,0.08853433621757058,0.0904383004368415,0.09234226465639829,0.09424622887639975,0.0961501930965958,0.0980541573165576,0.09995812153607152,0.10186208575533585,0.10376604997477826,0.1056700141946627,0.10757397841484675,0.10947794263491253,0.1113819068545509,0.11328587107384562,0.1151898352931965,0.11709379951295164,0.11899776373308751,0.12090172795323048,0.12280569217300047,0.12470965639236027,0.12661362061164982,0.12851758483127354,0.13042154905132886,0.13232551327151615,0.1342294774914145,0.1361334417108688,0.138037405930132,0.13994137014963287,0.14184533436958166,0.14374929858977675,0.14565326280979007,0.14755722702936078,0.14946119124863486,0.15136515546803098,0.1532691196878557,0.15517308390802162,0.15707704812812728,0.15898101234782713,0.1608849765671482,0.16278894078646622,0.16469290500615943,0.16659686922626118,0.1685008334464293,0.17040479766626057,0.17230876188566135,0.17421272610493402,0.17611669032449845,0.17802065454450663,0.17992461876470214	3.6684123337322805
INNER	ball-64-s1	adaptive	AugmentedLagrangianIteration(1,10,0.01,1,1,13,26,25,25,Some(Converged),true,0)
INNER	ball-64-s1	adaptive	AugmentedLagrangianIteration(2,10,0.01,1,1,4,6,5,5,Some(Converged),true,0)
INNER	ball-64-s1	adaptive	AugmentedLagrangianIteration(3,10,0.004429000477408596,1,1,2,5,4,4,Some(Converged),true,0)
INNER	ball-64-s1	adaptive	AugmentedLagrangianIteration(4,10,0.0007264327548017536,1,1,2,4,3,3,Some(Converged),true,0)
INNER	ball-64-s1	adaptive	AugmentedLagrangianIteration(5,10,0.00013180436987403343,1,1,2,4,3,3,Some(Converged),true,0)
INNER	ball-64-s1	adaptive	AugmentedLagrangianIteration(6,10,0.000023140556061473917,1,1,2,4,3,3,Some(Converged),true,0)
INNER	ball-64-s1	adaptive	AugmentedLagrangianIteration(7,10,0.000003986281742207609,1,1,3,5,4,4,Some(Converged),true,0)
INNER	ball-64-s1	adaptive	AugmentedLagrangianIteration(8,10,6.980383439714189e-7,1,1,1,3,2,2,Some(Converged),true,0)
INNER	ball-64-s1	adaptive	AugmentedLagrangianIteration(9,10,1.2028865097324372e-7,1,1,1,3,2,2,Some(Converged),true,0)
INNER	ball-64-s1	adaptive	AugmentedLagrangianIteration(10,10,1e-7,1,1,1,3,2,2,Some(Converged),true,0)
INNER	ball-64-s1	adaptive	AugmentedLagrangianIteration(11,10,1e-7,1,1,1,3,2,2,Some(Converged),true,0)
INNER	ball-64-s1	adaptive	AugmentedLagrangianIteration(12,10,1e-7,1,1,0,1,0,0,Some(Converged),true,0)
INNER	ball-64-s1	adaptive	AugmentedLagrangianIteration(13,100,1e-7,1,1,1,3,2,2,Some(Converged),true,0)
ALM	adaptive	parabola-2-s0	0	0.152875	Converged	0.412416852660796	6	23	86	43	43	1.0372791514612345e-9	1.0372791514612345e-9	1.8784973576657649e-13	0	10	1.165373043400613,1.358094329247528	-0.3580943292476091
INNER	parabola-2-s0	adaptive	AugmentedLagrangianIteration(1,10,0.01,1,1,8,15,14,14,Some(Converged),true,0)
INNER	parabola-2-s0	adaptive	AugmentedLagrangianIteration(2,10,0.0034717148461251846,1,1,2,5,4,4,Some(Converged),true,0)
INNER	parabola-2-s0	adaptive	AugmentedLagrangianIteration(3,10,0.00010830479317263109,1,1,6,9,8,8,Some(Converged),true,0)
INNER	parabola-2-s0	adaptive	AugmentedLagrangianIteration(4,10,0.0000012019990216272093,1,1,3,8,7,7,Some(Converged),true,0)
INNER	parabola-2-s0	adaptive	AugmentedLagrangianIteration(5,10,2.717112591366089e-7,1,1,1,3,2,2,Some(Converged),true,0)
INNER	parabola-2-s0	adaptive	AugmentedLagrangianIteration(6,10,1e-7,1,1,3,8,7,7,Some(Converged),true,0)
ALM	adaptive	parabola-2-s1	0	0.174292	Converged	0.4124168530408255	6	25	86	43	43	2.3973489859940855e-11	2.3973489859940855e-11	3.9688060615716836e-8	0	10	1.1653730594103624,1.3580943676234416	-0.358094327935381
INNER	parabola-2-s1	adaptive	AugmentedLagrangianIteration(1,10,0.01,1,1,12,20,19,19,Some(Converged),true,0)
INNER	parabola-2-s1	adaptive	AugmentedLagrangianIteration(2,10,0.0034814324606274208,1,1,6,10,9,9,Some(Converged),true,0)
INNER	parabola-2-s1	adaptive	AugmentedLagrangianIteration(3,10,0.00009774293576394478,1,1,2,4,3,3,Some(Converged),true,0)
INNER	parabola-2-s1	adaptive	AugmentedLagrangianIteration(4,10,0.0000018149532231115373,1,1,3,8,7,7,Some(Converged),true,0)
INNER	parabola-2-s1	adaptive	AugmentedLagrangianIteration(5,10,1e-7,1,1,1,3,2,2,Some(Converged),true,0)
INNER	parabola-2-s1	adaptive	AugmentedLagrangianIteration(6,10,1e-7,1,1,1,3,2,2,Some(Converged),true,0)
ALM	adaptive	parabola-16-s0	0	0.417666	Converged	3.299334821286367	6	23	86	43	43	1.0372791514612345e-9	1.0372791514612345e-9	1.8784973576657649e-13	0	10	1.165373043400613,1.358094329247528,1.165373043400613,1.358094329247528,1.165373043400613,1.358094329247528,1.165373043400613,1.358094329247528,1.165373043400613,1.358094329247528,1.165373043400613,1.358094329247528,1.165373043400613,1.358094329247528,1.165373043400613,1.358094329247528	-0.3580943292476091,-0.3580943292476091,-0.3580943292476091,-0.3580943292476091,-0.3580943292476091,-0.3580943292476091,-0.3580943292476091,-0.3580943292476091
INNER	parabola-16-s0	adaptive	AugmentedLagrangianIteration(1,10,0.01,1,1,8,15,14,14,Some(Converged),true,0)
INNER	parabola-16-s0	adaptive	AugmentedLagrangianIteration(2,10,0.003471714846124785,1,1,2,5,4,4,Some(Converged),true,0)
INNER	parabola-16-s0	adaptive	AugmentedLagrangianIteration(3,10,0.00010830479317305298,1,1,6,9,8,8,Some(Converged),true,0)
INNER	parabola-16-s0	adaptive	AugmentedLagrangianIteration(4,10,0.0000012019990216272093,1,1,3,8,7,7,Some(Converged),true,0)
INNER	parabola-16-s0	adaptive	AugmentedLagrangianIteration(5,10,2.7171125920322227e-7,1,1,1,3,2,2,Some(Converged),true,0)
INNER	parabola-16-s0	adaptive	AugmentedLagrangianIteration(6,10,1e-7,1,1,3,8,7,7,Some(Converged),true,0)
ALM	adaptive	parabola-16-s1	0	1.423042	Converged	3.299334822862754	6	39	120	60	60	7.411831148829151e-10	7.411831148829151e-10	5.514444456622414e-11	0	10	1.1653730431674973,1.3580943294189995,1.1653730431913691,1.3580943294014585,1.1653730433019471,1.358094329320374,1.1653730432168856,1.3580943293825842,1.1653730431807667,1.358094329409146,1.1653730433041527,1.3580943293187995,1.1653730432411105,1.358094329364821,1.165373043165653,1.3580943294203565	-0.35809432940306696,-0.35809432938879393,-0.35809432933791685,-0.35809432936217744,-0.3580943293857475,-0.358094329340799,-0.35809432935111296,-0.3580943294042771
INNER	parabola-16-s1	adaptive	AugmentedLagrangianIteration(1,10,0.01,1,1,23,30,29,29,Some(Converged),true,0)
INNER	parabola-16-s1	adaptive	AugmentedLagrangianIteration(2,10,0.0035087336111812918,1,1,6,10,9,9,Some(Converged),true,0)
INNER	parabola-16-s1	adaptive	AugmentedLagrangianIteration(3,10,0.00010403922403632305,1,1,2,4,3,3,Some(Converged),true,0)
INNER	parabola-16-s1	adaptive	AugmentedLagrangianIteration(4,10,0.000004650261627925367,1,1,4,10,9,9,Some(Converged),true,0)
INNER	parabola-16-s1	adaptive	AugmentedLagrangianIteration(5,10,1.717340625928543e-7,1,1,1,3,2,2,Some(Converged),true,0)
INNER	parabola-16-s1	adaptive	AugmentedLagrangianIteration(6,10,1e-7,1,1,3,8,7,7,Some(Converged),true,0)
[success] Total time: 4 s, completed Oct 8, 2026, 11:53:03 a.m.
[info] Defining benchmarksJS / Compile / scalaJSMainModuleInitializer
[info] The new value will be used by benchmarksJS / Compile / scalaJSModuleInitializers
[info] Reapplying settings...
[info] set current project to gale (in build file:/Users/bbuchsbaum/code/scala/gale/)
[info] Full optimizing /Users/bbuchsbaum/code/scala/gale/benchmarks/js/target/scala-3.7.4/gale-benchmarks-js-opt
[info] Running gale.bench.OptimizationALMBench.
ALM	scale	equality-diagonal-8-s0	0	0.578042	Converged	0.059237596512246235	11	62	146	73	73	4.736971176422244e-9	4.736971176422244e-9	9.789404942228686e-8	0	10	0.0596008528759276,0.2796117082766053,0.24254890393351877,-0.017512248124627663,-0.2614727274570959,-0.2650363891370466,-0.024926814486462882,0.2381003669889485	0.500000090247358
INNER	equality-diagonal-8-s0	scale	AugmentedLagrangianIteration(1,10,0.01,1,0.38588094186222466,7,9,8,8,Some(Converged),true,0)
INNER	equality-diagonal-8-s0	scale	AugmentedLagrangianIteration(2,10,0.001,0.38588094186222466,0.46188407566897977,6,8,7,7,Some(Converged),true,0)
INNER	equality-diagonal-8-s0	scale	AugmentedLagrangianIteration(3,10,0.0001,0.46188407566897977,0.30412641725581324,7,9,8,8,Some(Converged),true,0)
INNER	equality-diagonal-8-s0	scale	AugmentedLagrangianIteration(4,10,0.00001,0.30412641725581324,0.154336507792645,8,10,9,9,Some(Converged),true,0)
INNER	equality-diagonal-8-s0	scale	AugmentedLagrangianIteration(5,10,0.0000010000000000000002,0.154336507792645,0.15761630737934076,8,10,9,9,Some(Converged),true,0)
INNER	equality-diagonal-8-s0	scale	AugmentedLagrangianIteration(6,10,1.0000000000000002e-7,0.15761630737934076,0.23398757876483212,9,11,10,10,Some(Converged),true,0)
INNER	equality-diagonal-8-s0	scale	AugmentedLagrangianIteration(7,10,1e-7,0.23398757876483212,0.244519995954585,7,9,8,8,Some(Converged),true,0)
INNER	equality-diagonal-8-s0	scale	AugmentedLagrangianIteration(8,10,1e-7,0.244519995954585,0.3229900292889687,5,7,6,6,Some(Converged),true,0)
INNER	equality-diagonal-8-s0	scale	AugmentedLagrangianIteration(9,10,1e-7,0.3229900292889687,0.2405950000670556,3,5,4,4,Some(Converged),true,0)
INNER	equality-diagonal-8-s0	scale	AugmentedLagrangianIteration(10,10,1e-7,0.2405950000670556,0.06398103415939468,1,3,2,2,Some(Converged),true,0)
INNER	equality-diagonal-8-s0	scale	AugmentedLagrangianIteration(11,10,1e-7,0.06398103415939468,0.10681890944161204,1,2,1,1,Some(Converged),true,0)
ALM	scale	equality-diagonal-8-s1	0	0.372583	Converged	0.0592375964690198	11	62	146	73	73	4.823424243349805e-9	4.823424243349805e-9	9.968069439314498e-8	0	10	0.059600853854945283,0.27961170795679147,0.2425489036193916,-0.017512248217635557,-0.26147272737922594,-0.26503638899874704,-0.024926814370436652,0.23810036713191637	0.5000000918942573
INNER	equality-diagonal-8-s1	scale	AugmentedLagrangianIteration(1,10,0.01,1,0.45441593029183547,5,7,6,6,Some(Converged),true,0)
INNER	equality-diagonal-8-s1	scale	AugmentedLagrangianIteration(2,10,0.001,0.45441593029183547,0.14904026756898797,7,9,8,8,Some(Converged),true,0)
INNER	equality-diagonal-8-s1	scale	AugmentedLagrangianIteration(3,10,0.0001,0.14904026756898797,0.1524528316810896,8,10,9,9,Some(Converged),true,0)
INNER	equality-diagonal-8-s1	scale	AugmentedLagrangianIteration(4,10,0.00001,0.1524528316810896,0.15748784819912387,8,10,9,9,Some(Converged),true,0)
INNER	equality-diagonal-8-s1	scale	AugmentedLagrangianIteration(5,10,0.0000010000000000000002,0.15748784819912387,0.1580938483028732,8,10,9,9,Some(Converged),true,0)
INNER	equality-diagonal-8-s1	scale	AugmentedLagrangianIteration(6,10,1.0000000000000002e-7,0.1580938483028732,0.2341358758416434,9,11,10,10,Some(Converged),true,0)
INNER	equality-diagonal-8-s1	scale	AugmentedLagrangianIteration(7,10,1e-7,0.2341358758416434,0.24453232340585548,7,9,8,8,Some(Converged),true,0)
INNER	equality-diagonal-8-s1	scale	AugmentedLagrangianIteration(8,10,1e-7,0.24453232340585548,0.3229916135750475,5,7,6,6,Some(Converged),true,0)
INNER	equality-diagonal-8-s1	scale	AugmentedLagrangianIteration(9,10,1e-7,0.3229916135750475,0.24059518876632835,3,5,4,4,Some(Converged),true,0)
INNER	equality-diagonal-8-s1	scale	AugmentedLagrangianIteration(10,10,1e-7,0.24059518876632835,0.06398104092848535,1,3,2,2,Some(Converged),true,0)
INNER	equality-diagonal-8-s1	scale	AugmentedLagrangianIteration(11,10,1e-7,0.06398104092848535,0.10681904272141157,1,2,1,1,Some(Converged),true,0)
ALM	scale	equality-dense-32-s0	0	5.068459	Converged	1.3337422205099945	14	421	910	455	455	3.431274625542713e-9	3.431274625542713e-9	9.756781366165868e-8	0	100	0.059600863714902905,0.27961172750061236,0.2425488949502273,-0.017512273460737356,-0.26147275385355007,-0.2650364065372504,-0.024926819748793554,0.2381003672345934,0.28221917760731136,0.06686698384050244,-0.20996239927316215,-0.29375331444853725,-0.10746878294321599,0.17762205359203337,0.2994079930879518,0.14591960349051875,-0.14172659817465605,-0.2990700207640617,-0.18144984703368963,0.10299447799508474,0.2927461542488651,0.21334836614591804,-0.062200925979016934,-0.2805629735445818,-0.2409767166712463,0.020162423011393614,0.2627643250139996,0.26378191947132457,0.02227963467715517,-0.23970644232495128,-0.2813075204561913,-0.06427576035863151	0.5000000360300624,0.8333332977313448,1.166666765536449,1.5000000344624007
INNER	equality-dense-32-s0	scale	AugmentedLagrangianIteration(1,10,0.01,1,0.02314947237973145,26,29,28,28,Some(Converged),true,0)
INNER	equality-dense-32-s0	scale	AugmentedLagrangianIteration(2,10,0.001,0.02314947237973145,0.014200929193373875,27,28,27,27,Some(Converged),true,0)
INNER	equality-dense-32-s0	scale	AugmentedLagrangianIteration(3,10,0.0001,0.014200929193373875,0.029486352619886698,31,35,34,34,Some(Converged),true,0)
INNER	equality-dense-32-s0	scale	AugmentedLagrangianIteration(4,10,0.00001,0.029486352619886698,0.036415965590943095,32,35,34,34,Some(Converged),true,0)
INNER	equality-dense-32-s0	scale	AugmentedLagrangianIteration(5,10,0.0000010000000000000002,0.036415965590943095,0.021318041612551127,41,43,42,42,Some(Converged),true,0)
INNER	equality-dense-32-s0	scale	AugmentedLagrangianIteration(6,10,1.0000000000000002e-7,0.021318041612551127,0.0777475918690796,45,50,49,49,Some(Converged),true,0)
INNER	equality-dense-32-s0	scale	AugmentedLagrangianIteration(7,100,1e-7,1,0.024028019047280042,59,66,65,65,Some(Converged),true,0)
INNER	equality-dense-32-s0	scale	AugmentedLagrangianIteration(8,100,1e-7,0.024028019047280042,0.046795282346004836,47,52,51,51,Some(Converged),true,0)
INNER	equality-dense-32-s0	scale	AugmentedLagrangianIteration(9,100,1e-7,0.046795282346004836,0.024920671924783318,39,45,44,44,Some(Converged),true,0)
INNER	equality-dense-32-s0	scale	AugmentedLagrangianIteration(10,100,1e-7,0.024920671924783318,0.019893084228938814,29,31,30,30,Some(Converged),true,0)
INNER	equality-dense-32-s0	scale	AugmentedLagrangianIteration(11,100,1e-7,0.019893084228938814,0.07315037852422643,22,25,24,24,Some(Converged),true,0)
INNER	equality-dense-32-s0	scale	AugmentedLagrangianIteration(12,100,1e-7,0.07315037852422643,0.017482608515669,12,14,13,13,Some(Converged),true,0)
INNER	equality-dense-32-s0	scale	AugmentedLagrangianIteration(13,100,1e-7,0.017482608515669,0.020050510289074286,8,10,9,9,Some(Converged),true,0)
INNER	equality-dense-32-s0	scale	AugmentedLagrangianIteration(14,100,1e-7,0.020050510289074286,0.019592269808176705,3,5,4,4,Some(Converged),true,0)
ALM	scale	equality-dense-32-s1	0	4.730625	Converged	1.3337422205696765	14	415	894	447	447	3.382985752642398e-9	3.382985752642398e-9	9.533412637097172e-8	0	100	0.05960086212398096,0.27961172826716,0.24254889548050826,-0.01751227329238504,-0.2614727536860306,-0.2650364063756485,-0.024926819717575713,0.23810036714360588,0.28221917745589087,0.06686698369015014,-0.2099623993815097,-0.29375331451173453,-0.10746878296126595,0.17762205361109806,0.29940799312953364,0.1459196035299819,-0.1417265981518485,-0.29907002075387373,-0.181449847026594,0.1029944780099781,0.2927461542694593,0.2133483661582663,-0.0622009259826024,-0.2805629735618798,-0.24097671669448062,0.020162422988851108,0.26276432499408436,0.2637819194530932,0.022279634658395518,-0.23970644234862618,-0.2813075204852874,-0.06427576038934465	0.5000000352678136,0.8333332982355313,1.1666667638477777,1.5000000338216826
INNER	equality-dense-32-s1	scale	AugmentedLagrangianIteration(1,10,0.01,1,0.06433481784275498,17,19,18,18,Some(Converged),true,0)
INNER	equality-dense-32-s1	scale	AugmentedLagrangianIteration(2,10,0.001,0.06433481784275498,0.06468251517819898,25,28,27,27,Some(Converged),true,0)
INNER	equality-dense-32-s1	scale	AugmentedLagrangianIteration(3,10,0.0001,0.06468251517819898,0.017771123651573337,33,37,36,36,Some(Converged),true,0)
INNER	equality-dense-32-s1	scale	AugmentedLagrangianIteration(4,10,0.00001,0.017771123651573337,0.03185322488157531,31,33,32,32,Some(Converged),true,0)
INNER	equality-dense-32-s1	scale	AugmentedLagrangianIteration(5,10,0.0000010000000000000002,0.03185322488157531,0.013854180054984828,40,43,42,42,Some(Converged),true,0)
INNER	equality-dense-32-s1	scale	AugmentedLagrangianIteration(6,10,1.0000000000000002e-7,0.013854180054984828,0.027691765950184275,42,46,45,45,Some(Converged),true,0)
INNER	equality-dense-32-s1	scale	AugmentedLagrangianIteration(7,100,1e-7,1,0.006991131144424436,60,67,66,66,Some(Converged),true,0)
INNER	equality-dense-32-s1	scale	AugmentedLagrangianIteration(8,100,1e-7,0.006991131144424436,0.03404845688520627,50,54,53,53,Some(Converged),true,0)
INNER	equality-dense-32-s1	scale	AugmentedLagrangianIteration(9,100,1e-7,0.03404845688520627,0.011799394147914036,39,44,43,43,Some(Converged),true,0)
INNER	equality-dense-32-s1	scale	AugmentedLagrangianIteration(10,100,1e-7,0.011799394147914036,0.02046877657904753,33,35,34,34,Some(Converged),true,0)
INNER	equality-dense-32-s1	scale	AugmentedLagrangianIteration(11,100,1e-7,0.02046877657904753,0.07413681616837162,22,25,24,24,Some(Converged),true,0)
INNER	equality-dense-32-s1	scale	AugmentedLagrangianIteration(12,100,1e-7,0.07413681616837162,0.017370438681046405,12,14,13,13,Some(Converged),true,0)
INNER	equality-dense-32-s1	scale	AugmentedLagrangianIteration(13,100,1e-7,0.017370438681046405,0.020029692687341945,8,10,9,9,Some(Converged),true,0)
INNER	equality-dense-32-s1	scale	AugmentedLagrangianIteration(14,100,1e-7,0.020029692687341945,0.019604316288314123,3,5,4,4,Some(Converged),true,0)
ALM	scale	equality-dense-128-s0	0	5.810667	Converged	3.6079429685537523	16	120	268	134	134	8.435016244506821e-9	8.435016244506821e-9	7.605963334156307e-8	0	10	0.059600850699275114,0.2796117691784303,0.24254895465465928,-0.01751222044185067,-0.2614727203585783,-0.26503639618405067,-0.02492683016288796,0.23810034145506792,0.28221914274595533,0.06686694545940941,-0.20996243742725346,-0.29375335017594356,-0.1074688144348102,0.17762202802029425,0.29940797418414433,0.14591959080995953,-0.14172660534979759,-0.29907002259125764,-0.18144984299209996,0.10299448839853595,0.29274617032734773,0.2133483861050547,-0.06220090388315784,-0.280562950453988,-0.24097669337684086,0.02016244568606831,0.26276434604736737,0.263781937812279,0.022279649440116584,-0.23970643192670849,-0.2813075148166076,-0.06427575927886676,0.21185083566184626,0.29320274829068804,0.10498540186869317,-0.17975504629113753,-0.2992295436905271,-0.1435937901226948,0.14406141934088068,0.29926721145473134,0.1793280971769267,-0.10548445383639951,-0.2933150939750563,-0.21147319676771412,0.06479617741958048,0.2814922427394047,0.23938563884928107,-0.02281101411634991,-0.2640353200894594,-0.2625067624065712,-0.019630688126317537,0.24129376150691234,0.28037385168218837,0.061679528066001965,-0.21372265693802744,-0.2926292051745472,-0.10249380118338727,0.18187393999779122,0.29902762680403544,0.1412566979164524,-0.14638498429840247,-0.29944098580195905,-0.17719232664268805,0.10796613792051185,0.2938610290822808,0.20958143995068892,-0.06738636480734121,-0.28239946332660004,-0.23777580455002958,0.025457825680025553,0.2652856422973322,0.2612110576507403,0.016980227268042467,-0.24286214832042383,-0.2794181857758513,-0.05907843122993803,0.2155777627544899,0.2920327596174778,0.0999941892458851,-0.18397857117129987,-0.29880227433225776,-0.13890853638015446,0.14869707780932237,0.29959129301367937,0.17504266345564268,-0.11043937572678916,-0.2943839550323112,-0.20767327753295503,0.06997125860143767,0.2832845459768288,0.23614733055168705,-0.028102650592176148,-0.26651518480599773,-0.25989488890967116,-0.014328433569867129,0.2444115136805143,0.2784406377998676,0.05647271845028451,-0.21741596329414695,-0.291413416617051,-0.09748672403140007,0.18606880801846243,0.2985535316286451,0.13654951141170166,-0.15099750267845108,-0.29971811099336704,-0.17287927106464293,0.1129039736872624,0.29488382703711286,0.20574885204470192,-0.0725506654506404,-0.28414743172459217,-0.2345003550465164,0.03074527174109187,0.2677238429502032,0.25855835327197474,0.011675511671873915,-0.24594173596003127,-0.2774412804583613,-0.05386258622880097,0.21923712590886868,0.29077123959292067,0.09497162008450188,-0.18814446593180129,-0.29828139511985996,-0.1341797831488816,0.15328610435503381,0.29982145585014	0.5000000212807291,0.6428571661937869,0.7857143211468947,0.928571386124972,1.0714286307615828,1.2142856764218466,1.3571428732147814,1.5000001206970506
INNER	equality-dense-128-s0	scale	AugmentedLagrangianIteration(1,10,0.01,1,0.11610957387878595,11,14,13,13,Some(Converged),true,0)
INNER	equality-dense-128-s0	scale	AugmentedLagrangianIteration(2,10,0.001,0.11610957387878595,0.13855788405368788,11,13,12,12,Some(Converged),true,0)
INNER	equality-dense-128-s0	scale	AugmentedLagrangianIteration(3,10,0.0001,0.13855788405368788,0.11212607185876372,11,13,12,12,Some(Converged),true,0)
INNER	equality-dense-128-s0	scale	AugmentedLagrangianIteration(4,10,0.00001,0.11212607185876372,0.12370722201923375,12,13,12,12,Some(Converged),true,0)
INNER	equality-dense-128-s0	scale	AugmentedLagrangianIteration(5,10,0.0000010000000000000002,0.12370722201923375,0.17099836143787941,12,14,13,13,Some(Converged),true,0)
INNER	equality-dense-128-s0	scale	AugmentedLagrangianIteration(6,10,1.0000000000000002e-7,0.17099836143787941,0.08803061574896241,14,18,17,17,Some(Converged),true,0)
INNER	equality-dense-128-s0	scale	AugmentedLagrangianIteration(7,10,1e-7,0.08803061574896241,0.4062400506019519,13,14,13,13,Some(Converged),true,0)
INNER	equality-dense-128-s0	scale	AugmentedLagrangianIteration(8,10,1e-7,0.4062400506019519,0.07450360046898527,10,12,11,11,Some(Converged),true,0)
INNER	equality-dense-128-s0	scale	AugmentedLagrangianIteration(9,10,1e-7,0.07450360046898527,0.34008901120836277,8,9,8,8,Some(Converged),true,0)
INNER	equality-dense-128-s0	scale	AugmentedLagrangianIteration(10,10,1e-7,0.34008901120836277,0.12213618873407923,5,7,6,6,Some(Converged),true,0)
INNER	equality-dense-128-s0	scale	AugmentedLagrangianIteration(11,10,1e-7,0.12213618873407923,0.1472279730266337,4,6,5,5,Some(Converged),true,0)
INNER	equality-dense-128-s0	scale	AugmentedLagrangianIteration(12,10,1e-7,0.1472279730266337,0.1771148582859754,3,5,4,4,Some(Converged),true,0)
INNER	equality-dense-128-s0	scale	AugmentedLagrangianIteration(13,10,1e-7,0.1771148582859754,0.10657455406164607,2,4,3,3,Some(Converged),true,0)
INNER	equality-dense-128-s0	scale	AugmentedLagrangianIteration(14,10,1e-7,0.10657455406164607,0.05444898970412953,2,3,2,2,Some(Converged),true,0)
INNER	equality-dense-128-s0	scale	AugmentedLagrangianIteration(15,10,1e-7,0.05444898970412953,0.05666546536491341,1,2,1,1,Some(Converged),true,0)
INNER	equality-dense-128-s0	scale	AugmentedLagrangianIteration(16,10,1e-7,0.05666546536491341,0.06017214260501099,1,2,1,1,Some(Converged),true,0)
ALM	scale	equality-dense-128-s1	0	5.467292	Converged	3.6079429625865824	16	117	258	129	129	8.47449425217528e-9	8.47449425217528e-9	8.909888016273015e-8	0	10	0.05960084902084989,0.2796117681883904,0.24254895443833904,-0.017512219860453523,-0.261472719013933,-0.2650363941625085,-0.024926827593130464,0.2381003444137001,0.2822191459163445,0.06686694865984068,-0.20996243437047543,-0.2937533474172095,-0.10746881209988314,0.1776220298411765,0.2994079754404529,0.14591959149224798,-0.14172660521124958,-0.29907002293028756,-0.18144984371260842,0.10299448741502189,0.2927461692130556,0.21334838499688022,-0.062200904852615445,-0.28056295116472574,-0.24097669372860916,0.020162445768132496,0.26276434660889963,0.26378193886778756,0.022279650973047457,-0.23970642996203692,-0.2813075124913975,-0.0642757566848524,0.21185083841841582,0.2932027510956964,0.10498540460702126,-0.17975504372893483,-0.2992295414021081,-0.14359378818870536,0.1440614208608884,0.2992672125250541,0.17932809778704356,-0.10548445367193104,-0.29331509421807433,-0.21147319735916012,0.06479617655591843,0.28149224169235515,0.23938563771523333,-0.022811015238734512,-0.26403532110448263,-0.2625067632264106,-0.01963068867537493,0.24129376128842436,0.28037385183557884,0.06167952861245225,-0.21372265599804796,-0.29262920386080676,-0.1024937995344178,0.18187394192706405,0.299027628945415,0.14125670019217315,-0.14638498197158897,-0.29944098350852033,-0.1771923244640779,0.10796613990985406,0.29386103081851395,0.20958144138357637,-0.06738636371213469,-0.2823994625860164,-0.23777580416298924,0.025457825732369096,0.2652856420504757,0.26121105715491033,0.016980226585564098,-0.24286214911834333,-0.27941818661277384,-0.059078432028108765,0.2155777620701503,0.29203275911549514,0.09999418898465784,-0.18397857114658897,-0.2988022739920822,-0.13890853571230066,0.14869707879898425,0.29959129430137016,0.17504266500080812,-0.1104393739794223,-0.29438395314984517,-0.20767327559073417,0.0699712605239298,0.28328454780037227,0.2361473322017881,-0.028102649181013448,-0.26651518368643706,-0.25989488811837325,-0.014328433125174492,0.24441151377989184,0.2784406375750791,0.05647271794145091,-0.21741596402989155,-0.29141341750848754,-0.0974867249969606,0.18606880706635567,0.298553530778879,0.13654951074966756,-0.15099750307550155,-0.2997181110605562,-0.1728792707530627,0.11290397440778337,0.294883828176216,0.20574885359077325,-0.07255066353008927,-0.2841474294814539,-0.23450035254960033,0.030745274409442722,0.26772384569822366,0.25855835600311305,0.011675514289719276,-0.24594173354678028,-0.2774412783311432,-0.053862584454903786,0.2192371272798983,0.2907712405319723,0.09497162058454507,-0.18814446585522376,-0.2982813954293282,-0.13417978378695314,0.1532861034629074,0.29982145479179656	0.5000000470283403,0.6428571985436253,0.785714330087839,0.9285713911696525,1.0714286328162113,1.2142856849160988,1.3571428728568977,1.5000001555596452
INNER	equality-dense-128-s1	scale	AugmentedLagrangianIteration(1,10,0.01,1,0.08100264925831772,10,12,11,11,Some(Converged),true,0)
INNER	equality-dense-128-s1	scale	AugmentedLagrangianIteration(2,10,0.001,0.08100264925831772,0.19431171919894613,10,11,10,10,Some(Converged),true,0)
INNER	equality-dense-128-s1	scale	AugmentedLagrangianIteration(3,10,0.0001,0.19431171919894613,0.1010819993699538,10,13,12,12,Some(Converged),true,0)
INNER	equality-dense-128-s1	scale	AugmentedLagrangianIteration(4,10,0.00001,0.1010819993699538,0.08121168840710531,11,12,11,11,Some(Converged),true,0)
INNER	equality-dense-128-s1	scale	AugmentedLagrangianIteration(5,10,0.0000010000000000000002,0.08121168840710531,0.31262723633318856,13,14,13,13,Some(Converged),true,0)
INNER	equality-dense-128-s1	scale	AugmentedLagrangianIteration(6,10,1.0000000000000002e-7,0.31262723633318856,0.08840482029385073,14,18,17,17,Some(Converged),true,0)
INNER	equality-dense-128-s1	scale	AugmentedLagrangianIteration(7,10,1e-7,0.08840482029385073,0.39797296915787195,13,14,13,13,Some(Converged),true,0)
INNER	equality-dense-128-s1	scale	AugmentedLagrangianIteration(8,10,1e-7,0.39797296915787195,0.0740419584709039,10,12,11,11,Some(Converged),true,0)
INNER	equality-dense-128-s1	scale	AugmentedLagrangianIteration(9,10,1e-7,0.0740419584709039,0.3433006946645015,8,9,8,8,Some(Converged),true,0)
INNER	equality-dense-128-s1	scale	AugmentedLagrangianIteration(10,10,1e-7,0.3433006946645015,0.1546186278693958,6,8,7,7,Some(Converged),true,0)
INNER	equality-dense-128-s1	scale	AugmentedLagrangianIteration(11,10,1e-7,0.1546186278693958,0.144447645550531,4,6,5,5,Some(Converged),true,0)
INNER	equality-dense-128-s1	scale	AugmentedLagrangianIteration(12,10,1e-7,0.144447645550531,0.15766116677649814,4,6,5,5,Some(Converged),true,0)
INNER	equality-dense-128-s1	scale	AugmentedLagrangianIteration(13,10,1e-7,0.15766116677649814,0.05463234438160511,1,3,2,2,Some(Converged),true,0)
INNER	equality-dense-128-s1	scale	AugmentedLagrangianIteration(14,10,1e-7,0.05463234438160511,0.05603150121437472,1,2,1,1,Some(Converged),true,0)
INNER	equality-dense-128-s1	scale	AugmentedLagrangianIteration(15,10,1e-7,0.05603150121437472,0.05780871944344711,1,2,1,1,Some(Converged),true,0)
INNER	equality-dense-128-s1	scale	AugmentedLagrangianIteration(16,10,1e-7,0.05780871944344711,0.06550806028461076,1,2,1,1,Some(Converged),true,0)
ALM	scale	mixed-box-3-s0	0	1.587167	Converged	2.500000014921313	12	42	110	55	55	3.5193489233975583e-9	3.5193489233975583e-9	6.752426617850915e-9	7.882615446976851e-9	10	0.9999999925393434,3.941307717779931e-9,0	2.00000000070823,2.0000000028967513,0
INNER	mixed-box-3-s0	scale	AugmentedLagrangianIteration(1,10,0.01,1,0.05213694765800984,6,12,11,11,Some(Converged),true,0)
INNER	mixed-box-3-s0	scale	AugmentedLagrangianIteration(2,10,0.001,0.05213694765800984,0.05129999003915021,5,6,5,5,Some(Converged),true,0)
INNER	mixed-box-3-s0	scale	AugmentedLagrangianIteration(3,10,0.0001,0.05129999003915021,0.19394668651606994,5,6,5,5,Some(Converged),true,0)
INNER	mixed-box-3-s0	scale	AugmentedLagrangianIteration(4,10,0.00001,0.19394668651606994,0.14633389132200733,4,6,5,5,Some(Converged),true,0)
INNER	mixed-box-3-s0	scale	AugmentedLagrangianIteration(5,10,0.0000010000000000000002,0.14633389132200733,0.19330279268329562,4,6,5,5,Some(Converged),true,0)
INNER	mixed-box-3-s0	scale	AugmentedLagrangianIteration(6,10,1.0000000000000002e-7,0.19330279268329562,0.19747217010462015,4,6,5,5,Some(Converged),true,0)
INNER	mixed-box-3-s0	scale	AugmentedLagrangianIteration(7,10,1e-7,0.19747217010462015,0.036813815290315625,3,5,4,4,Some(Converged),true,0)
INNER	mixed-box-3-s0	scale	AugmentedLagrangianIteration(8,10,1e-7,0.036813815290315625,0.20748323280571682,2,3,2,2,Some(Converged),true,0)
INNER	mixed-box-3-s0	scale	AugmentedLagrangianIteration(9,10,1e-7,0.20748323280571682,0.03680255733777359,2,4,3,3,Some(Converged),true,0)
INNER	mixed-box-3-s0	scale	AugmentedLagrangianIteration(10,10,1e-7,0.03680255733777359,0.18406389726313524,4,6,5,5,Some(Converged),true,0)
INNER	mixed-box-3-s0	scale	AugmentedLagrangianIteration(11,10,1e-7,0.18406389726313524,0.2074129265040522,1,2,1,1,Some(Converged),true,0)
INNER	mixed-box-3-s0	scale	AugmentedLagrangianIteration(12,10,1e-7,0.2074129265040522,0.03730188501279845,2,4,3,3,Some(Converged),true,0)
ALM	scale	mixed-box-3-s1	0	1.289042	Converged	2.5000000113693783	12	42	108	54	54	7.657088740842255e-9	7.657088740842255e-9	9.757419872080675e-8	3.9447990015924264e-9	10	0.9999999943153107,-1.9723994602686617e-9,0	1.9999999454928696,2.000000041094669,0
INNER	mixed-box-3-s1	scale	AugmentedLagrangianIteration(1,10,0.01,1,0.03872747287563487,7,13,12,12,Some(Converged),true,0)
INNER	mixed-box-3-s1	scale	AugmentedLagrangianIteration(2,10,0.001,0.03872747287563487,0.0484681800409847,5,6,5,5,Some(Converged),true,0)
INNER	mixed-box-3-s1	scale	AugmentedLagrangianIteration(3,10,0.0001,0.0484681800409847,0.1929605716396119,5,6,5,5,Some(Converged),true,0)
INNER	mixed-box-3-s1	scale	AugmentedLagrangianIteration(4,10,0.00001,0.1929605716396119,0.14223575526550503,4,6,5,5,Some(Converged),true,0)
INNER	mixed-box-3-s1	scale	AugmentedLagrangianIteration(5,10,0.0000010000000000000002,0.14223575526550503,0.19470578473020156,4,6,5,5,Some(Converged),true,0)
INNER	mixed-box-3-s1	scale	AugmentedLagrangianIteration(6,10,1.0000000000000002e-7,0.19470578473020156,0.19520663438008945,4,6,5,5,Some(Converged),true,0)
INNER	mixed-box-3-s1	scale	AugmentedLagrangianIteration(7,10,1e-7,0.19520663438008945,0.03680644442344136,3,5,4,4,Some(Converged),true,0)
INNER	mixed-box-3-s1	scale	AugmentedLagrangianIteration(8,10,1e-7,0.03680644442344136,0.20748330674112872,2,3,2,2,Some(Converged),true,0)
INNER	mixed-box-3-s1	scale	AugmentedLagrangianIteration(9,10,1e-7,0.20748330674112872,0.03679958635368201,2,4,3,3,Some(Converged),true,0)
INNER	mixed-box-3-s1	scale	AugmentedLagrangianIteration(10,10,1e-7,0.03679958635368201,0.1882693213713819,4,6,5,5,Some(Converged),true,0)
INNER	mixed-box-3-s1	scale	AugmentedLagrangianIteration(11,10,1e-7,0.1882693213713819,0.20742848288451937,1,2,1,1,Some(Converged),true,0)
INNER	mixed-box-3-s1	scale	AugmentedLagrangianIteration(12,10,1e-7,0.20742848288451937,0.18526478205307303,1,2,1,1,Some(Converged),true,0)
ALM	scale	ball-8-s0	0	0.204875	Converged	1.9524761847579615	7	13	52	26	26	7.329694629021333e-9	7.329694629021333e-9	1.1401990462900358e-12	7.2420872810019825e-9	10	0.16800537687377579,0.216006913123426,0.26400844937307627,0.3120099856227265,0.3600115218723768,0.40801305812202693,0.4560145943716772,0.5040161306213274	0.9880476128333537
INNER	ball-8-s0	scale	AugmentedLagrangianIteration(1,10,0.01,1,0.021470827809559896,5,18,17,17,Some(Converged),true,0)
INNER	ball-8-s0	scale	AugmentedLagrangianIteration(2,10,0.001,0.021470827809559896,0.02311974956363538,2,3,2,2,Some(Converged),true,0)
INNER	ball-8-s0	scale	AugmentedLagrangianIteration(3,10,0.0001,0.02311974956363538,0.023261496588815444,2,3,2,2,Some(Converged),true,0)
INNER	ball-8-s0	scale	AugmentedLagrangianIteration(4,10,0.00001,0.023261496588815444,0.023263144942276704,1,2,1,1,Some(Converged),true,0)
INNER	ball-8-s0	scale	AugmentedLagrangianIteration(5,10,0.0000010000000000000002,0.023263144942276704,0.023268361969867365,1,2,1,1,Some(Converged),true,0)
INNER	ball-8-s0	scale	AugmentedLagrangianIteration(6,10,1.0000000000000002e-7,0.023268361969867365,0.02326872308904385,1,2,1,1,Some(Converged),true,0)
INNER	ball-8-s0	scale	AugmentedLagrangianIteration(7,10,1e-7,0.02326872308904385,0.023268747886773525,1,2,1,1,Some(Converged),true,0)
ALM	scale	ball-8-s1	0	0.234375	Converged	1.952476185102233	7	22	72	36	36	6.981260902705344e-9	6.981260902705344e-9	6.681687469978215e-8	6.897818171280581e-9	10	0.16800538448869443,0.21600693345351518,0.26400846272038214,0.31200997848555306,0.36001149935868326,0.4080130392531931,0.45601459459433524,0.5040161476057986	0.9880476130905769
INNER	ball-8-s1	scale	AugmentedLagrangianIteration(1,10,0.01,1,0.02356615463992933,8,19,18,18,Some(Converged),true,0)
INNER	ball-8-s1	scale	AugmentedLagrangianIteration(2,10,0.001,0.02356615463992933,0.0683630069943534,6,7,6,6,Some(Converged),true,0)
INNER	ball-8-s1	scale	AugmentedLagrangianIteration(3,10,0.0001,0.0683630069943534,0.02329860728134717,2,4,3,3,Some(Converged),true,0)
INNER	ball-8-s1	scale	AugmentedLagrangianIteration(4,10,0.00001,0.02329860728134717,0.33570687857663983,3,5,4,4,Some(Converged),true,0)
INNER	ball-8-s1	scale	AugmentedLagrangianIteration(5,10,0.0000010000000000000002,0.33570687857663983,0.023268387196037063,1,3,2,2,Some(Converged),true,0)
INNER	ball-8-s1	scale	AugmentedLagrangianIteration(6,10,1.0000000000000002e-7,0.023268387196037063,0.02326876830175153,1,2,1,1,Some(Converged),true,0)
INNER	ball-8-s1	scale	AugmentedLagrangianIteration(7,10,1e-7,0.02326876830175153,0.023275691799185694,1,2,1,1,Some(Converged),true,0)
ALM	scale	ball-64-s0	0	1.073708	Converged	26.914498087480098	13	19	56	28	28	0	0	4.1722181265413383e-13	1.6187485747666137e-9	100	0.05997487292267664,0.061878837142444146,0.06378280136221166,0.06568676558197918,0.06759072980174669,0.06949469402151418,0.0713986582412817,0.07330262246104922,0.07520658668081674,0.07711055090058423,0.07901451512035175,0.08091847934011927,0.08282244355988679,0.08472640777965429,0.08663037199942179,0.08853433621918931,0.09043830043895681,0.09234226465872435,0.09424622887849185,0.0961501930982594,0.09805415731802689,0.09995812153779439,0.10186208575756191,0.10376604997732942,0.10567001419709693,0.10757397841686445,0.10947794263663196,0.11138190685639947,0.11328587107616699,0.11518983529593449,0.11709379951570201,0.11899776373546953,0.12090172795523703,0.12280569217500453,0.12470965639477205,0.12661362061453957,0.12851758483430709,0.13042154905407458,0.1323255132738421,0.13422947749360958,0.13613344171337716,0.13803740593314462,0.13994137015291216,0.14184533437267968,0.1437492985924472,0.1456532628122147,0.1475572270319822,0.14946119125174975,0.15136515547151724,0.1532691196912847,0.15517308391105225,0.15707704813081977,0.1589810123505873,0.16088497657035478,0.1627889407901223,0.1646929050098898,0.1665968692296573,0.16850083344942482,0.17040479766919234,0.17230876188895985,0.17421272610872734,0.17611669032849486,0.1780206545482624,0.1799246187680299	3.668412333649229
INNER	ball-64-s0	scale	AugmentedLagrangianIteration(1,10,0.01,1,0.016784150618948824,3,11,10,10,Some(Converged),true,0)
INNER	ball-64-s0	scale	AugmentedLagrangianIteration(2,10,0.001,0.016784150618948824,0.02001928498135676,3,4,3,3,Some(Converged),true,0)
INNER	ball-64-s0	scale	AugmentedLagrangianIteration(3,10,0.0001,0.02001928498135676,0.020573421640693836,2,3,2,2,Some(Converged),true,0)
INNER	ball-64-s0	scale	AugmentedLagrangianIteration(4,10,0.00001,0.020573421640693836,0.02066879518899219,2,3,2,2,Some(Converged),true,0)
INNER	ball-64-s0	scale	AugmentedLagrangianIteration(5,10,0.0000010000000000000002,0.02066879518899219,0.020671460492816894,1,2,1,1,Some(Converged),true,0)
INNER	ball-64-s0	scale	AugmentedLagrangianIteration(6,10,1.0000000000000002e-7,0.020671460492816894,0.020687587093221455,2,3,2,2,Some(Converged),true,0)
INNER	ball-64-s0	scale	AugmentedLagrangianIteration(7,10,1e-7,0.020687587093221455,0.020687665656394204,1,2,1,1,Some(Converged),true,0)
INNER	ball-64-s0	scale	AugmentedLagrangianIteration(8,10,1e-7,0.020687665656394204,0.020688075378706136,1,2,1,1,Some(Converged),true,0)
INNER	ball-64-s0	scale	AugmentedLagrangianIteration(9,10,1e-7,0.020688075378706136,0.020688146040924504,1,2,1,1,Some(Converged),true,0)
INNER	ball-64-s0	scale	AugmentedLagrangianIteration(10,10,1e-7,0.020688146040924504,0.020688158280548277,1,2,1,1,Some(Converged),true,0)
INNER	ball-64-s0	scale	AugmentedLagrangianIteration(11,10,1e-7,0.020688158280548277,0.02068816023589155,1,2,1,1,Some(Converged),true,0)
INNER	ball-64-s0	scale	AugmentedLagrangianIteration(12,10,1e-7,0.02068816023589155,0.02068816023589155,0,1,0,0,Some(Converged),true,0)
INNER	ball-64-s0	scale	AugmentedLagrangianIteration(13,100,1e-7,1,0.0024489586024627422,1,3,2,2,Some(Converged),true,0)
ALM	scale	ball-64-s1	0	0.994708	Converged	26.914498087475533	13	33	98	49	49	0	0	2.2987023395870665e-10	1.6141712044803928e-9	100	0.059974872911974265,0.06187883711537374,0.06378280134365362,0.06568676558898738,0.06759072982786933,0.06949469404272546,0.07139865823807107,0.07330262243635925,0.07520658665733779,0.07711055089989298,0.07901451514307374,0.08091847936535375,0.0828224435644228,0.08472640775931069,0.08663037197289143,0.08853433621085283,0.09043830045646727,0.09234226468597097,0.09424622889041227,0.09615019308388177,0.09805415729055748,0.0999581215224757,0.1018620857684649,0.10376605000441669,0.10567001421545111,0.10757397840959705,0.10947794261041066,0.11138190683531779,0.11328587107959286,0.11518983532070351,0.11709379953902668,0.11899776373589006,0.12090172793235138,0.12280569214983793,0.12470965639044664,0.12661362063501597,0.1285175848607429,0.13042154906214826,0.1323255132561138,0.13422947746636152,0.13613344170164357,0.1380374059476958,0.1399413701803518,0.14184533438776178,0.14374929858128696,0.14565326278505414,0.1475572270137737,0.14946119125921492,0.15136515549777335,0.1532691197121723,0.1551730839073475,0.15707704810590864,0.15898101232735265,0.16088497657013778,0.1627889408131016,0.1646929050349172,0.16659686923370143,0.16850083342874586,0.17040479764278058,0.1723087618810761,0.17421272612659752,0.17611669035566663,0.17802065455973132,0.17992461875322838	3.6684123336459895
INNER	ball-64-s1	scale	AugmentedLagrangianIteration(1,10,0.01,1,0.019711599983152344,13,26,25,25,Some(Converged),true,0)
INNER	ball-64-s1	scale	AugmentedLagrangianIteration(2,10,0.001,0.019711599983152344,0.02008759637437372,3,4,3,3,Some(Converged),true,0)
INNER	ball-64-s1	scale	AugmentedLagrangianIteration(3,10,0.0001,0.02008759637437372,0.02080434483449703,2,3,2,2,Some(Converged),true,0)
INNER	ball-64-s1	scale	AugmentedLagrangianIteration(4,10,0.00001,0.02080434483449703,0.11889578206135093,4,5,4,4,Some(Converged),true,0)
INNER	ball-64-s1	scale	AugmentedLagrangianIteration(5,10,0.0000010000000000000002,0.11889578206135093,0.02068601797058871,2,4,3,3,Some(Converged),true,0)
INNER	ball-64-s1	scale	AugmentedLagrangianIteration(6,10,1.0000000000000002e-7,0.02068601797058871,0.1198739912296974,3,4,3,3,Some(Converged),true,0)
INNER	ball-64-s1	scale	AugmentedLagrangianIteration(7,10,1e-7,0.1198739912296974,0.020687668112204842,1,3,2,2,Some(Converged),true,0)
INNER	ball-64-s1	scale	AugmentedLagrangianIteration(8,10,1e-7,0.020687668112204842,0.02068807584058871,1,2,1,1,Some(Converged),true,0)
INNER	ball-64-s1	scale	AugmentedLagrangianIteration(9,10,1e-7,0.02068807584058871,0.020688146122809455,1,2,1,1,Some(Converged),true,0)
INNER	ball-64-s1	scale	AugmentedLagrangianIteration(10,10,1e-7,0.020688146122809455,0.020688158948023023,1,2,1,1,Some(Converged),true,0)
INNER	ball-64-s1	scale	AugmentedLagrangianIteration(11,10,1e-7,0.020688158948023023,0.020688177627214824,1,2,1,1,Some(Converged),true,0)
INNER	ball-64-s1	scale	AugmentedLagrangianIteration(12,10,1e-7,0.020688177627214824,0.020688177627214824,0,1,0,0,Some(Converged),true,0)
INNER	ball-64-s1	scale	AugmentedLagrangianIteration(13,100,1e-7,1,0.0024489587866589843,1,3,2,2,Some(Converged),true,1)
ALM	scale	parabola-2-s0	0	0.375541	Converged	0.41241685260888394	6	30	94	47	47	1.1822467449462692e-9	1.1822467449462692e-9	5.196969521392703e-10	0	100	1.1653730434478264,1.3580943292126029	-0.3580943294357386
INNER	parabola-2-s0	scale	AugmentedLagrangianIteration(1,10,0.01,1,0.47066564510804915,8,15,14,14,Some(Converged),true,0)
INNER	parabola-2-s0	scale	AugmentedLagrangianIteration(2,10,0.001,0.47066564510804915,0.01686915161440209,9,11,10,10,Some(Converged),true,0)
INNER	parabola-2-s0	scale	AugmentedLagrangianIteration(3,10,0.0001,0.01686915161440209,0.015169010439788843,2,3,2,2,Some(Converged),true,0)
INNER	parabola-2-s0	scale	AugmentedLagrangianIteration(4,10,0.00001,0.015169010439788843,0.017637400886350716,5,8,7,7,Some(Converged),true,0)
INNER	parabola-2-s0	scale	AugmentedLagrangianIteration(5,10,0.0000010000000000000002,0.017637400886350716,0.015174798852507705,2,3,2,2,Some(Converged),true,0)
INNER	parabola-2-s0	scale	AugmentedLagrangianIteration(6,100,1.0000000000000002e-7,1,0.0016174981041069184,4,12,11,11,Some(Converged),true,1)
ALM	scale	parabola-2-s1	0	0.209125	Converged	0.41241685206853995	6	32	90	45	45	2.6911897155201814e-9	2.6911897155201814e-9	9.35155307635327e-8	0	10	1.1653730420503572,1.3580943244465138	-0.35809437036433023
INNER	parabola-2-s1	scale	AugmentedLagrangianIteration(1,10,0.01,1,0.05582822895547571,12,20,19,19,Some(Converged),true,0)
INNER	parabola-2-s1	scale	AugmentedLagrangianIteration(2,10,0.001,0.05582822895547571,0.023967601454841034,6,9,8,8,Some(Converged),true,0)
INNER	parabola-2-s1	scale	AugmentedLagrangianIteration(3,10,0.0001,0.023967601454841034,0.01517197595610516,2,3,2,2,Some(Converged),true,0)
INNER	parabola-2-s1	scale	AugmentedLagrangianIteration(4,10,0.00001,0.01517197595610516,0.015237083993138112,6,8,7,7,Some(Converged),true,0)
INNER	parabola-2-s1	scale	AugmentedLagrangianIteration(5,10,0.0000010000000000000002,0.015237083993138112,0.015167882580096709,1,2,1,1,Some(Converged),true,0)
INNER	parabola-2-s1	scale	AugmentedLagrangianIteration(6,10,1.0000000000000002e-7,0.015167882580096709,0.019497865411387618,5,8,7,7,Some(Converged),true,0)
ALM	scale	parabola-16-s0	0	0.464875	Converged	3.299334820871071	6	30	94	47	47	1.1822467449462692e-9	1.1822467449462692e-9	5.196969521392703e-10	0	100	1.1653730434478264,1.3580943292126029,1.1653730434478264,1.3580943292126029,1.1653730434478264,1.3580943292126029,1.1653730434478264,1.3580943292126029,1.1653730434478264,1.3580943292126029,1.1653730434478264,1.3580943292126029,1.1653730434478264,1.3580943292126029,1.1653730434478264,1.3580943292126029	-0.3580943294357386,-0.3580943294357386,-0.3580943294357386,-0.3580943294357386,-0.3580943294357386,-0.3580943294357386,-0.3580943294357386,-0.3580943294357386
INNER	parabola-16-s0	scale	AugmentedLagrangianIteration(1,10,0.01,1,0.4706656451099149,8,15,14,14,Some(Converged),true,0)
INNER	parabola-16-s0	scale	AugmentedLagrangianIteration(2,10,0.001,0.4706656451099149,0.016869151614366147,9,11,10,10,Some(Converged),true,0)
INNER	parabola-16-s0	scale	AugmentedLagrangianIteration(3,10,0.0001,0.016869151614366147,0.015169010439798285,2,3,2,2,Some(Converged),true,0)
INNER	parabola-16-s0	scale	AugmentedLagrangianIteration(4,10,0.00001,0.015169010439798285,0.017637400886350716,5,8,7,7,Some(Converged),true,0)
INNER	parabola-16-s0	scale	AugmentedLagrangianIteration(5,10,0.0000010000000000000002,0.017637400886350716,0.015174798852507708,2,3,2,2,Some(Converged),true,0)
INNER	parabola-16-s0	scale	AugmentedLagrangianIteration(6,100,1.0000000000000002e-7,1,0.001617498104106918,4,12,11,11,Some(Converged),true,0)
ALM	scale	parabola-16-s1	0	0.521959	Converged	3.299334818991845	6	48	112	56	56	2.5544117931985966e-9	2.5544117931985966e-9	8.830099429424365e-9	0	10	1.165373043209232,1.3580943272843347,1.1653730431950065,1.3580943275519628,1.1653730431433196,1.3580943288945595,1.1653730432339602,1.3580943280995807,1.1653730432605272,1.358094327713862,1.1653730430753608,1.3580943286238072,1.1653730431451192,1.358094328036751,1.1653730432388973,1.358094327397389	-0.35809432796159113,-0.3580943280382143,-0.3580943277534887,-0.35809432588513657,-0.35809432556214826,-0.35809433046096073,-0.3580943289956684,-0.35809432677487374
INNER	parabola-16-s1	scale	AugmentedLagrangianIteration(1,10,0.01,1,0.03536868259387204,23,30,29,29,Some(Converged),true,0)
INNER	parabola-16-s1	scale	AugmentedLagrangianIteration(2,10,0.001,0.03536868259387204,0.016335566855730618,7,9,8,8,Some(Converged),true,0)
INNER	parabola-16-s1	scale	AugmentedLagrangianIteration(3,10,0.0001,0.016335566855730618,0.015168578453542787,2,3,2,2,Some(Converged),true,0)
INNER	parabola-16-s1	scale	AugmentedLagrangianIteration(4,10,0.00001,0.015168578453542787,0.018408876513983586,7,8,7,7,Some(Converged),true,0)
INNER	parabola-16-s1	scale	AugmentedLagrangianIteration(5,10,0.0000010000000000000002,0.018408876513983586,0.015169830372200545,2,3,2,2,Some(Converged),true,0)
INNER	parabola-16-s1	scale	AugmentedLagrangianIteration(6,10,1.0000000000000002e-7,0.015169830372200545,0.016900125457267035,7,8,7,7,Some(Converged),true,0)
[success] Total time: 24 s, completed Oct 8, 2026, 11:53:29 a.m.
[info] Defining benchmarksJS / Compile / scalaJSMainModuleInitializer
[info] The new value will be used by benchmarksJS / Compile / scalaJSModuleInitializers
[info] Reapplying settings...
[info] set current project to gale (in build file:/Users/bbuchsbaum/code/scala/gale/)
[info] Full optimizing /Users/bbuchsbaum/code/scala/gale/benchmarks/js/target/scala-3.7.4/gale-benchmarks-js-opt
[info] Running gale.bench.OptimizationALMBench.
ALM	combined	equality-diagonal-8-s0	0	0.380833	Converged	0.05923760147597909	11	49	120	60	60	5.1904978093375576e-9	5.1904978093375576e-9	3.309041038401794e-8	0	10	0.0596008232331801,0.279611704648643,0.24254890725848055,-0.017512247242021575,-0.2614727287823979,-0.26503639180133093,-0.024926816431083246,0.2381003599948674	0.4999999968193847
INNER	equality-diagonal-8-s0	combined	AugmentedLagrangianIteration(1,10,0.01,1,0.38588094186222466,7,9,8,8,Some(Converged),true,0)
INNER	equality-diagonal-8-s0	combined	AugmentedLagrangianIteration(2,10,0.004166754437816486,0.38588094186222466,0.1848323674436647,4,6,5,5,Some(Converged),true,0)
INNER	equality-diagonal-8-s0	combined	AugmentedLagrangianIteration(3,10,0.0006937368934637922,0.1848323674436647,0.3026717946500613,6,8,7,7,Some(Converged),true,0)
INNER	equality-diagonal-8-s0	combined	AugmentedLagrangianIteration(4,10,0.00011507253543162344,0.3026717946500613,0.398125807131334,5,7,6,6,Some(Converged),true,0)
INNER	equality-diagonal-8-s0	combined	AugmentedLagrangianIteration(5,10,0.00002018813034302125,0.398125807131334,0.4217417947790046,5,7,6,6,Some(Converged),true,0)
INNER	equality-diagonal-8-s0	combined	AugmentedLagrangianIteration(6,10,0.0000034155224439946788,0.4217417947790046,0.4433201560480821,5,7,6,6,Some(Converged),true,0)
INNER	equality-diagonal-8-s0	combined	AugmentedLagrangianIteration(7,10,6.721611958859786e-7,0.4433201560480821,0.5452433202395065,5,7,6,6,Some(Converged),true,0)
INNER	equality-diagonal-8-s0	combined	AugmentedLagrangianIteration(8,10,1.3066673840711473e-7,0.5452433202395065,0.4402722277466303,5,7,6,6,Some(Converged),true,0)
INNER	equality-diagonal-8-s0	combined	AugmentedLagrangianIteration(9,10,1e-7,0.4402722277466303,0.22338498780395719,3,5,4,4,Some(Converged),true,0)
INNER	equality-diagonal-8-s0	combined	AugmentedLagrangianIteration(10,10,1e-7,0.22338498780395719,0.20739151274458736,2,4,3,3,Some(Converged),true,0)
INNER	equality-diagonal-8-s0	combined	AugmentedLagrangianIteration(11,10,1e-7,0.20739151274458736,0.0720988735944451,2,3,2,2,Some(Converged),true,0)
ALM	combined	equality-diagonal-8-s1	0	0.33475	Converged	0.05923759634366577	11	46	116	58	58	5.074130948745648e-9	5.074130948745648e-9	9.508845405514776e-8	0	10	0.059600844125332515,0.27961171701429727,0.24254891246535523,-0.017512248020398188,-0.2614727271114056,-0.2650363887546274,-0.024926813338941593,0.23810036855370373	0.5000001023702964
INNER	equality-diagonal-8-s1	combined	AugmentedLagrangianIteration(1,10,0.01,1,0.45441593029183547,5,7,6,6,Some(Converged),true,0)
INNER	equality-diagonal-8-s1	combined	AugmentedLagrangianIteration(2,10,0.004141784557623543,0.45441593029183547,0.40324733899723925,5,7,6,6,Some(Converged),true,0)
INNER	equality-diagonal-8-s1	combined	AugmentedLagrangianIteration(3,10,0.0007063711975048431,0.40324733899723925,0.4230710435389588,5,7,6,6,Some(Converged),true,0)
INNER	equality-diagonal-8-s1	combined	AugmentedLagrangianIteration(4,10,0.00012245389204285084,0.4230710435389588,0.16167020106519905,6,9,8,8,Some(Converged),true,0)
INNER	equality-diagonal-8-s1	combined	AugmentedLagrangianIteration(5,10,0.000023973828213863514,0.16167020106519905,0.17437229221629622,4,6,5,5,Some(Converged),true,0)
INNER	equality-diagonal-8-s1	combined	AugmentedLagrangianIteration(6,10,0.00000448994039710382,0.17437229221629622,0.30764566262896625,6,8,7,7,Some(Converged),true,0)
INNER	equality-diagonal-8-s1	combined	AugmentedLagrangianIteration(7,10,7.643427532705305e-7,0.30764566262896625,0.18145778850366856,4,6,5,5,Some(Converged),true,0)
INNER	equality-diagonal-8-s1	combined	AugmentedLagrangianIteration(8,10,1.3467139644285364e-7,0.18145778850366856,0.29828663954300555,6,8,7,7,Some(Converged),true,0)
INNER	equality-diagonal-8-s1	combined	AugmentedLagrangianIteration(9,10,1e-7,0.29828663954300555,0.24100568604532963,3,5,4,4,Some(Converged),true,0)
INNER	equality-diagonal-8-s1	combined	AugmentedLagrangianIteration(10,10,1e-7,0.24100568604532963,0.06409795112220493,1,3,2,2,Some(Converged),true,0)
INNER	equality-diagonal-8-s1	combined	AugmentedLagrangianIteration(11,10,1e-7,0.06409795112220493,0.09460594529953352,1,2,1,1,Some(Converged),true,0)
ALM	combined	equality-dense-32-s0	0	2.726708	Converged	1.3337422188952321	14	230	498	249	249	3.103676121662957e-9	3.103676121662957e-9	8.467122092348234e-8	0	100	0.05960085089333829,0.2796117213497914,0.24254890238497895,-0.017512262704480964,-0.261472746602096,-0.2650364044486696,-0.02492682146104098,0.23810036369994372,0.2822191739589208,0.06686698130313841,-0.20996240047736675,-0.2937533149453862,-0.10746878336278651,0.1776220530970231,0.29940799279382774,0.14591960346114047,-0.14172659833840628,-0.29907002140465544,-0.18144984781815313,0.10299447786672812,0.2927461547492241,0.2133483663479196,-0.06220092643969357,-0.28056297444135453,-0.24097671786620126,0.020162421654457488,0.2627643238077532,0.26378191870910267,0.022279634373448258,-0.23970644252271975,-0.28130752081040106,-0.06427576064443678	0.5000000528495152,0.8333332546638513,1.1666668246892633,1.500000010010083
INNER	equality-dense-32-s0	combined	AugmentedLagrangianIteration(1,10,0.01,1,0.02314947237973145,26,29,28,28,Some(Converged),true,0)
INNER	equality-dense-32-s0	combined	AugmentedLagrangianIteration(2,10,0.01,0.02314947237973145,0.03878749318220038,14,15,14,14,Some(Converged),true,0)
INNER	equality-dense-32-s0	combined	AugmentedLagrangianIteration(3,10,0.0024315324521719003,0.03878749318220038,0.04353929455402312,14,15,14,14,Some(Converged),true,0)
INNER	equality-dense-32-s0	combined	AugmentedLagrangianIteration(4,10,0.0006817170692634358,0.04353929455402312,0.024466759496890155,16,18,17,17,Some(Converged),true,0)
INNER	equality-dense-32-s0	combined	AugmentedLagrangianIteration(5,10,0.000258540826367281,0.024466759496890155,0.03952539167028704,15,17,16,16,Some(Converged),true,0)
INNER	equality-dense-32-s0	combined	AugmentedLagrangianIteration(6,10,0.0001175814036968273,0.03952539167028704,0.015071981009768321,14,15,14,14,Some(Converged),true,0)
INNER	equality-dense-32-s0	combined	AugmentedLagrangianIteration(7,100,0.00006156716592682632,1,0.06599317307213959,22,25,24,24,Some(Converged),true,0)
INNER	equality-dense-32-s0	combined	AugmentedLagrangianIteration(8,100,0.000013437425826559601,0.06599317307213959,0.013703401903306005,21,24,23,23,Some(Converged),true,0)
INNER	equality-dense-32-s0	combined	AugmentedLagrangianIteration(9,100,0.000002857399239900027,0.013703401903306005,0.021386668788662015,22,26,25,25,Some(Converged),true,0)
INNER	equality-dense-32-s0	combined	AugmentedLagrangianIteration(10,100,6.452899454750805e-7,0.021386668788662015,0.013886763203596053,20,22,21,21,Some(Converged),true,0)
INNER	equality-dense-32-s0	combined	AugmentedLagrangianIteration(11,100,1.448781689505907e-7,0.013886763203596053,0.025647251794590244,20,23,22,22,Some(Converged),true,0)
INNER	equality-dense-32-s0	combined	AugmentedLagrangianIteration(12,100,1e-7,0.025647251794590244,0.020408089638717392,16,19,18,18,Some(Converged),true,0)
INNER	equality-dense-32-s0	combined	AugmentedLagrangianIteration(13,100,1e-7,0.020408089638717392,0.04016720597160767,5,7,6,6,Some(Converged),true,0)
INNER	equality-dense-32-s0	combined	AugmentedLagrangianIteration(14,100,1e-7,0.04016720597160767,0.07989978045300276,5,7,6,6,Some(Converged),true,0)
ALM	combined	equality-dense-32-s1	0	3.474333	Converged	1.333742222198207	14	222	486	243	243	2.907524204037726e-9	2.907524204037726e-9	3.632802329789353e-8	0	100	0.05960083119916213,0.27961171302290894,0.2425489034159444,-0.017512253830741932,-0.26147273294562035,-0.2650363904390729,-0.024926811423758386,0.23810036712160307,0.28221917057832147,0.06686697320382258,-0.2099624098405735,-0.29375332233571017,-0.10746878723373765,0.17762205292245725,0.29940799607040075,0.14591960913114135,-0.14172659236373858,-0.2990700172122531,-0.18144984631558309,0.10299447722960382,0.29274615327628917,0.21334836487150652,-0.06220092785127902,-0.2805629755684089,-0.24097671822175099,0.020162422098150976,0.26276432458607063,0.2637819197292031,0.02227963566270782,-0.2397064416079527,-0.281307520224286,-0.06427576002220706	0.5000000058668526,0.8333332774896716,1.1666667860965694,1.4999998777313048
INNER	equality-dense-32-s1	combined	AugmentedLagrangianIteration(1,10,0.01,1,0.06433481784275498,17,19,18,18,Some(Converged),true,0)
INNER	equality-dense-32-s1	combined	AugmentedLagrangianIteration(2,10,0.01,0.06433481784275498,0.015515579710649319,15,17,16,16,Some(Converged),true,0)
INNER	equality-dense-32-s1	combined	AugmentedLagrangianIteration(3,10,0.0024488493963971654,0.015515579710649319,0.01581305607264192,17,19,18,18,Some(Converged),true,0)
INNER	equality-dense-32-s1	combined	AugmentedLagrangianIteration(4,10,0.000666543519856043,0.01581305607264192,0.02485594007118896,15,17,16,16,Some(Converged),true,0)
INNER	equality-dense-32-s1	combined	AugmentedLagrangianIteration(5,10,0.00024538049733493843,0.02485594007118896,0.018048387025744544,13,14,13,13,Some(Converged),true,0)
INNER	equality-dense-32-s1	combined	AugmentedLagrangianIteration(6,10,0.00011239716375164716,0.018048387025744544,0.01940558425324908,15,17,16,16,Some(Converged),true,0)
INNER	equality-dense-32-s1	combined	AugmentedLagrangianIteration(7,100,0.000060236543010603466,1,0.019994622063785345,21,25,24,24,Some(Converged),true,0)
INNER	equality-dense-32-s1	combined	AugmentedLagrangianIteration(8,100,0.000012827449513599931,0.019994622063785345,0.06635690081019145,21,24,23,23,Some(Converged),true,0)
INNER	equality-dense-32-s1	combined	AugmentedLagrangianIteration(9,100,0.000002822080169281871,0.06635690081019145,0.023236721314523905,22,26,25,25,Some(Converged),true,0)
INNER	equality-dense-32-s1	combined	AugmentedLagrangianIteration(10,100,6.226969459816046e-7,0.023236721314523905,0.02891102309147275,20,23,22,22,Some(Converged),true,0)
INNER	equality-dense-32-s1	combined	AugmentedLagrangianIteration(11,100,1.3976778604207763e-7,0.02891102309147275,0.017093891440296022,21,24,23,23,Some(Converged),true,0)
INNER	equality-dense-32-s1	combined	AugmentedLagrangianIteration(12,100,1e-7,0.017093891440296022,0.015042546375723456,12,14,13,13,Some(Converged),true,0)
INNER	equality-dense-32-s1	combined	AugmentedLagrangianIteration(13,100,1e-7,0.015042546375723456,0.03975094678727651,5,7,6,6,Some(Converged),true,0)
INNER	equality-dense-32-s1	combined	AugmentedLagrangianIteration(14,100,1e-7,0.03975094678727651,0.011045030032632701,8,10,9,9,Some(Converged),true,0)
ALM	combined	equality-dense-128-s0	0	4.050792	Converged	3.607942967058312	19	76	186	93	93	2.7336217317541767e-10	2.7336217317541767e-10	6.523679324521581e-8	0	100	0.05960085228447452,0.2796117509629006,0.2425489356513554,-0.017512234614155048,-0.2614727305719074,-0.26503640313024746,-0.024926833005101588,0.23810034361313542,0.282219149837954,0.06686695659819208,-0.20996242344687205,-0.29375333459970865,-0.10746879847669157,0.17762204322407615,0.29940798764082205,0.1459196017213436,-0.1417265975625716,-0.29907001827629337,-0.18144984226357389,0.10299448565014738,0.2927461644104213,0.2133483774922853,-0.06220091459434843,-0.28056296258410174,-0.24097670620834696,0.020162432865861328,0.2627643339071944,0.2637819269434154,0.022279640329727245,-0.23970643891457658,-0.2813075194520543,-0.06427576146931042,0.2118508358758545,0.29320275074617547,0.10498540629642411,-0.17975504024629024,-0.29922953644633443,-0.14359378213483898,0.1440614276036821,0.29926721953455193,0.17932810464836776,-0.10548444734746174,-0.29331508877640977,-0.21147319308986143,0.06479617943007694,0.28149224302227016,0.23938563742873298,-0.022811017137172325,-0.2640353245373124,-0.2625067680495824,-0.019630694687485375,0.24129375433491337,0.28037384422166917,0.061679520639104736,-0.2137226640236945,-0.2926292116389531,-0.10249380678530123,0.1818739354518144,0.29902762345317413,0.1412566958417549,-0.14638498507524825,-0.2994409853172842,-0.17719232498708948,0.10796614060806826,0.29386103262215446,0.20958144413166785,-0.06738636021794703,-0.2823994585723193,-0.23777579987450098,0.025457830043430007,0.2652856461351218,0.2612110607777935,0.016980229534656808,-0.24286214702316447,-0.27941818551256253,-0.0590784320193622,0.2155777609391071,0.2920327568461354,0.09999418562784922,-0.18397857549298094,-0.2988022791874702,-0.13890854157934793,0.14869707246694108,0.2995912877317481,0.17504265843239603,-0.11043938030628152,-0.29438395900312014,-0.2076732807562259,0.06997125623379276,0.28328454453881946,0.23614733008139124,-0.02810265009299429,-0.2665151833708428,-0.2598948866049446,-0.01432843049131446,0.24441151741235176,0.27844064204498076,0.056472723055067654,-0.21741595849073087,-0.2914134117772622,-0.09748671931271642,0.18606881246891704,0.29855353567903087,0.13654951494957235,-0.15099749974299864,-0.29971810872560456,-0.17287926950423396,0.11290397452612305,0.29488382716448897,0.2057488514927269,-0.072550666630796,-0.2841474334664267,-0.23450035727237814,0.030745269115564727,0.2677238400116067,0.25855835010484607,0.01167550835478625,-0.24594173935780747,-0.2774412838794822,-0.05386258962965102,0.2192371225572617,0.2907712363048753,0.09497161686054884,-0.18814446910324914,-0.2982813982601492,-0.13417978628622024,0.1532861011888348,0.2998214526230866	0.5000000115868065,0.6428571681625148,0.78571428154463,0.9285714373652054,1.0714285679323334,1.2142857251203876,1.357142845040635,1.500000059946399
INNER	equality-dense-128-s0	combined	AugmentedLagrangianIteration(1,10,0.01,1,0.11610957387878595,11,14,13,13,Some(Converged),true,0)
INNER	equality-dense-128-s0	combined	AugmentedLagrangianIteration(2,10,0.01,0.11610957387878595,0.20041343937106706,5,6,5,5,Some(Converged),true,0)
INNER	equality-dense-128-s0	combined	AugmentedLagrangianIteration(3,10,0.002017992021598429,0.20041343937106706,0.07135679645947268,5,8,7,7,Some(Converged),true,0)
INNER	equality-dense-128-s0	combined	AugmentedLagrangianIteration(4,10,0.00026236351017142127,0.07135679645947268,0.08925880394675785,6,8,7,7,Some(Converged),true,0)
INNER	equality-dense-128-s0	combined	AugmentedLagrangianIteration(5,10,0.000060660507305435736,0.08925880394675785,0.1323300438236409,6,7,6,6,Some(Converged),true,0)
INNER	equality-dense-128-s0	combined	AugmentedLagrangianIteration(6,10,0.000021958539270784673,0.1323300438236409,0.162787581406778,5,7,6,6,Some(Converged),true,0)
INNER	equality-dense-128-s0	combined	AugmentedLagrangianIteration(7,10,0.000009449173095003871,0.162787581406778,0.17050020351221246,5,7,6,6,Some(Converged),true,0)
INNER	equality-dense-128-s0	combined	AugmentedLagrangianIteration(8,10,0.000003829173895661398,0.17050020351221246,0.1624366125313797,4,6,5,5,Some(Converged),true,0)
INNER	equality-dense-128-s0	combined	AugmentedLagrangianIteration(9,10,0.0000016077450596986564,0.1624366125313797,0.2200883484221666,5,7,6,6,Some(Converged),true,0)
INNER	equality-dense-128-s0	combined	AugmentedLagrangianIteration(10,10,7.291556208776501e-7,0.2200883484221666,0.15287111212842083,4,6,5,5,Some(Converged),true,0)
INNER	equality-dense-128-s0	combined	AugmentedLagrangianIteration(11,10,3.101402389505542e-7,0.15287111212842083,0.2066894166613134,5,7,6,6,Some(Converged),true,0)
INNER	equality-dense-128-s0	combined	AugmentedLagrangianIteration(12,10,1.421170341138478e-7,0.2066894166613134,0.16138142870206343,4,6,5,5,Some(Converged),true,0)
INNER	equality-dense-128-s0	combined	AugmentedLagrangianIteration(13,10,1e-7,0.16138142870206343,0.1522990223297306,4,6,5,5,Some(Converged),true,0)
INNER	equality-dense-128-s0	combined	AugmentedLagrangianIteration(14,10,1e-7,0.1522990223297306,0.05449010703568092,1,3,2,2,Some(Converged),true,0)
INNER	equality-dense-128-s0	combined	AugmentedLagrangianIteration(15,10,1e-7,0.05449010703568092,0.19208565918283027,3,4,3,3,Some(Converged),true,0)
INNER	equality-dense-128-s0	combined	AugmentedLagrangianIteration(16,10,1e-7,0.19208565918283027,0.05495154011324138,1,3,2,2,Some(Converged),true,0)
INNER	equality-dense-128-s0	combined	AugmentedLagrangianIteration(17,10,1e-7,0.05495154011324138,0.05581021146331009,1,2,1,1,Some(Converged),true,0)
INNER	equality-dense-128-s0	combined	AugmentedLagrangianIteration(18,10,1e-7,0.05581021146331009,0.05581021146331009,0,1,0,0,Some(Converged),true,0)
INNER	equality-dense-128-s0	combined	AugmentedLagrangianIteration(19,100,1e-7,1,0.009239674904043314,1,3,2,2,Some(Converged),true,0)
ALM	combined	equality-dense-128-s1	0	3.938833	Converged	3.607942967643834	16	72	156	78	78	9.822834282080528e-10	9.822834282080528e-10	7.619392464186525e-8	0	100	0.05960084727460146,0.2796117590004623,0.24254894241575972,-0.01751223065106018,-0.2614727265492506,-0.2650363979676211,-0.024926827803322123,0.23810034749762438,0.28221915184330826,0.06686695678036081,-0.2099624248566981,-0.29375333736126247,-0.10746880231842319,0.17762203862110593,0.2994079826185505,0.14591959662180606,-0.14172660240697305,-0.2990700225534647,-0.18144984569759057,0.1029944832850288,0.29274616328121605,0.2133483777020143,-0.062200913010315155,-0.2805629596591564,-0.24097670204215488,0.020162438113245345,0.26276434002390986,0.26378193367657665,0.022279647397957177,-0.23970643180741022,-0.28130751260252973,-0.06427575516026027,0.21185084138873647,0.29320275524640116,0.10498540961700593,-0.17975503821492267,-0.29922953575147937,-0.14359378275994844,0.14406142573775413,0.29926721656599764,0.1793281007684422,-0.1054844519033212,-0.2933150937401297,-0.2114731981737294,0.06479617452019545,0.28149223857381367,0.23938563370921334,-0.022811019893178557,-0.26403532613985536,-0.26250676836269715,-0.019630693635891396,0.24129375676175913,0.2803738479683772,0.06167952558633238,-0.21372265805410315,-0.29262920487601674,-0.10249379949850872,0.18187394296497483,0.299027630881178,0.14125670287375222,-0.146384978734561,-0.29944097993306845,-0.17719232078071362,0.10796614347075831,0.2938610340398286,0.2095814440734655,-0.0673863617095848,-0.2823994613822519,-0.23777580381936153,0.025457825206849253,0.2652856406981096,0.2612110550653581,0.01698022388925255,-0.2428621522591248,-0.27941819001450297,-0.059078435497588906,0.21557775872408458,0.29203275607079593,0.09999418639602682,-0.18397857315600055,-0.2988022753367638,-0.13890853634797634,0.1486970788743745,0.2995912950492844,0.17504266634614934,-0.11043937214214712,-0.2943839509487084,-0.20767327316745066,0.06997126302347931,0.2832845502355611,0.23614733444602962,-0.02810264723263273,-0.2665151821111047,-0.25989488696139623,-0.0143284323979193,0.2444115140998961,0.2784406375419309,0.05647271763673369,-0.21741596450290807,-0.29141341803194176,-0.09748672544636465,0.18606880681374452,0.29855353083576036,0.13654951121094683,-0.1509975021394806,-0.29971810960941103,-0.17287926878009888,0.1129039768737303,0.2948838310709288,0.2057488568167834,-0.07255066009951124,-0.28414742599667736,-0.23450034917770518,0.030745277492510784,0.2677238483159731,0.25855835798684845,0.011675515486467702,-0.2459417332671518,-0.27744127906994037,-0.053862586279983436,0.21923712433724532,0.2907712364785898,0.09497161546547375,-0.18814447195808007,-0.29828140239977197,-0.1341797914781134,0.1532860952240962,0.29982144619943907	0.5000000234280274,0.6428571853466059,0.7857142891817002,0.928571431703408,1.0714285743387757,1.214285739511526,1.357142819133622,1.5000001609837403
INNER	equality-dense-128-s1	combined	AugmentedLagrangianIteration(1,10,0.01,1,0.08100264925831772,10,12,11,11,Some(Converged),true,0)
INNER	equality-dense-128-s1	combined	AugmentedLagrangianIteration(2,10,0.01,0.08100264925831772,0.14070023350067543,4,5,4,4,Some(Converged),true,0)
INNER	equality-dense-128-s1	combined	AugmentedLagrangianIteration(3,10,0.0019284805595112212,0.14070023350067543,0.07261187640915931,7,8,7,7,Some(Converged),true,0)
INNER	equality-dense-128-s1	combined	AugmentedLagrangianIteration(4,10,0.0003355492720569835,0.07261187640915931,0.2511712940928964,6,7,6,6,Some(Converged),true,0)
INNER	equality-dense-128-s1	combined	AugmentedLagrangianIteration(5,10,0.00007590486385320588,0.2511712940928964,0.06267686569566337,6,8,7,7,Some(Converged),true,0)
INNER	equality-dense-128-s1	combined	AugmentedLagrangianIteration(6,10,0.000017188750775826852,0.06267686569566337,0.06614742552426482,6,7,6,6,Some(Converged),true,0)
INNER	equality-dense-128-s1	combined	AugmentedLagrangianIteration(7,10,0.000005051863197971796,0.06614742552426482,0.0685563435700704,6,7,6,6,Some(Converged),true,0)
INNER	equality-dense-128-s1	combined	AugmentedLagrangianIteration(8,10,0.0000015850992832609074,0.0685563435700704,0.1522062307770184,5,6,5,5,Some(Converged),true,0)
INNER	equality-dense-128-s1	combined	AugmentedLagrangianIteration(9,10,6.038733686528076e-7,0.1522062307770184,0.06729506694185339,6,8,7,7,Some(Converged),true,0)
INNER	equality-dense-128-s1	combined	AugmentedLagrangianIteration(10,10,2.2579041212521246e-7,0.06729506694185339,0.21692738958269522,5,6,5,5,Some(Converged),true,0)
INNER	equality-dense-128-s1	combined	AugmentedLagrangianIteration(11,10,1e-7,0.21692738958269522,0.07288506147530874,6,8,7,7,Some(Converged),true,0)
INNER	equality-dense-128-s1	combined	AugmentedLagrangianIteration(12,10,1e-7,0.07288506147530874,0.055166765550975515,2,3,2,2,Some(Converged),true,0)
INNER	equality-dense-128-s1	combined	AugmentedLagrangianIteration(13,10,1e-7,0.055166765550975515,0.056579589563712764,1,2,1,1,Some(Converged),true,0)
INNER	equality-dense-128-s1	combined	AugmentedLagrangianIteration(14,10,1e-7,0.056579589563712764,0.05930714316709418,1,2,1,1,Some(Converged),true,0)
INNER	equality-dense-128-s1	combined	AugmentedLagrangianIteration(15,10,1e-7,0.05930714316709418,0.05930714316709418,0,1,0,0,Some(Converged),true,0)
INNER	equality-dense-128-s1	combined	AugmentedLagrangianIteration(16,100,1e-7,1,0.009262859167526212,1,3,2,2,Some(Converged),true,0)
ALM	combined	mixed-box-3-s0	0	1.463208	Converged	2.5000000013060326	14	44	114	57	57	1.075565192465433e-10	1.075565192465433e-10	3.1086244689504383e-15	1.0909201098538176e-9	100	0.9999999993469835,5.454600546000481e-10,0	2.0000000006530194,2.0000000011984773,0
INNER	mixed-box-3-s0	combined	AugmentedLagrangianIteration(1,10,0.01,1,0.05213694765800984,6,12,11,11,Some(Converged),true,0)
INNER	mixed-box-3-s0	combined	AugmentedLagrangianIteration(2,10,0.01,0.05213694765800984,0.03751799334940512,4,5,4,4,Some(Converged),true,0)
INNER	mixed-box-3-s0	combined	AugmentedLagrangianIteration(3,10,0.00373137039757247,0.03751799334940512,0.04511970049146424,4,5,4,4,Some(Converged),true,0)
INNER	mixed-box-3-s0	combined	AugmentedLagrangianIteration(4,10,0.000790194236953945,0.04511970049146424,0.048081884643207895,4,5,4,4,Some(Converged),true,0)
INNER	mixed-box-3-s0	combined	AugmentedLagrangianIteration(5,10,0.0001668338013093161,0.048081884643207895,0.03684445433955034,3,5,4,4,Some(Converged),true,0)
INNER	mixed-box-3-s0	combined	AugmentedLagrangianIteration(6,10,0.00003458782251373472,0.03684445433955034,0.03683349152517428,3,5,4,4,Some(Converged),true,0)
INNER	mixed-box-3-s0	combined	AugmentedLagrangianIteration(7,10,0.00000741796243416335,0.03683349152517428,0.03680583252658181,3,5,4,4,Some(Converged),true,0)
INNER	mixed-box-3-s0	combined	AugmentedLagrangianIteration(8,10,0.0000015865582064366645,0.03680583252658181,0.0368333768350146,3,5,4,4,Some(Converged),true,0)
INNER	mixed-box-3-s0	combined	AugmentedLagrangianIteration(9,10,3.3032617657692e-7,0.0368333768350146,0.03679698971532347,3,5,4,4,Some(Converged),true,0)
INNER	mixed-box-3-s0	combined	AugmentedLagrangianIteration(10,10,1e-7,0.03679698971532347,0.03681651502442667,3,5,4,4,Some(Converged),true,0)
INNER	mixed-box-3-s0	combined	AugmentedLagrangianIteration(11,10,1e-7,0.03681651502442667,0.20721836711793531,2,3,2,2,Some(Converged),true,0)
INNER	mixed-box-3-s0	combined	AugmentedLagrangianIteration(12,10,1e-7,0.20721836711793531,0.04991133510901062,3,4,3,3,Some(Converged),true,0)
INNER	mixed-box-3-s0	combined	AugmentedLagrangianIteration(13,10,1e-7,0.04991133510901062,0.04991133510901062,0,1,0,0,Some(Converged),true,0)
INNER	mixed-box-3-s0	combined	AugmentedLagrangianIteration(14,100,1e-7,1,0.011028532387161125,3,5,4,4,Some(Converged),true,0)
ALM	combined	mixed-box-3-s1	0	1.389834	Converged	2.5000000018715456	14	45	114	57	57	6.868053903374971e-10	6.868053903374971e-10	1.0968609606027756e-14	4.979347595980635e-10	100	0.9999999990642272,2.4896737965155113e-10,0	2.000000000935782,2.0000000011847385,0
INNER	mixed-box-3-s1	combined	AugmentedLagrangianIteration(1,10,0.01,1,0.03872747287563487,7,13,12,12,Some(Converged),true,0)
INNER	mixed-box-3-s1	combined	AugmentedLagrangianIteration(2,10,0.01,0.03872747287563487,0.04088415025250297,4,5,4,4,Some(Converged),true,0)
INNER	mixed-box-3-s1	combined	AugmentedLagrangianIteration(3,10,0.003728848646029557,0.04088415025250297,0.046468373424260745,4,5,4,4,Some(Converged),true,0)
INNER	mixed-box-3-s1	combined	AugmentedLagrangianIteration(4,10,0.0007917997990640951,0.046468373424260745,0.17489749618679218,4,6,5,5,Some(Converged),true,0)
INNER	mixed-box-3-s1	combined	AugmentedLagrangianIteration(5,10,0.00016816766803553343,0.17489749618679218,0.048446384979556265,4,5,4,4,Some(Converged),true,0)
INNER	mixed-box-3-s1	combined	AugmentedLagrangianIteration(6,10,0.00003495475267644361,0.048446384979556265,0.03679401373559468,3,5,4,4,Some(Converged),true,0)
INNER	mixed-box-3-s1	combined	AugmentedLagrangianIteration(7,10,0.000007239389676295168,0.03679401373559468,0.0367946991677006,3,5,4,4,Some(Converged),true,0)
INNER	mixed-box-3-s1	combined	AugmentedLagrangianIteration(8,10,0.0000015045447990569862,0.0367946991677006,0.20747898971702253,2,3,2,2,Some(Converged),true,0)
INNER	mixed-box-3-s1	combined	AugmentedLagrangianIteration(9,10,3.1159872186426597e-7,0.20747898971702253,0.03697053584999351,2,4,3,3,Some(Converged),true,0)
INNER	mixed-box-3-s1	combined	AugmentedLagrangianIteration(10,10,1e-7,0.03697053584999351,0.0481059989012388,4,5,4,4,Some(Converged),true,0)
INNER	mixed-box-3-s1	combined	AugmentedLagrangianIteration(11,10,1e-7,0.0481059989012388,0.03692218176124915,3,5,4,4,Some(Converged),true,0)
INNER	mixed-box-3-s1	combined	AugmentedLagrangianIteration(12,10,1e-7,0.03692218176124915,0.19963698495198043,2,3,2,2,Some(Converged),true,0)
INNER	mixed-box-3-s1	combined	AugmentedLagrangianIteration(13,10,1e-7,0.19963698495198043,0.19963698495198043,0,1,0,0,Some(Converged),true,0)
INNER	mixed-box-3-s1	combined	AugmentedLagrangianIteration(14,100,1e-7,1,0.01233012898185329,3,5,4,4,Some(Converged),true,0)
ALM	combined	ball-8-s0	0	0.183334	Converged	1.95247619428685	7	12	50	25	25	0	0	9.559020242022598e-14	2.286801478731299e-9	10	0.16800537606364052,0.21600691208182346,0.26400844810000645,0.31200998411818953,0.3600115201363725,0.4080130561545555,0.4560145921727385,0.5040161281909216	0.9880476200078014
INNER	ball-8-s0	combined	AugmentedLagrangianIteration(1,10,0.01,1,0.021470827809559896,5,18,17,17,Some(Converged),true,0)
INNER	ball-8-s0	combined	AugmentedLagrangianIteration(2,10,0.009235690168445655,0.021470827809559896,0.02311974956363538,2,3,2,2,Some(Converged),true,0)
INNER	ball-8-s0	combined	AugmentedLagrangianIteration(3,10,0.0006084249337080073,0.02311974956363538,0.0231686425426239,1,2,1,1,Some(Converged),true,0)
INNER	ball-8-s0	combined	AugmentedLagrangianIteration(4,10,0.00003505932353313757,0.0231686425426239,0.023262978374427354,1,2,1,1,Some(Converged),true,0)
INNER	ball-8-s0	combined	AugmentedLagrangianIteration(5,10,0.000001348890913965839,0.023262978374427354,0.02326853249631292,1,2,1,1,Some(Converged),true,0)
INNER	ball-8-s0	combined	AugmentedLagrangianIteration(6,10,1e-7,0.02326853249631292,0.02326875685921671,1,2,1,1,Some(Converged),true,0)
INNER	ball-8-s0	combined	AugmentedLagrangianIteration(7,10,1e-7,0.02326875685921671,0.023268750268943844,1,2,1,1,Some(Converged),true,0)
ALM	combined	ball-8-s1	0	0.2345	Converged	1.9524761875198973	8	20	70	35	35	4.534347786133708e-9	4.534347786133708e-9	1.9090690139833555e-9	4.480151515217887e-9	10	0.16800537685640277,0.21600691340089115,0.2640084493850593,0.31200998498516336,0.3600115207305666,0.4080130570170446,0.4560145937429114,0.5040161304025088	0.9880476149003048
INNER	ball-8-s1	combined	AugmentedLagrangianIteration(1,10,0.01,1,0.02356615463992933,8,19,18,18,Some(Converged),true,0)
INNER	ball-8-s1	combined	AugmentedLagrangianIteration(2,10,0.009283263328964387,0.02356615463992933,0.023269990349551427,2,3,2,2,Some(Converged),true,0)
INNER	ball-8-s1	combined	AugmentedLagrangianIteration(3,10,0.0005174420969856763,0.023269990349551427,0.33609117592581705,3,5,4,4,Some(Converged),true,0)
INNER	ball-8-s1	combined	AugmentedLagrangianIteration(4,10,0.00007452332349491276,0.33609117592581705,0.023256501086081557,1,3,2,2,Some(Converged),true,0)
INNER	ball-8-s1	combined	AugmentedLagrangianIteration(5,10,0.000004426753380371018,0.023256501086081557,0.023267997768139197,1,2,1,1,Some(Converged),true,0)
INNER	ball-8-s1	combined	AugmentedLagrangianIteration(6,10,7.656576776593483e-7,0.023267997768139197,0.023268683279419302,1,2,1,1,Some(Converged),true,0)
INNER	ball-8-s1	combined	AugmentedLagrangianIteration(7,10,1e-7,0.023268683279419302,0.3311623885977534,3,5,4,4,Some(Converged),true,0)
INNER	ball-8-s1	combined	AugmentedLagrangianIteration(8,10,1e-7,0.3311623885977534,0.023268810208862577,1,3,2,2,Some(Converged),true,0)
ALM	combined	ball-64-s0	0	2.621541	Converged	26.914498087783905	11	13	44	22	22	0	0	5.848654893725325e-13	1.922556611041881e-9	100	0.059974872920193156,0.06187883713988183,0.0637828013595705,0.06568676557925916,0.06759072979894785,0.0694946940186365,0.07139865823832518,0.07330262245801386,0.07520658667770254,0.07711055089739119,0.07901451511707987,0.08091847933676856,0.08282244355645722,0.08472640777614589,0.08663037199583454,0.08853433621552324,0.09043830043521191,0.09234226465490057,0.09424622887458924,0.09615019309427793,0.09805415731396658,0.09995812153365527,0.10186208575334392,0.10376604997303263,0.10567001419272128,0.10757397841240994,0.10947794263209862,0.1113819068517873,0.11328587107147596,0.11518983529116462,0.1170937995108533,0.11899776373054198,0.12090172795023064,0.12280569216991931,0.12470965638960799,0.12661362060929665,0.12851758482898534,0.130421549048674,0.1323255132683627,0.13422947748805136,0.13613344170774,0.13803740592742872,0.13994137014711736,0.14184533436680602,0.1437492985864947,0.14565326280618338,0.14755722702587207,0.14946119124556073,0.15136515546524942,0.1532691196849381,0.15517308390462672,0.15707704812431542,0.1589810123440041,0.16088497656369274,0.16278894078338144,0.1646929050030701,0.16659686922275876,0.1685008334424474,0.17040479766213612,0.17230876188182478,0.17421272610151348,0.1761166903212021,0.17802065454089078,0.17992461876057947	3.6684123338213714
INNER	ball-64-s0	combined	AugmentedLagrangianIteration(1,10,0.01,1,0.016784150618948824,3,11,10,10,Some(Converged),true,0)
INNER	ball-64-s0	combined	AugmentedLagrangianIteration(2,10,0.01,0.016784150618948824,0.019931398201503334,2,3,2,2,Some(Converged),true,0)
INNER	ball-64-s0	combined	AugmentedLagrangianIteration(3,10,0.0045068599710693215,0.019931398201503334,0.020107052300343563,1,2,1,1,Some(Converged),true,0)
INNER	ball-64-s0	combined	AugmentedLagrangianIteration(4,10,0.0006873570553906695,0.020107052300343563,0.020596410383837367,1,2,1,1,Some(Converged),true,0)
INNER	ball-64-s0	combined	AugmentedLagrangianIteration(5,10,0.00009824470082295811,0.020596410383837367,0.020675443926453204,1,2,1,1,Some(Converged),true,0)
INNER	ball-64-s0	combined	AugmentedLagrangianIteration(6,10,0.0000029317874644441137,0.020675443926453204,0.020687780637899132,1,2,1,1,Some(Converged),true,0)
INNER	ball-64-s0	combined	AugmentedLagrangianIteration(7,10,1.414433325130915e-7,0.020687780637899132,0.020688142046761004,1,2,1,1,Some(Converged),true,0)
INNER	ball-64-s0	combined	AugmentedLagrangianIteration(8,10,1e-7,0.020688142046761004,0.02068815777633323,1,2,1,1,Some(Converged),true,0)
INNER	ball-64-s0	combined	AugmentedLagrangianIteration(9,10,1e-7,0.02068815777633323,0.02068816015046607,1,2,1,1,Some(Converged),true,0)
INNER	ball-64-s0	combined	AugmentedLagrangianIteration(10,10,1e-7,0.02068816015046607,0.02068816015046607,0,1,0,0,Some(Converged),true,0)
INNER	ball-64-s0	combined	AugmentedLagrangianIteration(11,100,1e-7,1,0.00244895862691773,1,3,2,2,Some(Converged),true,0)
ALM	combined	ball-64-s1	0	1.142833	Converged	26.914498089050568	12	27	84	42	42	0	0	2.4597363257328198e-8	3.1892174774586723e-9	100	0.05997487179992722,0.061878834327597575,0.06378279942654991,0.06568676628795267,0.0675907324825855,0.06949469619425329,0.07139865788958745,0.07330261988902737,0.07520658423341883,0.07711055080767013,0.07901451744656664,0.08091848192545924,0.08282244400559642,0.0847264056536314,0.0866303692334901,0.08853433533298864,0.09043830222339796,0.09234226744882916,0.09424623008416666,0.096150191585615,0.09805415445187124,0.0999581199268343,0.10186208685597015,0.1037660527477849,0.10567001606449299,0.10757397763585,0.10947793989627926,0.11138190464667422,0.11328587139866543,0.11518983782362495,0.1170938018935964,0.11899776374578849,0.1209017255564261,0.12280568953993902,0.12470965591302559,0.12661362269542115,0.12851758753054418,0.13042154985212656,0.13232551140483792,0.13422947464024426,0.13613344046284967,0.13803740739849923,0.13994137294971054,0.14184533589184714,0.14374929739904396,0.14565325996471293,0.1475572251091115,0.14946119198162514,0.15136515814281803,0.1532691218072398,0.15517308348495945,0.1570770455126112,0.15898100990510292,0.16088497650311978,0.16278894311959727,0.1646929075504981,0.16659686960119435,0.1685008312654069,0.1704047948921882,0.172308761026214,0.17421272790701095,0.17611669308752775,0.17802065568394287,0.17992461718824604	3.6684123307042116
INNER	ball-64-s1	combined	AugmentedLagrangianIteration(1,10,0.01,1,0.019711599983152344,13,26,25,25,Some(Converged),true,0)
INNER	ball-64-s1	combined	AugmentedLagrangianIteration(2,10,0.01,0.019711599983152344,0.02008759637437372,3,4,3,3,Some(Converged),true,0)
INNER	ball-64-s1	combined	AugmentedLagrangianIteration(3,10,0.0044337043053082285,0.02008759637437372,0.02011747839990562,1,2,1,1,Some(Converged),true,0)
INNER	ball-64-s1	combined	AugmentedLagrangianIteration(4,10,0.0007357284977383083,0.02011747839990562,0.020589397178664162,1,2,1,1,Some(Converged),true,0)
INNER	ball-64-s1	combined	AugmentedLagrangianIteration(5,10,0.0001347802094793682,0.020589397178664162,0.020670897178966113,1,2,1,1,Some(Converged),true,0)
INNER	ball-64-s1	combined	AugmentedLagrangianIteration(6,10,0.000009592537541514012,0.020670897178966113,0.11869838647480738,3,4,3,3,Some(Converged),true,0)
INNER	ball-64-s1	combined	AugmentedLagrangianIteration(7,10,0.000001149570700387237,0.11869838647480738,0.020688012758843674,1,3,2,2,Some(Converged),true,0)
INNER	ball-64-s1	combined	AugmentedLagrangianIteration(8,10,2.0920060674889385e-7,0.020688012758843674,0.020688230156353866,1,2,1,1,Some(Converged),true,0)
INNER	ball-64-s1	combined	AugmentedLagrangianIteration(9,10,1e-7,0.020688230156353866,0.02069038793915889,1,2,1,1,Some(Converged),true,0)
INNER	ball-64-s1	combined	AugmentedLagrangianIteration(10,10,1e-7,0.02069038793915889,0.020739539715436645,1,2,1,1,Some(Converged),true,0)
INNER	ball-64-s1	combined	AugmentedLagrangianIteration(11,10,1e-7,0.020739539715436645,0.020739539715436645,0,1,0,0,Some(Converged),true,0)
INNER	ball-64-s1	combined	AugmentedLagrangianIteration(12,100,1e-7,1,0.002449121016006148,1,3,2,2,Some(Converged),true,0)
ALM	combined	parabola-2-s0	0	0.156125	Converged	0.4124168526917674	5	20	70	35	35	9.507896692184659e-10	9.507896692184659e-10	1.4331138498135942e-9	0	10	1.1653730428192282,1.358094327978957	-0.35809432941207087
INNER	parabola-2-s0	combined	AugmentedLagrangianIteration(1,10,0.01,1,0.47066564510804915,8,15,14,14,Some(Converged),true,0)
INNER	parabola-2-s0	combined	AugmentedLagrangianIteration(2,10,0.0034717148461251846,0.47066564510804915,0.015252723086723862,3,5,4,4,Some(Converged),true,0)
INNER	parabola-2-s0	combined	AugmentedLagrangianIteration(3,10,0.00010973250240211564,0.015252723086723862,0.01993044730422294,4,8,7,7,Some(Converged),true,0)
INNER	parabola-2-s0	combined	AugmentedLagrangianIteration(4,10,5.05971607989153e-7,0.01993044730422294,0.8786172688552264,4,8,7,7,Some(Converged),true,0)
INNER	parabola-2-s0	combined	AugmentedLagrangianIteration(5,10,1e-7,0.8786172688552264,0.015167683442851217,1,3,2,2,Some(Converged),true,0)
ALM	combined	parabola-2-s1	0	0.17675	Converged	0.41241685321609617	6	31	94	47	47	5.134301872544711e-10	5.134301872544711e-10	1.935108961959031e-9	0	10	1.1653730436420504,1.3580943313609666	-0.3580943294258576
INNER	parabola-2-s1	combined	AugmentedLagrangianIteration(1,10,0.01,1,0.05582822895547571,12,20,19,19,Some(Converged),true,0)
INNER	parabola-2-s1	combined	AugmentedLagrangianIteration(2,10,0.0034814324606274208,0.05582822895547571,0.023967601454841034,6,9,8,8,Some(Converged),true,0)
INNER	parabola-2-s1	combined	AugmentedLagrangianIteration(3,10,0.00010109668542481743,0.023967601454841034,0.01517197595610516,2,3,2,2,Some(Converged),true,0)
INNER	parabola-2-s1	combined	AugmentedLagrangianIteration(4,10,0.0000014883991999781189,0.01517197595610516,0.034366066838931605,7,9,8,8,Some(Converged),true,0)
INNER	parabola-2-s1	combined	AugmentedLagrangianIteration(5,10,1e-7,0.034366066838931605,0.9006193698254868,3,8,7,7,Some(Converged),true,0)
INNER	parabola-2-s1	combined	AugmentedLagrangianIteration(6,10,1e-7,0.9006193698254868,0.01516768437278398,1,3,2,2,Some(Converged),true,0)
ALM	combined	parabola-16-s0	0	0.302375	Converged	3.2993348215341425	5	20	70	35	35	9.507878928616265e-10	9.507878928616265e-10	1.4331120734567548e-9	0	10	1.1653730428192273,1.3580943279789566,1.1653730428192273,1.3580943279789566,1.1653730428192273,1.3580943279789566,1.1653730428192273,1.3580943279789566,1.1653730428192273,1.3580943279789566,1.1653730428192273,1.3580943279789566,1.1653730428192273,1.3580943279789566,1.1653730428192273,1.3580943279789566	-0.35809432941206865,-0.35809432941206865,-0.35809432941206865,-0.35809432941206865,-0.35809432941206865,-0.35809432941206865,-0.35809432941206865,-0.35809432941206865
INNER	parabola-16-s0	combined	AugmentedLagrangianIteration(1,10,0.01,1,0.4706656451099149,8,15,14,14,Some(Converged),true,0)
INNER	parabola-16-s0	combined	AugmentedLagrangianIteration(2,10,0.003471714846124785,0.4706656451099149,0.015252723086727543,3,5,4,4,Some(Converged),true,0)
INNER	parabola-16-s0	combined	AugmentedLagrangianIteration(3,10,0.00010973250240251531,0.015252723086727543,0.019930447303782482,4,8,7,7,Some(Converged),true,0)
INNER	parabola-16-s0	combined	AugmentedLagrangianIteration(4,10,5.059716079669485e-7,0.019930447303782482,0.8786172516070859,4,8,7,7,Some(Converged),true,0)
INNER	parabola-16-s0	combined	AugmentedLagrangianIteration(5,10,1e-7,0.8786172516070859,0.015167683379628824,1,3,2,2,Some(Converged),true,0)
ALM	combined	parabola-16-s1	0	0.462375	Converged	3.2993348248358925	6	42	102	51	51	3.078433064018782e-10	3.078433064018782e-10	5.482707243764651e-8	0	10	1.165373064092454,1.358094378820078,1.1653730613433053,1.3580943723714307,1.1653730467159733,1.358094338068379,1.1653730527283335,1.3580943521806126,1.1653730564528513,1.358094360920008,1.165373053144105,1.358094353127636,1.1653730574253471,1.3580943631755462,1.165373061396697,1.358094372507332	-0.35809432399300567,-0.35809432471232583,-0.35809432854085443,-0.3580943269691117,-0.3580943259950198,-0.35809432685596665,-0.3580943257366087,-0.3580943247000046
INNER	parabola-16-s1	combined	AugmentedLagrangianIteration(1,10,0.01,1,0.03536868259387204,23,30,29,29,Some(Converged),true,0)
INNER	parabola-16-s1	combined	AugmentedLagrangianIteration(2,10,0.0035087336111812918,0.03536868259387204,0.016335566855730618,7,9,8,8,Some(Converged),true,0)
INNER	parabola-16-s1	combined	AugmentedLagrangianIteration(3,10,0.00010579629263445245,0.016335566855730618,0.015168578453542787,2,3,2,2,Some(Converged),true,0)
INNER	parabola-16-s1	combined	AugmentedLagrangianIteration(4,10,6.789793546957413e-7,0.015168578453542787,0.0850055521174355,8,9,8,8,Some(Converged),true,0)
INNER	parabola-16-s1	combined	AugmentedLagrangianIteration(5,10,1e-7,0.0850055521174355,0.0151676893045596,1,3,2,2,Some(Converged),true,0)
INNER	parabola-16-s1	combined	AugmentedLagrangianIteration(6,10,1e-7,0.0151676893045596,0.015176601349484418,1,2,1,1,Some(Converged),true,0)
[success] Total time: 5 s, completed Oct 8, 2026, 11:53:37 a.m.
