WARNING: Using incubator modules: jdk.incubator.vector
WARNING: Using incubator modules: jdk.incubator.vector
[info] welcome to sbt 1.11.7 (Eclipse Adoptium Java 21.0.12.1)
[info] loading settings for project gale-build from plugins.sbt...
[info] loading project definition from /Users/bbuchsbaum/code/scala/gale/project
[info] loading settings for project root from build.sbt...
[info] loading settings for project ravel-build from plugins.sbt...
[info] loading project definition from /Users/bbuchsbaum/.sbt/1.0/staging/6c77ef03ad5f6b5be136/ravel/project
[info] loading settings for project root from build.sbt...
[info] resolving key references (31739 settings) ...
[info] set current project to gale (in build file:/Users/bbuchsbaum/code/scala/gale/)
[info] running gale.bench.CMAESBench 5 20 3
case_id	seed	repeat	observed	clean	status	evaluations	generations	sampled	rejected	ms	x
sphere-8	1	0	9.709817535440896E-9	9.709817535440896E-9	TargetReached	1140	114	1140	0	6.782625	-5.5604913051819025E-5,-1.475731747765195E-5,3.0364879822496365E-5,-1.6468266418154806E-5,5.623586831738216E-6,2.2910524914048272E-5,-6.76698129095442E-5,8.436976676885924E-6
sphere-8	1	1	9.709817535440896E-9	9.709817535440896E-9	TargetReached	1140	114	1140	0	6.313833	-5.5604913051819025E-5,-1.475731747765195E-5,3.0364879822496365E-5,-1.6468266418154806E-5,5.623586831738216E-6,2.2910524914048272E-5,-6.76698129095442E-5,8.436976676885924E-6
sphere-8	1	2	9.709817535440896E-9	9.709817535440896E-9	TargetReached	1140	114	1140	0	5.858334	-5.5604913051819025E-5,-1.475731747765195E-5,3.0364879822496365E-5,-1.6468266418154806E-5,5.623586831738216E-6,2.2910524914048272E-5,-6.76698129095442E-5,8.436976676885924E-6
sphere-8	2	0	3.1860866681480278E-9	3.1860866681480278E-9	TargetReached	1100	110	1100	0	5.333	1.4395571214355212E-5,1.3160537409317313E-5,-2.64743913063431E-5,-7.628493481402028E-6,5.162523390018224E-6,4.071207090155359E-5,2.07980768704001E-6,1.8923984251752168E-5
sphere-8	2	1	3.1860866681480278E-9	3.1860866681480278E-9	TargetReached	1100	110	1100	0	6.493375	1.4395571214355212E-5,1.3160537409317313E-5,-2.64743913063431E-5,-7.628493481402028E-6,5.162523390018224E-6,4.071207090155359E-5,2.07980768704001E-6,1.8923984251752168E-5
sphere-8	2	2	3.1860866681480278E-9	3.1860866681480278E-9	TargetReached	1100	110	1100	0	7.971459	1.4395571214355212E-5,1.3160537409317313E-5,-2.64743913063431E-5,-7.628493481402028E-6,5.162523390018224E-6,4.071207090155359E-5,2.07980768704001E-6,1.8923984251752168E-5
sphere-8	3	0	8.110155822185923E-9	8.110155822185923E-9	TargetReached	1160	116	1160	0	8.020208	7.48781813305451E-5,1.9304216594950146E-5,6.317505793266483E-6,-2.5577678176792473E-5,1.2380679457837016E-5,3.5528351568494914E-5,-7.573390368538211E-7,4.529233122575707E-6
sphere-8	3	1	8.110155822185923E-9	8.110155822185923E-9	TargetReached	1160	116	1160	0	8.236125	7.48781813305451E-5,1.9304216594950146E-5,6.317505793266483E-6,-2.5577678176792473E-5,1.2380679457837016E-5,3.5528351568494914E-5,-7.573390368538211E-7,4.529233122575707E-6
sphere-8	3	2	8.110155822185923E-9	8.110155822185923E-9	TargetReached	1160	116	1160	0	8.218166	7.48781813305451E-5,1.9304216594950146E-5,6.317505793266483E-6,-2.5577678176792473E-5,1.2380679457837016E-5,3.5528351568494914E-5,-7.573390368538211E-7,4.529233122575707E-6
sphere-8	4	0	9.8991652212759E-9	9.8991652212759E-9	TargetReached	1260	126	1260	0	9.04025	-2.7213627021813633E-5,-2.7399696234245115E-5,-7.22592466624828E-5,3.470971604145729E-5,-2.8495319008152465E-5,-2.969641961142847E-5,1.6770637324526233E-5,2.561725311441026E-6
sphere-8	4	1	9.8991652212759E-9	9.8991652212759E-9	TargetReached	1260	126	1260	0	8.821708	-2.7213627021813633E-5,-2.7399696234245115E-5,-7.22592466624828E-5,3.470971604145729E-5,-2.8495319008152465E-5,-2.969641961142847E-5,1.6770637324526233E-5,2.561725311441026E-6
sphere-8	4	2	9.8991652212759E-9	9.8991652212759E-9	TargetReached	1260	126	1260	0	8.298542	-2.7213627021813633E-5,-2.7399696234245115E-5,-7.22592466624828E-5,3.470971604145729E-5,-2.8495319008152465E-5,-2.969641961142847E-5,1.6770637324526233E-5,2.561725311441026E-6
sphere-8	5	0	8.229750597131983E-9	8.229750597131983E-9	TargetReached	1180	118	1180	0	7.232625	-1.5169629507427051E-5,2.893773831628136E-5,2.8547623500575994E-5,7.628170232947769E-6,2.6790407903435763E-5,-4.903504681584641E-6,2.0113572984241965E-6,7.445313007703312E-5
sphere-8	5	1	8.229750597131983E-9	8.229750597131983E-9	TargetReached	1180	118	1180	0	7.464125	-1.5169629507427051E-5,2.893773831628136E-5,2.8547623500575994E-5,7.628170232947769E-6,2.6790407903435763E-5,-4.903504681584641E-6,2.0113572984241965E-6,7.445313007703312E-5
sphere-8	5	2	8.229750597131983E-9	8.229750597131983E-9	TargetReached	1180	118	1180	0	4.551584	-1.5169629507427051E-5,2.893773831628136E-5,2.8547623500575994E-5,7.628170232947769E-6,2.6790407903435763E-5,-4.903504681584641E-6,2.0113572984241965E-6,7.445313007703312E-5
sphere-8	6	0	9.021977915775837E-9	9.021977915775837E-9	TargetReached	1210	121	1210	0	3.85075	-4.7460987840526856E-5,3.4219564419285593E-6,1.942370982245839E-5,5.3900785531337645E-5,-4.4543544886203456E-5,2.103604046415854E-5,-7.405577876590968E-6,3.152241433962869E-5
sphere-8	6	1	9.021977915775837E-9	9.021977915775837E-9	TargetReached	1210	121	1210	0	3.896917	-4.7460987840526856E-5,3.4219564419285593E-6,1.942370982245839E-5,5.3900785531337645E-5,-4.4543544886203456E-5,2.103604046415854E-5,-7.405577876590968E-6,3.152241433962869E-5
sphere-8	6	2	9.021977915775837E-9	9.021977915775837E-9	TargetReached	1210	121	1210	0	3.625958	-4.7460987840526856E-5,3.4219564419285593E-6,1.942370982245839E-5,5.3900785531337645E-5,-4.4543544886203456E-5,2.103604046415854E-5,-7.405577876590968E-6,3.152241433962869E-5
sphere-8	7	0	9.318252351142943E-9	9.318252351142943E-9	TargetReached	1240	124	1240	0	3.632292	-4.481384818711747E-5,1.4148817566602987E-5,-5.960087571277724E-5,3.903548255150805E-6,4.2183318005647734E-5,-3.0066332635434693E-5,2.8683191322867898E-5,-6.011497981971982E-6
sphere-8	7	1	9.318252351142943E-9	9.318252351142943E-9	TargetReached	1240	124	1240	0	4.89825	-4.481384818711747E-5,1.4148817566602987E-5,-5.960087571277724E-5,3.903548255150805E-6,4.2183318005647734E-5,-3.0066332635434693E-5,2.8683191322867898E-5,-6.011497981971982E-6
sphere-8	7	2	9.318252351142943E-9	9.318252351142943E-9	TargetReached	1240	124	1240	0	6.846834	-4.481384818711747E-5,1.4148817566602987E-5,-5.960087571277724E-5,3.903548255150805E-6,4.2183318005647734E-5,-3.0066332635434693E-5,2.8683191322867898E-5,-6.011497981971982E-6
sphere-8	8	0	9.550034675802554E-9	9.550034675802554E-9	TargetReached	1220	122	1220	0	6.613292	1.3680666397836921E-6,5.8780041891083284E-5,2.436177370581645E-5,7.6091701043421665E-6,-5.932181519601863E-5,-4.040203239973286E-5,1.3407167483117306E-5,1.0512855791074408E-5
sphere-8	8	1	9.550034675802554E-9	9.550034675802554E-9	TargetReached	1220	122	1220	0	6.405042	1.3680666397836921E-6,5.8780041891083284E-5,2.436177370581645E-5,7.6091701043421665E-6,-5.932181519601863E-5,-4.040203239973286E-5,1.3407167483117306E-5,1.0512855791074408E-5
sphere-8	8	2	9.550034675802554E-9	9.550034675802554E-9	TargetReached	1220	122	1220	0	6.256542	1.3680666397836921E-6,5.8780041891083284E-5,2.436177370581645E-5,7.6091701043421665E-6,-5.932181519601863E-5,-4.040203239973286E-5,1.3407167483117306E-5,1.0512855791074408E-5
sphere-8	9	0	6.3155182752851755E-9	6.3155182752851755E-9	TargetReached	1260	126	1260	0	6.723667	-1.631460958468789E-5,-3.9071115337992337E-5,-2.288069833450005E-5,-4.6815761355872524E-5,2.2755599882423376E-5,-3.7327514860511697E-6,3.471324928878346E-5,8.414120998327427E-6
sphere-8	9	1	6.3155182752851755E-9	6.3155182752851755E-9	TargetReached	1260	126	1260	0	6.491875	-1.631460958468789E-5,-3.9071115337992337E-5,-2.288069833450005E-5,-4.6815761355872524E-5,2.2755599882423376E-5,-3.7327514860511697E-6,3.471324928878346E-5,8.414120998327427E-6
sphere-8	9	2	6.3155182752851755E-9	6.3155182752851755E-9	TargetReached	1260	126	1260	0	6.307	-1.631460958468789E-5,-3.9071115337992337E-5,-2.288069833450005E-5,-4.6815761355872524E-5,2.2755599882423376E-5,-3.7327514860511697E-6,3.471324928878346E-5,8.414120998327427E-6
sphere-8	10	0	7.077618645535068E-9	7.077618645535068E-9	TargetReached	1250	125	1250	0	6.345875	3.342449300714275E-6,-2.212201272220583E-5,3.781946242489422E-5,-3.325847982566698E-5,-5.364484143016152E-5,4.1990821668728624E-6,-5.355416289544959E-6,-3.341471571265955E-5
sphere-8	10	1	7.077618645535068E-9	7.077618645535068E-9	TargetReached	1250	125	1250	0	6.191083	3.342449300714275E-6,-2.212201272220583E-5,3.781946242489422E-5,-3.325847982566698E-5,-5.364484143016152E-5,4.1990821668728624E-6,-5.355416289544959E-6,-3.341471571265955E-5
sphere-8	10	2	7.077618645535068E-9	7.077618645535068E-9	TargetReached	1250	125	1250	0	4.709292	3.342449300714275E-6,-2.212201272220583E-5,3.781946242489422E-5,-3.325847982566698E-5,-5.364484143016152E-5,4.1990821668728624E-6,-5.355416289544959E-6,-3.341471571265955E-5
sphere-8	11	0	8.55464746425935E-9	8.55464746425935E-9	TargetReached	1300	130	1300	0	2.310958	9.50119368556424E-6,-2.5716716233531416E-5,9.308418845716375E-6,-8.326010220036765E-5,-2.336442588334467E-6,2.722842658696312E-6,1.5461576484539318E-5,-2.3069478226651617E-5
sphere-8	11	1	8.55464746425935E-9	8.55464746425935E-9	TargetReached	1300	130	1300	0	2.26075	9.50119368556424E-6,-2.5716716233531416E-5,9.308418845716375E-6,-8.326010220036765E-5,-2.336442588334467E-6,2.722842658696312E-6,1.5461576484539318E-5,-2.3069478226651617E-5
sphere-8	11	2	8.55464746425935E-9	8.55464746425935E-9	TargetReached	1300	130	1300	0	2.194	9.50119368556424E-6,-2.5716716233531416E-5,9.308418845716375E-6,-8.326010220036765E-5,-2.336442588334467E-6,2.722842658696312E-6,1.5461576484539318E-5,-2.3069478226651617E-5
sphere-8	12	0	9.337868108649814E-9	9.337868108649814E-9	TargetReached	1210	121	1210	0	2.090083	-2.8392278057934406E-5,-5.7069509551383684E-5,1.02340734813515E-5,-3.956916981954212E-5,3.111399828663368E-5,-2.4527829375540573E-5,-4.26670276438715E-5,-1.4635290343776654E-5
sphere-8	12	1	9.337868108649814E-9	9.337868108649814E-9	TargetReached	1210	121	1210	0	2.064167	-2.8392278057934406E-5,-5.7069509551383684E-5,1.02340734813515E-5,-3.956916981954212E-5,3.111399828663368E-5,-2.4527829375540573E-5,-4.26670276438715E-5,-1.4635290343776654E-5
sphere-8	12	2	9.337868108649814E-9	9.337868108649814E-9	TargetReached	1210	121	1210	0	1.999666	-2.8392278057934406E-5,-5.7069509551383684E-5,1.02340734813515E-5,-3.956916981954212E-5,3.111399828663368E-5,-2.4527829375540573E-5,-4.26670276438715E-5,-1.4635290343776654E-5
sphere-8	13	0	6.808214265915253E-9	6.808214265915253E-9	TargetReached	1220	122	1220	0	2.102875	-2.306149526824495E-5,1.7676387686122305E-5,6.66825657997254E-5,1.4688703627380172E-5,2.38310939662948E-5,-9.478214861177952E-6,-2.530505897805313E-5,1.871047279567856E-6
sphere-8	13	1	6.808214265915253E-9	6.808214265915253E-9	TargetReached	1220	122	1220	0	2.292125	-2.306149526824495E-5,1.7676387686122305E-5,6.66825657997254E-5,1.4688703627380172E-5,2.38310939662948E-5,-9.478214861177952E-6,-2.530505897805313E-5,1.871047279567856E-6
sphere-8	13	2	6.808214265915253E-9	6.808214265915253E-9	TargetReached	1220	122	1220	0	2.068375	-2.306149526824495E-5,1.7676387686122305E-5,6.66825657997254E-5,1.4688703627380172E-5,2.38310939662948E-5,-9.478214861177952E-6,-2.530505897805313E-5,1.871047279567856E-6
sphere-8	14	0	9.133845476501493E-9	9.133845476501493E-9	TargetReached	1130	113	1130	0	1.961583	-6.70649864947195E-5,1.0177030569625554E-5,2.7008924422349578E-6,1.4875597148318709E-5,-8.824807998401318E-6,-5.6648359819034753E-5,-1.7029191980611468E-5,2.6964339697791605E-5
sphere-8	14	1	9.133845476501493E-9	9.133845476501493E-9	TargetReached	1130	113	1130	0	1.968084	-6.70649864947195E-5,1.0177030569625554E-5,2.7008924422349578E-6,1.4875597148318709E-5,-8.824807998401318E-6,-5.6648359819034753E-5,-1.7029191980611468E-5,2.6964339697791605E-5
sphere-8	14	2	9.133845476501493E-9	9.133845476501493E-9	TargetReached	1130	113	1130	0	1.934375	-6.70649864947195E-5,1.0177030569625554E-5,2.7008924422349578E-6,1.4875597148318709E-5,-8.824807998401318E-6,-5.6648359819034753E-5,-1.7029191980611468E-5,2.6964339697791605E-5
sphere-8	15	0	9.831159575961486E-9	9.831159575961486E-9	TargetReached	1200	120	1200	0	2.056375	6.87543263544787E-5,-9.148328293086656E-6,-4.676755637188084E-5,-2.3858087878107214E-6,2.3233170491435795E-5,2.790091744732778E-5,3.5681987717265005E-5,-1.5361256701012867E-5
sphere-8	15	1	9.831159575961486E-9	9.831159575961486E-9	TargetReached	1200	120	1200	0	1.999458	6.87543263544787E-5,-9.148328293086656E-6,-4.676755637188084E-5,-2.3858087878107214E-6,2.3233170491435795E-5,2.790091744732778E-5,3.5681987717265005E-5,-1.5361256701012867E-5
sphere-8	15	2	9.831159575961486E-9	9.831159575961486E-9	TargetReached	1200	120	1200	0	1.971542	6.87543263544787E-5,-9.148328293086656E-6,-4.676755637188084E-5,-2.3858087878107214E-6,2.3233170491435795E-5,2.790091744732778E-5,3.5681987717265005E-5,-1.5361256701012867E-5
sphere-8	16	0	8.163661565530002E-9	8.163661565530002E-9	TargetReached	1140	114	1140	0	1.90825	-4.018655686617649E-5,2.556425768753789E-5,-1.7213504282706382E-5,-2.6201740625866414E-5,1.953756462782383E-5,-1.1401243123040625E-5,2.5298715219695538E-6,6.628898833053684E-5
sphere-8	16	1	8.163661565530002E-9	8.163661565530002E-9	TargetReached	1140	114	1140	0	1.886666	-4.018655686617649E-5,2.556425768753789E-5,-1.7213504282706382E-5,-2.6201740625866414E-5,1.953756462782383E-5,-1.1401243123040625E-5,2.5298715219695538E-6,6.628898833053684E-5
sphere-8	16	2	8.163661565530002E-9	8.163661565530002E-9	TargetReached	1140	114	1140	0	2.13325	-4.018655686617649E-5,2.556425768753789E-5,-1.7213504282706382E-5,-2.6201740625866414E-5,1.953756462782383E-5,-1.1401243123040625E-5,2.5298715219695538E-6,6.628898833053684E-5
sphere-8	17	0	2.385138262770581E-9	2.385138262770581E-9	TargetReached	1190	119	1190	0	1.900083	3.097826118586456E-5,1.3198723148606986E-5,1.3797835439258155E-5,-5.027723615478421E-6,6.058906429717304E-6,9.705263856512275E-6,-2.757390219128557E-5,1.2016591057854144E-5
sphere-8	17	1	2.385138262770581E-9	2.385138262770581E-9	TargetReached	1190	119	1190	0	1.787042	3.097826118586456E-5,1.3198723148606986E-5,1.3797835439258155E-5,-5.027723615478421E-6,6.058906429717304E-6,9.705263856512275E-6,-2.757390219128557E-5,1.2016591057854144E-5
sphere-8	17	2	2.385138262770581E-9	2.385138262770581E-9	TargetReached	1190	119	1190	0	1.698792	3.097826118586456E-5,1.3198723148606986E-5,1.3797835439258155E-5,-5.027723615478421E-6,6.058906429717304E-6,9.705263856512275E-6,-2.757390219128557E-5,1.2016591057854144E-5
sphere-8	18	0	9.865846255780295E-9	9.865846255780295E-9	TargetReached	1210	121	1210	0	1.938959	1.3391413450349377E-5,-3.6602145373907166E-5,-7.370059099502824E-6,-3.901047443228353E-5,3.757741693688063E-5,6.646287872556967E-5,-2.863090972062468E-5,-1.1025373711532149E-5
sphere-8	18	1	9.865846255780295E-9	9.865846255780295E-9	TargetReached	1210	121	1210	0	1.842292	1.3391413450349377E-5,-3.6602145373907166E-5,-7.370059099502824E-6,-3.901047443228353E-5,3.757741693688063E-5,6.646287872556967E-5,-2.863090972062468E-5,-1.1025373711532149E-5
sphere-8	18	2	9.865846255780295E-9	9.865846255780295E-9	TargetReached	1210	121	1210	0	1.890666	1.3391413450349377E-5,-3.6602145373907166E-5,-7.370059099502824E-6,-3.901047443228353E-5,3.757741693688063E-5,6.646287872556967E-5,-2.863090972062468E-5,-1.1025373711532149E-5
sphere-8	19	0	5.5441636970330545E-9	5.5441636970330545E-9	TargetReached	1240	124	1240	0	1.675458	4.377152418788624E-5,-1.5863728739168206E-5,4.115048579672376E-5,-3.8410389013526266E-5,2.1632682540491478E-6,-7.527403018021612E-6,-7.1491068976518315E-6,9.766665610478363E-6
sphere-8	19	1	5.5441636970330545E-9	5.5441636970330545E-9	TargetReached	1240	124	1240	0	1.692958	4.377152418788624E-5,-1.5863728739168206E-5,4.115048579672376E-5,-3.8410389013526266E-5,2.1632682540491478E-6,-7.527403018021612E-6,-7.1491068976518315E-6,9.766665610478363E-6
sphere-8	19	2	5.5441636970330545E-9	5.5441636970330545E-9	TargetReached	1240	124	1240	0	1.61375	4.377152418788624E-5,-1.5863728739168206E-5,4.115048579672376E-5,-3.8410389013526266E-5,2.1632682540491478E-6,-7.527403018021612E-6,-7.1491068976518315E-6,9.766665610478363E-6
sphere-8	20	0	7.749441841517302E-9	7.749441841517302E-9	TargetReached	1180	118	1180	0	1.504333	-5.3788983114686374E-5,-2.2820791973051947E-5,1.7300097229975177E-5,-2.4390440322196245E-5,5.7177124956994694E-5,-1.093658771375706E-5,-6.543256567271542E-6,-3.092712689069991E-6
sphere-8	20	1	7.749441841517302E-9	7.749441841517302E-9	TargetReached	1180	118	1180	0	1.578041	-5.3788983114686374E-5,-2.2820791973051947E-5,1.7300097229975177E-5,-2.4390440322196245E-5,5.7177124956994694E-5,-1.093658771375706E-5,-6.543256567271542E-6,-3.092712689069991E-6
sphere-8	20	2	7.749441841517302E-9	7.749441841517302E-9	TargetReached	1180	118	1180	0	1.502042	-5.3788983114686374E-5,-2.2820791973051947E-5,1.7300097229975177E-5,-2.4390440322196245E-5,5.7177124956994694E-5,-1.093658771375706E-5,-6.543256567271542E-6,-3.092712689069991E-6
rotated-ellipsoid-8	1	0	5.050960817470202E-9	5.050960817470202E-9	TargetReached	3260	326	3260	0	5.093375	-9.42613828882885E-6,2.2789334750178215E-5,1.8588711142113552E-6,1.1329849982665155E-6,-3.8061835393087933E-6,-2.7302650662637932E-6,-4.011564641279402E-6,-3.649330671525406E-6
rotated-ellipsoid-8	1	1	5.050960817470202E-9	5.050960817470202E-9	TargetReached	3260	326	3260	0	4.944459	-9.42613828882885E-6,2.2789334750178215E-5,1.8588711142113552E-6,1.1329849982665155E-6,-3.8061835393087933E-6,-2.7302650662637932E-6,-4.011564641279402E-6,-3.649330671525406E-6
rotated-ellipsoid-8	1	2	5.050960817470202E-9	5.050960817470202E-9	TargetReached	3260	326	3260	0	4.928958	-9.42613828882885E-6,2.2789334750178215E-5,1.8588711142113552E-6,1.1329849982665155E-6,-3.8061835393087933E-6,-2.7302650662637932E-6,-4.011564641279402E-6,-3.649330671525406E-6
rotated-ellipsoid-8	2	0	7.604216525398588E-9	7.604216525398588E-9	TargetReached	3070	307	3070	0	4.70775	8.609525428433969E-6,2.5219430174230855E-5,1.21711816628279E-5,-6.853176869361254E-6,-3.5170511167103433E-6,-6.023756400878425E-6,-7.015553854947734E-6,-7.502676662992593E-6
rotated-ellipsoid-8	2	1	7.604216525398588E-9	7.604216525398588E-9	TargetReached	3070	307	3070	0	4.633292	8.609525428433969E-6,2.5219430174230855E-5,1.21711816628279E-5,-6.853176869361254E-6,-3.5170511167103433E-6,-6.023756400878425E-6,-7.015553854947734E-6,-7.502676662992593E-6
rotated-ellipsoid-8	2	2	7.604216525398588E-9	7.604216525398588E-9	TargetReached	3070	307	3070	0	4.613917	8.609525428433969E-6,2.5219430174230855E-5,1.21711816628279E-5,-6.853176869361254E-6,-3.5170511167103433E-6,-6.023756400878425E-6,-7.015553854947734E-6,-7.502676662992593E-6
rotated-ellipsoid-8	3	0	9.457799029175371E-9	9.457799029175371E-9	TargetReached	2700	270	2700	0	4.120042	-3.8439119823975485E-5,-2.163040225647045E-8,-6.031931473451912E-6,5.913543416787513E-6,2.6924148855617543E-6,2.125109396169975E-6,9.771441410938998E-7,3.6350799070976995E-7
rotated-ellipsoid-8	3	1	9.457799029175371E-9	9.457799029175371E-9	TargetReached	2700	270	2700	0	4.062291	-3.8439119823975485E-5,-2.163040225647045E-8,-6.031931473451912E-6,5.913543416787513E-6,2.6924148855617543E-6,2.125109396169975E-6,9.771441410938998E-7,3.6350799070976995E-7
rotated-ellipsoid-8	3	2	9.457799029175371E-9	9.457799029175371E-9	TargetReached	2700	270	2700	0	4.262125	-3.8439119823975485E-5,-2.163040225647045E-8,-6.031931473451912E-6,5.913543416787513E-6,2.6924148855617543E-6,2.125109396169975E-6,9.771441410938998E-7,3.6350799070976995E-7
rotated-ellipsoid-8	4	0	4.959286089168734E-9	4.959286089168734E-9	TargetReached	3060	306	3060	0	4.81575	-8.517729004041473E-6,-2.5903484990484658E-5,3.5624283613598694E-6,-1.8702785472820288E-6,4.868772150948352E-6,4.066648574452892E-6,5.574915487766639E-6,6.55604410746945E-6
rotated-ellipsoid-8	4	1	4.959286089168734E-9	4.959286089168734E-9	TargetReached	3060	306	3060	0	4.604167	-8.517729004041473E-6,-2.5903484990484658E-5,3.5624283613598694E-6,-1.8702785472820288E-6,4.868772150948352E-6,4.066648574452892E-6,5.574915487766639E-6,6.55604410746945E-6
rotated-ellipsoid-8	4	2	4.959286089168734E-9	4.959286089168734E-9	TargetReached	3060	306	3060	0	4.561625	-8.517729004041473E-6,-2.5903484990484658E-5,3.5624283613598694E-6,-1.8702785472820288E-6,4.868772150948352E-6,4.066648574452892E-6,5.574915487766639E-6,6.55604410746945E-6
rotated-ellipsoid-8	5	0	8.510242268388477E-9	8.510242268388477E-9	TargetReached	3190	319	3190	0	4.924166	5.767093643090848E-6,-1.2742411870088375E-5,8.182316789318961E-6,1.8576067785554825E-6,1.961292780812481E-6,-2.50149449219855E-6,-2.602213776659872E-6,-3.7825300665004747E-6
rotated-ellipsoid-8	5	1	8.510242268388477E-9	8.510242268388477E-9	TargetReached	3190	319	3190	0	4.540375	5.767093643090848E-6,-1.2742411870088375E-5,8.182316789318961E-6,1.8576067785554825E-6,1.961292780812481E-6,-2.50149449219855E-6,-2.602213776659872E-6,-3.7825300665004747E-6
rotated-ellipsoid-8	5	2	8.510242268388477E-9	8.510242268388477E-9	TargetReached	3190	319	3190	0	4.413583	5.767093643090848E-6,-1.2742411870088375E-5,8.182316789318961E-6,1.8576067785554825E-6,1.961292780812481E-6,-2.50149449219855E-6,-2.602213776659872E-6,-3.7825300665004747E-6
rotated-ellipsoid-8	6	0	6.293659572843852E-9	6.293659572843852E-9	TargetReached	2910	291	2910	0	11.748	1.7931221770124442E-5,1.1824521309810157E-5,-1.8896231706727674E-6,5.5450107210253675E-6,-5.9861323518585715E-6,-3.7083638347537194E-6,-4.145185060398368E-6,-4.4796491766125056E-6
rotated-ellipsoid-8	6	1	6.293659572843852E-9	6.293659572843852E-9	TargetReached	2910	291	2910	0	4.35375	1.7931221770124442E-5,1.1824521309810157E-5,-1.8896231706727674E-6,5.5450107210253675E-6,-5.9861323518585715E-6,-3.7083638347537194E-6,-4.145185060398368E-6,-4.4796491766125056E-6
rotated-ellipsoid-8	6	2	6.293659572843852E-9	6.293659572843852E-9	TargetReached	2910	291	2910	0	4.167292	1.7931221770124442E-5,1.1824521309810157E-5,-1.8896231706727674E-6,5.5450107210253675E-6,-5.9861323518585715E-6,-3.7083638347537194E-6,-4.145185060398368E-6,-4.4796491766125056E-6
rotated-ellipsoid-8	7	0	7.985896519884014E-9	7.985896519884014E-9	TargetReached	3010	301	3010	0	4.162292	2.1765908267713243E-5,-1.4586463155988946E-5,-6.119329427665273E-6,7.840863027835468E-6,-2.5737448091946616E-6,5.722925550627717E-7,3.301954141357289E-7,7.349139446007278E-7
rotated-ellipsoid-8	7	1	7.985896519884014E-9	7.985896519884014E-9	TargetReached	3010	301	3010	0	4.018	2.1765908267713243E-5,-1.4586463155988946E-5,-6.119329427665273E-6,7.840863027835468E-6,-2.5737448091946616E-6,5.722925550627717E-7,3.301954141357289E-7,7.349139446007278E-7
rotated-ellipsoid-8	7	2	7.985896519884014E-9	7.985896519884014E-9	TargetReached	3010	301	3010	0	4.363	2.1765908267713243E-5,-1.4586463155988946E-5,-6.119329427665273E-6,7.840863027835468E-6,-2.5737448091946616E-6,5.722925550627717E-7,3.301954141357289E-7,7.349139446007278E-7
rotated-ellipsoid-8	8	0	6.3730405656305255E-9	6.3730405656305255E-9	TargetReached	2710	271	2710	0	3.646375	-2.3374832409316908E-5,-3.6415856745663816E-6,-5.495962669685115E-6,6.81935192441461E-6,4.065966201375451E-6,2.966809172149202E-7,7.746845425089575E-7,1.5385513788769412E-6
rotated-ellipsoid-8	8	1	6.3730405656305255E-9	6.3730405656305255E-9	TargetReached	2710	271	2710	0	3.602458	-2.3374832409316908E-5,-3.6415856745663816E-6,-5.495962669685115E-6,6.81935192441461E-6,4.065966201375451E-6,2.966809172149202E-7,7.746845425089575E-7,1.5385513788769412E-6
rotated-ellipsoid-8	8	2	6.3730405656305255E-9	6.3730405656305255E-9	TargetReached	2710	271	2710	0	3.588042	-2.3374832409316908E-5,-3.6415856745663816E-6,-5.495962669685115E-6,6.81935192441461E-6,4.065966201375451E-6,2.966809172149202E-7,7.746845425089575E-7,1.5385513788769412E-6
rotated-ellipsoid-8	9	0	7.684338589502893E-9	7.684338589502893E-9	TargetReached	2950	295	2950	0	4.0055	1.8878926201494174E-5,2.4450004935533842E-5,2.1513912704435396E-6,-3.4059434774691452E-6,-3.3616526561181803E-6,-5.743943861075544E-6,-6.176038792518922E-6,-8.40137734978611E-6
rotated-ellipsoid-8	9	1	7.684338589502893E-9	7.684338589502893E-9	TargetReached	2950	295	2950	0	3.980792	1.8878926201494174E-5,2.4450004935533842E-5,2.1513912704435396E-6,-3.4059434774691452E-6,-3.3616526561181803E-6,-5.743943861075544E-6,-6.176038792518922E-6,-8.40137734978611E-6
rotated-ellipsoid-8	9	2	7.684338589502893E-9	7.684338589502893E-9	TargetReached	2950	295	2950	0	4.847792	1.8878926201494174E-5,2.4450004935533842E-5,2.1513912704435396E-6,-3.4059434774691452E-6,-3.3616526561181803E-6,-5.743943861075544E-6,-6.176038792518922E-6,-8.40137734978611E-6
rotated-ellipsoid-8	10	0	9.603996733435431E-9	9.603996733435431E-9	TargetReached	2560	256	2560	0	3.44475	-3.3954014591542337E-7,-2.917225001636202E-5,4.68838743254933E-6,4.522388250085225E-6,-1.3087635285762597E-6,4.905063346948834E-6,4.719239767646227E-6,5.430551059472589E-6
rotated-ellipsoid-8	10	1	9.603996733435431E-9	9.603996733435431E-9	TargetReached	2560	256	2560	0	3.441625	-3.3954014591542337E-7,-2.917225001636202E-5,4.68838743254933E-6,4.522388250085225E-6,-1.3087635285762597E-6,4.905063346948834E-6,4.719239767646227E-6,5.430551059472589E-6
rotated-ellipsoid-8	10	2	9.603996733435431E-9	9.603996733435431E-9	TargetReached	2560	256	2560	0	3.487583	-3.3954014591542337E-7,-2.917225001636202E-5,4.68838743254933E-6,4.522388250085225E-6,-1.3087635285762597E-6,4.905063346948834E-6,4.719239767646227E-6,5.430551059472589E-6
rotated-ellipsoid-8	11	0	9.25750627646454E-9	9.25750627646454E-9	TargetReached	2550	255	2550	0	3.529875	-1.3292267225624913E-5,1.8119692461683573E-6,-2.9737181874276483E-6,3.103957115524453E-6,2.562027062981891E-6,-1.2398008650935487E-6,1.4225997180433153E-7,1.6100277148503546E-6
rotated-ellipsoid-8	11	1	9.25750627646454E-9	9.25750627646454E-9	TargetReached	2550	255	2550	0	3.488792	-1.3292267225624913E-5,1.8119692461683573E-6,-2.9737181874276483E-6,3.103957115524453E-6,2.562027062981891E-6,-1.2398008650935487E-6,1.4225997180433153E-7,1.6100277148503546E-6
rotated-ellipsoid-8	11	2	9.25750627646454E-9	9.25750627646454E-9	TargetReached	2550	255	2550	0	3.457209	-1.3292267225624913E-5,1.8119692461683573E-6,-2.9737181874276483E-6,3.103957115524453E-6,2.562027062981891E-6,-1.2398008650935487E-6,1.4225997180433153E-7,1.6100277148503546E-6
rotated-ellipsoid-8	12	0	7.136045168181542E-9	7.136045168181542E-9	TargetReached	2910	291	2910	0	3.963625	2.6751752984480264E-5,5.09666956683971E-7,1.3039490034055285E-5,-6.515260904340551E-6,-3.4941892950565074E-6,-2.2148226396751073E-6,-3.7350813180931514E-6,-4.470031303790207E-6
rotated-ellipsoid-8	12	1	7.136045168181542E-9	7.136045168181542E-9	TargetReached	2910	291	2910	0	3.976916	2.6751752984480264E-5,5.09666956683971E-7,1.3039490034055285E-5,-6.515260904340551E-6,-3.4941892950565074E-6,-2.2148226396751073E-6,-3.7350813180931514E-6,-4.470031303790207E-6
rotated-ellipsoid-8	12	2	7.136045168181542E-9	7.136045168181542E-9	TargetReached	2910	291	2910	0	3.942375	2.6751752984480264E-5,5.09666956683971E-7,1.3039490034055285E-5,-6.515260904340551E-6,-3.4941892950565074E-6,-2.2148226396751073E-6,-3.7350813180931514E-6,-4.470031303790207E-6
rotated-ellipsoid-8	13	0	7.389199202400556E-9	7.389199202400556E-9	TargetReached	2760	276	2760	0	3.82675	3.4267368479932834E-5,-2.2499584159898967E-5,-7.236003421895562E-6,-1.3223555059355446E-6,3.023733292071151E-6,2.8272880122083453E-6,4.8973610723728E-6,5.617390968958705E-6
rotated-ellipsoid-8	13	1	7.389199202400556E-9	7.389199202400556E-9	TargetReached	2760	276	2760	0	3.741166	3.4267368479932834E-5,-2.2499584159898967E-5,-7.236003421895562E-6,-1.3223555059355446E-6,3.023733292071151E-6,2.8272880122083453E-6,4.8973610723728E-6,5.617390968958705E-6
rotated-ellipsoid-8	13	2	7.389199202400556E-9	7.389199202400556E-9	TargetReached	2760	276	2760	0	3.729	3.4267368479932834E-5,-2.2499584159898967E-5,-7.236003421895562E-6,-1.3223555059355446E-6,3.023733292071151E-6,2.8272880122083453E-6,4.8973610723728E-6,5.617390968958705E-6
rotated-ellipsoid-8	14	0	9.246400005170435E-9	9.246400005170435E-9	TargetReached	2960	296	2960	0	4.131208	-1.9084435445276295E-5,1.0643128753202249E-5,6.11948188311976E-6,-5.504145088008883E-6,3.419878958400361E-6,-1.5962743306498E-6,-2.277655375680498E-6,-1.3383114667906166E-6
rotated-ellipsoid-8	14	1	9.246400005170435E-9	9.246400005170435E-9	TargetReached	2960	296	2960	0	4.047959	-1.9084435445276295E-5,1.0643128753202249E-5,6.11948188311976E-6,-5.504145088008883E-6,3.419878958400361E-6,-1.5962743306498E-6,-2.277655375680498E-6,-1.3383114667906166E-6
rotated-ellipsoid-8	14	2	9.246400005170435E-9	9.246400005170435E-9	TargetReached	2960	296	2960	0	4.103208	-1.9084435445276295E-5,1.0643128753202249E-5,6.11948188311976E-6,-5.504145088008883E-6,3.419878958400361E-6,-1.5962743306498E-6,-2.277655375680498E-6,-1.3383114667906166E-6
rotated-ellipsoid-8	15	0	6.18345621890438E-9	6.18345621890438E-9	TargetReached	2460	246	2460	0	3.328541	8.251112925035348E-6,1.5115701525407455E-5,-5.370606246275611E-6,-6.536614538362894E-6,-1.9557784350967462E-7,-2.932364106648969E-7,1.0929219244950506E-6,1.1982482133892465E-6
rotated-ellipsoid-8	15	1	6.18345621890438E-9	6.18345621890438E-9	TargetReached	2460	246	2460	0	3.338167	8.251112925035348E-6,1.5115701525407455E-5,-5.370606246275611E-6,-6.536614538362894E-6,-1.9557784350967462E-7,-2.932364106648969E-7,1.0929219244950506E-6,1.1982482133892465E-6
rotated-ellipsoid-8	15	2	6.18345621890438E-9	6.18345621890438E-9	TargetReached	2460	246	2460	0	3.335167	8.251112925035348E-6,1.5115701525407455E-5,-5.370606246275611E-6,-6.536614538362894E-6,-1.9557784350967462E-7,-2.932364106648969E-7,1.0929219244950506E-6,1.1982482133892465E-6
rotated-ellipsoid-8	16	0	8.178943694225406E-9	8.178943694225406E-9	TargetReached	3100	310	3100	0	4.283709	3.8070094756241326E-5,-1.8692938751671792E-5,3.325389070418865E-6,2.2787947355538784E-6,-1.0358741307097463E-6,-2.477510191464544E-6,-3.6057091118401137E-6,-4.000018921535739E-6
rotated-ellipsoid-8	16	1	8.178943694225406E-9	8.178943694225406E-9	TargetReached	3100	310	3100	0	4.190417	3.8070094756241326E-5,-1.8692938751671792E-5,3.325389070418865E-6,2.2787947355538784E-6,-1.0358741307097463E-6,-2.477510191464544E-6,-3.6057091118401137E-6,-4.000018921535739E-6
rotated-ellipsoid-8	16	2	8.178943694225406E-9	8.178943694225406E-9	TargetReached	3100	310	3100	0	4.204792	3.8070094756241326E-5,-1.8692938751671792E-5,3.325389070418865E-6,2.2787947355538784E-6,-1.0358741307097463E-6,-2.477510191464544E-6,-3.6057091118401137E-6,-4.000018921535739E-6
rotated-ellipsoid-8	17	0	7.443016986808703E-9	7.443016986808703E-9	TargetReached	2920	292	2920	0	4.018083	-1.7594194744171596E-5,-2.3871194683556584E-6,1.0939649610983581E-5,2.5860090457633706E-6,1.5800619503340429E-6,-3.9734557778914684E-6,-3.0303730265695153E-6,-3.3913021926045396E-6
rotated-ellipsoid-8	17	1	7.443016986808703E-9	7.443016986808703E-9	TargetReached	2920	292	2920	0	4.029833	-1.7594194744171596E-5,-2.3871194683556584E-6,1.0939649610983581E-5,2.5860090457633706E-6,1.5800619503340429E-6,-3.9734557778914684E-6,-3.0303730265695153E-6,-3.3913021926045396E-6
rotated-ellipsoid-8	17	2	7.443016986808703E-9	7.443016986808703E-9	TargetReached	2920	292	2920	0	3.927292	-1.7594194744171596E-5,-2.3871194683556584E-6,1.0939649610983581E-5,2.5860090457633706E-6,1.5800619503340429E-6,-3.9734557778914684E-6,-3.0303730265695153E-6,-3.3913021926045396E-6
rotated-ellipsoid-8	18	0	9.761128328383712E-9	9.761128328383712E-9	TargetReached	2960	296	2960	0	4.047084	1.2677908412725702E-6,2.0656102131494593E-5,-1.120019208465826E-5,2.001265787255207E-6,-3.7049005433283877E-6,-7.070465186329273E-7,1.9082044335165216E-7,5.605043643442834E-7
rotated-ellipsoid-8	18	1	9.761128328383712E-9	9.761128328383712E-9	TargetReached	2960	296	2960	0	4.06225	1.2677908412725702E-6,2.0656102131494593E-5,-1.120019208465826E-5,2.001265787255207E-6,-3.7049005433283877E-6,-7.070465186329273E-7,1.9082044335165216E-7,5.605043643442834E-7
rotated-ellipsoid-8	18	2	9.761128328383712E-9	9.761128328383712E-9	TargetReached	2960	296	2960	0	4.014375	1.2677908412725702E-6,2.0656102131494593E-5,-1.120019208465826E-5,2.001265787255207E-6,-3.7049005433283877E-6,-7.070465186329273E-7,1.9082044335165216E-7,5.605043643442834E-7
rotated-ellipsoid-8	19	0	9.766033161312627E-9	9.766033161312627E-9	TargetReached	2890	289	2890	0	3.930875	-1.108080733293402E-5,1.9206861978349787E-5,7.395844334997616E-6,-1.924086593403059E-6,7.851668816258728E-8,-5.0354316119689766E-6,-7.348072226833314E-6,-8.098847766607451E-6
rotated-ellipsoid-8	19	1	9.766033161312627E-9	9.766033161312627E-9	TargetReached	2890	289	2890	0	3.910792	-1.108080733293402E-5,1.9206861978349787E-5,7.395844334997616E-6,-1.924086593403059E-6,7.851668816258728E-8,-5.0354316119689766E-6,-7.348072226833314E-6,-8.098847766607451E-6
rotated-ellipsoid-8	19	2	9.766033161312627E-9	9.766033161312627E-9	TargetReached	2890	289	2890	0	3.86675	-1.108080733293402E-5,1.9206861978349787E-5,7.395844334997616E-6,-1.924086593403059E-6,7.851668816258728E-8,-5.0354316119689766E-6,-7.348072226833314E-6,-8.098847766607451E-6
rotated-ellipsoid-8	20	0	9.978500216021693E-9	9.978500216021693E-9	TargetReached	2890	289	2890	0	4.104417	1.0309000681956796E-5,-2.919675721840496E-5,6.170161819926057E-6,-8.611226436780983E-7,-1.346241181402807E-7,4.1542171245602384E-6,3.8061223117148022E-6,3.0481064124537162E-6
rotated-ellipsoid-8	20	1	9.978500216021693E-9	9.978500216021693E-9	TargetReached	2890	289	2890	0	4.004458	1.0309000681956796E-5,-2.919675721840496E-5,6.170161819926057E-6,-8.611226436780983E-7,-1.346241181402807E-7,4.1542171245602384E-6,3.8061223117148022E-6,3.0481064124537162E-6
rotated-ellipsoid-8	20	2	9.978500216021693E-9	9.978500216021693E-9	TargetReached	2890	289	2890	0	3.892834	1.0309000681956796E-5,-2.919675721840496E-5,6.170161819926057E-6,-8.611226436780983E-7,-1.346241181402807E-7,4.1542171245602384E-6,3.8061223117148022E-6,3.0481064124537162E-6
rosenbrock-4	1	0	8.098492687861117E-9	8.098492687861117E-9	TargetReached	1360	170	1360	0	0.754625	1.0000187448246372,1.0000346191033487,1.0000663893041823,1.0001305367089044
rosenbrock-4	1	1	8.098492687861117E-9	8.098492687861117E-9	TargetReached	1360	170	1360	0	0.786083	1.0000187448246372,1.0000346191033487,1.0000663893041823,1.0001305367089044
rosenbrock-4	1	2	8.098492687861117E-9	8.098492687861117E-9	TargetReached	1360	170	1360	0	0.721166	1.0000187448246372,1.0000346191033487,1.0000663893041823,1.0001305367089044
rosenbrock-4	2	0	8.218504018544201E-9	8.218504018544201E-9	TargetReached	1848	231	1848	0	1.050375	1.0000113381834086,1.0000286182589297,1.0000563743854771,1.000110542990887
rosenbrock-4	2	1	8.218504018544201E-9	8.218504018544201E-9	TargetReached	1848	231	1848	0	1.047209	1.0000113381834086,1.0000286182589297,1.0000563743854771,1.000110542990887
rosenbrock-4	2	2	8.218504018544201E-9	8.218504018544201E-9	TargetReached	1848	231	1848	0	1.02	1.0000113381834086,1.0000286182589297,1.0000563743854771,1.000110542990887
rosenbrock-4	3	0	3.7014286104300163	3.7014286104300163	EvaluationLimit	15000	1875	15000	0	8.175667	-0.7756592230955183,0.6130933604608226,0.38206284092478304,0.14597201456698888
rosenbrock-4	3	1	3.7014286104300163	3.7014286104300163	EvaluationLimit	15000	1875	15000	0	7.552959	-0.7756592230955183,0.6130933604608226,0.38206284092478304,0.14597201456698888
rosenbrock-4	3	2	3.7014286104300163	3.7014286104300163	EvaluationLimit	15000	1875	15000	0	7.181584	-0.7756592230955183,0.6130933604608226,0.38206284092478304,0.14597201456698888
rosenbrock-4	4	0	6.822900037521001E-9	6.822900037521001E-9	TargetReached	1448	181	1448	0	0.796375	1.0000000754384184,0.9999932561008537,0.9999875841002843,0.9999709795850885
rosenbrock-4	4	1	6.822900037521001E-9	6.822900037521001E-9	TargetReached	1448	181	1448	0	0.746375	1.0000000754384184,0.9999932561008537,0.9999875841002843,0.9999709795850885
rosenbrock-4	4	2	6.822900037521001E-9	6.822900037521001E-9	TargetReached	1448	181	1448	0	0.745292	1.0000000754384184,0.9999932561008537,0.9999875841002843,0.9999709795850885
rosenbrock-4	5	0	7.158354339949972E-9	7.158354339949972E-9	TargetReached	1880	235	1880	0	1.014	0.9999974047673913,0.9999989092207041,0.9999905575172418,0.9999821564121801
rosenbrock-4	5	1	7.158354339949972E-9	7.158354339949972E-9	TargetReached	1880	235	1880	0	0.986667	0.9999974047673913,0.9999989092207041,0.9999905575172418,0.9999821564121801
rosenbrock-4	5	2	7.158354339949972E-9	7.158354339949972E-9	TargetReached	1880	235	1880	0	0.957458	0.9999974047673913,0.9999989092207041,0.9999905575172418,0.9999821564121801
rosenbrock-4	6	0	6.33247280346638E-9	6.33247280346638E-9	TargetReached	1432	179	1432	0	0.752292	0.9999938164277706,0.9999918506302071,0.9999787823070833,0.9999615387628044
rosenbrock-4	6	1	6.33247280346638E-9	6.33247280346638E-9	TargetReached	1432	179	1432	0	0.747541	0.9999938164277706,0.9999918506302071,0.9999787823070833,0.9999615387628044
rosenbrock-4	6	2	6.33247280346638E-9	6.33247280346638E-9	TargetReached	1432	179	1432	0	0.736292	0.9999938164277706,0.9999918506302071,0.9999787823070833,0.9999615387628044
rosenbrock-4	7	0	3.7014286104300163	3.7014286104300163	EvaluationLimit	15000	1875	15000	0	7.335584	-0.77565923296905,0.6130933758043977,0.3820628588811334,0.14597202864826192
rosenbrock-4	7	1	3.7014286104300163	3.7014286104300163	EvaluationLimit	15000	1875	15000	0	7.243875	-0.77565923296905,0.6130933758043977,0.3820628588811334,0.14597202864826192
rosenbrock-4	7	2	3.7014286104300163	3.7014286104300163	EvaluationLimit	15000	1875	15000	0	7.333375	-0.77565923296905,0.6130933758043977,0.3820628588811334,0.14597202864826192
rosenbrock-4	8	0	6.598423221729925E-9	6.598423221729925E-9	TargetReached	1688	211	1688	0	0.895666	0.9999975113562968,0.999990734042709,0.9999800701216668,0.9999537575038923
rosenbrock-4	8	1	6.598423221729925E-9	6.598423221729925E-9	TargetReached	1688	211	1688	0	0.8715	0.9999975113562968,0.999990734042709,0.9999800701216668,0.9999537575038923
rosenbrock-4	8	2	6.598423221729925E-9	6.598423221729925E-9	TargetReached	1688	211	1688	0	0.848	0.9999975113562968,0.999990734042709,0.9999800701216668,0.9999537575038923
rosenbrock-4	9	0	5.534763795065304E-9	5.534763795065304E-9	TargetReached	1696	212	1696	0	0.884083	0.9999884533153,0.9999802683043727,0.9999613433250596,0.9999178686550645
rosenbrock-4	9	1	5.534763795065304E-9	5.534763795065304E-9	TargetReached	1696	212	1696	0	0.86575	0.9999884533153,0.9999802683043727,0.9999613433250596,0.9999178686550645
rosenbrock-4	9	2	5.534763795065304E-9	5.534763795065304E-9	TargetReached	1696	212	1696	0	0.853958	0.9999884533153,0.9999802683043727,0.9999613433250596,0.9999178686550645
rosenbrock-4	10	0	8.268011822014426E-9	8.268011822014426E-9	TargetReached	1472	184	1472	0	0.780625	1.0000130189938965,1.0000218532876193,1.000046045929472,1.0000977529331376
rosenbrock-4	10	1	8.268011822014426E-9	8.268011822014426E-9	TargetReached	1472	184	1472	0	0.754958	1.0000130189938965,1.0000218532876193,1.000046045929472,1.0000977529331376
rosenbrock-4	10	2	8.268011822014426E-9	8.268011822014426E-9	TargetReached	1472	184	1472	0	0.720625	1.0000130189938965,1.0000218532876193,1.000046045929472,1.0000977529331376
rosenbrock-4	11	0	8.066859127792241E-9	8.066859127792241E-9	TargetReached	1712	214	1712	0	0.842958	0.9999960917690841,0.9999869792806659,0.9999740468918997,0.9999548021090813
rosenbrock-4	11	1	8.066859127792241E-9	8.066859127792241E-9	TargetReached	1712	214	1712	0	0.862958	0.9999960917690841,0.9999869792806659,0.9999740468918997,0.9999548021090813
rosenbrock-4	11	2	8.066859127792241E-9	8.066859127792241E-9	TargetReached	1712	214	1712	0	0.825542	0.9999960917690841,0.9999869792806659,0.9999740468918997,0.9999548021090813
rosenbrock-4	12	0	9.376460866137666E-9	9.376460866137666E-9	TargetReached	2600	325	2600	0	1.270542	1.000010881998469,1.000022527258585,1.0000441190577751,1.0000963998611687
rosenbrock-4	12	1	9.376460866137666E-9	9.376460866137666E-9	TargetReached	2600	325	2600	0	1.27675	1.000010881998469,1.000022527258585,1.0000441190577751,1.0000963998611687
rosenbrock-4	12	2	9.376460866137666E-9	9.376460866137666E-9	TargetReached	2600	325	2600	0	1.28475	1.000010881998469,1.000022527258585,1.0000441190577751,1.0000963998611687
rosenbrock-4	13	0	8.750788197652856E-9	8.750788197652856E-9	TargetReached	1344	168	1344	0	0.664541	0.999998893317274,0.9999949821332623,0.9999874841054547,0.9999834336383926
rosenbrock-4	13	1	8.750788197652856E-9	8.750788197652856E-9	TargetReached	1344	168	1344	0	0.6655	0.999998893317274,0.9999949821332623,0.9999874841054547,0.9999834336383926
rosenbrock-4	13	2	8.750788197652856E-9	8.750788197652856E-9	TargetReached	1344	168	1344	0	0.654375	0.999998893317274,0.9999949821332623,0.9999874841054547,0.9999834336383926
rosenbrock-4	14	0	7.599103544706906E-9	7.599103544706906E-9	TargetReached	2080	260	2080	0	1.049958	1.00000116250893,1.0000020810075176,1.00001269513696,1.000024186727211
rosenbrock-4	14	1	7.599103544706906E-9	7.599103544706906E-9	TargetReached	2080	260	2080	0	1.047083	1.00000116250893,1.0000020810075176,1.00001269513696,1.000024186727211
rosenbrock-4	14	2	7.599103544706906E-9	7.599103544706906E-9	TargetReached	2080	260	2080	0	1.030958	1.00000116250893,1.0000020810075176,1.00001269513696,1.000024186727211
rosenbrock-4	15	0	6.327307212544414E-9	6.327307212544414E-9	TargetReached	1464	183	1464	0	0.726333	0.999998849925785,1.0000009332535555,1.0000072778118734,1.0000097614738923
rosenbrock-4	15	1	6.327307212544414E-9	6.327307212544414E-9	TargetReached	1464	183	1464	0	0.71075	0.999998849925785,1.0000009332535555,1.0000072778118734,1.0000097614738923
rosenbrock-4	15	2	6.327307212544414E-9	6.327307212544414E-9	TargetReached	1464	183	1464	0	0.695	0.999998849925785,1.0000009332535555,1.0000072778118734,1.0000097614738923
rosenbrock-4	16	0	2.8261998746276616E-9	2.8261998746276616E-9	TargetReached	2672	334	2672	0	1.31025	1.00000072174611,1.0000026959058395,1.0000003344135868,0.9999996504439496
rosenbrock-4	16	1	2.8261998746276616E-9	2.8261998746276616E-9	TargetReached	2672	334	2672	0	1.307834	1.00000072174611,1.0000026959058395,1.0000003344135868,0.9999996504439496
rosenbrock-4	16	2	2.8261998746276616E-9	2.8261998746276616E-9	TargetReached	2672	334	2672	0	1.275791	1.00000072174611,1.0000026959058395,1.0000003344135868,0.9999996504439496
rosenbrock-4	17	0	9.252865293881325E-9	9.252865293881325E-9	TargetReached	1504	188	1504	0	0.764791	0.9999908257994686,0.9999792387647713,0.9999592825344937,0.9999265872050933
rosenbrock-4	17	1	9.252865293881325E-9	9.252865293881325E-9	TargetReached	1504	188	1504	0	0.740584	0.9999908257994686,0.9999792387647713,0.9999592825344937,0.9999265872050933
rosenbrock-4	17	2	9.252865293881325E-9	9.252865293881325E-9	TargetReached	1504	188	1504	0	0.732125	0.9999908257994686,0.9999792387647713,0.9999592825344937,0.9999265872050933
rosenbrock-4	18	0	3.2002051837428716E-9	3.2002051837428716E-9	TargetReached	1560	195	1560	0	0.782042	0.9999932532848114,0.9999874697380234,0.9999711425642152,0.9999397751959461
rosenbrock-4	18	1	3.2002051837428716E-9	3.2002051837428716E-9	TargetReached	1560	195	1560	0	0.769125	0.9999932532848114,0.9999874697380234,0.9999711425642152,0.9999397751959461
rosenbrock-4	18	2	3.2002051837428716E-9	3.2002051837428716E-9	TargetReached	1560	195	1560	0	0.754917	0.9999932532848114,0.9999874697380234,0.9999711425642152,0.9999397751959461
rosenbrock-4	19	0	7.5774702621914E-9	7.5774702621914E-9	TargetReached	1584	198	1584	0	0.794125	0.9999962837908789,0.9999891690121255,0.9999732675074439,0.999941053436546
rosenbrock-4	19	1	7.5774702621914E-9	7.5774702621914E-9	TargetReached	1584	198	1584	0	0.757209	0.9999962837908789,0.9999891690121255,0.9999732675074439,0.999941053436546
rosenbrock-4	19	2	7.5774702621914E-9	7.5774702621914E-9	TargetReached	1584	198	1584	0	0.77125	0.9999962837908789,0.9999891690121255,0.9999732675074439,0.999941053436546
rosenbrock-4	20	0	4.151475119340381E-9	4.151475119340381E-9	TargetReached	1464	183	1464	0	0.764167	1.00000321626041,1.0000028027949455,1.0000107059524697,1.000022411005936
rosenbrock-4	20	1	4.151475119340381E-9	4.151475119340381E-9	TargetReached	1464	183	1464	0	0.714625	1.00000321626041,1.0000028027949455,1.0000107059524697,1.000022411005936
rosenbrock-4	20	2	4.151475119340381E-9	4.151475119340381E-9	TargetReached	1464	183	1464	0	0.695	1.00000321626041,1.0000028027949455,1.0000107059524697,1.000022411005936
nonsmooth-8	1	0	9.886676756459617E-9	9.886676756459617E-9	TargetReached	3410	341	3410	0	3.645667	1.6856671919702955E-9,7.862905382677711E-10,-9.600711029832487E-10,-1.3737738072183038E-10,-4.523435155414715E-11,2.690997796027097E-10,-8.94222666133174E-11,9.149741930456199E-11
nonsmooth-8	1	1	9.886676756459617E-9	9.886676756459617E-9	TargetReached	3410	341	3410	0	3.591208	1.6856671919702955E-9,7.862905382677711E-10,-9.600711029832487E-10,-1.3737738072183038E-10,-4.523435155414715E-11,2.690997796027097E-10,-8.94222666133174E-11,9.149741930456199E-11
nonsmooth-8	1	2	9.886676756459617E-9	9.886676756459617E-9	TargetReached	3410	341	3410	0	3.634791	1.6856671919702955E-9,7.862905382677711E-10,-9.600711029832487E-10,-1.3737738072183038E-10,-4.523435155414715E-11,2.690997796027097E-10,-8.94222666133174E-11,9.149741930456199E-11
nonsmooth-8	2	0	9.979246335558855E-9	9.979246335558855E-9	TargetReached	3160	316	3160	0	3.425792	-2.984681132860357E-9,-1.5794682495936385E-10,-2.643494451297974E-10,2.9633586768651463E-10,8.204093430505512E-11,-1.6465798649874378E-10,3.7514099224725045E-10,8.451752629947851E-11
nonsmooth-8	2	1	9.979246335558855E-9	9.979246335558855E-9	TargetReached	3160	316	3160	0	3.306792	-2.984681132860357E-9,-1.5794682495936385E-10,-2.643494451297974E-10,2.9633586768651463E-10,8.204093430505512E-11,-1.6465798649874378E-10,3.7514099224725045E-10,8.451752629947851E-11
nonsmooth-8	2	2	9.979246335558855E-9	9.979246335558855E-9	TargetReached	3160	316	3160	0	3.41325	-2.984681132860357E-9,-1.5794682495936385E-10,-2.643494451297974E-10,2.9633586768651463E-10,8.204093430505512E-11,-1.6465798649874378E-10,3.7514099224725045E-10,8.451752629947851E-11
nonsmooth-8	3	0	9.794450148218392E-9	9.794450148218392E-9	TargetReached	3560	356	3560	0	3.784666	-1.4004749536147157E-10,6.374241914385738E-11,9.602129333633982E-10,-6.086247758196785E-10,6.653077803038314E-11,-2.600932557869203E-10,-2.556481718218081E-10,-6.612866044677548E-11
nonsmooth-8	3	1	9.794450148218392E-9	9.794450148218392E-9	TargetReached	3560	356	3560	0	3.7865	-1.4004749536147157E-10,6.374241914385738E-11,9.602129333633982E-10,-6.086247758196785E-10,6.653077803038314E-11,-2.600932557869203E-10,-2.556481718218081E-10,-6.612866044677548E-11
nonsmooth-8	3	2	9.794450148218392E-9	9.794450148218392E-9	TargetReached	3560	356	3560	0	3.769916	-1.4004749536147157E-10,6.374241914385738E-11,9.602129333633982E-10,-6.086247758196785E-10,6.653077803038314E-11,-2.600932557869203E-10,-2.556481718218081E-10,-6.612866044677548E-11
nonsmooth-8	4	0	8.037908452138555E-9	8.037908452138555E-9	TargetReached	3740	374	3740	0	4.080375	1.833784027705696E-9,-1.0701722296539894E-9,-1.8182623893058573E-10,1.8809335495192403E-10,-1.9771976298569214E-10,-1.452292831642359E-10,-4.814705610469297E-11,-7.111549023483769E-11
nonsmooth-8	4	1	8.037908452138555E-9	8.037908452138555E-9	TargetReached	3740	374	3740	0	3.987833	1.833784027705696E-9,-1.0701722296539894E-9,-1.8182623893058573E-10,1.8809335495192403E-10,-1.9771976298569214E-10,-1.452292831642359E-10,-4.814705610469297E-11,-7.111549023483769E-11
nonsmooth-8	4	2	8.037908452138555E-9	8.037908452138555E-9	TargetReached	3740	374	3740	0	3.962583	1.833784027705696E-9,-1.0701722296539894E-9,-1.8182623893058573E-10,1.8809335495192403E-10,-1.9771976298569214E-10,-1.452292831642359E-10,-4.814705610469297E-11,-7.111549023483769E-11
nonsmooth-8	5	0	9.664892508451671E-9	9.664892508451671E-9	TargetReached	2870	287	2870	0	3.045958	1.0736874877069691E-9,5.780152926156474E-10,8.315051361212939E-10,-4.826725932787733E-10,-3.7621000991319637E-10,1.8554078225639767E-11,5.818818959557722E-11,7.628460099319624E-11
nonsmooth-8	5	1	9.664892508451671E-9	9.664892508451671E-9	TargetReached	2870	287	2870	0	3.162958	1.0736874877069691E-9,5.780152926156474E-10,8.315051361212939E-10,-4.826725932787733E-10,-3.7621000991319637E-10,1.8554078225639767E-11,5.818818959557722E-11,7.628460099319624E-11
nonsmooth-8	5	2	9.664892508451671E-9	9.664892508451671E-9	TargetReached	2870	287	2870	0	3.034291	1.0736874877069691E-9,5.780152926156474E-10,8.315051361212939E-10,-4.826725932787733E-10,-3.7621000991319637E-10,1.8554078225639767E-11,5.818818959557722E-11,7.628460099319624E-11
nonsmooth-8	6	0	8.233996494671982E-9	8.233996494671982E-9	TargetReached	2780	278	2780	0	2.93325	1.864509284084205E-9,1.0565718598064559E-9,1.165134783976021E-11,-4.492832722350092E-10,-2.2401971267202785E-11,-5.0092120562395433E-11,2.333185424492123E-10,4.7307997707584555E-11
nonsmooth-8	6	1	8.233996494671982E-9	8.233996494671982E-9	TargetReached	2780	278	2780	0	2.952958	1.864509284084205E-9,1.0565718598064559E-9,1.165134783976021E-11,-4.492832722350092E-10,-2.2401971267202785E-11,-5.0092120562395433E-11,2.333185424492123E-10,4.7307997707584555E-11
nonsmooth-8	6	2	8.233996494671982E-9	8.233996494671982E-9	TargetReached	2780	278	2780	0	3.030625	1.864509284084205E-9,1.0565718598064559E-9,1.165134783976021E-11,-4.492832722350092E-10,-2.2401971267202785E-11,-5.0092120562395433E-11,2.333185424492123E-10,4.7307997707584555E-11
nonsmooth-8	7	0	6.53938466607275E-9	6.53938466607275E-9	TargetReached	3390	339	3390	0	3.832125	6.406760866420595E-11,-1.6066667465031415E-10,-2.4804515450704193E-10,-5.358597126733497E-10,8.338724102640791E-11,-1.8877329009297555E-10,2.3898866871322485E-10,-5.489095901365504E-12
nonsmooth-8	7	1	6.53938466607275E-9	6.53938466607275E-9	TargetReached	3390	339	3390	0	3.700833	6.406760866420595E-11,-1.6066667465031415E-10,-2.4804515450704193E-10,-5.358597126733497E-10,8.338724102640791E-11,-1.8877329009297555E-10,2.3898866871322485E-10,-5.489095901365504E-12
nonsmooth-8	7	2	6.53938466607275E-9	6.53938466607275E-9	TargetReached	3390	339	3390	0	3.540375	6.406760866420595E-11,-1.6066667465031415E-10,-2.4804515450704193E-10,-5.358597126733497E-10,8.338724102640791E-11,-1.8877329009297555E-10,2.3898866871322485E-10,-5.489095901365504E-12
nonsmooth-8	8	0	9.478467228791572E-9	9.478467228791572E-9	TargetReached	3450	345	3450	0	3.650125	4.058498110222065E-9,4.95049324415055E-10,2.799762085492813E-11,-5.49280982553608E-11,1.9598650524959576E-11,1.2756852915874395E-10,3.0058274184551306E-10,-1.4483519920716435E-10
nonsmooth-8	8	1	9.478467228791572E-9	9.478467228791572E-9	TargetReached	3450	345	3450	0	3.685542	4.058498110222065E-9,4.95049324415055E-10,2.799762085492813E-11,-5.49280982553608E-11,1.9598650524959576E-11,1.2756852915874395E-10,3.0058274184551306E-10,-1.4483519920716435E-10
nonsmooth-8	8	2	9.478467228791572E-9	9.478467228791572E-9	TargetReached	3450	345	3450	0	3.79375	4.058498110222065E-9,4.95049324415055E-10,2.799762085492813E-11,-5.49280982553608E-11,1.9598650524959576E-11,1.2756852915874395E-10,3.0058274184551306E-10,-1.4483519920716435E-10
nonsmooth-8	9	0	9.562872007039747E-9	9.562872007039747E-9	TargetReached	2670	267	2670	0	2.867292	-5.839139872807106E-10,1.3764774632399172E-10,-5.660240106305843E-10,-6.529711815518352E-11,4.4053065256801776E-10,1.9703655406434466E-10,4.3902578526533144E-10,3.579361731438609E-11
nonsmooth-8	9	1	9.562872007039747E-9	9.562872007039747E-9	TargetReached	2670	267	2670	0	2.856166	-5.839139872807106E-10,1.3764774632399172E-10,-5.660240106305843E-10,-6.529711815518352E-11,4.4053065256801776E-10,1.9703655406434466E-10,4.3902578526533144E-10,3.579361731438609E-11
nonsmooth-8	9	2	9.562872007039747E-9	9.562872007039747E-9	TargetReached	2670	267	2670	0	10.511375	-5.839139872807106E-10,1.3764774632399172E-10,-5.660240106305843E-10,-6.529711815518352E-11,4.4053065256801776E-10,1.9703655406434466E-10,4.3902578526533144E-10,3.579361731438609E-11
nonsmooth-8	10	0	8.554547541394526E-9	8.554547541394526E-9	TargetReached	2780	278	2780	0	3.063792	8.081050651915236E-10,-5.556648371771202E-10,-7.481455723553451E-10,7.48570751178012E-10,1.0425196366392105E-10,-7.606310635306002E-11,-3.940035529026347E-11,-1.7869017075108685E-11
nonsmooth-8	10	1	8.554547541394526E-9	8.554547541394526E-9	TargetReached	2780	278	2780	0	2.983958	8.081050651915236E-10,-5.556648371771202E-10,-7.481455723553451E-10,7.48570751178012E-10,1.0425196366392105E-10,-7.606310635306002E-11,-3.940035529026347E-11,-1.7869017075108685E-11
nonsmooth-8	10	2	8.554547541394526E-9	8.554547541394526E-9	TargetReached	2780	278	2780	0	3.045042	8.081050651915236E-10,-5.556648371771202E-10,-7.481455723553451E-10,7.48570751178012E-10,1.0425196366392105E-10,-7.606310635306002E-11,-3.940035529026347E-11,-1.7869017075108685E-11
nonsmooth-8	11	0	9.482079642005849E-9	9.482079642005849E-9	TargetReached	3420	342	3420	0	3.789583	1.2128237991449437E-9,2.0688976248711048E-10,-8.447099274871535E-10,2.374344158045592E-10,3.5669260976822377E-10,-7.835800424257799E-11,-2.944654065537193E-10,7.092494004295526E-12
nonsmooth-8	11	1	9.482079642005849E-9	9.482079642005849E-9	TargetReached	3420	342	3420	0	3.606417	1.2128237991449437E-9,2.0688976248711048E-10,-8.447099274871535E-10,2.374344158045592E-10,3.5669260976822377E-10,-7.835800424257799E-11,-2.944654065537193E-10,7.092494004295526E-12
nonsmooth-8	11	2	9.482079642005849E-9	9.482079642005849E-9	TargetReached	3420	342	3420	0	3.6265	1.2128237991449437E-9,2.0688976248711048E-10,-8.447099274871535E-10,2.374344158045592E-10,3.5669260976822377E-10,-7.835800424257799E-11,-2.944654065537193E-10,7.092494004295526E-12
nonsmooth-8	12	0	8.935512922048329E-9	8.935512922048329E-9	TargetReached	3270	327	3270	0	3.540083	-1.3006067560198585E-9,1.291651285579204E-10,4.8402957599607177E-11,1.0097445426002404E-9,-2.896159414531886E-10,-4.174041203734902E-11,1.762269772102784E-11,-1.7131347527195173E-10
nonsmooth-8	12	1	8.935512922048329E-9	8.935512922048329E-9	TargetReached	3270	327	3270	0	3.628208	-1.3006067560198585E-9,1.291651285579204E-10,4.8402957599607177E-11,1.0097445426002404E-9,-2.896159414531886E-10,-4.174041203734902E-11,1.762269772102784E-11,-1.7131347527195173E-10
nonsmooth-8	12	2	8.935512922048329E-9	8.935512922048329E-9	TargetReached	3270	327	3270	0	3.461292	-1.3006067560198585E-9,1.291651285579204E-10,4.8402957599607177E-11,1.0097445426002404E-9,-2.896159414531886E-10,-4.174041203734902E-11,1.762269772102784E-11,-1.7131347527195173E-10
nonsmooth-8	13	0	9.970805192679162E-9	9.970805192679162E-9	TargetReached	2990	299	2990	0	3.247459	2.5171377861998335E-10,-9.267066239587172E-11,-4.4125660955380045E-10,9.08141314021705E-11,5.294765614773153E-10,-5.416529209650284E-10,2.591799819433876E-10,-1.6895441027111296E-11
nonsmooth-8	13	1	9.970805192679162E-9	9.970805192679162E-9	TargetReached	2990	299	2990	0	3.259875	2.5171377861998335E-10,-9.267066239587172E-11,-4.4125660955380045E-10,9.08141314021705E-11,5.294765614773153E-10,-5.416529209650284E-10,2.591799819433876E-10,-1.6895441027111296E-11
nonsmooth-8	13	2	9.970805192679162E-9	9.970805192679162E-9	TargetReached	2990	299	2990	0	3.145334	2.5171377861998335E-10,-9.267066239587172E-11,-4.4125660955380045E-10,9.08141314021705E-11,5.294765614773153E-10,-5.416529209650284E-10,2.591799819433876E-10,-1.6895441027111296E-11
nonsmooth-8	14	0	9.373062218672091E-9	9.373062218672091E-9	TargetReached	3630	363	3630	0	3.850167	2.0311069824545938E-9,-3.295305424286771E-10,1.3458887331329157E-10,-1.370993519642592E-10,-4.248096196785619E-10,2.5794789947105633E-10,-2.8031688166727887E-10,-1.2097057084141267E-11
nonsmooth-8	14	1	9.373062218672091E-9	9.373062218672091E-9	TargetReached	3630	363	3630	0	3.850916	2.0311069824545938E-9,-3.295305424286771E-10,1.3458887331329157E-10,-1.370993519642592E-10,-4.248096196785619E-10,2.5794789947105633E-10,-2.8031688166727887E-10,-1.2097057084141267E-11
nonsmooth-8	14	2	9.373062218672091E-9	9.373062218672091E-9	TargetReached	3630	363	3630	0	3.844792	2.0311069824545938E-9,-3.295305424286771E-10,1.3458887331329157E-10,-1.370993519642592E-10,-4.248096196785619E-10,2.5794789947105633E-10,-2.8031688166727887E-10,-1.2097057084141267E-11
nonsmooth-8	15	0	8.253674336550555E-9	8.253674336550555E-9	TargetReached	3740	374	3740	0	4.025958	9.757672096935451E-10,-1.7617176815947604E-10,1.3012695711095999E-11,5.092723799814988E-10,3.304282697664513E-10,7.883429195205506E-11,-3.6327631256503317E-10,2.2669336872369375E-11
nonsmooth-8	15	1	8.253674336550555E-9	8.253674336550555E-9	TargetReached	3740	374	3740	0	4.018125	9.757672096935451E-10,-1.7617176815947604E-10,1.3012695711095999E-11,5.092723799814988E-10,3.304282697664513E-10,7.883429195205506E-11,-3.6327631256503317E-10,2.2669336872369375E-11
nonsmooth-8	15	2	8.253674336550555E-9	8.253674336550555E-9	TargetReached	3740	374	3740	0	3.950458	9.757672096935451E-10,-1.7617176815947604E-10,1.3012695711095999E-11,5.092723799814988E-10,3.304282697664513E-10,7.883429195205506E-11,-3.6327631256503317E-10,2.2669336872369375E-11
nonsmooth-8	16	0	7.033194025368515E-9	7.033194025368515E-9	TargetReached	2850	285	2850	0	2.989125	-7.534582207706705E-10,-5.025568854081133E-10,-1.1578190438513731E-10,-3.374162636252331E-10,-5.229804859124996E-11,-4.3952705795077725E-11,-3.58052864025171E-10,-6.825434252779505E-11
nonsmooth-8	16	1	7.033194025368515E-9	7.033194025368515E-9	TargetReached	2850	285	2850	0	3.115333	-7.534582207706705E-10,-5.025568854081133E-10,-1.1578190438513731E-10,-3.374162636252331E-10,-5.229804859124996E-11,-4.3952705795077725E-11,-3.58052864025171E-10,-6.825434252779505E-11
nonsmooth-8	16	2	7.033194025368515E-9	7.033194025368515E-9	TargetReached	2850	285	2850	0	3.041	-7.534582207706705E-10,-5.025568854081133E-10,-1.1578190438513731E-10,-3.374162636252331E-10,-5.229804859124996E-11,-4.3952705795077725E-11,-3.58052864025171E-10,-6.825434252779505E-11
nonsmooth-8	17	0	9.19384631453471E-9	9.19384631453471E-9	TargetReached	3140	314	3140	0	3.366375	-6.866055575652971E-10,-5.371928201686711E-10,1.2097150709811671E-9,2.0315501285616134E-10,-5.517913012806958E-11,4.1162800920188753E-10,1.2543538257075536E-11,1.9702672326590227E-11
nonsmooth-8	17	1	9.19384631453471E-9	9.19384631453471E-9	TargetReached	3140	314	3140	0	3.347792	-6.866055575652971E-10,-5.371928201686711E-10,1.2097150709811671E-9,2.0315501285616134E-10,-5.517913012806958E-11,4.1162800920188753E-10,1.2543538257075536E-11,1.9702672326590227E-11
nonsmooth-8	17	2	9.19384631453471E-9	9.19384631453471E-9	TargetReached	3140	314	3140	0	3.321167	-6.866055575652971E-10,-5.371928201686711E-10,1.2097150709811671E-9,2.0315501285616134E-10,-5.517913012806958E-11,4.1162800920188753E-10,1.2543538257075536E-11,1.9702672326590227E-11
nonsmooth-8	18	0	8.475311005805312E-9	8.475311005805312E-9	TargetReached	3810	381	3810	0	4.040791	6.09360498897512E-10,1.0064979412782225E-9,2.0978557743851396E-11,-1.0264682542666557E-10,1.3733426255189436E-10,1.925126111824557E-10,1.9199294690893658E-11,4.254112008403346E-10
nonsmooth-8	18	1	8.475311005805312E-9	8.475311005805312E-9	TargetReached	3810	381	3810	0	3.999833	6.09360498897512E-10,1.0064979412782225E-9,2.0978557743851396E-11,-1.0264682542666557E-10,1.3733426255189436E-10,1.925126111824557E-10,1.9199294690893658E-11,4.254112008403346E-10
nonsmooth-8	18	2	8.475311005805312E-9	8.475311005805312E-9	TargetReached	3810	381	3810	0	4.004042	6.09360498897512E-10,1.0064979412782225E-9,2.0978557743851396E-11,-1.0264682542666557E-10,1.3733426255189436E-10,1.925126111824557E-10,1.9199294690893658E-11,4.254112008403346E-10
nonsmooth-8	19	0	7.718552738913173E-9	7.718552738913173E-9	TargetReached	3110	311	3110	0	3.328083	-7.205990702236824E-11,-5.943067535111912E-11,5.484093316853086E-10,-2.525058230987306E-10,-3.2823022995419426E-10,-1.0090635606605725E-10,7.348188879090592E-11,-2.6392721075425773E-10
nonsmooth-8	19	1	7.718552738913173E-9	7.718552738913173E-9	TargetReached	3110	311	3110	0	3.316041	-7.205990702236824E-11,-5.943067535111912E-11,5.484093316853086E-10,-2.525058230987306E-10,-3.2823022995419426E-10,-1.0090635606605725E-10,7.348188879090592E-11,-2.6392721075425773E-10
nonsmooth-8	19	2	7.718552738913173E-9	7.718552738913173E-9	TargetReached	3110	311	3110	0	3.315041	-7.205990702236824E-11,-5.943067535111912E-11,5.484093316853086E-10,-2.525058230987306E-10,-3.2823022995419426E-10,-1.0090635606605725E-10,7.348188879090592E-11,-2.6392721075425773E-10
nonsmooth-8	20	0	9.544950015957622E-9	9.544950015957622E-9	TargetReached	4270	427	4270	0	4.531458	2.0636009084597445E-9,4.4490962967663584E-10,1.5304608011296213E-10,1.3941006777615986E-10,2.677988961974547E-10,-2.01011573894963E-10,-1.4746198138723018E-10,-2.496816928291772E-10
nonsmooth-8	20	1	9.544950015957622E-9	9.544950015957622E-9	TargetReached	4270	427	4270	0	4.417042	2.0636009084597445E-9,4.4490962967663584E-10,1.5304608011296213E-10,1.3941006777615986E-10,2.677988961974547E-10,-2.01011573894963E-10,-1.4746198138723018E-10,-2.496816928291772E-10
nonsmooth-8	20	2	9.544950015957622E-9	9.544950015957622E-9	TargetReached	4270	427	4270	0	4.432166	2.0636009084597445E-9,4.4490962967663584E-10,1.5304608011296213E-10,1.3941006777615986E-10,2.677988961974547E-10,-2.01011573894963E-10,-1.4746198138723018E-10,-2.496816928291772E-10
rastrigin-4	1	0	1.989918114186581	1.989918114186581	EvaluationLimit	15000	1875	15000	0	8.969708	0.994958637654868,6.635416723598472E-11,-8.292668220733366E-10,0.9949586380970663
rastrigin-4	1	1	1.989918114186581	1.989918114186581	EvaluationLimit	15000	1875	15000	0	8.839875	0.994958637654868,6.635416723598472E-11,-8.292668220733366E-10,0.9949586380970663
rastrigin-4	1	2	1.989918114186581	1.989918114186581	EvaluationLimit	15000	1875	15000	0	8.610083	0.994958637654868,6.635416723598472E-11,-8.292668220733366E-10,0.9949586380970663
rastrigin-4	2	0	4.974790247647377	4.974790247647377	EvaluationLimit	15000	1875	15000	0	8.711833	1.9899122343554811,1.143587451225226E-9,2.7500243462297648E-11,0.9949586379335031
rastrigin-4	2	1	4.974790247647377	4.974790247647377	EvaluationLimit	15000	1875	15000	0	8.645917	1.9899122343554811,1.143587451225226E-9,2.7500243462297648E-11,0.9949586379335031
rastrigin-4	2	2	4.974790247647377	4.974790247647377	EvaluationLimit	15000	1875	15000	0	8.628834	1.9899122343554811,1.143587451225226E-9,2.7500243462297648E-11,0.9949586379335031
rastrigin-4	3	0	0.9949590570932904	0.9949590570932904	ConditionLimit	14432	1804	14432	0	8.232292	0.9949586374581962,-8.720671817791888E-11,-8.476166897842336E-10,-2.86739685019528E-10
rastrigin-4	3	1	0.9949590570932904	0.9949590570932904	ConditionLimit	14432	1804	14432	0	8.087459	0.9949586374581962,-8.720671817791888E-11,-8.476166897842336E-10,-2.86739685019528E-10
rastrigin-4	3	2	0.9949590570932904	0.9949590570932904	ConditionLimit	14432	1804	14432	0	13.467291	0.9949586374581962,-8.720671817791888E-11,-8.476166897842336E-10,-2.86739685019528E-10
rastrigin-4	4	0	13.929391489134385	13.929391489134385	EvaluationLimit	15000	1875	15000	0	8.815375	-0.9949586381880373,1.9899122337878221,9.092594286951361E-12,2.9848557014122203
rastrigin-4	4	1	13.929391489134385	13.929391489134385	EvaluationLimit	15000	1875	15000	0	8.801208	-0.9949586381880373,1.9899122337878221,9.092594286951361E-12,2.9848557014122203
rastrigin-4	4	2	13.929391489134385	13.929391489134385	EvaluationLimit	15000	1875	15000	0	8.80975	-0.9949586381880373,1.9899122337878221,9.092594286951361E-12,2.9848557014122203
rastrigin-4	5	0	7.959662381108172	7.959662381108172	EvaluationLimit	15000	1875	15000	0	8.8045	-1.019438270384729E-9,1.4517781473805545E-9,1.9899122343851963,1.9899122328898318
rastrigin-4	5	1	7.959662381108172	7.959662381108172	EvaluationLimit	15000	1875	15000	0	8.593209	-1.019438270384729E-9,1.4517781473805545E-9,1.9899122343851963,1.9899122328898318
rastrigin-4	5	2	7.959662381108172	7.959662381108172	EvaluationLimit	15000	1875	15000	0	8.680708	-1.019438270384729E-9,1.4517781473805545E-9,1.9899122343851963,1.9899122328898318
rastrigin-4	6	0	6.964708361833957	6.964708361833957	EvaluationLimit	15000	1875	15000	0	21.822375	-1.9899122343342182,-0.9949586373845225,0.9949586376918627,0.9949586388140707
rastrigin-4	6	1	6.964708361833957	6.964708361833957	EvaluationLimit	15000	1875	15000	0	7.709542	-1.9899122343342182,-0.9949586373845225,0.9949586376918627,0.9949586388140707
rastrigin-4	6	2	6.964708361833957	6.964708361833957	EvaluationLimit	15000	1875	15000	0	7.487708	-1.9899122343342182,-0.9949586373845225,0.9949586376918627,0.9949586388140707
rastrigin-4	7	0	2.984877171279871	2.984877171279871	EvaluationLimit	15000	1875	15000	0	7.607208	-0.994958637600987,-0.9949586378253907,0.9949586379321483,-9.571336551596122E-10
rastrigin-4	7	1	2.984877171279871	2.984877171279871	EvaluationLimit	15000	1875	15000	0	7.543792	-0.994958637600987,-0.9949586378253907,0.9949586379321483,-9.571336551596122E-10
rastrigin-4	7	2	2.984877171279871	2.984877171279871	EvaluationLimit	15000	1875	15000	0	7.450959	-0.994958637600987,-0.9949586378253907,0.9949586379321483,-9.571336551596122E-10
rastrigin-4	8	0	0.9949590570932902	0.9949590570932902	EvaluationLimit	15000	1875	15000	0	7.274833	6.690071423984746E-10,-6.04116926807934E-10,-0.9949586372365965,1.0665880847537584E-9
rastrigin-4	8	1	0.9949590570932902	0.9949590570932902	EvaluationLimit	15000	1875	15000	0	7.402875	6.690071423984746E-10,-6.04116926807934E-10,-0.9949586372365965,1.0665880847537584E-9
rastrigin-4	8	2	0.9949590570932902	0.9949590570932902	EvaluationLimit	15000	1875	15000	0	7.377083	6.690071423984746E-10,-6.04116926807934E-10,-0.9949586372365965,1.0665880847537584E-9
rastrigin-4	9	0	5.1511268955285495E-9	5.1511268955285495E-9	TargetReached	1560	195	1560	0	0.9205	4.268305716716898E-6,-1.9969343616455524E-7,3.443039490780715E-7,2.7545457980214265E-6
rastrigin-4	9	1	5.1511268955285495E-9	5.1511268955285495E-9	TargetReached	1560	195	1560	0	0.857958	4.268305716716898E-6,-1.9969343616455524E-7,3.443039490780715E-7,2.7545457980214265E-6
rastrigin-4	9	2	5.1511268955285495E-9	5.1511268955285495E-9	TargetReached	1560	195	1560	0	1.091791	4.268305716716898E-6,-1.9969343616455524E-7,3.443039490780715E-7,2.7545457980214265E-6
rastrigin-4	10	0	2.9848771712798716	2.9848771712798716	EvaluationLimit	15000	1875	15000	0	7.617417	-6.395880209028712E-10,0.9949586375283886,0.9949586380569817,0.9949586371779232
rastrigin-4	10	1	2.9848771712798716	2.9848771712798716	EvaluationLimit	15000	1875	15000	0	7.572625	-6.395880209028712E-10,0.9949586375283886,0.9949586380569817,0.9949586371779232
rastrigin-4	10	2	2.9848771712798716	2.9848771712798716	EvaluationLimit	15000	1875	15000	0	7.618167	-6.395880209028712E-10,0.9949586375283886,0.9949586380569817,0.9949586371779232
rastrigin-4	11	0	5.969749304740668	5.969749304740668	EvaluationLimit	15000	1875	15000	0	7.835542	0.9949586373300153,-1.7550349700863045E-10,0.9949586378957687,1.9899122332588126
rastrigin-4	11	1	5.969749304740668	5.969749304740668	EvaluationLimit	15000	1875	15000	0	7.745625	0.9949586373300153,-1.7550349700863045E-10,0.9949586378957687,1.9899122332588126
rastrigin-4	11	2	5.969749304740668	5.969749304740668	EvaluationLimit	15000	1875	15000	0	7.852625	0.9949586373300153,-1.7550349700863045E-10,0.9949586378957687,1.9899122332588126
rastrigin-4	12	0	9.949580495294754	9.949580495294754	EvaluationLimit	15000	1875	15000	0	7.686625	1.9899122334112875,0.9949586370097581,-1.9899122326173797,0.9949586374149617
rastrigin-4	12	1	9.949580495294754	9.949580495294754	EvaluationLimit	15000	1875	15000	0	7.850334	1.9899122334112875,0.9949586370097581,-1.9899122326173797,0.9949586374149617
rastrigin-4	12	2	9.949580495294754	9.949580495294754	EvaluationLimit	15000	1875	15000	0	7.779833	1.9899122334112875,0.9949586370097581,-1.9899122326173797,0.9949586374149617
rastrigin-4	13	0	8.954621438201464	8.954621438201464	EvaluationLimit	15000	1875	15000	0	7.710541	-5.683106247636193E-10,0.9949586372946408,1.9899122343104139,1.9899122344199986
rastrigin-4	13	1	8.954621438201464	8.954621438201464	EvaluationLimit	15000	1875	15000	0	7.627167	-5.683106247636193E-10,0.9949586372946408,1.9899122343104139,1.9899122344199986
rastrigin-4	13	2	8.954621438201464	8.954621438201464	EvaluationLimit	15000	1875	15000	0	7.839333	-5.683106247636193E-10,0.9949586372946408,1.9899122343104139,1.9899122344199986
rastrigin-4	14	0	5.969749304740668	5.969749304740668	EvaluationLimit	15000	1875	15000	0	7.964334	-1.9899122344491396,-0.9949586378898009,0.9949586374411228,9.810902900793057E-11
rastrigin-4	14	1	5.969749304740668	5.969749304740668	EvaluationLimit	15000	1875	15000	0	8.037125	-1.9899122344491396,-0.9949586378898009,0.9949586374411228,9.810902900793057E-11
rastrigin-4	14	2	5.969749304740668	5.969749304740668	EvaluationLimit	15000	1875	15000	0	7.858875	-1.9899122344491396,-0.9949586378898009,0.9949586374411228,9.810902900793057E-11
rastrigin-4	15	0	5.969749304740668	5.969749304740668	EvaluationLimit	15000	1875	15000	0	7.856875	0.9949586382733249,-1.9899122339985678,-1.0329908607682614E-9,0.9949586376867255
rastrigin-4	15	1	5.969749304740668	5.969749304740668	EvaluationLimit	15000	1875	15000	0	7.783917	0.9949586382733249,-1.9899122339985678,-1.0329908607682614E-9,0.9949586376867255
rastrigin-4	15	2	5.969749304740668	5.969749304740668	EvaluationLimit	15000	1875	15000	0	7.81775	0.9949586382733249,-1.9899122339985678,-1.0329908607682614E-9,0.9949586376867255
rastrigin-4	16	0	4.974790247647377	4.974790247647377	EvaluationLimit	15000	1875	15000	0	7.666041	0.9949586368595861,1.989912233605675,-9.646236660567232E-10,1.0246571026304922E-9
rastrigin-4	16	1	4.974790247647377	4.974790247647377	EvaluationLimit	15000	1875	15000	0	7.72175	0.9949586368595861,1.989912233605675,-9.646236660567232E-10,1.0246571026304922E-9
rastrigin-4	16	2	4.974790247647377	4.974790247647377	EvaluationLimit	15000	1875	15000	0	7.654208	0.9949586368595861,1.989912233605675,-9.646236660567232E-10,1.0246571026304922E-9
rastrigin-4	17	0	5.969749304740668	5.969749304740668	EvaluationLimit	15000	1875	15000	0	7.904708	0.9949586377869307,0.9949586380670892,-1.9899122336179287,-1.2273253545088241E-9
rastrigin-4	17	1	5.969749304740668	5.969749304740668	EvaluationLimit	15000	1875	15000	0	8.151709	0.9949586377869307,0.9949586380670892,-1.9899122336179287,-1.2273253545088241E-9
rastrigin-4	17	2	5.969749304740668	5.969749304740668	EvaluationLimit	15000	1875	15000	0	8.153834	0.9949586377869307,0.9949586380670892,-1.9899122336179287,-1.2273253545088241E-9
rastrigin-4	18	0	1.989918114186581	1.989918114186581	ConditionLimit	9864	1233	9864	0	11.074125	-1.0147129206358549E-10,0.9949586387993424,-2.568792136682888E-10,-0.9949586377751675
rastrigin-4	18	1	1.989918114186581	1.989918114186581	ConditionLimit	9864	1233	9864	0	10.905625	-1.0147129206358549E-10,0.9949586387993424,-2.568792136682888E-10,-0.9949586377751675
rastrigin-4	18	2	1.989918114186581	1.989918114186581	ConditionLimit	9864	1233	9864	0	7.870708	-1.0147129206358549E-10,0.9949586387993424,-2.568792136682888E-10,-0.9949586377751675
rastrigin-4	19	0	3.979836228373162	3.979836228373162	NoRepresentableStep	11464	1433	11472	0	9.436417	0.9949586375067748,-0.9949586377450619,0.9949586379754333,-0.9949586371573402
rastrigin-4	19	1	3.979836228373162	3.979836228373162	NoRepresentableStep	11464	1433	11472	0	9.39275	0.9949586375067748,-0.9949586377450619,0.9949586379754333,-0.9949586371573402
rastrigin-4	19	2	3.979836228373162	3.979836228373162	NoRepresentableStep	11464	1433	11472	0	10.471959	0.9949586375067748,-0.9949586377450619,0.9949586379754333,-0.9949586371573402
rastrigin-4	20	0	3.939863292797387E-9	3.939863292797387E-9	TargetReached	1336	167	1336	0	1.191291	-3.338221222315283E-6,-4.375442865158223E-7,-2.877747307382463E-6,-4.923171288083763E-7
rastrigin-4	20	1	3.939863292797387E-9	3.939863292797387E-9	TargetReached	1336	167	1336	0	1.156625	-3.338221222315283E-6,-4.375442865158223E-7,-2.877747307382463E-6,-4.923171288083763E-7
rastrigin-4	20	2	3.939863292797387E-9	3.939863292797387E-9	TargetReached	1336	167	1336	0	1.101458	-3.338221222315283E-6,-4.375442865158223E-7,-2.877747307382463E-6,-4.923171288083763E-7
noisy-sphere-8	1	0	8.861745181596473E-10	8.907117879422758E-10	TargetReached	1290	129	1290	0	2.642875	-1.4891047806129976E-5,-4.406055160097172E-6,-5.826372797730876E-6,-1.006287838820374E-5,-1.3736509735750884E-5,5.15341852959416E-6,-1.7182282597299463E-5,1.9664084405557803E-6
noisy-sphere-8	1	1	8.861745181596473E-10	8.907117879422758E-10	TargetReached	1290	129	1290	0	2.748	-1.4891047806129976E-5,-4.406055160097172E-6,-5.826372797730876E-6,-1.006287838820374E-5,-1.3736509735750884E-5,5.15341852959416E-6,-1.7182282597299463E-5,1.9664084405557803E-6
noisy-sphere-8	1	2	8.861745181596473E-10	8.907117879422758E-10	TargetReached	1290	129	1290	0	2.48475	-1.4891047806129976E-5,-4.406055160097172E-6,-5.826372797730876E-6,-1.006287838820374E-5,-1.3736509735750884E-5,5.15341852959416E-6,-1.7182282597299463E-5,1.9664084405557803E-6
noisy-sphere-8	2	0	7.566134645332725E-10	7.598996635188614E-10	TargetReached	1410	141	1410	0	2.12475	1.1091932709518806E-5,6.655552290541304E-6,-1.2406195379353022E-5,4.932894110703695E-6,1.2465308589845095E-6,1.153240707819629E-5,1.2743101807486838E-5,1.0834587764217717E-5
noisy-sphere-8	2	1	7.566134645332725E-10	7.598996635188614E-10	TargetReached	1410	141	1410	0	2.065041	1.1091932709518806E-5,6.655552290541304E-6,-1.2406195379353022E-5,4.932894110703695E-6,1.2465308589845095E-6,1.153240707819629E-5,1.2743101807486838E-5,1.0834587764217717E-5
noisy-sphere-8	2	2	7.566134645332725E-10	7.598996635188614E-10	TargetReached	1410	141	1410	0	2.132042	1.1091932709518806E-5,6.655552290541304E-6,-1.2406195379353022E-5,4.932894110703695E-6,1.2465308589845095E-6,1.153240707819629E-5,1.2743101807486838E-5,1.0834587764217717E-5
noisy-sphere-8	3	0	9.0905147315905E-10	9.303829675360295E-10	TargetReached	1390	139	1390	0	1.908292	-5.333297346007545E-6,1.4694733269941815E-5,-1.5063499723887685E-6,-1.7857205024064405E-5,4.780433718423447E-6,-1.3541583937747758E-5,1.2552448012633725E-5,-1.031438985299988E-6
noisy-sphere-8	3	1	9.0905147315905E-10	9.303829675360295E-10	TargetReached	1390	139	1390	0	1.760167	-5.333297346007545E-6,1.4694733269941815E-5,-1.5063499723887685E-6,-1.7857205024064405E-5,4.780433718423447E-6,-1.3541583937747758E-5,1.2552448012633725E-5,-1.031438985299988E-6
noisy-sphere-8	3	2	9.0905147315905E-10	9.303829675360295E-10	TargetReached	1390	139	1390	0	1.998459	-5.333297346007545E-6,1.4694733269941815E-5,-1.5063499723887685E-6,-1.7857205024064405E-5,4.780433718423447E-6,-1.3541583937747758E-5,1.2552448012633725E-5,-1.031438985299988E-6
noisy-sphere-8	4	0	7.299234427698627E-10	8.189716097308791E-10	TargetReached	1370	137	1370	0	1.991792	7.057825152404891E-6,-1.3762464478057212E-5,1.488979156547195E-6,3.983427264926166E-6,-2.6137312504690434E-6,1.4210442437590208E-5,-3.0123567770304597E-6,-1.8542544996890793E-5
noisy-sphere-8	4	1	7.299234427698627E-10	8.189716097308791E-10	TargetReached	1370	137	1370	0	1.982917	7.057825152404891E-6,-1.3762464478057212E-5,1.488979156547195E-6,3.983427264926166E-6,-2.6137312504690434E-6,1.4210442437590208E-5,-3.0123567770304597E-6,-1.8542544996890793E-5
noisy-sphere-8	4	2	7.299234427698627E-10	8.189716097308791E-10	TargetReached	1370	137	1370	0	1.957917	7.057825152404891E-6,-1.3762464478057212E-5,1.488979156547195E-6,3.983427264926166E-6,-2.6137312504690434E-6,1.4210442437590208E-5,-3.0123567770304597E-6,-1.8542544996890793E-5
noisy-sphere-8	5	0	4.914723043293783E-10	4.89966213316782E-10	TargetReached	1360	136	1360	0	1.9815	-5.099831241772098E-6,5.862945566434619E-6,-7.570940065935987E-6,8.621367562225625E-7,8.974359867911333E-6,1.2981574017702775E-5,1.8262867555421588E-6,-1.0914470592268096E-5
noisy-sphere-8	5	1	4.914723043293783E-10	4.89966213316782E-10	TargetReached	1360	136	1360	0	1.930625	-5.099831241772098E-6,5.862945566434619E-6,-7.570940065935987E-6,8.621367562225625E-7,8.974359867911333E-6,1.2981574017702775E-5,1.8262867555421588E-6,-1.0914470592268096E-5
noisy-sphere-8	5	2	4.914723043293783E-10	4.89966213316782E-10	TargetReached	1360	136	1360	0	1.943542	-5.099831241772098E-6,5.862945566434619E-6,-7.570940065935987E-6,8.621367562225625E-7,8.974359867911333E-6,1.2981574017702775E-5,1.8262867555421588E-6,-1.0914470592268096E-5
noisy-sphere-8	6	0	8.485956780055323E-10	8.823528052905711E-10	TargetReached	1430	143	1430	0	2.089	-3.4996902389023324E-6,-4.694849232563069E-6,-6.182519124767458E-6,-1.4324903657130873E-5,8.177901000914092E-6,-5.488555771492947E-6,-1.3287875174340965E-5,1.8195247203739796E-5
noisy-sphere-8	6	1	8.485956780055323E-10	8.823528052905711E-10	TargetReached	1430	143	1430	0	2.082625	-3.4996902389023324E-6,-4.694849232563069E-6,-6.182519124767458E-6,-1.4324903657130873E-5,8.177901000914092E-6,-5.488555771492947E-6,-1.3287875174340965E-5,1.8195247203739796E-5
noisy-sphere-8	6	2	8.485956780055323E-10	8.823528052905711E-10	TargetReached	1430	143	1430	0	2.067417	-3.4996902389023324E-6,-4.694849232563069E-6,-6.182519124767458E-6,-1.4324903657130873E-5,8.177901000914092E-6,-5.488555771492947E-6,-1.3287875174340965E-5,1.8195247203739796E-5
noisy-sphere-8	7	0	9.051299077664762E-10	9.407317257738097E-10	TargetReached	1360	136	1360	0	1.987708	-9.458288226669458E-6,-1.195949549506728E-5,2.0805320765992908E-6,8.415005404854847E-7,-3.916198606087069E-6,1.2083479793068481E-5,1.203622488363561E-5,1.9924568636130205E-5
noisy-sphere-8	7	1	9.051299077664762E-10	9.407317257738097E-10	TargetReached	1360	136	1360	0	1.957625	-9.458288226669458E-6,-1.195949549506728E-5,2.0805320765992908E-6,8.415005404854847E-7,-3.916198606087069E-6,1.2083479793068481E-5,1.203622488363561E-5,1.9924568636130205E-5
noisy-sphere-8	7	2	9.051299077664762E-10	9.407317257738097E-10	TargetReached	1360	136	1360	0	1.942125	-9.458288226669458E-6,-1.195949549506728E-5,2.0805320765992908E-6,8.415005404854847E-7,-3.916198606087069E-6,1.2083479793068481E-5,1.203622488363561E-5,1.9924568636130205E-5
noisy-sphere-8	8	0	6.929414699189392E-10	6.887715491503184E-10	TargetReached	1370	137	1370	0	1.978042	-1.7455623773182363E-6,-1.4846219158117974E-6,-1.0361659953197662E-5,1.0554922581122447E-5,1.0303929185336703E-5,6.880923380585324E-6,4.434777951678356E-6,-1.707526727517026E-5
noisy-sphere-8	8	1	6.929414699189392E-10	6.887715491503184E-10	TargetReached	1370	137	1370	0	1.965041	-1.7455623773182363E-6,-1.4846219158117974E-6,-1.0361659953197662E-5,1.0554922581122447E-5,1.0303929185336703E-5,6.880923380585324E-6,4.434777951678356E-6,-1.707526727517026E-5
noisy-sphere-8	8	2	6.929414699189392E-10	6.887715491503184E-10	TargetReached	1370	137	1370	0	1.957916	-1.7455623773182363E-6,-1.4846219158117974E-6,-1.0361659953197662E-5,1.0554922581122447E-5,1.0303929185336703E-5,6.880923380585324E-6,4.434777951678356E-6,-1.707526727517026E-5
noisy-sphere-8	9	0	7.45031382054949E-10	7.532198673896021E-10	TargetReached	1340	134	1340	0	1.925041	3.248061005829797E-6,3.65674698977327E-7,-1.3557271617123555E-5,-3.094921377764264E-6,1.544246471106064E-5,1.0284079628829153E-5,-1.016353853025201E-5,1.0081099714374545E-5
noisy-sphere-8	9	1	7.45031382054949E-10	7.532198673896021E-10	TargetReached	1340	134	1340	0	1.9035	3.248061005829797E-6,3.65674698977327E-7,-1.3557271617123555E-5,-3.094921377764264E-6,1.544246471106064E-5,1.0284079628829153E-5,-1.016353853025201E-5,1.0081099714374545E-5
noisy-sphere-8	9	2	7.45031382054949E-10	7.532198673896021E-10	TargetReached	1340	134	1340	0	1.878292	3.248061005829797E-6,3.65674698977327E-7,-1.3557271617123555E-5,-3.094921377764264E-6,1.544246471106064E-5,1.0284079628829153E-5,-1.016353853025201E-5,1.0081099714374545E-5
noisy-sphere-8	10	0	9.529503978628168E-10	9.741305420580687E-10	TargetReached	1330	133	1330	0	1.936333	6.114628587864515E-6,1.2877447128167178E-5,1.7990527712833245E-5,1.4132745884051835E-6,1.1900686431851592E-5,-7.863343044317967E-6,8.53670392340356E-6,1.2997036856361168E-5
noisy-sphere-8	10	1	9.529503978628168E-10	9.741305420580687E-10	TargetReached	1330	133	1330	0	1.602292	6.114628587864515E-6,1.2877447128167178E-5,1.7990527712833245E-5,1.4132745884051835E-6,1.1900686431851592E-5,-7.863343044317967E-6,8.53670392340356E-6,1.2997036856361168E-5
noisy-sphere-8	10	2	9.529503978628168E-10	9.741305420580687E-10	TargetReached	1330	133	1330	0	1.513416	6.114628587864515E-6,1.2877447128167178E-5,1.7990527712833245E-5,1.4132745884051835E-6,1.1900686431851592E-5,-7.863343044317967E-6,8.53670392340356E-6,1.2997036856361168E-5
noisy-sphere-8	11	0	2.981207405133657E-10	3.2588417718615564E-10	TargetReached	1330	133	1330	0	1.513541	1.3297960320814597E-5,-4.910316964957055E-6,8.286479309324557E-6,-1.697988381974085E-7,-2.1328991614060356E-6,3.57004376191679E-6,-1.0140657975925068E-6,6.157909066392541E-6
noisy-sphere-8	11	1	2.981207405133657E-10	3.2588417718615564E-10	TargetReached	1330	133	1330	0	1.468292	1.3297960320814597E-5,-4.910316964957055E-6,8.286479309324557E-6,-1.697988381974085E-7,-2.1328991614060356E-6,3.57004376191679E-6,-1.0140657975925068E-6,6.157909066392541E-6
noisy-sphere-8	11	2	2.981207405133657E-10	3.2588417718615564E-10	TargetReached	1330	133	1330	0	1.448958	1.3297960320814597E-5,-4.910316964957055E-6,8.286479309324557E-6,-1.697988381974085E-7,-2.1328991614060356E-6,3.57004376191679E-6,-1.0140657975925068E-6,6.157909066392541E-6
noisy-sphere-8	12	0	9.98375764448155E-10	1.015078685926912E-9	TargetReached	1360	136	1360	0	1.515	-2.3903055482077094E-7,8.29269945709535E-6,9.00406722273192E-6,-4.217824567157933E-6,-1.2264593753319972E-5,2.45911722096286E-5,-9.557627406644841E-6,9.46130637086824E-7
noisy-sphere-8	12	1	9.98375764448155E-10	1.015078685926912E-9	TargetReached	1360	136	1360	0	1.507917	-2.3903055482077094E-7,8.29269945709535E-6,9.00406722273192E-6,-4.217824567157933E-6,-1.2264593753319972E-5,2.45911722096286E-5,-9.557627406644841E-6,9.46130637086824E-7
noisy-sphere-8	12	2	9.98375764448155E-10	1.015078685926912E-9	TargetReached	1360	136	1360	0	1.493334	-2.3903055482077094E-7,8.29269945709535E-6,9.00406722273192E-6,-4.217824567157933E-6,-1.2264593753319972E-5,2.45911722096286E-5,-9.557627406644841E-6,9.46130637086824E-7
noisy-sphere-8	13	0	9.999733929826415E-10	9.69525043718185E-10	TargetReached	1460	146	1460	0	1.653125	1.4849294191995908E-5,1.1019500021198262E-5,1.5007789151713091E-5,1.0739636255918379E-6,-1.1000932910425837E-6,1.0851330567627843E-5,4.750028708803882E-6,-1.6114671539866685E-5
noisy-sphere-8	13	1	9.999733929826415E-10	9.69525043718185E-10	TargetReached	1460	146	1460	0	1.661709	1.4849294191995908E-5,1.1019500021198262E-5,1.5007789151713091E-5,1.0739636255918379E-6,-1.1000932910425837E-6,1.0851330567627843E-5,4.750028708803882E-6,-1.6114671539866685E-5
noisy-sphere-8	13	2	9.999733929826415E-10	9.69525043718185E-10	TargetReached	1460	146	1460	0	1.642417	1.4849294191995908E-5,1.1019500021198262E-5,1.5007789151713091E-5,1.0739636255918379E-6,-1.1000932910425837E-6,1.0851330567627843E-5,4.750028708803882E-6,-1.6114671539866685E-5
noisy-sphere-8	14	0	6.678296069612666E-10	7.463215729997073E-10	TargetReached	1360	136	1360	0	1.530542	1.3120013713082295E-5,-1.4146686919307178E-5,1.1550724824884493E-5,4.513102996490902E-6,-4.762169799174472E-6,4.184536500230704E-6,-7.115986956834498E-6,-1.1377382935035359E-5
noisy-sphere-8	14	1	6.678296069612666E-10	7.463215729997073E-10	TargetReached	1360	136	1360	0	1.505375	1.3120013713082295E-5,-1.4146686919307178E-5,1.1550724824884493E-5,4.513102996490902E-6,-4.762169799174472E-6,4.184536500230704E-6,-7.115986956834498E-6,-1.1377382935035359E-5
noisy-sphere-8	14	2	6.678296069612666E-10	7.463215729997073E-10	TargetReached	1360	136	1360	0	1.480625	1.3120013713082295E-5,-1.4146686919307178E-5,1.1550724824884493E-5,4.513102996490902E-6,-4.762169799174472E-6,4.184536500230704E-6,-7.115986956834498E-6,-1.1377382935035359E-5
noisy-sphere-8	15	0	9.83268633607606E-10	1.0306691158572364E-9	TargetReached	1390	139	1390	0	1.559709	1.9127652035473352E-5,-1.7670337007136016E-5,1.3822269229036842E-5,-4.96888539813339E-6,4.409724130404881E-6,5.682546408700819E-6,1.8126518033359513E-6,9.043980187291167E-6
noisy-sphere-8	15	1	9.83268633607606E-10	1.0306691158572364E-9	TargetReached	1390	139	1390	0	1.541083	1.9127652035473352E-5,-1.7670337007136016E-5,1.3822269229036842E-5,-4.96888539813339E-6,4.409724130404881E-6,5.682546408700819E-6,1.8126518033359513E-6,9.043980187291167E-6
noisy-sphere-8	15	2	9.83268633607606E-10	1.0306691158572364E-9	TargetReached	1390	139	1390	0	1.533333	1.9127652035473352E-5,-1.7670337007136016E-5,1.3822269229036842E-5,-4.96888539813339E-6,4.409724130404881E-6,5.682546408700819E-6,1.8126518033359513E-6,9.043980187291167E-6
noisy-sphere-8	16	0	6.195723590338592E-10	5.126686683070428E-10	TargetReached	1280	128	1280	0	1.438916	-6.514447279278696E-6,9.31987101543525E-6,8.424051555632741E-6,9.214218721956305E-6,5.25178615228871E-6,-3.4615827945738878E-6,3.6146050820935113E-6,-1.3224030959114735E-5
noisy-sphere-8	16	1	6.195723590338592E-10	5.126686683070428E-10	TargetReached	1280	128	1280	0	1.455959	-6.514447279278696E-6,9.31987101543525E-6,8.424051555632741E-6,9.214218721956305E-6,5.25178615228871E-6,-3.4615827945738878E-6,3.6146050820935113E-6,-1.3224030959114735E-5
noisy-sphere-8	16	2	6.195723590338592E-10	5.126686683070428E-10	TargetReached	1280	128	1280	0	1.456416	-6.514447279278696E-6,9.31987101543525E-6,8.424051555632741E-6,9.214218721956305E-6,5.25178615228871E-6,-3.4615827945738878E-6,3.6146050820935113E-6,-1.3224030959114735E-5
noisy-sphere-8	17	0	4.3671134200820506E-10	4.763115197015304E-10	TargetReached	1360	136	1360	0	1.557375	-3.0452832374932717E-6,-8.38975088561613E-6,1.4199907457661927E-5,1.1514842021268115E-5,-4.74999231721887E-8,-2.0257408140086113E-6,7.436082537071592E-6,-1.7377242632157689E-6
noisy-sphere-8	17	1	4.3671134200820506E-10	4.763115197015304E-10	TargetReached	1360	136	1360	0	1.523791	-3.0452832374932717E-6,-8.38975088561613E-6,1.4199907457661927E-5,1.1514842021268115E-5,-4.74999231721887E-8,-2.0257408140086113E-6,7.436082537071592E-6,-1.7377242632157689E-6
noisy-sphere-8	17	2	4.3671134200820506E-10	4.763115197015304E-10	TargetReached	1360	136	1360	0	1.530792	-3.0452832374932717E-6,-8.38975088561613E-6,1.4199907457661927E-5,1.1514842021268115E-5,-4.74999231721887E-8,-2.0257408140086113E-6,7.436082537071592E-6,-1.7377242632157689E-6
noisy-sphere-8	18	0	9.432566996024403E-10	9.883031029985284E-10	TargetReached	1350	135	1350	0	1.583667	-1.102757121620447E-6,2.498745384158399E-5,1.5485458177294012E-5,7.540792029857605E-6,3.06425482915189E-6,-1.2935449230852462E-7,7.2209110950502704E-6,-2.122091788869158E-6
noisy-sphere-8	18	1	9.432566996024403E-10	9.883031029985284E-10	TargetReached	1350	135	1350	0	1.546459	-1.102757121620447E-6,2.498745384158399E-5,1.5485458177294012E-5,7.540792029857605E-6,3.06425482915189E-6,-1.2935449230852462E-7,7.2209110950502704E-6,-2.122091788869158E-6
noisy-sphere-8	18	2	9.432566996024403E-10	9.883031029985284E-10	TargetReached	1350	135	1350	0	1.531958	-1.102757121620447E-6,2.498745384158399E-5,1.5485458177294012E-5,7.540792029857605E-6,3.06425482915189E-6,-1.2935449230852462E-7,7.2209110950502704E-6,-2.122091788869158E-6
noisy-sphere-8	19	0	7.053922146231948E-10	6.598096421157805E-10	TargetReached	1290	129	1290	0	1.534166	-1.8014089696267057E-5,3.241170163720525E-6,5.607760813347738E-6,1.4022629387544024E-6,-4.1568837553410955E-6,-1.1896082339337227E-5,-1.1345907866093728E-5,-1.964083736940358E-6
noisy-sphere-8	19	1	7.053922146231948E-10	6.598096421157805E-10	TargetReached	1290	129	1290	0	1.476417	-1.8014089696267057E-5,3.241170163720525E-6,5.607760813347738E-6,1.4022629387544024E-6,-4.1568837553410955E-6,-1.1896082339337227E-5,-1.1345907866093728E-5,-1.964083736940358E-6
noisy-sphere-8	19	2	7.053922146231948E-10	6.598096421157805E-10	TargetReached	1290	129	1290	0	1.45275	-1.8014089696267057E-5,3.241170163720525E-6,5.607760813347738E-6,1.4022629387544024E-6,-4.1568837553410955E-6,-1.1896082339337227E-5,-1.1345907866093728E-5,-1.964083736940358E-6
noisy-sphere-8	20	0	8.738508935156371E-10	8.299644953507657E-10	TargetReached	1320	132	1320	0	1.511083	1.060624905269025E-5,-3.3627295222397054E-6,-3.0243911481091147E-6,-3.833191303578375E-6,1.4169945072491266E-6,-8.458661645655344E-6,2.337599118531643E-5,7.89493096812722E-6
noisy-sphere-8	20	1	8.738508935156371E-10	8.299644953507657E-10	TargetReached	1320	132	1320	0	1.504084	1.060624905269025E-5,-3.3627295222397054E-6,-3.0243911481091147E-6,-3.833191303578375E-6,1.4169945072491266E-6,-8.458661645655344E-6,2.337599118531643E-5,7.89493096812722E-6
noisy-sphere-8	20	2	8.738508935156371E-10	8.299644953507657E-10	TargetReached	1320	132	1320	0	1.442458	1.060624905269025E-5,-3.3627295222397054E-6,-3.0243911481091147E-6,-3.833191303578375E-6,1.4169945072491266E-6,-8.458661645655344E-6,2.337599118531643E-5,7.89493096812722E-6
box-sphere-8	1	0	8.509435312491647E-9	8.509435312491647E-9	TargetReached	1050	105	1172	122	1.723833	0.6999361768358172,-0.600044190128938,0.7000179162540074,-0.5999678097760893,0.699994111811118,-0.5999715794301067,0.7000123481573544,-0.5999885460790056
box-sphere-8	1	1	8.509435312491647E-9	8.509435312491647E-9	TargetReached	1050	105	1172	122	1.646042	0.6999361768358172,-0.600044190128938,0.7000179162540074,-0.5999678097760893,0.699994111811118,-0.5999715794301067,0.7000123481573544,-0.5999885460790056
box-sphere-8	1	2	8.509435312491647E-9	8.509435312491647E-9	TargetReached	1050	105	1172	122	1.635625	0.6999361768358172,-0.600044190128938,0.7000179162540074,-0.5999678097760893,0.699994111811118,-0.5999715794301067,0.7000123481573544,-0.5999885460790056
box-sphere-8	2	0	6.752538374518208E-9	6.752538374518208E-9	TargetReached	1100	110	1280	180	1.795459	0.7000193408744033,-0.5999945258660021,0.6999606170161402,-0.5999817402548042,0.7000208448852838,-0.6000252412114223,0.6999612397145692,-0.6000434750201065
box-sphere-8	2	1	6.752538374518208E-9	6.752538374518208E-9	TargetReached	1100	110	1280	180	1.774042	0.7000193408744033,-0.5999945258660021,0.6999606170161402,-0.5999817402548042,0.7000208448852838,-0.6000252412114223,0.6999612397145692,-0.6000434750201065
box-sphere-8	2	2	6.752538374518208E-9	6.752538374518208E-9	TargetReached	1100	110	1280	180	1.755084	0.7000193408744033,-0.5999945258660021,0.6999606170161402,-0.5999817402548042,0.7000208448852838,-0.6000252412114223,0.6999612397145692,-0.6000434750201065
box-sphere-8	3	0	9.55626732108554E-9	9.55626732108554E-9	TargetReached	1060	106	1164	104	1.667542	0.7000285166730651,-0.5999350936028751,0.70003409622363,-0.6000087664031448,0.699987557964204,-0.6000387542037198,0.7000044440700881,-0.6000401793688486
box-sphere-8	3	1	9.55626732108554E-9	9.55626732108554E-9	TargetReached	1060	106	1164	104	1.676458	0.7000285166730651,-0.5999350936028751,0.70003409622363,-0.6000087664031448,0.699987557964204,-0.6000387542037198,0.7000044440700881,-0.6000401793688486
box-sphere-8	3	2	9.55626732108554E-9	9.55626732108554E-9	TargetReached	1060	106	1164	104	1.648916	0.7000285166730651,-0.5999350936028751,0.70003409622363,-0.6000087664031448,0.699987557964204,-0.6000387542037198,0.7000044440700881,-0.6000401793688486
box-sphere-8	4	0	4.3493505426865544E-9	4.3493505426865544E-9	TargetReached	1150	115	1288	138	1.837666	0.6999906412922796,-0.599983140581498,0.7000213103431414,-0.5999514055717421,0.6999929564421276,-0.6000066114497511,0.6999771826088225,-0.6000234098193562
box-sphere-8	4	1	4.3493505426865544E-9	4.3493505426865544E-9	TargetReached	1150	115	1288	138	1.807458	0.6999906412922796,-0.599983140581498,0.7000213103431414,-0.5999514055717421,0.6999929564421276,-0.6000066114497511,0.6999771826088225,-0.6000234098193562
box-sphere-8	4	2	4.3493505426865544E-9	4.3493505426865544E-9	TargetReached	1150	115	1288	138	1.808417	0.6999906412922796,-0.599983140581498,0.7000213103431414,-0.5999514055717421,0.6999929564421276,-0.6000066114497511,0.6999771826088225,-0.6000234098193562
box-sphere-8	5	0	9.341935215379595E-9	9.341935215379595E-9	TargetReached	1050	105	1187	137	1.706583	0.6999493345920806,-0.6000033072251458,0.6999627485928014,-0.6000348221307885,0.7000477502589451,-0.5999968281258118,0.6999614815034068,-0.5999802530206951
box-sphere-8	5	1	9.341935215379595E-9	9.341935215379595E-9	TargetReached	1050	105	1187	137	1.68475	0.6999493345920806,-0.6000033072251458,0.6999627485928014,-0.6000348221307885,0.7000477502589451,-0.5999968281258118,0.6999614815034068,-0.5999802530206951
box-sphere-8	5	2	9.341935215379595E-9	9.341935215379595E-9	TargetReached	1050	105	1187	137	1.669042	0.6999493345920806,-0.6000033072251458,0.6999627485928014,-0.6000348221307885,0.7000477502589451,-0.5999968281258118,0.6999614815034068,-0.5999802530206951
box-sphere-8	6	0	8.923713765229116E-9	8.923713765229116E-9	TargetReached	990	99	1172	182	1.631208	0.699982984843061,-0.600054928653538,0.7000136790359324,-0.5999826119341203,0.6999655790113705,-0.6000463795980702,0.6999773078345266,-0.5999642680197619
box-sphere-8	6	1	8.923713765229116E-9	8.923713765229116E-9	TargetReached	990	99	1172	182	1.866791	0.699982984843061,-0.600054928653538,0.7000136790359324,-0.5999826119341203,0.6999655790113705,-0.6000463795980702,0.6999773078345266,-0.5999642680197619
box-sphere-8	6	2	8.923713765229116E-9	8.923713765229116E-9	TargetReached	990	99	1172	182	1.878625	0.699982984843061,-0.600054928653538,0.7000136790359324,-0.5999826119341203,0.6999655790113705,-0.6000463795980702,0.6999773078345266,-0.5999642680197619
box-sphere-8	7	0	2.8963425740290967E-9	2.8963425740290967E-9	TargetReached	1100	110	1301	201	1.99775	0.6999862142342651,-0.599987175663162,0.6999754601916626,-0.600022628108416,0.7000132580578348,-0.6000222184983658,0.7000086748369133,-0.5999738674996332
box-sphere-8	7	1	2.8963425740290967E-9	2.8963425740290967E-9	TargetReached	1100	110	1301	201	2.072458	0.6999862142342651,-0.599987175663162,0.6999754601916626,-0.600022628108416,0.7000132580578348,-0.6000222184983658,0.7000086748369133,-0.5999738674996332
box-sphere-8	7	2	2.8963425740290967E-9	2.8963425740290967E-9	TargetReached	1100	110	1301	201	2.082875	0.6999862142342651,-0.599987175663162,0.6999754601916626,-0.600022628108416,0.7000132580578348,-0.6000222184983658,0.7000086748369133,-0.5999738674996332
box-sphere-8	8	0	5.9867145371112755E-9	5.9867145371112755E-9	TargetReached	1000	100	1139	139	1.799875	0.699990669836685,-0.6000023167546503,0.7000136188679621,-0.6000283332055512,0.7000077727233386,-0.599982604582887,0.6999987659406509,-0.6000673907446837
box-sphere-8	8	1	5.9867145371112755E-9	5.9867145371112755E-9	TargetReached	1000	100	1139	139	1.820583	0.699990669836685,-0.6000023167546503,0.7000136188679621,-0.6000283332055512,0.7000077727233386,-0.599982604582887,0.6999987659406509,-0.6000673907446837
box-sphere-8	8	2	5.9867145371112755E-9	5.9867145371112755E-9	TargetReached	1000	100	1139	139	1.787833	0.699990669836685,-0.6000023167546503,0.7000136188679621,-0.6000283332055512,0.7000077727233386,-0.599982604582887,0.6999987659406509,-0.6000673907446837
box-sphere-8	9	0	8.781292865804736E-9	8.781292865804736E-9	TargetReached	1080	108	1305	225	2.05175	0.6999682279344185,-0.5999945315340394,0.6999689050620639,-0.6000514557434259,0.6999808891591639,-0.6000459559673067,0.7000354364792865,-0.6000198599261073
box-sphere-8	9	1	8.781292865804736E-9	8.781292865804736E-9	TargetReached	1080	108	1305	225	1.999125	0.6999682279344185,-0.5999945315340394,0.6999689050620639,-0.6000514557434259,0.6999808891591639,-0.6000459559673067,0.7000354364792865,-0.6000198599261073
box-sphere-8	9	2	8.781292865804736E-9	8.781292865804736E-9	TargetReached	1080	108	1305	225	1.997375	0.6999682279344185,-0.5999945315340394,0.6999689050620639,-0.6000514557434259,0.6999808891591639,-0.6000459559673067,0.7000354364792865,-0.6000198599261073
box-sphere-8	10	0	9.95878416283932E-9	9.95878416283932E-9	TargetReached	1080	108	1239	159	1.965791	0.7000167629805326,-0.600014238890243,0.6999503482808155,-0.5999963934059247,0.6999491622211943,-0.5999408443297529,0.7000060400746205,-0.6000296037891942
box-sphere-8	10	1	9.95878416283932E-9	9.95878416283932E-9	TargetReached	1080	108	1239	159	2.092667	0.7000167629805326,-0.600014238890243,0.6999503482808155,-0.5999963934059247,0.6999491622211943,-0.5999408443297529,0.7000060400746205,-0.6000296037891942
box-sphere-8	10	2	9.95878416283932E-9	9.95878416283932E-9	TargetReached	1080	108	1239	159	1.862292	0.7000167629805326,-0.600014238890243,0.6999503482808155,-0.5999963934059247,0.6999491622211943,-0.5999408443297529,0.7000060400746205,-0.6000296037891942
box-sphere-8	11	0	8.875275443032842E-9	8.875275443032842E-9	TargetReached	1000	100	1134	134	1.781791	0.6999964500521847,-0.6000001622552791,0.6999930683876912,-0.5999410596314713,0.7000594371168604,-0.5999679208306496,0.6999846828724606,-0.6000233275444984
box-sphere-8	11	1	8.875275443032842E-9	8.875275443032842E-9	TargetReached	1000	100	1134	134	1.831541	0.6999964500521847,-0.6000001622552791,0.6999930683876912,-0.5999410596314713,0.7000594371168604,-0.5999679208306496,0.6999846828724606,-0.6000233275444984
box-sphere-8	11	2	8.875275443032842E-9	8.875275443032842E-9	TargetReached	1000	100	1134	134	1.816959	0.6999964500521847,-0.6000001622552791,0.6999930683876912,-0.5999410596314713,0.7000594371168604,-0.5999679208306496,0.6999846828724606,-0.6000233275444984
box-sphere-8	12	0	8.206730912259151E-9	8.206730912259151E-9	TargetReached	990	99	1213	223	1.948709	0.6999928112429112,-0.6000625826918535,0.7000032456954922,-0.5999829691698266,0.6999436920126284,-0.6000016473221246,0.6999730200467021,-0.6000060543089243
box-sphere-8	12	1	8.206730912259151E-9	8.206730912259151E-9	TargetReached	990	99	1213	223	1.249875	0.6999928112429112,-0.6000625826918535,0.7000032456954922,-0.5999829691698266,0.6999436920126284,-0.6000016473221246,0.6999730200467021,-0.6000060543089243
box-sphere-8	12	2	8.206730912259151E-9	8.206730912259151E-9	TargetReached	990	99	1213	223	1.189833	0.6999928112429112,-0.6000625826918535,0.7000032456954922,-0.5999829691698266,0.6999436920126284,-0.6000016473221246,0.6999730200467021,-0.6000060543089243
box-sphere-8	13	0	9.167096215554681E-9	9.167096215554681E-9	TargetReached	1040	104	1223	183	1.2415	0.7000470932918075,-0.6000629904895687,0.7000185629575939,-0.5999955441019976,0.7000041663979247,-0.59994946521936,0.7000066576042953,-0.5999987227907034
box-sphere-8	13	1	9.167096215554681E-9	9.167096215554681E-9	TargetReached	1040	104	1223	183	1.22375	0.7000470932918075,-0.6000629904895687,0.7000185629575939,-0.5999955441019976,0.7000041663979247,-0.59994946521936,0.7000066576042953,-0.5999987227907034
box-sphere-8	13	2	9.167096215554681E-9	9.167096215554681E-9	TargetReached	1040	104	1223	183	1.199459	0.7000470932918075,-0.6000629904895687,0.7000185629575939,-0.5999955441019976,0.7000041663979247,-0.59994946521936,0.7000066576042953,-0.5999987227907034
box-sphere-8	14	0	9.33238094695876E-9	9.33238094695876E-9	TargetReached	1010	101	1184	174	1.206625	0.7000325638088387,-0.6000482301799639,0.7000386271904329,-0.5999648866156829,0.7000532543313674,-0.6000062918652522,0.6999901239034452,-0.5999842624404156
box-sphere-8	14	1	9.33238094695876E-9	9.33238094695876E-9	TargetReached	1010	101	1184	174	1.217834	0.7000325638088387,-0.6000482301799639,0.7000386271904329,-0.5999648866156829,0.7000532543313674,-0.6000062918652522,0.6999901239034452,-0.5999842624404156
box-sphere-8	14	2	9.33238094695876E-9	9.33238094695876E-9	TargetReached	1010	101	1184	174	1.179791	0.7000325638088387,-0.6000482301799639,0.7000386271904329,-0.5999648866156829,0.7000532543313674,-0.6000062918652522,0.6999901239034452,-0.5999842624404156
box-sphere-8	15	0	6.883442636178016E-9	6.883442636178016E-9	TargetReached	1070	107	1198	128	1.264959	0.6999694878617776,-0.5999699487692609,0.6999772116841898,-0.6000109055605682,0.6999824302025545,-0.5999664890880166,0.7000364254862189,-0.6000406526991607
box-sphere-8	15	1	6.883442636178016E-9	6.883442636178016E-9	TargetReached	1070	107	1198	128	1.248542	0.6999694878617776,-0.5999699487692609,0.6999772116841898,-0.6000109055605682,0.6999824302025545,-0.5999664890880166,0.7000364254862189,-0.6000406526991607
box-sphere-8	15	2	6.883442636178016E-9	6.883442636178016E-9	TargetReached	1070	107	1198	128	1.239708	0.6999694878617776,-0.5999699487692609,0.6999772116841898,-0.6000109055605682,0.6999824302025545,-0.5999664890880166,0.7000364254862189,-0.6000406526991607
box-sphere-8	16	0	9.141344112590037E-9	9.141344112590037E-9	TargetReached	1010	101	1275	265	1.229208	0.7000485786183198,-0.5999978536586771,0.6999562940242186,-0.6000110618781607,0.7000231116717919,-0.5999683705144684,0.699960592492198,-0.6000407032223175
box-sphere-8	16	1	9.141344112590037E-9	9.141344112590037E-9	TargetReached	1010	101	1275	265	1.249667	0.7000485786183198,-0.5999978536586771,0.6999562940242186,-0.6000110618781607,0.7000231116717919,-0.5999683705144684,0.699960592492198,-0.6000407032223175
box-sphere-8	16	2	9.141344112590037E-9	9.141344112590037E-9	TargetReached	1010	101	1275	265	1.230417	0.7000485786183198,-0.5999978536586771,0.6999562940242186,-0.6000110618781607,0.7000231116717919,-0.5999683705144684,0.699960592492198,-0.6000407032223175
box-sphere-8	17	0	7.66286513687939E-9	7.66286513687939E-9	TargetReached	1070	107	1233	163	1.256541	0.7000447011486883,-0.6000652249764284,0.6999714129911988,-0.5999907501276033,0.6999860757883727,-0.5999957985559399,0.7000058638791407,-0.5999838235726761
box-sphere-8	17	1	7.66286513687939E-9	7.66286513687939E-9	TargetReached	1070	107	1233	163	1.2375	0.7000447011486883,-0.6000652249764284,0.6999714129911988,-0.5999907501276033,0.6999860757883727,-0.5999957985559399,0.7000058638791407,-0.5999838235726761
box-sphere-8	17	2	7.66286513687939E-9	7.66286513687939E-9	TargetReached	1070	107	1233	163	1.259083	0.7000447011486883,-0.6000652249764284,0.6999714129911988,-0.5999907501276033,0.6999860757883727,-0.5999957985559399,0.7000058638791407,-0.5999838235726761
box-sphere-8	18	0	8.266495016193445E-9	8.266495016193445E-9	TargetReached	970	97	1141	171	1.170167	0.6999968548831943,-0.6000151621113325,0.6999464395448544,-0.600045059288074,0.6999970874185798,-0.5999596751076693,0.7000382881852857,-0.6000052044821831
box-sphere-8	18	1	8.266495016193445E-9	8.266495016193445E-9	TargetReached	970	97	1141	171	1.200417	0.6999968548831943,-0.6000151621113325,0.6999464395448544,-0.600045059288074,0.6999970874185798,-0.5999596751076693,0.7000382881852857,-0.6000052044821831
box-sphere-8	18	2	8.266495016193445E-9	8.266495016193445E-9	TargetReached	970	97	1141	171	1.143875	0.6999968548831943,-0.6000151621113325,0.6999464395448544,-0.600045059288074,0.6999970874185798,-0.5999596751076693,0.7000382881852857,-0.6000052044821831
box-sphere-8	19	0	8.963124499342546E-9	8.963124499342546E-9	TargetReached	1060	106	1187	127	1.272625	0.7000176606333625,-0.600004406096855,0.6999736200693037,-0.599934259298285,0.6999755240151575,-0.6000161008507104,0.7000523085394269,-0.5999955753295058
box-sphere-8	19	1	8.963124499342546E-9	8.963124499342546E-9	TargetReached	1060	106	1187	127	1.2455	0.7000176606333625,-0.600004406096855,0.6999736200693037,-0.599934259298285,0.6999755240151575,-0.6000161008507104,0.7000523085394269,-0.5999955753295058
box-sphere-8	19	2	8.963124499342546E-9	8.963124499342546E-9	TargetReached	1060	106	1187	127	1.170791	0.7000176606333625,-0.600004406096855,0.6999736200693037,-0.599934259298285,0.6999755240151575,-0.6000161008507104,0.7000523085394269,-0.5999955753295058
box-sphere-8	20	0	8.80074968855159E-9	8.80074968855159E-9	TargetReached	1010	101	1142	132	1.152334	0.6999198100809,-0.6000139367096426,0.6999952723723615,-0.60001610686155,0.6999773974165382,-0.6000242893913925,0.6999811392325141,-0.5999790779214219
box-sphere-8	20	1	8.80074968855159E-9	8.80074968855159E-9	TargetReached	1010	101	1142	132	1.196792	0.6999198100809,-0.6000139367096426,0.6999952723723615,-0.60001610686155,0.6999773974165382,-0.6000242893913925,0.6999811392325141,-0.5999790779214219
box-sphere-8	20	2	8.80074968855159E-9	8.80074968855159E-9	TargetReached	1010	101	1142	132	1.157583	0.6999198100809,-0.6000139367096426,0.6999952723723615,-0.60001610686155,0.6999773974165382,-0.6000242893913925,0.6999811392325141,-0.5999790779214219
box-boundary-4	1	0	4.000000007119392	4.000000007119392	TargetReached	1656	207	3383	1727	1.273083	0.999999999521873,0.9999999986581388,0.9999999984289611,0.9999999998313308
box-boundary-4	1	1	4.000000007119392	4.000000007119392	TargetReached	1656	207	3383	1727	1.307291	0.999999999521873,0.9999999986581388,0.9999999984289611,0.9999999998313308
box-boundary-4	1	2	4.000000007119392	4.000000007119392	TargetReached	1656	207	3383	1727	1.273209	0.999999999521873,0.9999999986581388,0.9999999984289611,0.9999999998313308
box-boundary-4	2	0	4.00000000952695	4.00000000952695	TargetReached	1448	181	3215	1767	1.207875	0.9999999966107269,0.9999999990716616,0.9999999999496517,0.9999999996044844
box-boundary-4	2	1	4.00000000952695	4.00000000952695	TargetReached	1448	181	3215	1767	1.152041	0.9999999966107269,0.9999999990716616,0.9999999999496517,0.9999999996044844
box-boundary-4	2	2	4.00000000952695	4.00000000952695	TargetReached	1448	181	3215	1767	1.125042	0.9999999966107269,0.9999999990716616,0.9999999999496517,0.9999999996044844
box-boundary-4	3	0	4.000000008429491	4.000000008429491	TargetReached	1416	177	2923	1507	1.123125	0.9999999981578109,0.9999999994846709,0.9999999999830287,0.9999999981597442
box-boundary-4	3	1	4.000000008429491	4.000000008429491	TargetReached	1416	177	2923	1507	1.076041	0.9999999981578109,0.9999999994846709,0.9999999999830287,0.9999999981597442
box-boundary-4	3	2	4.000000008429491	4.000000008429491	TargetReached	1416	177	2923	1507	1.07325	0.9999999981578109,0.9999999994846709,0.9999999999830287,0.9999999981597442
box-boundary-4	4	0	4.000000009204785	4.000000009204785	TargetReached	1504	188	3022	1518	1.155792	0.9999999972100402,0.9999999987487875,0.9999999999504676,0.9999999994883121
box-boundary-4	4	1	4.000000009204785	4.000000009204785	TargetReached	1504	188	3022	1518	1.145416	0.9999999972100402,0.9999999987487875,0.9999999999504676,0.9999999994883121
box-boundary-4	4	2	4.000000009204785	4.000000009204785	TargetReached	1504	188	3022	1518	1.113	0.9999999972100402,0.9999999987487875,0.9999999999504676,0.9999999994883121
box-boundary-4	5	0	4.000000008295442	4.000000008295442	TargetReached	1400	175	2867	1467	1.103292	0.9999999997388956,0.9999999988126702,0.9999999975893329,0.9999999997113806
box-boundary-4	5	1	4.000000008295442	4.000000008295442	TargetReached	1400	175	2867	1467	1.113541	0.9999999997388956,0.9999999988126702,0.9999999975893329,0.9999999997113806
box-boundary-4	5	2	4.000000008295442	4.000000008295442	TargetReached	1400	175	2867	1467	1.302375	0.9999999997388956,0.9999999988126702,0.9999999975893329,0.9999999997113806
box-boundary-4	6	0	4.0000000085251965	4.0000000085251965	TargetReached	1504	188	3014	1510	1.39125	0.9999999998982749,0.9999999975529993,0.9999999988983603,0.9999999993877674
box-boundary-4	6	1	4.0000000085251965	4.0000000085251965	TargetReached	1504	188	3014	1510	1.40275	0.9999999998982749,0.9999999975529993,0.9999999988983603,0.9999999993877674
box-boundary-4	6	2	4.0000000085251965	4.0000000085251965	TargetReached	1504	188	3014	1510	1.265958	0.9999999998982749,0.9999999975529993,0.9999999988983603,0.9999999993877674
box-boundary-4	7	0	4.000000009087393	4.000000009087393	TargetReached	1568	196	3354	1786	1.444125	0.9999999990848507,0.999999997222191,0.9999999992140602,0.9999999999352017
box-boundary-4	7	1	4.000000009087393	4.000000009087393	TargetReached	1568	196	3354	1786	1.387959	0.9999999990848507,0.999999997222191,0.9999999992140602,0.9999999999352017
box-boundary-4	7	2	4.000000009087393	4.000000009087393	TargetReached	1568	196	3354	1786	1.333709	0.9999999990848507,0.999999997222191,0.9999999992140602,0.9999999999352017
box-boundary-4	8	0	4.000000009559379	4.000000009559379	TargetReached	1400	175	2930	1530	1.220667	0.999999999955191,0.9999999957716419,0.9999999998115929,0.9999999996818847
box-boundary-4	8	1	4.000000009559379	4.000000009559379	TargetReached	1400	175	2930	1530	1.356208	0.999999999955191,0.9999999957716419,0.9999999998115929,0.9999999996818847
box-boundary-4	8	2	4.000000009559379	4.000000009559379	TargetReached	1400	175	2930	1530	1.284083	0.999999999955191,0.9999999957716419,0.9999999998115929,0.9999999996818847
box-boundary-4	9	0	4.000000009408819	4.000000009408819	TargetReached	1528	191	3194	1666	1.330708	0.9999999993616151,0.9999999996086274,0.9999999967019174,0.9999999996234312
box-boundary-4	9	1	4.000000009408819	4.000000009408819	TargetReached	1528	191	3194	1666	1.224417	0.9999999993616151,0.9999999996086274,0.9999999967019174,0.9999999996234312
box-boundary-4	9	2	4.000000009408819	4.000000009408819	TargetReached	1528	191	3194	1666	1.141416	0.9999999993616151,0.9999999996086274,0.9999999967019174,0.9999999996234312
box-boundary-4	10	0	4.000000006673464	4.000000006673464	TargetReached	1904	238	3963	2059	1.5015	0.9999999990077691,0.9999999993624762,0.9999999990441877,0.999999999248835
box-boundary-4	10	1	4.000000006673464	4.000000006673464	TargetReached	1904	238	3963	2059	1.493375	0.9999999990077691,0.9999999993624762,0.9999999990441877,0.999999999248835
box-boundary-4	10	2	4.000000006673464	4.000000006673464	TargetReached	1904	238	3963	2059	1.439792	0.9999999990077691,0.9999999993624762,0.9999999990441877,0.999999999248835
box-boundary-4	11	0	4.0000000089023615	4.0000000089023615	TargetReached	1496	187	3205	1709	1.189666	0.9999999987509746,0.9999999998147961,0.9999999976154106,0.999999999367638
box-boundary-4	11	1	4.0000000089023615	4.0000000089023615	TargetReached	1496	187	3205	1709	1.152833	0.9999999987509746,0.9999999998147961,0.9999999976154106,0.999999999367638
box-boundary-4	11	2	4.0000000089023615	4.0000000089023615	TargetReached	1496	187	3205	1709	1.145125	0.9999999987509746,0.9999999998147961,0.9999999976154106,0.999999999367638
box-boundary-4	12	0	4.0000000087788585	4.0000000087788585	TargetReached	1472	184	3101	1629	1.136542	0.9999999983119364,0.9999999993715227,0.999999998151222,0.9999999997758897
box-boundary-4	12	1	4.0000000087788585	4.0000000087788585	TargetReached	1472	184	3101	1629	1.169583	0.9999999983119364,0.9999999993715227,0.999999998151222,0.9999999997758897
box-boundary-4	12	2	4.0000000087788585	4.0000000087788585	TargetReached	1472	184	3101	1629	1.12525	0.9999999983119364,0.9999999993715227,0.999999998151222,0.9999999997758897
box-boundary-4	13	0	4.00000000918883	4.00000000918883	TargetReached	1424	178	2859	1435	1.113208	0.999999999581416,0.9999999991522212,0.9999999985380053,0.9999999981339422
box-boundary-4	13	1	4.00000000918883	4.00000000918883	TargetReached	1424	178	2859	1435	1.0665	0.999999999581416,0.9999999991522212,0.9999999985380053,0.9999999981339422
box-boundary-4	13	2	4.00000000918883	4.00000000918883	TargetReached	1424	178	2859	1435	1.066375	0.999999999581416,0.9999999991522212,0.9999999985380053,0.9999999981339422
box-boundary-4	14	0	4.000000008175817	4.000000008175817	TargetReached	1552	194	3200	1648	1.188333	0.9999999999598518,0.9999999992498381,0.9999999971269931,0.9999999995754085
box-boundary-4	14	1	4.000000008175817	4.000000008175817	TargetReached	1552	194	3200	1648	1.202458	0.9999999999598518,0.9999999992498381,0.9999999971269931,0.9999999995754085
box-boundary-4	14	2	4.000000008175817	4.000000008175817	TargetReached	1552	194	3200	1648	1.163083	0.9999999999598518,0.9999999992498381,0.9999999971269931,0.9999999995754085
box-boundary-4	15	0	4.000000008089054	4.000000008089054	TargetReached	1552	194	3293	1741	1.226084	0.9999999999136374,0.9999999998416657,0.9999999991473357,0.9999999970528339
box-boundary-4	15	1	4.000000008089054	4.000000008089054	TargetReached	1552	194	3293	1741	1.217875	0.9999999999136374,0.9999999998416657,0.9999999991473357,0.9999999970528339
box-boundary-4	15	2	4.000000008089054	4.000000008089054	TargetReached	1552	194	3293	1741	1.189458	0.9999999999136374,0.9999999998416657,0.9999999991473357,0.9999999970528339
box-boundary-4	16	0	4.0000000076895255	4.0000000076895255	TargetReached	1616	202	3312	1696	1.266041	0.999999999454639,0.9999999999503152,0.9999999979612304,0.9999999987890524
box-boundary-4	16	1	4.0000000076895255	4.0000000076895255	TargetReached	1616	202	3312	1696	1.247708	0.999999999454639,0.9999999999503152,0.9999999979612304,0.9999999987890524
box-boundary-4	16	2	4.0000000076895255	4.0000000076895255	TargetReached	1616	202	3312	1696	1.239083	0.999999999454639,0.9999999999503152,0.9999999979612304,0.9999999987890524
box-boundary-4	17	0	4.000000008429815	4.000000008429815	TargetReached	1640	205	3453	1813	1.30175	0.9999999976744076,0.9999999992964526,0.9999999989864475,0.9999999998277846
box-boundary-4	17	1	4.000000008429815	4.000000008429815	TargetReached	1640	205	3453	1813	1.24	0.9999999976744076,0.9999999992964526,0.9999999989864475,0.9999999998277846
box-boundary-4	17	2	4.000000008429815	4.000000008429815	TargetReached	1640	205	3453	1813	1.215166	0.9999999976744076,0.9999999992964526,0.9999999989864475,0.9999999998277846
box-boundary-4	18	0	4.0000000092463655	4.0000000092463655	TargetReached	1528	191	3334	1806	1.409959	0.9999999994920641,0.9999999996414787,0.9999999964439592,0.9999999997993153
box-boundary-4	18	1	4.0000000092463655	4.0000000092463655	TargetReached	1528	191	3334	1806	1.234084	0.9999999994920641,0.9999999996414787,0.9999999964439592,0.9999999997993153
box-boundary-4	18	2	4.0000000092463655	4.0000000092463655	TargetReached	1528	191	3334	1806	1.216042	0.9999999994920641,0.9999999996414787,0.9999999964439592,0.9999999997993153
box-boundary-4	19	0	4.000000009436095	4.000000009436095	TargetReached	1488	186	3142	1654	1.176334	0.999999998703309,0.999999999102817,0.9999999993723445,0.9999999981034818
box-boundary-4	19	1	4.000000009436095	4.000000009436095	TargetReached	1488	186	3142	1654	1.143458	0.999999998703309,0.999999999102817,0.9999999993723445,0.9999999981034818
box-boundary-4	19	2	4.000000009436095	4.000000009436095	TargetReached	1488	186	3142	1654	1.15275	0.999999998703309,0.999999999102817,0.9999999993723445,0.9999999981034818
box-boundary-4	20	0	4.000000009349544	4.000000009349544	TargetReached	1440	180	2881	1441	1.115166	0.999999999622461,0.9999999975103225,0.999999999495034,0.9999999986974099
box-boundary-4	20	1	4.000000009349544	4.000000009349544	TargetReached	1440	180	2881	1441	1.116791	0.999999999622461,0.9999999975103225,0.999999999495034,0.9999999986974099
box-boundary-4	20	2	4.000000009349544	4.000000009349544	TargetReached	1440	180	2881	1441	1.0985	0.999999999622461,0.9999999975103225,0.999999999495034,0.9999999986974099
REF	7	1	1.4094976892371684,-1.9566436336191753,0.3810428074238546;0.9317211065701401,-1.9986504421520503,0.8778299175765765;0.8258160834213913,-1.6738869883561134,-0.013866697436654807;1.3120563553626194,-1.381316598067949,0.3406272230510226;1.0856945247559795,-2.089738665847981,0.34520112558333577;0.9515380148229527,-2.070139699902771,0.6347941508820877	10.224366838287626,11.939652857027454,6.286536644404444,6.001670588177268,10.38940325258132,11.088235803856719	1.1813249865317117,-1.5096716882522112,0.24291686017388808	0.3352696019824501	0.9581169244325932,0.2039005314426818,-0.08687705899350646,0.2039005314426818,1.407427364555064,-0.27085547919618386,-0.08687705899350646,-0.27085547919618386,1.0206478099453442
REF	7	2	1.3148155871029572,-1.7392060547457278,0.581089817265157;1.489442332941365,-1.8045168890448735,0.5587141615259377;1.5490581268796955,-0.8950980703697531,-0.1549203215883696;1.4859567970594973,-1.7861483195314283,0.1521406989068384;1.24667493212454,-1.4476505369029573,0.13306751586221402;1.73095659627704,-1.4636651735237645,0.07034555282106192	9.129076932734307,9.979646926012718,4.097983415775517,8.681306410512656,5.816410395489529,7.300636205774502	1.4772673697869179,-1.0969064349414035,-0.055309593855983885	0.4237360988768423	0.9524560964069805,0.2731986475915106,-0.13313300272435524,0.2731986475915106,1.4920822540313623,-0.3529019295485626,-0.13313300272435524,-0.3529019295485626,1.0212641001738676
REF	7	3	1.4536159831802864,-1.9164412865849836,-0.6010267263001248;2.1269968502952543,-1.2218057924964723,-0.3720047641894415;2.0914660552612876,-0.8686915598132678,-0.5322316969844822;2.2811306733772945,-1.1216862722542071,-0.7588744333381973;1.3778223886113623,-0.7481873341074234,-0.2169723572629928;1.1473372994122664,-2.345321084746659,0.3461288332212544	10.903426339320387,8.063284568640366,7.016562629591755,10.023478958047306,3.2062711236613053,12.79666553648555	1.6396298174260995,-0.8196048638773186,-0.31883834056929317	0.5057731975012892	0.8942985915889727,0.31592938599115106,-0.19704189512224307,0.31592938599115106,1.4594897268119364,-0.44057448487987244,-0.19704189512224307,-0.44057448487987244,1.0004634106973462
REF	7	4	2.189032599084846,-0.7072392947473738,-0.5918352036291563;1.4107625066609732,-0.48233812842493623,-0.9391883623694016;2.247720273491286,-0.5843233155136426,-0.08696183024493481;1.0633199305983279,-1.2692509708766846,-0.10854374498254016;1.3223915828992523,-0.8151348645313806,-0.30705077161148653;2.1512729023958865,-1.1847632574461484,-0.2256973522542226	7.19331419294474,5.983850110505767,5.765363341647648,4.399772307249784,3.454729898660811,7.639060232229905	1.321201394706525,-0.9262701373851596,-0.23330942638772634	0.4748025132187379	0.8276424949013819,0.2714924011479639,-0.16252839030848612,0.2714924011479639,1.2777126669557017,-0.39016991136458723,-0.16252839030848612,-0.39016991136458723,0.8719163261561375
REF	7	5	1.0826896126116163,-1.5442358430518863,-0.35617781486949707;1.4290477997099782,-1.7780997890967427,0.14746676749205562;1.8136132032667032,-0.9276526005381159,-0.3480177179706159;1.2946202986024387,-1.098577440609638,0.2715679404992035;0.45255883136003194,-0.1990774621681326,-0.011954576384920507;1.1837882491242815,-1.0400064559837172,0.2379808179641139	6.448996018410272,8.452441123885915,5.4947368737194715,4.3847830888142285,0.284644815314738,3.79112095461583	0.7266517915148004,-0.508890101338445,0.08139413123214667	0.5662697625504659	1.12535618409295,-0.05602096672151513,-0.29822092899484504,-0.05602096672151513,1.3139130971890316,-0.23249384190865127,-0.29822092899484504,-0.23249384190865127,0.8273494096878752
REF	7	6	1.0001648146683038,0.10073202098782597,-0.4378450281290893;0.3152811832878032,-0.4285349644990337,0.4650930314416105;-0.3297759848985339,-0.27171517278888757,-0.26033210983540345;1.111505647919036,-0.5774106770350511,-0.11038681120453231;1.828983651345033,-0.96808890759484,0.12293875953646187;0.8322914090065668,-1.0722279783016004,0.3565462995678596	1.787456611234518,1.3319327677139212,0.5275017001085984,1.9509919776156883,5.280029217289206,3.5005557193537467	-0.04196160318339803,-0.2871463393007146,-0.06781242616811575	0.7222829685369939	1.6942485809725985,-0.3271708678242239,-0.23474997116845278,-0.3271708678242239,1.2504881314912901,-0.20981292939441232,-0.23474997116845278,-0.20981292939441232,0.731321036318057
REF	42	1	1.124415925129459,-1.8041956333544171,0.23243413591167278;1.3980500688442317,-1.4811220736187796,-0.0650250366708448;1.1636861308548594,-2.49705073825988,0.1758761135052378;0.7013933058987196,-2.533654427317576,0.5235228248856434;0.6563144710781448,-2.0434467575919446,0.5781351617330814;1.2593955199741838,-2.638605987520852,0.5180663604993307	7.990657449663053,6.3589022104931265,13.948419819239207,14.427066676396418,10.119059048101192,16.584131206016913	1.2620393747466936,-1.617138241024663,0.07003850530724293	0.3469055038737974	1.0347106807277517,0.23761385330247792,-0.2659849004562207,0.23761385330247792,1.2018852528863884,-0.3782008311171555,-0.2659849004562207,-0.3782008311171555,1.2875654662836977
REF	42	2	1.803029456741521,-2.066613245190091,0.1919549464157845;1.6138350546469007,-1.4571070854426726,-0.040992133065856445;0.5730970168187763,-1.561551349313576,-0.19711993627479113;1.3639506998944746,-1.7187883031754605,-0.18007652315602718;1.3927051106631303,-1.6312751348588046,0.2686739276220246;1.3394164381263336,-2.0810325503110185,0.15148847062306298	11.94008263808181,6.8575071203948,5.360750500880592,7.898538190776037,7.550487374019804,10.547224372557856	0.93350686823713,-1.5372950685785722,-0.11617834371295604	0.3764955587572422	1.0530731280985786,0.1315253514126748,-0.09037767942607888,0.1315253514126748,1.1412928742509156,-0.4788713728851234,-0.09037767942607888,-0.4788713728851234,1.3464179407260928
REF	42	3	1.7174076620166696,-1.67551178146911,0.3988310210375871;1.078962249181043,-1.9365230034276402,0.22370835012227486;0.4013696593739763,-1.475729703045722,-0.4720217474352761;1.3045131650845994,-2.2869311011596727,0.5201110326390401;0.85442389892684,-1.9949025703144434,-0.16210553269405079;0.5135715834130204,-2.4129711993100633,0.2046428552563757	9.20043327060468,8.864583924424352,5.407872036576217,13.24392426587322,8.794425544071776,12.076130581518976	0.5834099873798044,-1.6595911429197152,-0.32929249607189875	0.41682607624756385	1.180885633722955,0.1050622162579158,0.15883556155264117,0.1050622162579158,1.0063749712115058,-0.4228615473889435,0.15883556155264117,-0.4228615473889435,1.3737487333935978
REF	42	4	1.5667388195359433,-1.1646074553392756,0.30429826457712145;0.3900454658320963,-1.7952323634134175,-0.44089391473970957;0.4754335855871748,-0.9101909332978227,-0.4602866243272027;1.1065982553137914,-1.6963447040251927,0.2154663947299817;0.4866205842724739,-1.5827870489558937,-0.5356514546480473;0.7377590238404073,-1.7953810403095933,-0.17884676981574993	5.537681314003118,7.375403718928052,2.7303872705575265,7.1654334774439095,6.394919201188975,7.119019205358377	0.7868635141379581,-1.0353132154194085,-0.24861614152438874	0.45391419805260425	1.083286187860639,0.10270219254061842,0.18030961804082357,0.10270219254061842,1.3271120769750113,-0.427417819144766,0.18030961804082357,-0.427417819144766,1.2280318355013444
REF	42	5	0.28611314187923587,-1.6796340466361641,-0.6514318218812659;0.9206152199241302,0.12040970029652387,-0.7651862623174649;0.4919200928795174,-0.5434182239123972,3.5626937091373656E-4;-0.1345989995881096,-1.1843969848834601,0.8794952194261411;1.142442251878292,-0.8973187856053572,-0.22518530820778906;0.5846538085491662,-0.6736710880818977,-0.32390655557367026	7.4216554654329405,3.218569439164441,0.8325926176502603,5.917756690265927,3.1183699970078367,1.6691473726603374	0.5693019421461961,-0.608225578961089,-0.10959885248276441	0.527686302796073	0.9889866882974623,-0.05777807045987879,0.13363551008776742,-0.05777807045987879,1.5931898045265909,-0.3094277344911067,0.13363551008776742,-0.3094277344911067,1.073940771701301
REF	42	6	0.24976164929655031,0.6933438838796714,-0.3636548265756182;0.9156017564685227,-0.6059690353241688,0.22051002337466413;1.006281126018422,-0.5343497087089704,0.09188488994314159;1.0665054518736776,-1.0614120107520688,-0.06823967450581195;0.44992328175659135,-1.268275148237107,-0.1459672992289473;0.05452390840152743,-1.4819371818551228,-0.3244314377482858	1.5528116956529994,1.767222201626431,1.6174322589750791,3.409251404720414,3.504700472515105,4.816271509714464	0.5172379140972955,0.2421293377848024,-0.18823074200001294	0.6651591159113336	0.8881351452567966,-0.20192609220057278,0.13079485819719708,-0.20192609220057278,2.3826537648172543,-0.3213491830274064,0.13079485819719708,-0.3213491830274064,0.9370528896462545
[success] Total time: 3 s, completed Oct 7, 2026, 9:32:51 p.m.
[info] Defining benchmarksJS / Compile / mainClass
[info] The new value will be used by benchmarksJS / Compile / bspBuildTargetRun, benchmarksJS / Compile / packageBin / packageOptions and 2 others.
[info] 	Run `last` for details.
[info] Reapplying settings...
[info] set current project to gale (in build file:/Users/bbuchsbaum/code/scala/gale/)
[info] Defining benchmarksJS / scalaJSStage
[info] The new value will be used by benchmarksJS / Compile / scalaJSLinkedFile, benchmarksJS / Compile / scalaJSLinkerResult and 2 others.
[info] 	Run `last` for details.
[info] Reapplying settings...
[info] set current project to gale (in build file:/Users/bbuchsbaum/code/scala/gale/)
[info] Defining benchmarksJS / Compile / scalaJSMainModuleInitializer
[info] The new value will be used by benchmarksJS / Compile / scalaJSModuleInitializers
[info] Reapplying settings...
[info] set current project to gale (in build file:/Users/bbuchsbaum/code/scala/gale/)
[info] Full optimizing /Users/bbuchsbaum/code/scala/gale/benchmarks/js/target/scala-3.7.4/gale-benchmarks-js-opt
[info] Running gale.bench.CMAESBench.
case_id	seed	repeat	observed	clean	status	evaluations	generations	sampled	rejected	ms	x
sphere-8	1	0	9.709817473476648e-9	9.709817473476648e-9	TargetReached	1140	114	1140	0	4.168875	-0.0000556049129946744,-0.000014757317230804296,0.00003036487963664534,-0.00001646826637415666,0.000005623586880111506,0.00002291052514799894,-0.00006766981257508685,0.000008436976582874301
sphere-8	1	1	9.709817473476648e-9	9.709817473476648e-9	TargetReached	1140	114	1140	0	4.140417	-0.0000556049129946744,-0.000014757317230804296,0.00003036487963664534,-0.00001646826637415666,0.000005623586880111506,0.00002291052514799894,-0.00006766981257508685,0.000008436976582874301
sphere-8	1	2	9.709817473476648e-9	9.709817473476648e-9	TargetReached	1140	114	1140	0	4.125084	-0.0000556049129946744,-0.000014757317230804296,0.00003036487963664534,-0.00001646826637415666,0.000005623586880111506,0.00002291052514799894,-0.00006766981257508685,0.000008436976582874301
sphere-8	2	0	3.186086672320792e-9	3.186086672320792e-9	TargetReached	1100	110	1100	0	3.803458	0.000014395571066951645,0.000013160537429526842,-0.000026474391492383248,-0.000007628493501417671,0.000005162523386591969,0.00004071207091206952,0.000002079807789205492,0.000018923984158825735
sphere-8	2	1	3.186086672320792e-9	3.186086672320792e-9	TargetReached	1100	110	1100	0	3.5255	0.000014395571066951645,0.000013160537429526842,-0.000026474391492383248,-0.000007628493501417671,0.000005162523386591969,0.00004071207091206952,0.000002079807789205492,0.000018923984158825735
sphere-8	2	2	3.186086672320792e-9	3.186086672320792e-9	TargetReached	1100	110	1100	0	3.446834	0.000014395571066951645,0.000013160537429526842,-0.000026474391492383248,-0.000007628493501417671,0.000005162523386591969,0.00004071207091206952,0.000002079807789205492,0.000018923984158825735
sphere-8	3	0	8.110155791872197e-9	8.110155791872197e-9	TargetReached	1160	116	1160	0	3.251042	0.00007487818117777654,0.0000193042170357148,0.00000631750592630681,-0.000025577678120239163,0.000012380679680716694,0.0000355283511893508,-7.573390615172115e-7,0.000004529232917652686
sphere-8	3	1	8.110155791872197e-9	8.110155791872197e-9	TargetReached	1160	116	1160	0	4.415209	0.00007487818117777654,0.0000193042170357148,0.00000631750592630681,-0.000025577678120239163,0.000012380679680716694,0.0000355283511893508,-7.573390615172115e-7,0.000004529232917652686
sphere-8	3	2	8.110155791872197e-9	8.110155791872197e-9	TargetReached	1160	116	1160	0	3.472	0.00007487818117777654,0.0000193042170357148,0.00000631750592630681,-0.000025577678120239163,0.000012380679680716694,0.0000355283511893508,-7.573390615172115e-7,0.000004529232917652686
sphere-8	4	0	3.9466810784061405e-9	3.9466810784061405e-9	TargetReached	1130	113	1130	0	3.192875	-0.000008667183267558098,0.000021762006109484473,0.000025279853379388588,0.000013595893004389557,-0.00002470320158765057,0.000014088548878679596,-0.00004074865294722999,0.000010240542662985562
sphere-8	4	1	3.9466810784061405e-9	3.9466810784061405e-9	TargetReached	1130	113	1130	0	3.14625	-0.000008667183267558098,0.000021762006109484473,0.000025279853379388588,0.000013595893004389557,-0.00002470320158765057,0.000014088548878679596,-0.00004074865294722999,0.000010240542662985562
sphere-8	4	2	3.9466810784061405e-9	3.9466810784061405e-9	TargetReached	1130	113	1130	0	3.463583	-0.000008667183267558098,0.000021762006109484473,0.000025279853379388588,0.000013595893004389557,-0.00002470320158765057,0.000014088548878679596,-0.00004074865294722999,0.000010240542662985562
sphere-8	5	0	8.229750602436282e-9	8.229750602436282e-9	TargetReached	1180	118	1180	0	3.368125	-0.000015169629470766462,0.000028937738336926647,0.000028547623492032007,0.000007628170349020926,0.000026790407908234164,-0.000004903504672770485,0.0000020113574223255942,0.00007445313009899046
sphere-8	5	1	8.229750602436282e-9	8.229750602436282e-9	TargetReached	1180	118	1180	0	3.332292	-0.000015169629470766462,0.000028937738336926647,0.000028547623492032007,0.000007628170349020926,0.000026790407908234164,-0.000004903504672770485,0.0000020113574223255942,0.00007445313009899046
sphere-8	5	2	8.229750602436282e-9	8.229750602436282e-9	TargetReached	1180	118	1180	0	3.239416	-0.000015169629470766462,0.000028937738336926647,0.000028547623492032007,0.000007628170349020926,0.000026790407908234164,-0.000004903504672770485,0.0000020113574223255942,0.00007445313009899046
sphere-8	6	0	6.549854714575536e-9	6.549854714575536e-9	TargetReached	1130	113	1130	0	3.024667	-0.000027445424399128503,-0.000021511455201312473,0.00003516577123925745,0.000010671726654742017,0.00004437685742079449,-0.000002006859245243995,0.00003428966209741284,-0.00002888303286141142
sphere-8	6	1	6.549854714575536e-9	6.549854714575536e-9	TargetReached	1130	113	1130	0	3.273791	-0.000027445424399128503,-0.000021511455201312473,0.00003516577123925745,0.000010671726654742017,0.00004437685742079449,-0.000002006859245243995,0.00003428966209741284,-0.00002888303286141142
sphere-8	6	2	6.549854714575536e-9	6.549854714575536e-9	TargetReached	1130	113	1130	0	2.784916	-0.000027445424399128503,-0.000021511455201312473,0.00003516577123925745,0.000010671726654742017,0.00004437685742079449,-0.000002006859245243995,0.00003428966209741284,-0.00002888303286141142
sphere-8	7	0	9.318252299573112e-9	9.318252299573112e-9	TargetReached	1240	124	1240	0	3.071125	-0.00004481384796639658,0.000014148817381908632,-0.00005960087569184233,0.000003903548133522085,0.00004218331764412861,-0.000030066332658770132,0.000028683191455570645,-0.0000060114978462808126
sphere-8	7	1	9.318252299573112e-9	9.318252299573112e-9	TargetReached	1240	124	1240	0	3.160291	-0.00004481384796639658,0.000014148817381908632,-0.00005960087569184233,0.000003903548133522085,0.00004218331764412861,-0.000030066332658770132,0.000028683191455570645,-0.0000060114978462808126
sphere-8	7	2	9.318252299573112e-9	9.318252299573112e-9	TargetReached	1240	124	1240	0	3.012792	-0.00004481384796639658,0.000014148817381908632,-0.00005960087569184233,0.000003903548133522085,0.00004218331764412861,-0.000030066332658770132,0.000028683191455570645,-0.0000060114978462808126
sphere-8	8	0	7.91371605152264e-9	7.91371605152264e-9	TargetReached	1120	112	1120	0	3.258042	-0.0000181422057811476,0.000016011118654604845,-0.000005104673753423858,0.000012012855212349877,-0.00007660152183510801,-0.000005473950931781523,-0.00003513228752878298,-0.000005081259942215418
sphere-8	8	1	7.91371605152264e-9	7.91371605152264e-9	TargetReached	1120	112	1120	0	2.914333	-0.0000181422057811476,0.000016011118654604845,-0.000005104673753423858,0.000012012855212349877,-0.00007660152183510801,-0.000005473950931781523,-0.00003513228752878298,-0.000005081259942215418
sphere-8	8	2	7.91371605152264e-9	7.91371605152264e-9	TargetReached	1120	112	1120	0	2.889958	-0.0000181422057811476,0.000016011118654604845,-0.000005104673753423858,0.000012012855212349877,-0.00007660152183510801,-0.000005473950931781523,-0.00003513228752878298,-0.000005081259942215418
sphere-8	9	0	6.315518272458086e-9	6.315518272458086e-9	TargetReached	1260	126	1260	0	2.938958	-0.000016314609573066733,-0.00003907111534484513,-0.000022880698298547917,-0.00004681576139170789,0.00002275559983136046,-0.00000373275148862678,0.00003471324926184767,0.000008414120967502562
sphere-8	9	1	6.315518272458086e-9	6.315518272458086e-9	TargetReached	1260	126	1260	0	3.039	-0.000016314609573066733,-0.00003907111534484513,-0.000022880698298547917,-0.00004681576139170789,0.00002275559983136046,-0.00000373275148862678,0.00003471324926184767,0.000008414120967502562
sphere-8	9	2	6.315518272458086e-9	6.315518272458086e-9	TargetReached	1260	126	1260	0	2.847125	-0.000016314609573066733,-0.00003907111534484513,-0.000022880698298547917,-0.00004681576139170789,0.00002275559983136046,-0.00000373275148862678,0.00003471324926184767,0.000008414120967502562
sphere-8	10	0	7.07761864626376e-9	7.07761864626376e-9	TargetReached	1250	125	1250	0	2.907042	0.0000033424493515904687,-0.000022122012614637226,0.0000378194624531319,-0.00003325847980211485,-0.00005364484142194391,0.000004199082146491352,-0.0000053554162746769385,-0.0000334147157993083
sphere-8	10	1	7.07761864626376e-9	7.07761864626376e-9	TargetReached	1250	125	1250	0	2.866	0.0000033424493515904687,-0.000022122012614637226,0.0000378194624531319,-0.00003325847980211485,-0.00005364484142194391,0.000004199082146491352,-0.0000053554162746769385,-0.0000334147157993083
sphere-8	10	2	7.07761864626376e-9	7.07761864626376e-9	TargetReached	1250	125	1250	0	2.86825	0.0000033424493515904687,-0.000022122012614637226,0.0000378194624531319,-0.00003325847980211485,-0.00005364484142194391,0.000004199082146491352,-0.0000053554162746769385,-0.0000334147157993083
sphere-8	11	0	9.16183909781374e-9	9.16183909781374e-9	TargetReached	1170	117	1170	0	2.677	0.000007484797073853682,0.000013242321320951342,-0.000027505722795110536,0.000017789264668247176,0.00005203285374593914,0.000050296645598848884,-0.00004769859165224818,0.000018577110637578216
sphere-8	11	1	9.16183909781374e-9	9.16183909781374e-9	TargetReached	1170	117	1170	0	2.621042	0.000007484797073853682,0.000013242321320951342,-0.000027505722795110536,0.000017789264668247176,0.00005203285374593914,0.000050296645598848884,-0.00004769859165224818,0.000018577110637578216
sphere-8	11	2	9.16183909781374e-9	9.16183909781374e-9	TargetReached	1170	117	1170	0	2.596375	0.000007484797073853682,0.000013242321320951342,-0.000027505722795110536,0.000017789264668247176,0.00005203285374593914,0.000050296645598848884,-0.00004769859165224818,0.000018577110637578216
sphere-8	12	0	7.626490031330459e-9	7.626490031330459e-9	TargetReached	1250	125	1250	0	3.022625	0.00007362325924760405,0.0000195268438920655,0.000003257969785960161,0.000005165999125838084,0.00003578251311059915,0.000015052545727975268,-0.0000053645426488513416,-0.00001586696213447071
sphere-8	12	1	7.626490031330459e-9	7.626490031330459e-9	TargetReached	1250	125	1250	0	3.09375	0.00007362325924760405,0.0000195268438920655,0.000003257969785960161,0.000005165999125838084,0.00003578251311059915,0.000015052545727975268,-0.0000053645426488513416,-0.00001586696213447071
sphere-8	12	2	7.626490031330459e-9	7.626490031330459e-9	TargetReached	1250	125	1250	0	2.749417	0.00007362325924760405,0.0000195268438920655,0.000003257969785960161,0.000005165999125838084,0.00003578251311059915,0.000015052545727975268,-0.0000053645426488513416,-0.00001586696213447071
sphere-8	13	0	6.808214241195573e-9	6.808214241195573e-9	TargetReached	1220	122	1220	0	2.708708	-0.000023061495242490912,0.00001767638763204817,0.00006668256560321832,0.000014688703774996663,0.000023831094103894544,-0.000009478214653475943,-0.0000253050589329937,0.0000018710472554892525
sphere-8	13	1	6.808214241195573e-9	6.808214241195573e-9	TargetReached	1220	122	1220	0	2.685541	-0.000023061495242490912,0.00001767638763204817,0.00006668256560321832,0.000014688703774996663,0.000023831094103894544,-0.000009478214653475943,-0.0000253050589329937,0.0000018710472554892525
sphere-8	13	2	6.808214241195573e-9	6.808214241195573e-9	TargetReached	1220	122	1220	0	2.747084	-0.000023061495242490912,0.00001767638763204817,0.00006668256560321832,0.000014688703774996663,0.000023831094103894544,-0.000009478214653475943,-0.0000253050589329937,0.0000018710472554892525
sphere-8	14	0	9.13384545320559e-9	9.13384545320559e-9	TargetReached	1130	113	1130	0	2.507916	-0.00006706498650386813,0.000010177030593968332,0.0000027008928182007704,0.000014875597293412225,-0.000008824807906868334,-0.00005664835958011101,-0.000017029191939501303,0.00002696433967403556
sphere-8	14	1	9.13384545320559e-9	9.13384545320559e-9	TargetReached	1130	113	1130	0	2.481583	-0.00006706498650386813,0.000010177030593968332,0.0000027008928182007704,0.000014875597293412225,-0.000008824807906868334,-0.00005664835958011101,-0.000017029191939501303,0.00002696433967403556
sphere-8	14	2	9.13384545320559e-9	9.13384545320559e-9	TargetReached	1130	113	1130	0	2.47025	-0.00006706498650386813,0.000010177030593968332,0.0000027008928182007704,0.000014875597293412225,-0.000008824807906868334,-0.00005664835958011101,-0.000017029191939501303,0.00002696433967403556
sphere-8	15	0	9.306844003320186e-9	9.306844003320186e-9	TargetReached	1230	123	1230	0	2.699708	-0.000010732843721603352,-0.00007467827157622294,0.000013858321649963634,0.00003144509657251984,0.00003616768307493195,-0.0000274392352713604,-0.00001904803401915817,0.00000318089840547796
sphere-8	15	1	9.306844003320186e-9	9.306844003320186e-9	TargetReached	1230	123	1230	0	2.7665	-0.000010732843721603352,-0.00007467827157622294,0.000013858321649963634,0.00003144509657251984,0.00003616768307493195,-0.0000274392352713604,-0.00001904803401915817,0.00000318089840547796
sphere-8	15	2	9.306844003320186e-9	9.306844003320186e-9	TargetReached	1230	123	1230	0	2.715584	-0.000010732843721603352,-0.00007467827157622294,0.000013858321649963634,0.00003144509657251984,0.00003616768307493195,-0.0000274392352713604,-0.00001904803401915817,0.00000318089840547796
sphere-8	16	0	8.163661566131997e-9	8.163661566131997e-9	TargetReached	1140	114	1140	0	2.519167	-0.000040186556797858245,0.00002556425765186785,-0.00001721350431120625,-0.000026201740671965118,0.000019537564530397526,-0.000011401243093498246,0.0000025298716198797112,0.00006628898839468768
sphere-8	16	1	8.163661566131997e-9	8.163661566131997e-9	TargetReached	1140	114	1140	0	2.504208	-0.000040186556797858245,0.00002556425765186785,-0.00001721350431120625,-0.000026201740671965118,0.000019537564530397526,-0.000011401243093498246,0.0000025298716198797112,0.00006628898839468768
sphere-8	16	2	8.163661566131997e-9	8.163661566131997e-9	TargetReached	1140	114	1140	0	2.490209	-0.000040186556797858245,0.00002556425765186785,-0.00001721350431120625,-0.000026201740671965118,0.000019537564530397526,-0.000011401243093498246,0.0000025298716198797112,0.00006628898839468768
sphere-8	17	0	2.385138267858156e-9	2.385138267858156e-9	TargetReached	1190	119	1190	0	2.648874	0.0000309782611463098,0.000013198722989337077,0.000013797835381576468,-0.000005027723779860743,0.000006058906433669309,0.000009705263856803691,-0.000027573902341260195,0.000012016591197539303
sphere-8	17	1	2.385138267858156e-9	2.385138267858156e-9	TargetReached	1190	119	1190	0	2.692292	0.0000309782611463098,0.000013198722989337077,0.000013797835381576468,-0.000005027723779860743,0.000006058906433669309,0.000009705263856803691,-0.000027573902341260195,0.000012016591197539303
sphere-8	17	2	2.385138267858156e-9	2.385138267858156e-9	TargetReached	1190	119	1190	0	2.599041	0.0000309782611463098,0.000013198722989337077,0.000013797835381576468,-0.000005027723779860743,0.000006058906433669309,0.000009705263856803691,-0.000027573902341260195,0.000012016591197539303
sphere-8	18	0	8.699580726032838e-9	8.699580726032838e-9	TargetReached	1080	108	1080	0	2.408167	-0.000029144696989487465,0.00002641405440875627,-0.000017190860297215854,-0.000003843232266629353,0.000016706017320264586,-0.000036506743330477675,-0.00001637497789058153,0.00007044285454808045
sphere-8	18	1	8.699580726032838e-9	8.699580726032838e-9	TargetReached	1080	108	1080	0	2.36625	-0.000029144696989487465,0.00002641405440875627,-0.000017190860297215854,-0.000003843232266629353,0.000016706017320264586,-0.000036506743330477675,-0.00001637497789058153,0.00007044285454808045
sphere-8	18	2	8.699580726032838e-9	8.699580726032838e-9	TargetReached	1080	108	1080	0	2.35775	-0.000029144696989487465,0.00002641405440875627,-0.000017190860297215854,-0.000003843232266629353,0.000016706017320264586,-0.000036506743330477675,-0.00001637497789058153,0.00007044285454808045
sphere-8	19	0	5.544163699171525e-9	5.544163699171525e-9	TargetReached	1240	124	1240	0	2.739667	0.000043771524204846114,-0.00001586372870181959,0.000041150485781976206,-0.000038410389037383085,0.000002163268287845559,-0.000007527403049013036,-0.000007149106899088074,0.000009766665640500802
sphere-8	19	1	5.544163699171525e-9	5.544163699171525e-9	TargetReached	1240	124	1240	0	2.709292	0.000043771524204846114,-0.00001586372870181959,0.000041150485781976206,-0.000038410389037383085,0.000002163268287845559,-0.000007527403049013036,-0.000007149106899088074,0.000009766665640500802
sphere-8	19	2	5.544163699171525e-9	5.544163699171525e-9	TargetReached	1240	124	1240	0	2.783209	0.000043771524204846114,-0.00001586372870181959,0.000041150485781976206,-0.000038410389037383085,0.000002163268287845559,-0.000007527403049013036,-0.000007149106899088074,0.000009766665640500802
sphere-8	20	0	7.749441842389422e-9	7.749441842389422e-9	TargetReached	1180	118	1180	0	2.623791	-0.000053788983115950214,-0.000022820791985813738,0.0000173000972328084,-0.000024390440308386873,0.00005717712495968148,-0.000010936587715384655,-0.000006543256593533484,-0.0000030927126959842972
sphere-8	20	1	7.749441842389422e-9	7.749441842389422e-9	TargetReached	1180	118	1180	0	2.587542	-0.000053788983115950214,-0.000022820791985813738,0.0000173000972328084,-0.000024390440308386873,0.00005717712495968148,-0.000010936587715384655,-0.000006543256593533484,-0.0000030927126959842972
sphere-8	20	2	7.749441842389422e-9	7.749441842389422e-9	TargetReached	1180	118	1180	0	2.598625	-0.000053788983115950214,-0.000022820791985813738,0.0000173000972328084,-0.000024390440308386873,0.00005717712495968148,-0.000010936587715384655,-0.000006543256593533484,-0.0000030927126959842972
rotated-ellipsoid-8	1	0	4.159075879353596e-9	4.159075879353596e-9	TargetReached	2750	275	2750	0	6.915333	0.0000024984324832169928,0.0000120818680233411,0.000006579971878608499,-0.000005913846972812746,-2.810414453059913e-7,-0.000003212782327954597,-0.0000020934062719048892,-0.00000283753728789445
rotated-ellipsoid-8	1	1	4.159075879353596e-9	4.159075879353596e-9	TargetReached	2750	275	2750	0	6.891042	0.0000024984324832169928,0.0000120818680233411,0.000006579971878608499,-0.000005913846972812746,-2.810414453059913e-7,-0.000003212782327954597,-0.0000020934062719048892,-0.00000283753728789445
rotated-ellipsoid-8	1	2	4.159075879353596e-9	4.159075879353596e-9	TargetReached	2750	275	2750	0	6.797291	0.0000024984324832169928,0.0000120818680233411,0.000006579971878608499,-0.000005913846972812746,-2.810414453059913e-7,-0.000003212782327954597,-0.0000020934062719048892,-0.00000283753728789445
rotated-ellipsoid-8	2	0	7.604216228481945e-9	7.604216228481945e-9	TargetReached	3070	307	3070	0	7.667542	0.00000860952536957556,0.000025219430167917417,0.000012171181742773643,-0.00000685317682731684,-0.000003517051240928846,-0.000006023756406052915,-0.000007015553714318957,-0.000007502676745465835
rotated-ellipsoid-8	2	1	7.604216228481945e-9	7.604216228481945e-9	TargetReached	3070	307	3070	0	7.631917	0.00000860952536957556,0.000025219430167917417,0.000012171181742773643,-0.00000685317682731684,-0.000003517051240928846,-0.000006023756406052915,-0.000007015553714318957,-0.000007502676745465835
rotated-ellipsoid-8	2	2	7.604216228481945e-9	7.604216228481945e-9	TargetReached	3070	307	3070	0	7.731458	0.00000860952536957556,0.000025219430167917417,0.000012171181742773643,-0.00000685317682731684,-0.000003517051240928846,-0.000006023756406052915,-0.000007015553714318957,-0.000007502676745465835
rotated-ellipsoid-8	3	0	9.45780004298121e-9	9.45780004298121e-9	TargetReached	2700	270	2700	0	6.694375	-0.000038439119960496054,-2.1630528515249002e-8,-0.000006031931590579086,0.000005913543255725812,0.0000026924148349075993,0.0000021251091377452414,9.77144166910777e-7,3.635081132878888e-7
rotated-ellipsoid-8	3	1	9.45780004298121e-9	9.45780004298121e-9	TargetReached	2700	270	2700	0	6.789459	-0.000038439119960496054,-2.1630528515249002e-8,-0.000006031931590579086,0.000005913543255725812,0.0000026924148349075993,0.0000021251091377452414,9.77144166910777e-7,3.635081132878888e-7
rotated-ellipsoid-8	3	2	9.45780004298121e-9	9.45780004298121e-9	TargetReached	2700	270	2700	0	6.735792	-0.000038439119960496054,-2.1630528515249002e-8,-0.000006031931590579086,0.000005913543255725812,0.0000026924148349075993,0.0000021251091377452414,9.77144166910777e-7,3.635081132878888e-7
rotated-ellipsoid-8	4	0	4.71778797912872e-9	4.71778797912872e-9	TargetReached	2870	287	2870	0	7.126333	-0.000004870167503699036,-0.000012332476567318707,5.410073482992834e-7,0.000005549946336067545,4.279205207807081e-7,0.0000014326067820815467,5.100589620075191e-7,5.977589022914067e-7
rotated-ellipsoid-8	4	1	4.71778797912872e-9	4.71778797912872e-9	TargetReached	2870	287	2870	0	7.155667	-0.000004870167503699036,-0.000012332476567318707,5.410073482992834e-7,0.000005549946336067545,4.279205207807081e-7,0.0000014326067820815467,5.100589620075191e-7,5.977589022914067e-7
rotated-ellipsoid-8	4	2	4.71778797912872e-9	4.71778797912872e-9	TargetReached	2870	287	2870	0	7.497334	-0.000004870167503699036,-0.000012332476567318707,5.410073482992834e-7,0.000005549946336067545,4.279205207807081e-7,0.0000014326067820815467,5.100589620075191e-7,5.977589022914067e-7
rotated-ellipsoid-8	5	0	1.8606470768740568e-9	1.8606470768740568e-9	TargetReached	3290	329	3290	0	20.495583	0.00002300379968961196,8.178207485566805e-7,-0.000003714930347499984,-0.0000012213107800872615,7.532225774310482e-7,-0.0000014357507797033877,-9.784569603535166e-7,-8.413721473940499e-7
rotated-ellipsoid-8	5	1	1.8606470768740568e-9	1.8606470768740568e-9	TargetReached	3290	329	3290	0	9.739416	0.00002300379968961196,8.178207485566805e-7,-0.000003714930347499984,-0.0000012213107800872615,7.532225774310482e-7,-0.0000014357507797033877,-9.784569603535166e-7,-8.413721473940499e-7
rotated-ellipsoid-8	5	2	1.8606470768740568e-9	1.8606470768740568e-9	TargetReached	3290	329	3290	0	9.235125	0.00002300379968961196,8.178207485566805e-7,-0.000003714930347499984,-0.0000012213107800872615,7.532225774310482e-7,-0.0000014357507797033877,-9.784569603535166e-7,-8.413721473940499e-7
rotated-ellipsoid-8	6	0	7.0250121709861294e-9	7.0250121709861294e-9	TargetReached	2510	251	2510	0	7.337125	0.00004156550548827852,-0.00000239898835186477,-0.000010839268392899347,-0.000002198051443860549,-0.000001415369623948356,0.0000012370423047102097,5.989178778237089e-7,0.0000012537873474306668
rotated-ellipsoid-8	6	1	7.0250121709861294e-9	7.0250121709861294e-9	TargetReached	2510	251	2510	0	6.873167	0.00004156550548827852,-0.00000239898835186477,-0.000010839268392899347,-0.000002198051443860549,-0.000001415369623948356,0.0000012370423047102097,5.989178778237089e-7,0.0000012537873474306668
rotated-ellipsoid-8	6	2	7.0250121709861294e-9	7.0250121709861294e-9	TargetReached	2510	251	2510	0	6.862125	0.00004156550548827852,-0.00000239898835186477,-0.000010839268392899347,-0.000002198051443860549,-0.000001415369623948356,0.0000012370423047102097,5.989178778237089e-7,0.0000012537873474306668
rotated-ellipsoid-8	7	0	7.985899680413929e-9	7.985899680413929e-9	TargetReached	3010	301	3010	0	7.892584	0.000021765909452729738,-0.000014586463692134254,-0.000006119329716122005,0.000007840863239998058,-0.0000025737452065528867,5.722928488777429e-7,3.301952052146734e-7,7.349144033472075e-7
rotated-ellipsoid-8	7	1	7.985899680413929e-9	7.985899680413929e-9	TargetReached	3010	301	3010	0	7.881	0.000021765909452729738,-0.000014586463692134254,-0.000006119329716122005,0.000007840863239998058,-0.0000025737452065528867,5.722928488777429e-7,3.301952052146734e-7,7.349144033472075e-7
rotated-ellipsoid-8	7	2	7.985899680413929e-9	7.985899680413929e-9	TargetReached	3010	301	3010	0	8.418916	0.000021765909452729738,-0.000014586463692134254,-0.000006119329716122005,0.000007840863239998058,-0.0000025737452065528867,5.722928488777429e-7,3.301952052146734e-7,7.349144033472075e-7
rotated-ellipsoid-8	8	0	9.717309480232922e-9	9.717309480232922e-9	TargetReached	2880	288	2880	0	7.670333	0.00001082601329911285,0.00001780966446886601,0.00000503477259935628,0.000005362117057819174,-0.0000073560265455152,-0.000005596371159344863,-0.000008101925368957356,-0.000009333578625480087
rotated-ellipsoid-8	8	1	9.717309480232922e-9	9.717309480232922e-9	TargetReached	2880	288	2880	0	7.64425	0.00001082601329911285,0.00001780966446886601,0.00000503477259935628,0.000005362117057819174,-0.0000073560265455152,-0.000005596371159344863,-0.000008101925368957356,-0.000009333578625480087
rotated-ellipsoid-8	8	2	9.717309480232922e-9	9.717309480232922e-9	TargetReached	2880	288	2880	0	7.468333	0.00001082601329911285,0.00001780966446886601,0.00000503477259935628,0.000005362117057819174,-0.0000073560265455152,-0.000005596371159344863,-0.000008101925368957356,-0.000009333578625480087
rotated-ellipsoid-8	9	0	1.5139437290415807e-9	1.5139437290415807e-9	TargetReached	2670	267	2670	0	7.014626	0.000002176425175816185,-0.000008189100207584098,1.1950999060320976e-7,0.0000013677879836376292,-0.0000010733594434457427,0.0000018802376593294921,0.0000014944627186375514,0.0000018901944791765046
rotated-ellipsoid-8	9	1	1.5139437290415807e-9	1.5139437290415807e-9	TargetReached	2670	267	2670	0	6.774584	0.000002176425175816185,-0.000008189100207584098,1.1950999060320976e-7,0.0000013677879836376292,-0.0000010733594434457427,0.0000018802376593294921,0.0000014944627186375514,0.0000018901944791765046
rotated-ellipsoid-8	9	2	1.5139437290415807e-9	1.5139437290415807e-9	TargetReached	2670	267	2670	0	6.609541	0.000002176425175816185,-0.000008189100207584098,1.1950999060320976e-7,0.0000013677879836376292,-0.0000010733594434457427,0.0000018802376593294921,0.0000014944627186375514,0.0000018901944791765046
rotated-ellipsoid-8	10	0	9.603997050703675e-9	9.603997050703675e-9	TargetReached	2560	256	2560	0	6.466542	-3.3954012775535886e-7,-0.000029172250101183027,0.000004688387405104725,0.00000452238833767812,-0.0000013087635984682936,0.000004905063446698462,0.000004719239704417695,0.00000543055104544264
rotated-ellipsoid-8	10	1	9.603997050703675e-9	9.603997050703675e-9	TargetReached	2560	256	2560	0	6.43075	-3.3954012775535886e-7,-0.000029172250101183027,0.000004688387405104725,0.00000452238833767812,-0.0000013087635984682936,0.000004905063446698462,0.000004719239704417695,0.00000543055104544264
rotated-ellipsoid-8	10	2	9.603997050703675e-9	9.603997050703675e-9	TargetReached	2560	256	2560	0	6.310708	-3.3954012775535886e-7,-0.000029172250101183027,0.000004688387405104725,0.00000452238833767812,-0.0000013087635984682936,0.000004905063446698462,0.000004719239704417695,0.00000543055104544264
rotated-ellipsoid-8	11	0	7.661924852829275e-9	7.661924852829275e-9	TargetReached	2860	286	2860	0	7.315375	-0.000020000682192903467,0.00002301763173512821,-0.000013148107181977463,-8.4298611298308e-7,-2.410611795241495e-7,0.0000028355041354812008,0.0000021050822665549046,0.0000020341689671143026
rotated-ellipsoid-8	11	1	7.661924852829275e-9	7.661924852829275e-9	TargetReached	2860	286	2860	0	7.334208	-0.000020000682192903467,0.00002301763173512821,-0.000013148107181977463,-8.4298611298308e-7,-2.410611795241495e-7,0.0000028355041354812008,0.0000021050822665549046,0.0000020341689671143026
rotated-ellipsoid-8	11	2	7.661924852829275e-9	7.661924852829275e-9	TargetReached	2860	286	2860	0	7.197916	-0.000020000682192903467,0.00002301763173512821,-0.000013148107181977463,-8.4298611298308e-7,-2.410611795241495e-7,0.0000028355041354812008,0.0000021050822665549046,0.0000020341689671143026
rotated-ellipsoid-8	12	0	7.763816924647496e-9	7.763816924647496e-9	TargetReached	2630	263	2630	0	6.517542	-0.000024767660125235872,-0.0000061072486967183765,0.000008123491853905217,-0.0000020797376684563547,0.0000017826827029013649,0.0000010961518891201148,3.384156336163764e-7,-8.601821984394537e-7
rotated-ellipsoid-8	12	1	7.763816924647496e-9	7.763816924647496e-9	TargetReached	2630	263	2630	0	6.550958	-0.000024767660125235872,-0.0000061072486967183765,0.000008123491853905217,-0.0000020797376684563547,0.0000017826827029013649,0.0000010961518891201148,3.384156336163764e-7,-8.601821984394537e-7
rotated-ellipsoid-8	12	2	7.763816924647496e-9	7.763816924647496e-9	TargetReached	2630	263	2630	0	6.534333	-0.000024767660125235872,-0.0000061072486967183765,0.000008123491853905217,-0.0000020797376684563547,0.0000017826827029013649,0.0000010961518891201148,3.384156336163764e-7,-8.601821984394537e-7
rotated-ellipsoid-8	13	0	7.389198772535789e-9	7.389198772535789e-9	TargetReached	2760	276	2760	0	6.904834	0.000034267368686096635,-0.000022499583878590377,-0.000007236003474118572,-0.0000013223559390714453,0.0000030237331360300623,0.0000028272882972233006,0.0000048973611246657915,0.0000056173908837231136
rotated-ellipsoid-8	13	1	7.389198772535789e-9	7.389198772535789e-9	TargetReached	2760	276	2760	0	7.020042	0.000034267368686096635,-0.000022499583878590377,-0.000007236003474118572,-0.0000013223559390714453,0.0000030237331360300623,0.0000028272882972233006,0.0000048973611246657915,0.0000056173908837231136
rotated-ellipsoid-8	13	2	7.389198772535789e-9	7.389198772535789e-9	TargetReached	2760	276	2760	0	6.98175	0.000034267368686096635,-0.000022499583878590377,-0.000007236003474118572,-0.0000013223559390714453,0.0000030237331360300623,0.0000028272882972233006,0.0000048973611246657915,0.0000056173908837231136
rotated-ellipsoid-8	14	0	7.589498395190856e-9	7.589498395190856e-9	TargetReached	2880	288	2880	0	7.202709	-0.000004729499922579919,-0.000019104866662896015,0.000013003673686410237,0.000001881676476244576,6.073284741608904e-7,-0.0000017451181951743622,5.594065042966004e-8,-0.000001124895109007082
rotated-ellipsoid-8	14	1	7.589498395190856e-9	7.589498395190856e-9	TargetReached	2880	288	2880	0	7.149791	-0.000004729499922579919,-0.000019104866662896015,0.000013003673686410237,0.000001881676476244576,6.073284741608904e-7,-0.0000017451181951743622,5.594065042966004e-8,-0.000001124895109007082
rotated-ellipsoid-8	14	2	7.589498395190856e-9	7.589498395190856e-9	TargetReached	2880	288	2880	0	7.130958	-0.000004729499922579919,-0.000019104866662896015,0.000013003673686410237,0.000001881676476244576,6.073284741608904e-7,-0.0000017451181951743622,5.594065042966004e-8,-0.000001124895109007082
rotated-ellipsoid-8	15	0	4.498573963026621e-9	4.498573963026621e-9	TargetReached	3050	305	3050	0	7.713708	0.000008555446512996447,0.000003602242879346971,-0.000005137733097598128,3.377137073762817e-8,0.0000018632990961302088,-0.0000011578516507223013,1.6149734322234811e-7,9.819729046658378e-7
rotated-ellipsoid-8	15	1	4.498573963026621e-9	4.498573963026621e-9	TargetReached	3050	305	3050	0	7.609417	0.000008555446512996447,0.000003602242879346971,-0.000005137733097598128,3.377137073762817e-8,0.0000018632990961302088,-0.0000011578516507223013,1.6149734322234811e-7,9.819729046658378e-7
rotated-ellipsoid-8	15	2	4.498573963026621e-9	4.498573963026621e-9	TargetReached	3050	305	3050	0	7.570166	0.000008555446512996447,0.000003602242879346971,-0.000005137733097598128,3.377137073762817e-8,0.0000018632990961302088,-0.0000011578516507223013,1.6149734322234811e-7,9.819729046658378e-7
rotated-ellipsoid-8	16	0	8.178943398040555e-9	8.178943398040555e-9	TargetReached	3100	310	3100	0	7.731958	0.00003807009483462609,-0.000018692938691234446,0.000003325389026279911,0.000002278794714492025,-0.000001035874084694153,-0.0000024775101879927216,-0.0000036057090935373466,-0.000004000018901869573
rotated-ellipsoid-8	16	1	8.178943398040555e-9	8.178943398040555e-9	TargetReached	3100	310	3100	0	7.844625	0.00003807009483462609,-0.000018692938691234446,0.000003325389026279911,0.000002278794714492025,-0.000001035874084694153,-0.0000024775101879927216,-0.0000036057090935373466,-0.000004000018901869573
rotated-ellipsoid-8	16	2	8.178943398040555e-9	8.178943398040555e-9	TargetReached	3100	310	3100	0	7.912834	0.00003807009483462609,-0.000018692938691234446,0.000003325389026279911,0.000002278794714492025,-0.000001035874084694153,-0.0000024775101879927216,-0.0000036057090935373466,-0.000004000018901869573
rotated-ellipsoid-8	17	0	6.155901226796987e-9	6.155901226796987e-9	TargetReached	3050	305	3050	0	7.721542	0.000032533067390613484,0.000009374044687816231,5.676872902843794e-7,-0.0000036787693817565474,-0.000002046675788996903,-0.000002583133159626604,-0.0000028778138767949728,-0.0000026537884643636562
rotated-ellipsoid-8	17	1	6.155901226796987e-9	6.155901226796987e-9	TargetReached	3050	305	3050	0	7.638667	0.000032533067390613484,0.000009374044687816231,5.676872902843794e-7,-0.0000036787693817565474,-0.000002046675788996903,-0.000002583133159626604,-0.0000028778138767949728,-0.0000026537884643636562
rotated-ellipsoid-8	17	2	6.155901226796987e-9	6.155901226796987e-9	TargetReached	3050	305	3050	0	7.567167	0.000032533067390613484,0.000009374044687816231,5.676872902843794e-7,-0.0000036787693817565474,-0.000002046675788996903,-0.000002583133159626604,-0.0000028778138767949728,-0.0000026537884643636562
rotated-ellipsoid-8	18	0	6.221820627463703e-9	6.221820627463703e-9	TargetReached	2870	287	2870	0	7.300834	0.000009475611259236681,0.000022408240691363365,-0.000005689267308342627,-0.0000040301128392118195,-0.0000014045387959503778,-0.000002988774336091023,-0.0000010745655178739432,-0.0000021193666844506133
rotated-ellipsoid-8	18	1	6.221820627463703e-9	6.221820627463703e-9	TargetReached	2870	287	2870	0	7.070834	0.000009475611259236681,0.000022408240691363365,-0.000005689267308342627,-0.0000040301128392118195,-0.0000014045387959503778,-0.000002988774336091023,-0.0000010745655178739432,-0.0000021193666844506133
rotated-ellipsoid-8	18	2	6.221820627463703e-9	6.221820627463703e-9	TargetReached	2870	287	2870	0	7.144917	0.000009475611259236681,0.000022408240691363365,-0.000005689267308342627,-0.0000040301128392118195,-0.0000014045387959503778,-0.000002988774336091023,-0.0000010745655178739432,-0.0000021193666844506133
rotated-ellipsoid-8	19	0	9.766033459100075e-9	9.766033459100075e-9	TargetReached	2890	289	2890	0	7.257625	-0.000011080807081978225,0.00001920686174813242,0.000007395844082681639,-0.0000019240867473507803,7.851641653587393e-8,-0.000005035431484140766,-0.0000073480723144682425,-0.00000809884772984286
rotated-ellipsoid-8	19	1	9.766033459100075e-9	9.766033459100075e-9	TargetReached	2890	289	2890	0	7.170416	-0.000011080807081978225,0.00001920686174813242,0.000007395844082681639,-0.0000019240867473507803,7.851641653587393e-8,-0.000005035431484140766,-0.0000073480723144682425,-0.00000809884772984286
rotated-ellipsoid-8	19	2	9.766033459100075e-9	9.766033459100075e-9	TargetReached	2890	289	2890	0	7.085375	-0.000011080807081978225,0.00001920686174813242,0.000007395844082681639,-0.0000019240867473507803,7.851641653587393e-8,-0.000005035431484140766,-0.0000073480723144682425,-0.00000809884772984286
rotated-ellipsoid-8	20	0	9.9785012450731e-9	9.9785012450731e-9	TargetReached	2890	289	2890	0	7.111375	0.000010309001004099723,-0.000029196756918900946,0.000006170161779145148,-8.611226430015494e-7,-1.3462409269029584e-7,0.0000041542172590760636,0.0000038061223669126,0.0000030481063126566078
rotated-ellipsoid-8	20	1	9.9785012450731e-9	9.9785012450731e-9	TargetReached	2890	289	2890	0	7.137959	0.000010309001004099723,-0.000029196756918900946,0.000006170161779145148,-8.611226430015494e-7,-1.3462409269029584e-7,0.0000041542172590760636,0.0000038061223669126,0.0000030481063126566078
rotated-ellipsoid-8	20	2	9.9785012450731e-9	9.9785012450731e-9	TargetReached	2890	289	2890	0	7.103667	0.000010309001004099723,-0.000029196756918900946,0.000006170161779145148,-8.611226430015494e-7,-1.3462409269029584e-7,0.0000041542172590760636,0.0000038061223669126,0.0000030481063126566078
rosenbrock-4	1	0	8.09849267993997e-9	8.09849267993997e-9	TargetReached	1360	170	1360	0	1.768333	1.000018744824631,1.0000346191033367,1.000066389304181,1.0001305367088873
rosenbrock-4	1	1	8.09849267993997e-9	8.09849267993997e-9	TargetReached	1360	170	1360	0	1.757041	1.000018744824631,1.0000346191033367,1.000066389304181,1.0001305367088873
rosenbrock-4	1	2	8.09849267993997e-9	8.09849267993997e-9	TargetReached	1360	170	1360	0	1.742875	1.000018744824631,1.0000346191033367,1.000066389304181,1.0001305367088873
rosenbrock-4	2	0	8.218504086337929e-9	8.218504086337929e-9	TargetReached	1848	231	1848	0	2.417083	1.0000113381833746,1.0000286182589024,1.000056374385512,1.0001105429908812
rosenbrock-4	2	1	8.218504086337929e-9	8.218504086337929e-9	TargetReached	1848	231	1848	0	2.335541	1.0000113381833746,1.0000286182589024,1.000056374385512,1.0001105429908812
rosenbrock-4	2	2	8.218504086337929e-9	8.218504086337929e-9	TargetReached	1848	231	1848	0	2.405	1.0000113381833746,1.0000286182589024,1.000056374385512,1.0001105429908812
rosenbrock-4	3	0	3.7014286104300163	3.7014286104300163	EvaluationLimit	15000	1875	15000	0	28.233083	-0.7756592207819094,0.6130933564852566,0.38206283506811606,0.1459720101391752
rosenbrock-4	3	1	3.7014286104300163	3.7014286104300163	EvaluationLimit	15000	1875	15000	0	19.992875	-0.7756592207819094,0.6130933564852566,0.38206283506811606,0.1459720101391752
rosenbrock-4	3	2	3.7014286104300163	3.7014286104300163	EvaluationLimit	15000	1875	15000	0	19.763041	-0.7756592207819094,0.6130933564852566,0.38206283506811606,0.1459720101391752
rosenbrock-4	4	0	6.822900033650313e-9	6.822900033650313e-9	TargetReached	1448	181	1448	0	1.875917	1.0000000754384182,0.9999932561008521,0.9999875841002807,0.9999709795850876
rosenbrock-4	4	1	6.822900033650313e-9	6.822900033650313e-9	TargetReached	1448	181	1448	0	1.991083	1.0000000754384182,0.9999932561008521,0.9999875841002807,0.9999709795850876
rosenbrock-4	4	2	6.822900033650313e-9	6.822900033650313e-9	TargetReached	1448	181	1448	0	1.850417	1.0000000754384182,0.9999932561008521,0.9999875841002807,0.9999709795850876
rosenbrock-4	5	0	7.1583543733031824e-9	7.1583543733031824e-9	TargetReached	1880	235	1880	0	2.39575	0.9999974047673809,0.9999989092207043,0.9999905575172343,0.9999821564121865
rosenbrock-4	5	1	7.1583543733031824e-9	7.1583543733031824e-9	TargetReached	1880	235	1880	0	2.46275	0.9999974047673809,0.9999989092207043,0.9999905575172343,0.9999821564121865
rosenbrock-4	5	2	7.1583543733031824e-9	7.1583543733031824e-9	TargetReached	1880	235	1880	0	2.429584	0.9999974047673809,0.9999989092207043,0.9999905575172343,0.9999821564121865
rosenbrock-4	6	0	6.332472675238079e-9	6.332472675238079e-9	TargetReached	1432	179	1432	0	1.836834	0.9999938164277469,0.9999918506301854,0.9999787823071212,0.9999615387627937
rosenbrock-4	6	1	6.332472675238079e-9	6.332472675238079e-9	TargetReached	1432	179	1432	0	1.885834	0.9999938164277469,0.9999918506301854,0.9999787823071212,0.9999615387627937
rosenbrock-4	6	2	6.332472675238079e-9	6.332472675238079e-9	TargetReached	1432	179	1432	0	1.819833	0.9999938164277469,0.9999918506301854,0.9999787823071212,0.9999615387627937
rosenbrock-4	7	0	3.7014286104300163	3.7014286104300163	ConditionLimit	10712	1339	10712	0	13.6575	-0.7756592229239506,0.613093359684461,0.3820628398295444,0.14597201407262164
rosenbrock-4	7	1	3.7014286104300163	3.7014286104300163	ConditionLimit	10712	1339	10712	0	27.540916	-0.7756592229239506,0.613093359684461,0.3820628398295444,0.14597201407262164
rosenbrock-4	7	2	3.7014286104300163	3.7014286104300163	ConditionLimit	10712	1339	10712	0	15.258959	-0.7756592229239506,0.613093359684461,0.3820628398295444,0.14597201407262164
rosenbrock-4	8	0	6.598423180599885e-9	6.598423180599885e-9	TargetReached	1688	211	1688	0	2.510834	0.999997511356317,0.9999907340427352,0.9999800701216373,0.9999537575038934
rosenbrock-4	8	1	6.598423180599885e-9	6.598423180599885e-9	TargetReached	1688	211	1688	0	2.6595	0.999997511356317,0.9999907340427352,0.9999800701216373,0.9999537575038934
rosenbrock-4	8	2	6.598423180599885e-9	6.598423180599885e-9	TargetReached	1688	211	1688	0	2.47175	0.999997511356317,0.9999907340427352,0.9999800701216373,0.9999537575038934
rosenbrock-4	9	0	5.534763773518672e-9	5.534763773518672e-9	TargetReached	1696	212	1696	0	2.316291	0.9999884533153279,0.9999802683043545,0.99996134332508,0.9999178686550839
rosenbrock-4	9	1	5.534763773518672e-9	5.534763773518672e-9	TargetReached	1696	212	1696	0	2.286917	0.9999884533153279,0.9999802683043545,0.99996134332508,0.9999178686550839
rosenbrock-4	9	2	5.534763773518672e-9	5.534763773518672e-9	TargetReached	1696	212	1696	0	2.212291	0.9999884533153279,0.9999802683043545,0.99996134332508,0.9999178686550839
rosenbrock-4	10	0	8.268011772162506e-9	8.268011772162506e-9	TargetReached	1472	184	1472	0	1.930542	1.000013018993893,1.0000218532876366,1.00004604592948,1.0000977529331374
rosenbrock-4	10	1	8.268011772162506e-9	8.268011772162506e-9	TargetReached	1472	184	1472	0	1.967583	1.000013018993893,1.0000218532876366,1.00004604592948,1.0000977529331374
rosenbrock-4	10	2	8.268011772162506e-9	8.268011772162506e-9	TargetReached	1472	184	1472	0	1.940083	1.000013018993893,1.0000218532876366,1.00004604592948,1.0000977529331374
rosenbrock-4	11	0	8.066859019160188e-9	8.066859019160188e-9	TargetReached	1712	214	1712	0	2.094625	0.9999960917690714,0.9999869792806122,0.9999740468919552,0.9999548021090882
rosenbrock-4	11	1	8.066859019160188e-9	8.066859019160188e-9	TargetReached	1712	214	1712	0	2.184083	0.9999960917690714,0.9999869792806122,0.9999740468919552,0.9999548021090882
rosenbrock-4	11	2	8.066859019160188e-9	8.066859019160188e-9	TargetReached	1712	214	1712	0	2.188292	0.9999960917690714,0.9999869792806122,0.9999740468919552,0.9999548021090882
rosenbrock-4	12	0	9.376461104135731e-9	9.376461104135731e-9	TargetReached	2600	325	2600	0	3.231708	1.0000108819985802,1.0000225272587988,1.0000441190577596,1.000096399861227
rosenbrock-4	12	1	9.376461104135731e-9	9.376461104135731e-9	TargetReached	2600	325	2600	0	3.267583	1.0000108819985802,1.0000225272587988,1.0000441190577596,1.000096399861227
rosenbrock-4	12	2	9.376461104135731e-9	9.376461104135731e-9	TargetReached	2600	325	2600	0	3.252125	1.0000108819985802,1.0000225272587988,1.0000441190577596,1.000096399861227
rosenbrock-4	13	0	8.750788095536861e-9	8.750788095536861e-9	TargetReached	1344	168	1344	0	1.638667	0.9999988933172508,0.9999949821332663,0.9999874841054734,0.9999834336383899
rosenbrock-4	13	1	8.750788095536861e-9	8.750788095536861e-9	TargetReached	1344	168	1344	0	1.712541	0.9999988933172508,0.9999949821332663,0.9999874841054734,0.9999834336383899
rosenbrock-4	13	2	8.750788095536861e-9	8.750788095536861e-9	TargetReached	1344	168	1344	0	1.726334	0.9999988933172508,0.9999949821332663,0.9999874841054734,0.9999834336383899
rosenbrock-4	14	0	7.599103477767713e-9	7.599103477767713e-9	TargetReached	2080	260	2080	0	2.558375	1.0000011625089307,1.0000020810075267,1.0000126951369432,1.0000241867272055
rosenbrock-4	14	1	7.599103477767713e-9	7.599103477767713e-9	TargetReached	2080	260	2080	0	2.646625	1.0000011625089307,1.0000020810075267,1.0000126951369432,1.0000241867272055
rosenbrock-4	14	2	7.599103477767713e-9	7.599103477767713e-9	TargetReached	2080	260	2080	0	2.634459	1.0000011625089307,1.0000020810075267,1.0000126951369432,1.0000241867272055
rosenbrock-4	15	0	6.327307247131346e-9	6.327307247131346e-9	TargetReached	1464	183	1464	0	1.866625	0.999998849925787,1.0000009332535482,1.0000072778118756,1.000009761473872
rosenbrock-4	15	1	6.327307247131346e-9	6.327307247131346e-9	TargetReached	1464	183	1464	0	1.909334	0.999998849925787,1.0000009332535482,1.0000072778118756,1.000009761473872
rosenbrock-4	15	2	6.327307247131346e-9	6.327307247131346e-9	TargetReached	1464	183	1464	0	1.922625	0.999998849925787,1.0000009332535482,1.0000072778118756,1.000009761473872
rosenbrock-4	16	0	2.8261999240851614e-9	2.8261999240851614e-9	TargetReached	2672	334	2672	0	3.457167	1.000000721746185,1.0000026959058634,1.00000033441357,0.999999650443841
rosenbrock-4	16	1	2.8261999240851614e-9	2.8261999240851614e-9	TargetReached	2672	334	2672	0	3.40575	1.000000721746185,1.0000026959058634,1.00000033441357,0.999999650443841
rosenbrock-4	16	2	2.8261999240851614e-9	2.8261999240851614e-9	TargetReached	2672	334	2672	0	3.42825	1.000000721746185,1.0000026959058634,1.00000033441357,0.999999650443841
rosenbrock-4	17	0	9.25286542197626e-9	9.25286542197626e-9	TargetReached	1504	188	1504	0	1.947374	0.9999908257994733,0.9999792387647982,0.9999592825344447,0.9999265872050889
rosenbrock-4	17	1	9.25286542197626e-9	9.25286542197626e-9	TargetReached	1504	188	1504	0	1.950667	0.9999908257994733,0.9999792387647982,0.9999592825344447,0.9999265872050889
rosenbrock-4	17	2	9.25286542197626e-9	9.25286542197626e-9	TargetReached	1504	188	1504	0	1.852709	0.9999908257994733,0.9999792387647982,0.9999592825344447,0.9999265872050889
rosenbrock-4	18	0	1.1363800003061707e-9	1.1363800003061707e-9	TargetReached	1576	197	1576	0	2.046167	1.0000046389711312,1.0000113157337212,1.0000227921988654,1.0000448813561895
rosenbrock-4	18	1	1.1363800003061707e-9	1.1363800003061707e-9	TargetReached	1576	197	1576	0	2.047917	1.0000046389711312,1.0000113157337212,1.0000227921988654,1.0000448813561895
rosenbrock-4	18	2	1.1363800003061707e-9	1.1363800003061707e-9	TargetReached	1576	197	1576	0	1.943626	1.0000046389711312,1.0000113157337212,1.0000227921988654,1.0000448813561895
rosenbrock-4	19	0	7.577470282220467e-9	7.577470282220467e-9	TargetReached	1584	198	1584	0	2.034835	0.9999962837908649,0.9999891690122066,0.9999732675073869,0.9999410534365502
rosenbrock-4	19	1	7.577470282220467e-9	7.577470282220467e-9	TargetReached	1584	198	1584	0	2.042293	0.9999962837908649,0.9999891690122066,0.9999732675073869,0.9999410534365502
rosenbrock-4	19	2	7.577470282220467e-9	7.577470282220467e-9	TargetReached	1584	198	1584	0	1.948166	0.9999962837908649,0.9999891690122066,0.9999732675073869,0.9999410534365502
rosenbrock-4	20	0	4.151475076205195e-9	4.151475076205195e-9	TargetReached	1464	183	1464	0	1.895083	1.0000032162604113,1.000002802794962,1.0000107059524752,1.0000224110059195
rosenbrock-4	20	1	4.151475076205195e-9	4.151475076205195e-9	TargetReached	1464	183	1464	0	1.794832	1.0000032162604113,1.000002802794962,1.0000107059524752,1.0000224110059195
rosenbrock-4	20	2	4.151475076205195e-9	4.151475076205195e-9	TargetReached	1464	183	1464	0	1.887167	1.0000032162604113,1.000002802794962,1.0000107059524752,1.0000224110059195
nonsmooth-8	1	0	8.33802886433064e-9	8.33802886433064e-9	TargetReached	3410	341	3410	0	7.287542	1.29972511420593e-9,1.0491652930044628e-9,-8.464000879475903e-10,-3.2178542144124264e-11,-9.947463643372697e-12,2.4925881439850685e-10,-1.470646982609948e-11,7.797790478823938e-11
nonsmooth-8	1	1	8.33802886433064e-9	8.33802886433064e-9	TargetReached	3410	341	3410	0	7.244667	1.29972511420593e-9,1.0491652930044628e-9,-8.464000879475903e-10,-3.2178542144124264e-11,-9.947463643372697e-12,2.4925881439850685e-10,-1.470646982609948e-11,7.797790478823938e-11
nonsmooth-8	1	2	8.33802886433064e-9	8.33802886433064e-9	TargetReached	3410	341	3410	0	7.180541	1.29972511420593e-9,1.0491652930044628e-9,-8.464000879475903e-10,-3.2178542144124264e-11,-9.947463643372697e-12,2.4925881439850685e-10,-1.470646982609948e-11,7.797790478823938e-11
nonsmooth-8	2	0	9.982901095599717e-9	9.982901095599717e-9	TargetReached	3160	316	3160	0	6.807458	-2.9845782624727594e-9,-1.5800012527278908e-10,-2.6455532922258345e-10,2.9632602080712717e-10,8.205697156089812e-11,-1.648490680957193e-10,3.751542701643042e-10,8.473666926952302e-11
nonsmooth-8	2	1	9.982901095599717e-9	9.982901095599717e-9	TargetReached	3160	316	3160	0	6.674042	-2.9845782624727594e-9,-1.5800012527278908e-10,-2.6455532922258345e-10,2.9632602080712717e-10,8.205697156089812e-11,-1.648490680957193e-10,3.751542701643042e-10,8.473666926952302e-11
nonsmooth-8	2	2	9.982901095599717e-9	9.982901095599717e-9	TargetReached	3160	316	3160	0	6.783292	-2.9845782624727594e-9,-1.5800012527278908e-10,-2.6455532922258345e-10,2.9632602080712717e-10,8.205697156089812e-11,-1.648490680957193e-10,3.751542701643042e-10,8.473666926952302e-11
nonsmooth-8	3	0	9.794128053526893e-9	9.794128053526893e-9	TargetReached	3560	356	3560	0	7.63475	-1.4007558253989463e-10,6.377011328881051e-11,9.603869660891742e-10,-6.087457781677617e-10,6.648715759429642e-11,-2.601756411244564e-10,-2.5555706918407175e-10,-6.599738930801062e-11
nonsmooth-8	3	1	9.794128053526893e-9	9.794128053526893e-9	TargetReached	3560	356	3560	0	7.535458	-1.4007558253989463e-10,6.377011328881051e-11,9.603869660891742e-10,-6.087457781677617e-10,6.648715759429642e-11,-2.601756411244564e-10,-2.5555706918407175e-10,-6.599738930801062e-11
nonsmooth-8	3	2	9.794128053526893e-9	9.794128053526893e-9	TargetReached	3560	356	3560	0	7.65875	-1.4007558253989463e-10,6.377011328881051e-11,9.603869660891742e-10,-6.087457781677617e-10,6.648715759429642e-11,-2.601756411244564e-10,-2.5555706918407175e-10,-6.599738930801062e-11
nonsmooth-8	4	0	7.113793558193156e-9	7.113793558193156e-9	TargetReached	3760	376	3760	0	8.113208	-3.268600678627406e-10,1.2248941649435657e-9,4.867760965421326e-11,-2.434315427260333e-10,-2.344150641515705e-10,-8.226719185318708e-11,-1.6513737601124205e-12,1.9251850904734354e-10
nonsmooth-8	4	1	7.113793558193156e-9	7.113793558193156e-9	TargetReached	3760	376	3760	0	8.269375	-3.268600678627406e-10,1.2248941649435657e-9,4.867760965421326e-11,-2.434315427260333e-10,-2.344150641515705e-10,-8.226719185318708e-11,-1.6513737601124205e-12,1.9251850904734354e-10
nonsmooth-8	4	2	7.113793558193156e-9	7.113793558193156e-9	TargetReached	3760	376	3760	0	8.324417	-3.268600678627406e-10,1.2248941649435657e-9,4.867760965421326e-11,-2.434315427260333e-10,-2.344150641515705e-10,-8.226719185318708e-11,-1.6513737601124205e-12,1.9251850904734354e-10
nonsmooth-8	5	0	9.664617552667233e-9	9.664617552667233e-9	TargetReached	2870	287	2870	0	6.151166	1.073685454771154e-9,5.779953033333857e-10,8.314681493658768e-10,-4.826236014830733e-10,-3.7618665089918626e-10,1.857491331886655e-11,5.8185855774783606e-11,7.629486404584612e-11
nonsmooth-8	5	1	9.664617552667233e-9	9.664617552667233e-9	TargetReached	2870	287	2870	0	6.200709	1.073685454771154e-9,5.779953033333857e-10,8.314681493658768e-10,-4.826236014830733e-10,-3.7618665089918626e-10,1.857491331886655e-11,5.8185855774783606e-11,7.629486404584612e-11
nonsmooth-8	5	2	9.664617552667233e-9	9.664617552667233e-9	TargetReached	2870	287	2870	0	6.12325	1.073685454771154e-9,5.779953033333857e-10,8.314681493658768e-10,-4.826236014830733e-10,-3.7618665089918626e-10,1.857491331886655e-11,5.8185855774783606e-11,7.629486404584612e-11
nonsmooth-8	6	0	9.819926835485707e-9	9.819926835485707e-9	TargetReached	2850	285	2850	0	6.315875	-9.036954382751579e-10,-8.787086933042213e-10,5.934156057875909e-10,2.998307806120774e-10,-3.7437717190155274e-11,2.5929200964169183e-10,-7.680594560374346e-12,2.978174081334345e-10
nonsmooth-8	6	1	9.819926835485707e-9	9.819926835485707e-9	TargetReached	2850	285	2850	0	6.155042	-9.036954382751579e-10,-8.787086933042213e-10,5.934156057875909e-10,2.998307806120774e-10,-3.7437717190155274e-11,2.5929200964169183e-10,-7.680594560374346e-12,2.978174081334345e-10
nonsmooth-8	6	2	9.819926835485707e-9	9.819926835485707e-9	TargetReached	2850	285	2850	0	6.056	-9.036954382751579e-10,-8.787086933042213e-10,5.934156057875909e-10,2.998307806120774e-10,-3.7437717190155274e-11,2.5929200964169183e-10,-7.680594560374346e-12,2.978174081334345e-10
nonsmooth-8	7	0	5.484195893047388e-9	5.484195893047388e-9	TargetReached	3390	339	3390	0	7.31725	-4.3818246282898037e-10,-4.021457091750158e-10,-2.634606580237287e-10,-7.309522929059829e-11,1.1491518414239998e-10,1.6145979991808587e-10,1.3532189395039814e-10,-8.354639284518683e-11
nonsmooth-8	7	1	5.484195893047388e-9	5.484195893047388e-9	TargetReached	3390	339	3390	0	7.354583	-4.3818246282898037e-10,-4.021457091750158e-10,-2.634606580237287e-10,-7.309522929059829e-11,1.1491518414239998e-10,1.6145979991808587e-10,1.3532189395039814e-10,-8.354639284518683e-11
nonsmooth-8	7	2	5.484195893047388e-9	5.484195893047388e-9	TargetReached	3390	339	3390	0	7.251209	-4.3818246282898037e-10,-4.021457091750158e-10,-2.634606580237287e-10,-7.309522929059829e-11,1.1491518414239998e-10,1.6145979991808587e-10,1.3532189395039814e-10,-8.354639284518683e-11
nonsmooth-8	8	0	9.26894306386806e-9	9.26894306386806e-9	TargetReached	2820	282	2820	0	6.155791	1.3281402512604719e-9,4.604549811139718e-10,1.718779622153732e-10,5.714369230099318e-10,-2.460156608528474e-10,-1.705766507137663e-10,-9.846708231182556e-11,-1.5946293587052302e-10
nonsmooth-8	8	1	9.26894306386806e-9	9.26894306386806e-9	TargetReached	2820	282	2820	0	6.021916	1.3281402512604719e-9,4.604549811139718e-10,1.718779622153732e-10,5.714369230099318e-10,-2.460156608528474e-10,-1.705766507137663e-10,-9.846708231182556e-11,-1.5946293587052302e-10
nonsmooth-8	8	2	9.26894306386806e-9	9.26894306386806e-9	TargetReached	2820	282	2820	0	6.10875	1.3281402512604719e-9,4.604549811139718e-10,1.718779622153732e-10,5.714369230099318e-10,-2.460156608528474e-10,-1.705766507137663e-10,-9.846708231182556e-11,-1.5946293587052302e-10
nonsmooth-8	9	0	8.85511510140184e-9	8.85511510140184e-9	TargetReached	3280	328	3280	0	7.003292	-2.5329132776106423e-10,8.072717381130434e-10,-5.551942432384727e-10,3.437252023067799e-11,-1.3825371908828943e-10,9.383079036416459e-11,-4.0084174493718877e-10,1.405077418237254e-10
nonsmooth-8	9	1	8.85511510140184e-9	8.85511510140184e-9	TargetReached	3280	328	3280	0	7.116042	-2.5329132776106423e-10,8.072717381130434e-10,-5.551942432384727e-10,3.437252023067799e-11,-1.3825371908828943e-10,9.383079036416459e-11,-4.0084174493718877e-10,1.405077418237254e-10
nonsmooth-8	9	2	8.85511510140184e-9	8.85511510140184e-9	TargetReached	3280	328	3280	0	7.076959	-2.5329132776106423e-10,8.072717381130434e-10,-5.551942432384727e-10,3.437252023067799e-11,-1.3825371908828943e-10,9.383079036416459e-11,-4.0084174493718877e-10,1.405077418237254e-10
nonsmooth-8	10	0	9.348831383577036e-9	9.348831383577036e-9	TargetReached	2770	277	2770	0	5.954458	1.4303440990106305e-9,4.857730627687183e-10,-2.2641923347325117e-11,1.234124676267745e-10,6.238247610958019e-10,6.949866970217976e-12,1.8116926034087034e-10,-2.445447110991856e-10
nonsmooth-8	10	1	9.348831383577036e-9	9.348831383577036e-9	TargetReached	2770	277	2770	0	5.978375	1.4303440990106305e-9,4.857730627687183e-10,-2.2641923347325117e-11,1.234124676267745e-10,6.238247610958019e-10,6.949866970217976e-12,1.8116926034087034e-10,-2.445447110991856e-10
nonsmooth-8	10	2	9.348831383577036e-9	9.348831383577036e-9	TargetReached	2770	277	2770	0	6.0765	1.4303440990106305e-9,4.857730627687183e-10,-2.2641923347325117e-11,1.234124676267745e-10,6.238247610958019e-10,6.949866970217976e-12,1.8116926034087034e-10,-2.445447110991856e-10
nonsmooth-8	11	0	8.55123140040333e-9	8.55123140040333e-9	TargetReached	3760	376	3760	0	8.548375	-8.958719062809475e-10,1.345337619938028e-10,1.9550310371488504e-11,3.701279673411426e-10,-2.5643588692198204e-10,5.598028593442092e-10,-1.2059442387760176e-10,-4.524645147967038e-11
nonsmooth-8	11	1	8.55123140040333e-9	8.55123140040333e-9	TargetReached	3760	376	3760	0	9.50325	-8.958719062809475e-10,1.345337619938028e-10,1.9550310371488504e-11,3.701279673411426e-10,-2.5643588692198204e-10,5.598028593442092e-10,-1.2059442387760176e-10,-4.524645147967038e-11
nonsmooth-8	11	2	8.55123140040333e-9	8.55123140040333e-9	TargetReached	3760	376	3760	0	9.139625	-8.958719062809475e-10,1.345337619938028e-10,1.9550310371488504e-11,3.701279673411426e-10,-2.5643588692198204e-10,5.598028593442092e-10,-1.2059442387760176e-10,-4.524645147967038e-11
nonsmooth-8	12	0	7.146503195879138e-9	7.146503195879138e-9	TargetReached	2800	280	2800	0	7.19175	1.0837423605339844e-9,-1.486145251488979e-10,4.4801681759140977e-10,7.047439550477702e-10,-1.6166025197081604e-10,1.2605849065013705e-12,9.58992150240247e-11,1.4418279702598432e-11
nonsmooth-8	12	1	7.146503195879138e-9	7.146503195879138e-9	TargetReached	2800	280	2800	0	6.418625	1.0837423605339844e-9,-1.486145251488979e-10,4.4801681759140977e-10,7.047439550477702e-10,-1.6166025197081604e-10,1.2605849065013705e-12,9.58992150240247e-11,1.4418279702598432e-11
nonsmooth-8	12	2	7.146503195879138e-9	7.146503195879138e-9	TargetReached	2800	280	2800	0	6.517875	1.0837423605339844e-9,-1.486145251488979e-10,4.4801681759140977e-10,7.047439550477702e-10,-1.6166025197081604e-10,1.2605849065013705e-12,9.58992150240247e-11,1.4418279702598432e-11
nonsmooth-8	13	0	8.54719754432676e-9	8.54719754432676e-9	TargetReached	3130	313	3130	0	6.951416	-2.30805495689804e-9,1.6137700142605459e-9,1.9116324355012808e-10,1.435479727170703e-10,7.85994775798985e-11,1.4059539408718538e-10,-8.519040352396055e-12,7.096473781244826e-11
nonsmooth-8	13	1	8.54719754432676e-9	8.54719754432676e-9	TargetReached	3130	313	3130	0	7.103375	-2.30805495689804e-9,1.6137700142605459e-9,1.9116324355012808e-10,1.435479727170703e-10,7.85994775798985e-11,1.4059539408718538e-10,-8.519040352396055e-12,7.096473781244826e-11
nonsmooth-8	13	2	8.54719754432676e-9	8.54719754432676e-9	TargetReached	3130	313	3130	0	7.524583	-2.30805495689804e-9,1.6137700142605459e-9,1.9116324355012808e-10,1.435479727170703e-10,7.85994775798985e-11,1.4059539408718538e-10,-8.519040352396055e-12,7.096473781244826e-11
nonsmooth-8	14	0	9.60242079832371e-9	9.60242079832371e-9	TargetReached	3670	367	3670	0	9.255375	2.5079626136920987e-9,6.304353031957865e-10,2.087734895012305e-10,4.421803702687873e-10,5.141621387898929e-10,-9.17172846372866e-11,-7.004391955910967e-12,3.35500603995796e-11
nonsmooth-8	14	1	9.60242079832371e-9	9.60242079832371e-9	TargetReached	3670	367	3670	0	8.336541	2.5079626136920987e-9,6.304353031957865e-10,2.087734895012305e-10,4.421803702687873e-10,5.141621387898929e-10,-9.17172846372866e-11,-7.004391955910967e-12,3.35500603995796e-11
nonsmooth-8	14	2	9.60242079832371e-9	9.60242079832371e-9	TargetReached	3670	367	3670	0	9.079875	2.5079626136920987e-9,6.304353031957865e-10,2.087734895012305e-10,4.421803702687873e-10,5.141621387898929e-10,-9.17172846372866e-11,-7.004391955910967e-12,3.35500603995796e-11
nonsmooth-8	15	0	6.024647871697873e-9	6.024647871697873e-9	TargetReached	3020	302	3020	0	6.831458	5.50907667944924e-10,1.4293851380894318e-10,-3.3755046059917915e-10,-3.024885379411923e-10,-5.74773674791399e-11,-1.1063684546123221e-10,5.7198691568374275e-12,-2.467513310389752e-10
nonsmooth-8	15	1	6.024647871697873e-9	6.024647871697873e-9	TargetReached	3020	302	3020	0	7.497917	5.50907667944924e-10,1.4293851380894318e-10,-3.3755046059917915e-10,-3.024885379411923e-10,-5.74773674791399e-11,-1.1063684546123221e-10,5.7198691568374275e-12,-2.467513310389752e-10
nonsmooth-8	15	2	6.024647871697873e-9	6.024647871697873e-9	TargetReached	3020	302	3020	0	7.114125	5.50907667944924e-10,1.4293851380894318e-10,-3.3755046059917915e-10,-3.024885379411923e-10,-5.74773674791399e-11,-1.1063684546123221e-10,5.7198691568374275e-12,-2.467513310389752e-10
nonsmooth-8	16	0	7.029920339570922e-9	7.029920339570922e-9	TargetReached	2850	285	2850	0	6.8455	-7.533624166415452e-10,-5.025561845689415e-10,-1.1570528741829198e-10,-3.369982453323123e-10,-5.189330508526464e-11,-4.3801568324121553e-11,-3.5827658433279763e-10,-6.826558556334163e-11
nonsmooth-8	16	1	7.029920339570922e-9	7.029920339570922e-9	TargetReached	2850	285	2850	0	6.547875	-7.533624166415452e-10,-5.025561845689415e-10,-1.1570528741829198e-10,-3.369982453323123e-10,-5.189330508526464e-11,-4.3801568324121553e-11,-3.5827658433279763e-10,-6.826558556334163e-11
nonsmooth-8	16	2	7.029920339570922e-9	7.029920339570922e-9	TargetReached	2850	285	2850	0	7.026	-7.533624166415452e-10,-5.025561845689415e-10,-1.1570528741829198e-10,-3.369982453323123e-10,-5.189330508526464e-11,-4.3801568324121553e-11,-3.5827658433279763e-10,-6.826558556334163e-11
nonsmooth-8	17	0	8.854791113420423e-9	8.854791113420423e-9	TargetReached	3180	318	3180	0	7.395083	-9.383907083076387e-10,-3.214418349138696e-10,2.2636686507152787e-10,-8.571223362062741e-10,-1.4667223221402406e-11,-1.3815160131283218e-10,2.637790724200596e-10,-5.215344554011783e-11
nonsmooth-8	17	1	8.854791113420423e-9	8.854791113420423e-9	TargetReached	3180	318	3180	0	7.371042	-9.383907083076387e-10,-3.214418349138696e-10,2.2636686507152787e-10,-8.571223362062741e-10,-1.4667223221402406e-11,-1.3815160131283218e-10,2.637790724200596e-10,-5.215344554011783e-11
nonsmooth-8	17	2	8.854791113420423e-9	8.854791113420423e-9	TargetReached	3180	318	3180	0	7.846375	-9.383907083076387e-10,-3.214418349138696e-10,2.2636686507152787e-10,-8.571223362062741e-10,-1.4667223221402406e-11,-1.3815160131283218e-10,2.637790724200596e-10,-5.215344554011783e-11
nonsmooth-8	18	0	8.858604731976794e-9	8.858604731976794e-9	TargetReached	3000	300	3000	0	7.090583	-2.2395329720559754e-9,3.717998115826581e-10,-3.166567084199309e-10,-1.010870678924477e-10,-3.3976146530952735e-10,-9.868241512121927e-11,-2.170199963451559e-10,-8.888899352935936e-11
nonsmooth-8	18	1	8.858604731976794e-9	8.858604731976794e-9	TargetReached	3000	300	3000	0	7.35	-2.2395329720559754e-9,3.717998115826581e-10,-3.166567084199309e-10,-1.010870678924477e-10,-3.3976146530952735e-10,-9.868241512121927e-11,-2.170199963451559e-10,-8.888899352935936e-11
nonsmooth-8	18	2	8.858604731976794e-9	8.858604731976794e-9	TargetReached	3000	300	3000	0	7.164208	-2.2395329720559754e-9,3.717998115826581e-10,-3.166567084199309e-10,-1.010870678924477e-10,-3.3976146530952735e-10,-9.868241512121927e-11,-2.170199963451559e-10,-8.888899352935936e-11
nonsmooth-8	19	0	9.354864241432775e-9	9.354864241432775e-9	TargetReached	3090	309	3090	0	7.280833	-9.943568297002293e-10,-1.0075636606550558e-10,-4.711387556535796e-10,1.0456067819470605e-10,2.6602942869608925e-10,-2.421859237533733e-10,-3.792176788966959e-10,-1.1119365769805176e-10
nonsmooth-8	19	1	9.354864241432775e-9	9.354864241432775e-9	TargetReached	3090	309	3090	0	7.490416	-9.943568297002293e-10,-1.0075636606550558e-10,-4.711387556535796e-10,1.0456067819470605e-10,2.6602942869608925e-10,-2.421859237533733e-10,-3.792176788966959e-10,-1.1119365769805176e-10
nonsmooth-8	19	2	9.354864241432775e-9	9.354864241432775e-9	TargetReached	3090	309	3090	0	7.592667	-9.943568297002293e-10,-1.0075636606550558e-10,-4.711387556535796e-10,1.0456067819470605e-10,2.6602942869608925e-10,-2.421859237533733e-10,-3.792176788966959e-10,-1.1119365769805176e-10
nonsmooth-8	20	0	9.534314803763866e-9	9.534314803763866e-9	TargetReached	4270	427	4270	0	9.964709	2.0636144937100176e-9,4.448386269190961e-10,1.526522112322305e-10,1.3923447243533775e-10,2.6824780650801656e-10,-2.0029489015733395e-10,-1.470501841511044e-10,-2.492211087794747e-10
nonsmooth-8	20	1	9.534314803763866e-9	9.534314803763866e-9	TargetReached	4270	427	4270	0	11.421166	2.0636144937100176e-9,4.448386269190961e-10,1.526522112322305e-10,1.3923447243533775e-10,2.6824780650801656e-10,-2.0029489015733395e-10,-1.470501841511044e-10,-2.492211087794747e-10
nonsmooth-8	20	2	9.534314803763866e-9	9.534314803763866e-9	TargetReached	4270	427	4270	0	10.071167	2.0636144937100176e-9,4.448386269190961e-10,1.526522112322305e-10,1.3923447243533775e-10,2.6824780650801656e-10,-2.0029489015733395e-10,-1.470501841511044e-10,-2.492211087794747e-10
rastrigin-4	1	0	1.9899181141865818	1.9899181141865818	EvaluationLimit	15000	1875	15000	0	22.12075	0.9949586372341955,5.523984026054762e-10,-1.4671315679797444e-11,0.9949586372454879
rastrigin-4	1	1	1.9899181141865818	1.9899181141865818	EvaluationLimit	15000	1875	15000	0	22.078959	0.9949586372341955,5.523984026054762e-10,-1.4671315679797444e-11,0.9949586372454879
rastrigin-4	1	2	1.9899181141865818	1.9899181141865818	EvaluationLimit	15000	1875	15000	0	22.32875	0.9949586372341955,5.523984026054762e-10,-1.4671315679797444e-11,0.9949586372454879
rastrigin-4	2	0	4.974790247647378	4.974790247647378	EvaluationLimit	15000	1875	15000	0	20.079833	1.9899122343626978,1.4771260300418724e-9,3.0665752248875503e-10,0.9949586380459056
rastrigin-4	2	1	4.974790247647378	4.974790247647378	EvaluationLimit	15000	1875	15000	0	19.8835	1.9899122343626978,1.4771260300418724e-9,3.0665752248875503e-10,0.9949586380459056
rastrigin-4	2	2	4.974790247647378	4.974790247647378	EvaluationLimit	15000	1875	15000	0	19.859916	1.9899122343626978,1.4771260300418724e-9,3.0665752248875503e-10,0.9949586380459056
rastrigin-4	3	0	0.9949590570932908	0.9949590570932908	EvaluationLimit	15000	1875	15000	0	19.39775	0.9949586374963161,2.5126758750993615e-10,-5.069667624258614e-10,-9.772528224556693e-10
rastrigin-4	3	1	0.9949590570932908	0.9949590570932908	EvaluationLimit	15000	1875	15000	0	19.662459	0.9949586374963161,2.5126758750993615e-10,-5.069667624258614e-10,-9.772528224556693e-10
rastrigin-4	3	2	0.9949590570932908	0.9949590570932908	EvaluationLimit	15000	1875	15000	0	19.558208	0.9949586374963161,2.5126758750993615e-10,-5.069667624258614e-10,-9.772528224556693e-10
rastrigin-4	4	0	13.929391489134385	13.929391489134385	EvaluationLimit	15000	1875	15000	0	19.9025	-0.9949586371442721,1.989912233147599,-6.997840510953944e-10,2.984855700860019
rastrigin-4	4	1	13.929391489134385	13.929391489134385	EvaluationLimit	15000	1875	15000	0	19.994292	-0.9949586371442721,1.989912233147599,-6.997840510953944e-10,2.984855700860019
rastrigin-4	4	2	13.929391489134385	13.929391489134385	EvaluationLimit	15000	1875	15000	0	19.854083	-0.9949586371442721,1.989912233147599,-6.997840510953944e-10,2.984855700860019
rastrigin-4	5	0	7.959662381108173	7.959662381108173	EvaluationLimit	15000	1875	15000	0	19.690959	-3.7235175740889715e-10,-6.201804901265213e-10,1.9899122327660683,1.9899122341730295
rastrigin-4	5	1	7.959662381108173	7.959662381108173	EvaluationLimit	15000	1875	15000	0	19.763375	-3.7235175740889715e-10,-6.201804901265213e-10,1.9899122327660683,1.9899122341730295
rastrigin-4	5	2	7.959662381108173	7.959662381108173	EvaluationLimit	15000	1875	15000	0	19.945875	-3.7235175740889715e-10,-6.201804901265213e-10,1.9899122327660683,1.9899122341730295
rastrigin-4	6	0	6.964708361833959	6.964708361833959	EvaluationLimit	15000	1875	15000	0	20.118625	-1.9899122336144504,-0.9949586382519258,0.994958637391889,0.9949586375522514
rastrigin-4	6	1	6.964708361833959	6.964708361833959	EvaluationLimit	15000	1875	15000	0	20.047167	-1.9899122336144504,-0.9949586382519258,0.994958637391889,0.9949586375522514
rastrigin-4	6	2	6.964708361833959	6.964708361833959	EvaluationLimit	15000	1875	15000	0	20.08025	-1.9899122336144504,-0.9949586382519258,0.994958637391889,0.9949586375522514
rastrigin-4	7	0	2.9848771712798725	2.9848771712798725	EvaluationLimit	15000	1875	15000	0	19.987	-0.9949586379145628,-0.9949586379126432,0.9949586373489655,-5.67773637975832e-10
rastrigin-4	7	1	2.9848771712798725	2.9848771712798725	EvaluationLimit	15000	1875	15000	0	20.067458	-0.9949586379145628,-0.9949586379126432,0.9949586373489655,-5.67773637975832e-10
rastrigin-4	7	2	2.9848771712798725	2.9848771712798725	EvaluationLimit	15000	1875	15000	0	19.817793	-0.9949586379145628,-0.9949586379126432,0.9949586373489655,-5.67773637975832e-10
rastrigin-4	8	0	0.9949590570932908	0.9949590570932908	ConditionLimit	14184	1773	14184	0	18.275085	-1.6355960385428187e-9,-3.8529081041560853e-10,-0.9949586376578056,-2.984821717742686e-10
rastrigin-4	8	1	0.9949590570932908	0.9949590570932908	ConditionLimit	14184	1773	14184	0	18.409333	-1.6355960385428187e-9,-3.8529081041560853e-10,-0.9949586376578056,-2.984821717742686e-10
rastrigin-4	8	2	0.9949590570932908	0.9949590570932908	ConditionLimit	14184	1773	14184	0	18.43579	-1.6355960385428187e-9,-3.8529081041560853e-10,-0.9949586376578056,-2.984821717742686e-10
rastrigin-4	9	0	5.151126895563821e-9	5.151126895563821e-9	TargetReached	1560	195	1560	0	2.174417	0.000004268305714760634,-1.9969342058088437e-7,3.443039340694604e-7,0.0000027545458104608016
rastrigin-4	9	1	5.151126895563821e-9	5.151126895563821e-9	TargetReached	1560	195	1560	0	2.133792	0.000004268305714760634,-1.9969342058088437e-7,3.443039340694604e-7,0.0000027545458104608016
rastrigin-4	9	2	5.151126895563821e-9	5.151126895563821e-9	TargetReached	1560	195	1560	0	2.052584	0.000004268305714760634,-1.9969342058088437e-7,3.443039340694604e-7,0.0000027545458104608016
rastrigin-4	10	0	2.984877171279873	2.984877171279873	NoRepresentableStep	14336	1792	14344	0	18.995792	1.067960689059118e-9,0.9949586378874635,0.994958638729953,0.9949586381941292
rastrigin-4	10	1	2.984877171279873	2.984877171279873	NoRepresentableStep	14336	1792	14344	0	18.865417	1.067960689059118e-9,0.9949586378874635,0.994958638729953,0.9949586381941292
rastrigin-4	10	2	2.984877171279873	2.984877171279873	NoRepresentableStep	14336	1792	14344	0	19.058	1.067960689059118e-9,0.9949586378874635,0.994958638729953,0.9949586381941292
rastrigin-4	11	0	5.9697493047406684	5.9697493047406684	EvaluationLimit	15000	1875	15000	0	20.011792	0.9949586375030218,9.640639632283649e-10,0.994958637485045,1.9899122349496348
rastrigin-4	11	1	5.9697493047406684	5.9697493047406684	EvaluationLimit	15000	1875	15000	0	19.973041	0.9949586375030218,9.640639632283649e-10,0.994958637485045,1.9899122349496348
rastrigin-4	11	2	5.9697493047406684	5.9697493047406684	EvaluationLimit	15000	1875	15000	0	20.21775	0.9949586375030218,9.640639632283649e-10,0.994958637485045,1.9899122349496348
rastrigin-4	12	0	9.949580495294756	9.949580495294756	EvaluationLimit	15000	1875	15000	0	19.670875	1.9899122345193994,0.9949586368505814,-1.9899122324249616,0.9949586386043227
rastrigin-4	12	1	9.949580495294756	9.949580495294756	EvaluationLimit	15000	1875	15000	0	19.679667	1.9899122345193994,0.9949586368505814,-1.9899122324249616,0.9949586386043227
rastrigin-4	12	2	9.949580495294756	9.949580495294756	EvaluationLimit	15000	1875	15000	0	19.518167	1.9899122345193994,0.9949586368505814,-1.9899122324249616,0.9949586386043227
rastrigin-4	13	0	8.954621438201464	8.954621438201464	EvaluationLimit	15000	1875	15000	0	19.497292	1.568191760596636e-9,0.9949586385119223,1.989912233926773,1.9899122335013388
rastrigin-4	13	1	8.954621438201464	8.954621438201464	EvaluationLimit	15000	1875	15000	0	19.356125	1.568191760596636e-9,0.9949586385119223,1.989912233926773,1.9899122335013388
rastrigin-4	13	2	8.954621438201464	8.954621438201464	EvaluationLimit	15000	1875	15000	0	19.453958	1.568191760596636e-9,0.9949586385119223,1.989912233926773,1.9899122335013388
rastrigin-4	14	0	5.9697493047406684	5.9697493047406684	EvaluationLimit	15000	1875	15000	0	19.629333	-1.98991223327798,-0.994958637080584,0.9949586371132348,1.5430124950403202e-9
rastrigin-4	14	1	5.9697493047406684	5.9697493047406684	EvaluationLimit	15000	1875	15000	0	19.740459	-1.98991223327798,-0.994958637080584,0.9949586371132348,1.5430124950403202e-9
rastrigin-4	14	2	5.9697493047406684	5.9697493047406684	EvaluationLimit	15000	1875	15000	0	19.624875	-1.98991223327798,-0.994958637080584,0.9949586371132348,1.5430124950403202e-9
rastrigin-4	15	0	5.9697493047406684	5.9697493047406684	EvaluationLimit	15000	1875	15000	0	20.001542	0.9949586380713296,-1.9899122342910225,-6.542669996662433e-11,0.9949586376632025
rastrigin-4	15	1	5.9697493047406684	5.9697493047406684	EvaluationLimit	15000	1875	15000	0	19.829208	0.9949586380713296,-1.9899122342910225,-6.542669996662433e-11,0.9949586376632025
rastrigin-4	15	2	5.9697493047406684	5.9697493047406684	EvaluationLimit	15000	1875	15000	0	19.797458	0.9949586380713296,-1.9899122342910225,-6.542669996662433e-11,0.9949586376632025
rastrigin-4	16	0	4.974790247647378	4.974790247647378	EvaluationLimit	15000	1875	15000	0	19.674209	0.9949586374976735,1.9899122328828878,9.657866867227807e-10,-1.4288324724104857e-9
rastrigin-4	16	1	4.974790247647378	4.974790247647378	EvaluationLimit	15000	1875	15000	0	19.6115	0.9949586374976735,1.9899122328828878,9.657866867227807e-10,-1.4288324724104857e-9
rastrigin-4	16	2	4.974790247647378	4.974790247647378	EvaluationLimit	15000	1875	15000	0	19.499916	0.9949586374976735,1.9899122328828878,9.657866867227807e-10,-1.4288324724104857e-9
rastrigin-4	17	0	5.9697493047406684	5.9697493047406684	EvaluationLimit	15000	1875	15000	0	19.568	0.9949586375878219,0.9949586378606228,-1.9899122339705277,1.1322428707032528e-9
rastrigin-4	17	1	5.9697493047406684	5.9697493047406684	EvaluationLimit	15000	1875	15000	0	19.660416	0.9949586375878219,0.9949586378606228,-1.9899122339705277,1.1322428707032528e-9
rastrigin-4	17	2	5.9697493047406684	5.9697493047406684	EvaluationLimit	15000	1875	15000	0	19.517291	0.9949586375878219,0.9949586378606228,-1.9899122339705277,1.1322428707032528e-9
rastrigin-4	18	0	1.9899181141865816	1.9899181141865816	EvaluationLimit	15000	1875	15000	0	19.831125	-1.86936364994038e-10,0.9949586377201731,8.556695557085928e-10,-0.994958637854928
rastrigin-4	18	1	1.9899181141865816	1.9899181141865816	EvaluationLimit	15000	1875	15000	0	19.888666	-1.86936364994038e-10,0.9949586377201731,8.556695557085928e-10,-0.994958637854928
rastrigin-4	18	2	1.9899181141865816	1.9899181141865816	EvaluationLimit	15000	1875	15000	0	19.591792	-1.86936364994038e-10,0.9949586377201731,8.556695557085928e-10,-0.994958637854928
rastrigin-4	19	0	3.9798362283731636	3.9798362283731636	EvaluationLimit	15000	1875	15000	0	20.151042	0.9949586371624024,-0.9949586370869364,0.9949586378315372,-0.9949586376684809
rastrigin-4	19	1	3.9798362283731636	3.9798362283731636	EvaluationLimit	15000	1875	15000	0	20.030459	0.9949586371624024,-0.9949586370869364,0.9949586378315372,-0.9949586376684809
rastrigin-4	19	2	3.9798362283731636	3.9798362283731636	EvaluationLimit	15000	1875	15000	0	20.016	0.9949586371624024,-0.9949586370869364,0.9949586378315372,-0.9949586376684809
rastrigin-4	20	0	3.939863292909229e-9	3.939863292909229e-9	TargetReached	1336	167	1336	0	1.879708	-0.000003338221200914087,-4.37544321560678e-7,-0.00000287774734890051,-4.923171136772671e-7
rastrigin-4	20	1	3.939863292909229e-9	3.939863292909229e-9	TargetReached	1336	167	1336	0	1.801542	-0.000003338221200914087,-4.37544321560678e-7,-0.00000287774734890051,-4.923171136772671e-7
rastrigin-4	20	2	3.939863292909229e-9	3.939863292909229e-9	TargetReached	1336	167	1336	0	1.861416	-0.000003338221200914087,-4.37544321560678e-7,-0.00000287774734890051,-4.923171136772671e-7
noisy-sphere-8	1	0	8.861745138551261e-10	8.907117836157151e-10	TargetReached	1290	129	1290	0	3.034	-0.000014891047712087155,-0.000004406055066141808,-0.0000058263728304503875,-0.000010062878460702516,-0.00001373650970151801,0.000005153418534952081,-0.000017182282546398386,0.0000019664084650324693
noisy-sphere-8	1	1	8.861745138551261e-10	8.907117836157151e-10	TargetReached	1290	129	1290	0	3.081792	-0.000014891047712087155,-0.000004406055066141808,-0.0000058263728304503875,-0.000010062878460702516,-0.00001373650970151801,0.000005153418534952081,-0.000017182282546398386,0.0000019664084650324693
noisy-sphere-8	1	2	8.861745138551261e-10	8.907117836157151e-10	TargetReached	1290	129	1290	0	3.045208	-0.000014891047712087155,-0.000004406055066141808,-0.0000058263728304503875,-0.000010062878460702516,-0.00001373650970151801,0.000005153418534952081,-0.000017182282546398386,0.0000019664084650324693
noisy-sphere-8	2	0	7.566134655856445e-10	7.598996645758042e-10	TargetReached	1410	141	1410	0	3.361708	0.000011091932722020346,0.000006655552257346122,-0.000012406195593385582,0.000004932893960900128,0.0000012465308050534585,0.0000115324069473353,0.000012743101793294127,0.000010834587805899124
noisy-sphere-8	2	1	7.566134655856445e-10	7.598996645758042e-10	TargetReached	1410	141	1410	0	3.393416	0.000011091932722020346,0.000006655552257346122,-0.000012406195593385582,0.000004932893960900128,0.0000012465308050534585,0.0000115324069473353,0.000012743101793294127,0.000010834587805899124
noisy-sphere-8	2	2	7.566134655856445e-10	7.598996645758042e-10	TargetReached	1410	141	1410	0	3.384666	0.000011091932722020346,0.000006655552257346122,-0.000012406195593385582,0.000004932893960900128,0.0000012465308050534585,0.0000115324069473353,0.000012743101793294127,0.000010834587805899124
noisy-sphere-8	3	0	9.090514771399649e-10	9.303829716103592e-10	TargetReached	1390	139	1390	0	3.223166	-0.0000053332974645036224,0.000014694733073987024,-0.0000015063501902915517,-0.000017857205119319793,0.000004780433635155901,-0.000013541584081437616,0.000012552448065736386,-0.000001031439025204264
noisy-sphere-8	3	1	9.090514771399649e-10	9.303829716103592e-10	TargetReached	1390	139	1390	0	3.290875	-0.0000053332974645036224,0.000014694733073987024,-0.0000015063501902915517,-0.000017857205119319793,0.000004780433635155901,-0.000013541584081437616,0.000012552448065736386,-0.000001031439025204264
noisy-sphere-8	3	2	9.090514771399649e-10	9.303829716103592e-10	TargetReached	1390	139	1390	0	3.28875	-0.0000053332974645036224,0.000014694733073987024,-0.0000015063501902915517,-0.000017857205119319793,0.000004780433635155901,-0.000013541584081437616,0.000012552448065736386,-0.000001031439025204264
noisy-sphere-8	4	0	7.299234424939993e-10	8.189716094213614e-10	TargetReached	1370	137	1370	0	3.185959	0.0000070578251145726195,-0.000013762464465280039,0.00000148897922896314,0.000003983427276633416,-0.000002613731251282732,0.000014210442398531614,-0.0000030123568090799096,-0.000018542545028709942
noisy-sphere-8	4	1	7.299234424939993e-10	8.189716094213614e-10	TargetReached	1370	137	1370	0	3.268875	0.0000070578251145726195,-0.000013762464465280039,0.00000148897922896314,0.000003983427276633416,-0.000002613731251282732,0.000014210442398531614,-0.0000030123568090799096,-0.000018542545028709942
noisy-sphere-8	4	2	7.299234424939993e-10	8.189716094213614e-10	TargetReached	1370	137	1370	0	3.237834	0.0000070578251145726195,-0.000013762464465280039,0.00000148897922896314,0.000003983427276633416,-0.000002613731251282732,0.000014210442398531614,-0.0000030123568090799096,-0.000018542545028709942
noisy-sphere-8	5	0	4.914723014799713e-10	4.899662104761067e-10	TargetReached	1360	136	1360	0	3.143208	-0.00000509983122174278,0.000005862945690329529,-0.000007570940001513093,8.621366027114213e-7,0.000008974359794695553,0.000012981573953782445,0.0000018262868699968971,-0.000010914470578830244
noisy-sphere-8	5	1	4.914723014799713e-10	4.899662104761067e-10	TargetReached	1360	136	1360	0	3.232792	-0.00000509983122174278,0.000005862945690329529,-0.000007570940001513093,8.621366027114213e-7,0.000008974359794695553,0.000012981573953782445,0.0000018262868699968971,-0.000010914470578830244
noisy-sphere-8	5	2	4.914723014799713e-10	4.899662104761067e-10	TargetReached	1360	136	1360	0	3.27025	-0.00000509983122174278,0.000005862945690329529,-0.000007570940001513093,8.621366027114213e-7,0.000008974359794695553,0.000012981573953782445,0.0000018262868699968971,-0.000010914470578830244
noisy-sphere-8	6	0	4.594517026933041e-10	4.688574203934813e-10	TargetReached	1380	138	1380	0	3.234416	0.000004664541987832821,-9.916897786678348e-7,0.000018491096401080992,0.000005717700231809685,0.000002101790439905839,-0.000007543329873584652,0.0000027176987713927363,-0.0000016727350412366174
noisy-sphere-8	6	1	4.594517026933041e-10	4.688574203934813e-10	TargetReached	1380	138	1380	0	3.30425	0.000004664541987832821,-9.916897786678348e-7,0.000018491096401080992,0.000005717700231809685,0.000002101790439905839,-0.000007543329873584652,0.0000027176987713927363,-0.0000016727350412366174
noisy-sphere-8	6	2	4.594517026933041e-10	4.688574203934813e-10	TargetReached	1380	138	1380	0	3.271208	0.000004664541987832821,-9.916897786678348e-7,0.000018491096401080992,0.000005717700231809685,0.000002101790439905839,-0.000007543329873584652,0.0000027176987713927363,-0.0000016727350412366174
noisy-sphere-8	7	0	9.051299062534266e-10	9.407317242012467e-10	TargetReached	1360	136	1360	0	3.265875	-0.000009458288223756985,-0.000011959495484110784,0.0000020805320834574328,8.415005384760583e-7,-0.000003916198613109211,0.000012083479792507701,0.0000120362248683327,0.00001992456861219932
noisy-sphere-8	7	1	9.051299062534266e-10	9.407317242012467e-10	TargetReached	1360	136	1360	0	3.157708	-0.000009458288223756985,-0.000011959495484110784,0.0000020805320834574328,8.415005384760583e-7,-0.000003916198613109211,0.000012083479792507701,0.0000120362248683327,0.00001992456861219932
noisy-sphere-8	7	2	9.051299062534266e-10	9.407317242012467e-10	TargetReached	1360	136	1360	0	3.227708	-0.000009458288223756985,-0.000011959495484110784,0.0000020805320834574328,8.415005384760583e-7,-0.000003916198613109211,0.000012083479792507701,0.0000120362248683327,0.00001992456861219932
noisy-sphere-8	8	0	8.605511356786807e-10	7.827002729292278e-10	TargetReached	1470	147	1470	0	3.5195	-0.0000015807998214621974,0.0000163009067564874,-0.000012695670253331158,0.0000028906435661756346,0.000004826337547373366,0.000017428522996517367,-0.000004224896584718667,-2.2185862416824212e-7
noisy-sphere-8	8	1	8.605511356786807e-10	7.827002729292278e-10	TargetReached	1470	147	1470	0	3.439542	-0.0000015807998214621974,0.0000163009067564874,-0.000012695670253331158,0.0000028906435661756346,0.000004826337547373366,0.000017428522996517367,-0.000004224896584718667,-2.2185862416824212e-7
noisy-sphere-8	8	2	8.605511356786807e-10	7.827002729292278e-10	TargetReached	1470	147	1470	0	3.499209	-0.0000015807998214621974,0.0000163009067564874,-0.000012695670253331158,0.0000028906435661756346,0.000004826337547373366,0.000017428522996517367,-0.000004224896584718667,-2.2185862416824212e-7
noisy-sphere-8	9	0	7.450313855076289e-10	7.532198708802297e-10	TargetReached	1340	134	1340	0	3.276	0.000003248061122361381,3.656746877300068e-7,-0.000013557271585371568,-0.000003094921306864097,0.000015442464796529985,0.000010284079551241467,-0.000010163538507015068,0.000010081099886484331
noisy-sphere-8	9	1	7.450313855076289e-10	7.532198708802297e-10	TargetReached	1340	134	1340	0	3.132917	0.000003248061122361381,3.656746877300068e-7,-0.000013557271585371568,-0.000003094921306864097,0.000015442464796529985,0.000010284079551241467,-0.000010163538507015068,0.000010081099886484331
noisy-sphere-8	9	2	7.450313855076289e-10	7.532198708802297e-10	TargetReached	1340	134	1340	0	3.192167	0.000003248061122361381,3.656746877300068e-7,-0.000013557271585371568,-0.000003094921306864097,0.000015442464796529985,0.000010284079551241467,-0.000010163538507015068,0.000010081099886484331
noisy-sphere-8	10	0	9.529504085325955e-10	9.741305529649925e-10	TargetReached	1330	133	1330	0	3.206834	0.000006114628732888367,0.000012877447357098945,0.00001799052777637789,0.0000014132745423235537,0.000011900686508881453,-0.000007863342920706102,0.00000853670403808858,0.000012997036826879426
noisy-sphere-8	10	1	9.529504085325955e-10	9.741305529649925e-10	TargetReached	1330	133	1330	0	3.09425	0.000006114628732888367,0.000012877447357098945,0.00001799052777637789,0.0000014132745423235537,0.000011900686508881453,-0.000007863342920706102,0.00000853670403808858,0.000012997036826879426
noisy-sphere-8	10	2	9.529504085325955e-10	9.741305529649925e-10	TargetReached	1330	133	1330	0	3.158667	0.000006114628732888367,0.000012877447357098945,0.00001799052777637789,0.0000014132745423235537,0.000011900686508881453,-0.000007863342920706102,0.00000853670403808858,0.000012997036826879426
noisy-sphere-8	11	0	8.994350536839315e-10	1.0458689720071924e-9	TargetReached	1300	130	1300	0	3.146292	0.000013999884755799314,-0.000009874071589113126,0.000010184732678667673,-0.000004923721439128129,0.000010318198420393553,0.000005561686804472255,0.000015952881492820722,0.00001524831432850574
noisy-sphere-8	11	1	8.994350536839315e-10	1.0458689720071924e-9	TargetReached	1300	130	1300	0	3.015542	0.000013999884755799314,-0.000009874071589113126,0.000010184732678667673,-0.000004923721439128129,0.000010318198420393553,0.000005561686804472255,0.000015952881492820722,0.00001524831432850574
noisy-sphere-8	11	2	8.994350536839315e-10	1.0458689720071924e-9	TargetReached	1300	130	1300	0	3.074708	0.000013999884755799314,-0.000009874071589113126,0.000010184732678667673,-0.000004923721439128129,0.000010318198420393553,0.000005561686804472255,0.000015952881492820722,0.00001524831432850574
noisy-sphere-8	12	0	9.32701271292962e-10	1.0229878015501047e-9	TargetReached	1380	138	1380	0	3.295375	0.0000074089714267136016,0.0000093794449948939,0.000005340557201600593,0.00001573989039125915,0.0000012574600452176579,0.000024316215647634324,0.0000026977905425501195,0.0000019281161231985093
noisy-sphere-8	12	1	9.32701271292962e-10	1.0229878015501047e-9	TargetReached	1380	138	1380	0	3.198	0.0000074089714267136016,0.0000093794449948939,0.000005340557201600593,0.00001573989039125915,0.0000012574600452176579,0.000024316215647634324,0.0000026977905425501195,0.0000019281161231985093
noisy-sphere-8	12	2	9.32701271292962e-10	1.0229878015501047e-9	TargetReached	1380	138	1380	0	3.2915	0.0000074089714267136016,0.0000093794449948939,0.000005340557201600593,0.00001573989039125915,0.0000012574600452176579,0.000024316215647634324,0.0000026977905425501195,0.0000019281161231985093
noisy-sphere-8	13	0	9.999733883532292e-10	9.695250392297345e-10	TargetReached	1460	146	1460	0	3.524875	0.000014849294271817058,0.000011019499982409577,0.000015007789021597389,0.0000010739636086830282,-0.0000011000932875547953,0.00001085133045960984,0.000004750028486857019,-0.000016114671614274477
noisy-sphere-8	13	1	9.999733883532292e-10	9.695250392297345e-10	TargetReached	1460	146	1460	0	3.486708	0.000014849294271817058,0.000011019499982409577,0.000015007789021597389,0.0000010739636086830282,-0.0000011000932875547953,0.00001085133045960984,0.000004750028486857019,-0.000016114671614274477
noisy-sphere-8	13	2	9.999733883532292e-10	9.695250392297345e-10	TargetReached	1460	146	1460	0	3.385209	0.000014849294271817058,0.000011019499982409577,0.000015007789021597389,0.0000010739636086830282,-0.0000011000932875547953,0.00001085133045960984,0.000004750028486857019,-0.000016114671614274477
noisy-sphere-8	14	0	8.029359763803257e-10	8.665696947906828e-10	TargetReached	1410	141	1410	0	3.431292	-0.0000016915652485787579,-2.1380108527565034e-7,-0.000015250488031814056,-0.0000208354891639451,0.00000535172217491453,-0.0000036556946951787154,0.000009089482850847901,-0.00000850551965192917
noisy-sphere-8	14	1	8.029359763803257e-10	8.665696947906828e-10	TargetReached	1410	141	1410	0	3.349083	-0.0000016915652485787579,-2.1380108527565034e-7,-0.000015250488031814056,-0.0000208354891639451,0.00000535172217491453,-0.0000036556946951787154,0.000009089482850847901,-0.00000850551965192917
noisy-sphere-8	14	2	8.029359763803257e-10	8.665696947906828e-10	TargetReached	1410	141	1410	0	3.252458	-0.0000016915652485787579,-2.1380108527565034e-7,-0.000015250488031814056,-0.0000208354891639451,0.00000535172217491453,-0.0000036556946951787154,0.000009089482850847901,-0.00000850551965192917
noisy-sphere-8	15	0	4.1006569743047973e-10	4.1430629939856773e-10	TargetReached	1380	138	1380	0	3.310167	-0.000008915156577535217,-0.0000015800539068583694,-0.0000023344277716343524,0.000007217823979097868,0.000007424933951498421,-0.00000375274447680591,0.000004809725971225956,0.000013506923299671367
noisy-sphere-8	15	1	4.1006569743047973e-10	4.1430629939856773e-10	TargetReached	1380	138	1380	0	3.312792	-0.000008915156577535217,-0.0000015800539068583694,-0.0000023344277716343524,0.000007217823979097868,0.000007424933951498421,-0.00000375274447680591,0.000004809725971225956,0.000013506923299671367
noisy-sphere-8	15	2	4.1006569743047973e-10	4.1430629939856773e-10	TargetReached	1380	138	1380	0	3.262625	-0.000008915156577535217,-0.0000015800539068583694,-0.0000023344277716343524,0.000007217823979097868,0.000007424933951498421,-0.00000375274447680591,0.000004809725971225956,0.000013506923299671367
noisy-sphere-8	16	0	6.195723487166523e-10	5.126686597700113e-10	TargetReached	1280	128	1280	0	2.995791	-0.000006514447642256656,0.000009319870634483534,0.000008424051213973644,0.000009214218635293989,0.000005251786066714662,-0.000003461582574526207,0.0000036146050545507078,-0.000013224031103145681
noisy-sphere-8	16	1	6.195723487166523e-10	5.126686597700113e-10	TargetReached	1280	128	1280	0	3.0875	-0.000006514447642256656,0.000009319870634483534,0.000008424051213973644,0.000009214218635293989,0.000005251786066714662,-0.000003461582574526207,0.0000036146050545507078,-0.000013224031103145681
noisy-sphere-8	16	2	6.195723487166523e-10	5.126686597700113e-10	TargetReached	1280	128	1280	0	2.973833	-0.000006514447642256656,0.000009319870634483534,0.000008424051213973644,0.000009214218635293989,0.000005251786066714662,-0.000003461582574526207,0.0000036146050545507078,-0.000013224031103145681
noisy-sphere-8	17	0	6.039922862956299e-10	5.547024261042527e-10	TargetReached	1450	145	1450	0	3.464667	0.000002063521616772135,-0.000010552262592724014,-0.000011641990369494351,0.000014807754270249121,-0.0000030587367245252767,0.000005090623260753326,0.000004110074873298482,0.0000056679362670271855
noisy-sphere-8	17	1	6.039922862956299e-10	5.547024261042527e-10	TargetReached	1450	145	1450	0	3.513833	0.000002063521616772135,-0.000010552262592724014,-0.000011641990369494351,0.000014807754270249121,-0.0000030587367245252767,0.000005090623260753326,0.000004110074873298482,0.0000056679362670271855
noisy-sphere-8	17	2	6.039922862956299e-10	5.547024261042527e-10	TargetReached	1450	145	1450	0	3.457042	0.000002063521616772135,-0.000010552262592724014,-0.000011641990369494351,0.000014807754270249121,-0.0000030587367245252767,0.000005090623260753326,0.000004110074873298482,0.0000056679362670271855
noisy-sphere-8	18	0	9.432566997850065e-10	9.883031031898133e-10	TargetReached	1350	135	1350	0	3.1605	-0.0000011027571102318061,0.000024987453881546974,0.00001548545814122294,0.000007540791962250366,0.000003064254878411882,-1.2935442465112972e-7,0.000007220911107304449,-0.000002122091764052919
noisy-sphere-8	18	1	9.432566997850065e-10	9.883031031898133e-10	TargetReached	1350	135	1350	0	3.237583	-0.0000011027571102318061,0.000024987453881546974,0.00001548545814122294,0.000007540791962250366,0.000003064254878411882,-1.2935442465112972e-7,0.000007220911107304449,-0.000002122091764052919
noisy-sphere-8	18	2	9.432566997850065e-10	9.883031031898133e-10	TargetReached	1350	135	1350	0	3.239958	-0.0000011027571102318061,0.000024987453881546974,0.00001548545814122294,0.000007540791962250366,0.000003064254878411882,-1.2935442465112972e-7,0.000007220911107304449,-0.000002122091764052919
noisy-sphere-8	19	0	7.053924150789258e-10	6.59809829618026e-10	TargetReached	1290	129	1290	0	2.99975	-0.00001801409117181259,0.0000032411618482330603,0.000005607753757168374,0.0000014022638252739098,-0.000004156882241543561,-0.000011896090226113962,-0.000011345912759172287,-0.000001964078341575889
noisy-sphere-8	19	1	7.053924150789258e-10	6.59809829618026e-10	TargetReached	1290	129	1290	0	3.061209	-0.00001801409117181259,0.0000032411618482330603,0.000005607753757168374,0.0000014022638252739098,-0.000004156882241543561,-0.000011896090226113962,-0.000011345912759172287,-0.000001964078341575889
noisy-sphere-8	19	2	7.053924150789258e-10	6.59809829618026e-10	TargetReached	1290	129	1290	0	3.052709	-0.00001801409117181259,0.0000032411618482330603,0.000005607753757168374,0.0000014022638252739098,-0.000004156882241543561,-0.000011896090226113962,-0.000011345912759172287,-0.000001964078341575889
noisy-sphere-8	20	0	8.738508993940983e-10	8.299645009339997e-10	TargetReached	1320	132	1320	0	3.092	0.00001060624906185103,-0.000003362729386586571,-0.0000030243911690220735,-0.000003833191330031993,0.0000014169945177144385,-0.00000845866165547501,0.000023375991314761397,0.000007894930950669773
noisy-sphere-8	20	1	8.738508993940983e-10	8.299645009339997e-10	TargetReached	1320	132	1320	0	3.218459	0.00001060624906185103,-0.000003362729386586571,-0.0000030243911690220735,-0.000003833191330031993,0.0000014169945177144385,-0.00000845866165547501,0.000023375991314761397,0.000007894930950669773
noisy-sphere-8	20	2	8.738508993940983e-10	8.299645009339997e-10	TargetReached	1320	132	1320	0	3.163042	0.00001060624906185103,-0.000003362729386586571,-0.0000030243911690220735,-0.000003833191330031993,0.0000014169945177144385,-0.00000845866165547501,0.000023375991314761397,0.000007894930950669773
box-sphere-8	1	0	5.533862382339633e-9	5.533862382339633e-9	TargetReached	980	98	1125	145	2.244417	0.6999536455185525,-0.6000141794665743,0.7000088835615403,-0.6000173411332694,0.6999923621969081,-0.6000310931984156,0.6999843274634427,-0.599960837732891
box-sphere-8	1	1	5.533862382339633e-9	5.533862382339633e-9	TargetReached	980	98	1125	145	2.3135	0.6999536455185525,-0.6000141794665743,0.7000088835615403,-0.6000173411332694,0.6999923621969081,-0.6000310931984156,0.6999843274634427,-0.599960837732891
box-sphere-8	1	2	5.533862382339633e-9	5.533862382339633e-9	TargetReached	980	98	1125	145	2.232458	0.6999536455185525,-0.6000141794665743,0.7000088835615403,-0.6000173411332694,0.6999923621969081,-0.6000310931984156,0.6999843274634427,-0.599960837732891
box-sphere-8	2	0	9.395020472790786e-9	9.395020472790786e-9	TargetReached	1070	107	1232	162	2.565917	0.6999855367962359,-0.5999911047188748,0.6999762151505939,-0.5999963775814028,0.6999423854271458,-0.5999372508509467,0.7000287761119642,-0.6000210454240575
box-sphere-8	2	1	9.395020472790786e-9	9.395020472790786e-9	TargetReached	1070	107	1232	162	2.531917	0.6999855367962359,-0.5999911047188748,0.6999762151505939,-0.5999963775814028,0.6999423854271458,-0.5999372508509467,0.7000287761119642,-0.6000210454240575
box-sphere-8	2	2	9.395020472790786e-9	9.395020472790786e-9	TargetReached	1070	107	1232	162	2.531792	0.6999855367962359,-0.5999911047188748,0.6999762151505939,-0.5999963775814028,0.6999423854271458,-0.5999372508509467,0.7000287761119642,-0.6000210454240575
box-sphere-8	3	0	9.08925736805093e-9	9.08925736805093e-9	TargetReached	1150	115	1327	177	2.717583	0.7000479778820389,-0.600015084887073,0.7000308581283216,-0.6000427962167113,0.6999594846858009,-0.6000411318215559,0.7000161841054826,-0.6000134478041835
box-sphere-8	3	1	9.08925736805093e-9	9.08925736805093e-9	TargetReached	1150	115	1327	177	2.609666	0.7000479778820389,-0.600015084887073,0.7000308581283216,-0.6000427962167113,0.6999594846858009,-0.6000411318215559,0.7000161841054826,-0.6000134478041835
box-sphere-8	3	2	9.08925736805093e-9	9.08925736805093e-9	TargetReached	1150	115	1327	177	2.685792	0.7000479778820389,-0.600015084887073,0.7000308581283216,-0.6000427962167113,0.6999594846858009,-0.6000411318215559,0.7000161841054826,-0.6000134478041835
box-sphere-8	4	0	8.078574159052506e-9	8.078574159052506e-9	TargetReached	1040	104	1206	166	2.369292	0.7000157573601552,-0.6000321767305492,0.6999718572875745,-0.5999806727781088,0.6999410458764521,-0.5999932792862549,0.6999819223323678,-0.5999577883279305
box-sphere-8	4	1	8.078574159052506e-9	8.078574159052506e-9	TargetReached	1040	104	1206	166	2.469917	0.7000157573601552,-0.6000321767305492,0.6999718572875745,-0.5999806727781088,0.6999410458764521,-0.5999932792862549,0.6999819223323678,-0.5999577883279305
box-sphere-8	4	2	8.078574159052506e-9	8.078574159052506e-9	TargetReached	1040	104	1206	166	2.349583	0.7000157573601552,-0.6000321767305492,0.6999718572875745,-0.5999806727781088,0.6999410458764521,-0.5999932792862549,0.6999819223323678,-0.5999577883279305
box-sphere-8	5	0	8.172554733047652e-9	8.172554733047652e-9	TargetReached	1040	104	1163	123	2.438334	0.7000250569754276,-0.6000211306527309,0.6999454006876281,-0.6000182218761299,0.700009178404162,-0.5999486642516854,0.7000143595038011,-0.5999706865382108
box-sphere-8	5	1	8.172554733047652e-9	8.172554733047652e-9	TargetReached	1040	104	1163	123	2.515875	0.7000250569754276,-0.6000211306527309,0.6999454006876281,-0.6000182218761299,0.700009178404162,-0.5999486642516854,0.7000143595038011,-0.5999706865382108
box-sphere-8	5	2	8.172554733047652e-9	8.172554733047652e-9	TargetReached	1040	104	1163	123	2.380417	0.7000250569754276,-0.6000211306527309,0.6999454006876281,-0.6000182218761299,0.700009178404162,-0.5999486642516854,0.7000143595038011,-0.5999706865382108
box-sphere-8	6	0	7.424981243024e-9	7.424981243024e-9	TargetReached	1060	106	1296	236	2.567709	0.6999973522910483,-0.5999902813124429,0.7000198534895858,-0.6000517575866515,0.700011755039494,-0.5999802316266536,0.6999543754296682,-0.6000404961505769
box-sphere-8	6	1	7.424981243024e-9	7.424981243024e-9	TargetReached	1060	106	1296	236	2.456875	0.6999973522910483,-0.5999902813124429,0.7000198534895858,-0.6000517575866515,0.700011755039494,-0.5999802316266536,0.6999543754296682,-0.6000404961505769
box-sphere-8	6	2	7.424981243024e-9	7.424981243024e-9	TargetReached	1060	106	1296	236	2.561834	0.6999973522910483,-0.5999902813124429,0.7000198534895858,-0.6000517575866515,0.700011755039494,-0.5999802316266536,0.6999543754296682,-0.6000404961505769
box-sphere-8	7	0	2.896342575959894e-9	2.896342575959894e-9	TargetReached	1100	110	1301	201	2.5495	0.6999862142343661,-0.5999871756631014,0.6999754601916202,-0.6000226281084341,0.7000132580578384,-0.6000222184983586,0.7000086748368856,-0.5999738674996147
box-sphere-8	7	1	2.896342575959894e-9	2.896342575959894e-9	TargetReached	1100	110	1301	201	2.617208	0.6999862142343661,-0.5999871756631014,0.6999754601916202,-0.6000226281084341,0.7000132580578384,-0.6000222184983586,0.7000086748368856,-0.5999738674996147
box-sphere-8	7	2	2.896342575959894e-9	2.896342575959894e-9	TargetReached	1100	110	1301	201	2.584125	0.6999862142343661,-0.5999871756631014,0.6999754601916202,-0.6000226281084341,0.7000132580578384,-0.6000222184983586,0.7000086748368856,-0.5999738674996147
box-sphere-8	8	0	8.992154018929618e-9	8.992154018929618e-9	TargetReached	1190	119	1320	130	2.707083	0.6999944548442263,-0.6000076014741815,0.7000235131593073,-0.5999982163377532,0.7000415912659819,-0.5999734012825205,0.7000349991036084,-0.6000684493266153
box-sphere-8	8	1	8.992154018929618e-9	8.992154018929618e-9	TargetReached	1190	119	1320	130	2.777917	0.6999944548442263,-0.6000076014741815,0.7000235131593073,-0.5999982163377532,0.7000415912659819,-0.5999734012825205,0.7000349991036084,-0.6000684493266153
box-sphere-8	8	2	8.992154018929618e-9	8.992154018929618e-9	TargetReached	1190	119	1320	130	2.713458	0.6999944548442263,-0.6000076014741815,0.7000235131593073,-0.5999982163377532,0.7000415912659819,-0.5999734012825205,0.7000349991036084,-0.6000684493266153
box-sphere-8	9	0	7.068250689059163e-9	7.068250689059163e-9	TargetReached	1010	101	1194	184	2.525875	0.6999896298539551,-0.6000301674661103,0.6999902477715512,-0.600009910012765,0.6999361778987111,-0.5999866124961537,0.7000248775783369,-0.6000313996920329
box-sphere-8	9	1	7.068250689059163e-9	7.068250689059163e-9	TargetReached	1010	101	1194	184	2.358792	0.6999896298539551,-0.6000301674661103,0.6999902477715512,-0.600009910012765,0.6999361778987111,-0.5999866124961537,0.7000248775783369,-0.6000313996920329
box-sphere-8	9	2	7.068250689059163e-9	7.068250689059163e-9	TargetReached	1010	101	1194	184	2.4245	0.6999896298539551,-0.6000301674661103,0.6999902477715512,-0.600009910012765,0.6999361778987111,-0.5999866124961537,0.7000248775783369,-0.6000313996920329
box-sphere-8	10	0	7.09235441254226e-9	7.09235441254226e-9	TargetReached	1070	107	1223	153	2.497666	0.6999510341998684,-0.5999897789989268,0.7000340744876877,-0.599981621286955,0.6999945599287519,-0.6000396580726344,0.6999932854398032,-0.5999620007139039
box-sphere-8	10	1	7.09235441254226e-9	7.09235441254226e-9	TargetReached	1070	107	1223	153	2.400625	0.6999510341998684,-0.5999897789989268,0.7000340744876877,-0.599981621286955,0.6999945599287519,-0.6000396580726344,0.6999932854398032,-0.5999620007139039
box-sphere-8	10	2	7.09235441254226e-9	7.09235441254226e-9	TargetReached	1070	107	1223	153	2.462584	0.6999510341998684,-0.5999897789989268,0.7000340744876877,-0.599981621286955,0.6999945599287519,-0.6000396580726344,0.6999932854398032,-0.5999620007139039
box-sphere-8	11	0	8.875275441289452e-9	8.875275441289452e-9	TargetReached	1000	100	1134	134	2.299042	0.6999964500522007,-0.6000001622552662,0.6999930683876932,-0.5999410596314813,0.7000594371168533,-0.5999679208306634,0.6999846828724291,-0.6000233275445057
box-sphere-8	11	1	8.875275441289452e-9	8.875275441289452e-9	TargetReached	1000	100	1134	134	2.363417	0.6999964500522007,-0.6000001622552662,0.6999930683876932,-0.5999410596314813,0.7000594371168533,-0.5999679208306634,0.6999846828724291,-0.6000233275445057
box-sphere-8	11	2	8.875275441289452e-9	8.875275441289452e-9	TargetReached	1000	100	1134	134	2.240333	0.6999964500522007,-0.6000001622552662,0.6999930683876932,-0.5999410596314813,0.7000594371168533,-0.5999679208306634,0.6999846828724291,-0.6000233275445057
box-sphere-8	12	0	5.323593029463501e-9	5.323593029463501e-9	TargetReached	960	96	1114	154	2.306666	0.6999958782454219,-0.6000115204437446,0.7000054041701149,-0.6000297507007576,0.6999961085927797,-0.5999832994311161,0.7000524794063603,-0.600034805662632
box-sphere-8	12	1	5.323593029463501e-9	5.323593029463501e-9	TargetReached	960	96	1114	154	2.181334	0.6999958782454219,-0.6000115204437446,0.7000054041701149,-0.6000297507007576,0.6999961085927797,-0.5999832994311161,0.7000524794063603,-0.600034805662632
box-sphere-8	12	2	5.323593029463501e-9	5.323593029463501e-9	TargetReached	960	96	1114	154	2.259959	0.6999958782454219,-0.6000115204437446,0.7000054041701149,-0.6000297507007576,0.6999961085927797,-0.5999832994311161,0.7000524794063603,-0.600034805662632
box-sphere-8	13	0	9.824999403278262e-9	9.824999403278262e-9	TargetReached	1070	107	1219	149	2.431333	0.6999642809103751,-0.6000010502095968,0.6999424930911213,-0.6000308109935883,0.6999684898356977,-0.6000283612679315,0.7000498220306055,-0.6000034920621528
box-sphere-8	13	1	9.824999403278262e-9	9.824999403278262e-9	TargetReached	1070	107	1219	149	2.539	0.6999642809103751,-0.6000010502095968,0.6999424930911213,-0.6000308109935883,0.6999684898356977,-0.6000283612679315,0.7000498220306055,-0.6000034920621528
box-sphere-8	13	2	9.824999403278262e-9	9.824999403278262e-9	TargetReached	1070	107	1219	149	2.395542	0.6999642809103751,-0.6000010502095968,0.6999424930911213,-0.6000308109935883,0.6999684898356977,-0.6000283612679315,0.7000498220306055,-0.6000034920621528
box-sphere-8	14	0	5.356920978923994e-9	5.356920978923994e-9	TargetReached	1110	111	1237	127	2.62075	0.6999669296427045,-0.5999809655648908,0.6999870157764692,-0.6000213428614268,0.7000141455847848,-0.5999757213893534,0.6999641863033729,-0.5999652914194639
box-sphere-8	14	1	5.356920978923994e-9	5.356920978923994e-9	TargetReached	1110	111	1237	127	2.58975	0.6999669296427045,-0.5999809655648908,0.6999870157764692,-0.6000213428614268,0.7000141455847848,-0.5999757213893534,0.6999641863033729,-0.5999652914194639
box-sphere-8	14	2	5.356920978923994e-9	5.356920978923994e-9	TargetReached	1110	111	1237	127	2.46525	0.6999669296427045,-0.5999809655648908,0.6999870157764692,-0.6000213428614268,0.7000141455847848,-0.5999757213893534,0.6999641863033729,-0.5999652914194639
box-sphere-8	15	0	6.8834426360082374e-9	6.8834426360082374e-9	TargetReached	1070	107	1198	128	2.518125	0.6999694878617624,-0.5999699487692792,0.6999772116841715,-0.6000109055606101,0.6999824302025944,-0.5999664890879944,0.700036425486179,-0.6000406526991741
box-sphere-8	15	1	6.8834426360082374e-9	6.8834426360082374e-9	TargetReached	1070	107	1198	128	2.387583	0.6999694878617624,-0.5999699487692792,0.6999772116841715,-0.6000109055606101,0.6999824302025944,-0.5999664890879944,0.700036425486179,-0.6000406526991741
box-sphere-8	15	2	6.8834426360082374e-9	6.8834426360082374e-9	TargetReached	1070	107	1198	128	2.465042	0.6999694878617624,-0.5999699487692792,0.6999772116841715,-0.6000109055606101,0.6999824302025944,-0.5999664890879944,0.700036425486179,-0.6000406526991741
box-sphere-8	16	0	6.00367459368361e-9	6.00367459368361e-9	TargetReached	1240	124	1442	202	2.827166	0.6999971637322802,-0.5999840476219646,0.6999882582442967,-0.5999901735279751,0.7000087080191284,-0.5999549258202646,0.7000582883448652,-0.6000012965383067
box-sphere-8	16	1	6.00367459368361e-9	6.00367459368361e-9	TargetReached	1240	124	1442	202	2.892875	0.6999971637322802,-0.5999840476219646,0.6999882582442967,-0.5999901735279751,0.7000087080191284,-0.5999549258202646,0.7000582883448652,-0.6000012965383067
box-sphere-8	16	2	6.00367459368361e-9	6.00367459368361e-9	TargetReached	1240	124	1442	202	2.91225	0.6999971637322802,-0.5999840476219646,0.6999882582442967,-0.5999901735279751,0.7000087080191284,-0.5999549258202646,0.7000582883448652,-0.6000012965383067
box-sphere-8	17	0	9.506043773134074e-9	9.506043773134074e-9	TargetReached	1010	101	1281	271	2.381958	0.6999923797728843,-0.5999760360539763,0.7000407067723021,-0.6000683483549826,0.6999921100609726,-0.6000458838323051,0.6999823489465218,-0.5999918741542605
box-sphere-8	17	1	9.506043773134074e-9	9.506043773134074e-9	TargetReached	1010	101	1281	271	2.466667	0.6999923797728843,-0.5999760360539763,0.7000407067723021,-0.6000683483549826,0.6999921100609726,-0.6000458838323051,0.6999823489465218,-0.5999918741542605
box-sphere-8	17	2	9.506043773134074e-9	9.506043773134074e-9	TargetReached	1010	101	1281	271	2.427	0.6999923797728843,-0.5999760360539763,0.7000407067723021,-0.6000683483549826,0.6999921100609726,-0.6000458838323051,0.6999823489465218,-0.5999918741542605
box-sphere-8	18	0	7.453146359883725e-9	7.453146359883725e-9	TargetReached	940	94	1128	188	2.281375	0.7000473356670756,-0.600021615423944,0.6999960183567063,-0.5999907309381997,0.7000127880700582,-0.6000573054495459,0.6999845494025653,-0.59996905948941
box-sphere-8	18	1	7.453146359883725e-9	7.453146359883725e-9	TargetReached	940	94	1128	188	2.190625	0.7000473356670756,-0.600021615423944,0.6999960183567063,-0.5999907309381997,0.7000127880700582,-0.6000573054495459,0.6999845494025653,-0.59996905948941
box-sphere-8	18	2	7.453146359883725e-9	7.453146359883725e-9	TargetReached	940	94	1128	188	2.247042	0.7000473356670756,-0.600021615423944,0.6999960183567063,-0.5999907309381997,0.7000127880700582,-0.6000573054495459,0.6999845494025653,-0.59996905948941
box-sphere-8	19	0	8.963124491909866e-9	8.963124491909866e-9	TargetReached	1060	106	1187	127	2.403875	0.700017660633352,-0.6000044060968389,0.6999736200693518,-0.5999342592983207,0.6999755240151331,-0.600016100850742,0.7000523085394077,-0.5999955753294947
box-sphere-8	19	1	8.963124491909866e-9	8.963124491909866e-9	TargetReached	1060	106	1187	127	2.454375	0.700017660633352,-0.6000044060968389,0.6999736200693518,-0.5999342592983207,0.6999755240151331,-0.600016100850742,0.7000523085394077,-0.5999955753294947
box-sphere-8	19	2	8.963124491909866e-9	8.963124491909866e-9	TargetReached	1060	106	1187	127	2.45825	0.700017660633352,-0.6000044060968389,0.6999736200693518,-0.5999342592983207,0.6999755240151331,-0.600016100850742,0.7000523085394077,-0.5999955753294947
box-sphere-8	20	0	9.358558544468427e-9	9.358558544468427e-9	TargetReached	1070	107	1202	132	2.465041	0.6999818508612349,-0.6000272885704668,0.6999895978938363,-0.6000302524940345,0.6999943031817777,-0.5999567836156475,0.7000195727082836,-0.5999294458824974
box-sphere-8	20	1	9.358558544468427e-9	9.358558544468427e-9	TargetReached	1070	107	1202	132	2.512833	0.6999818508612349,-0.6000272885704668,0.6999895978938363,-0.6000302524940345,0.6999943031817777,-0.5999567836156475,0.7000195727082836,-0.5999294458824974
box-sphere-8	20	2	9.358558544468427e-9	9.358558544468427e-9	TargetReached	1070	107	1202	132	2.403625	0.6999818508612349,-0.6000272885704668,0.6999895978938363,-0.6000302524940345,0.6999943031817777,-0.5999567836156475,0.7000195727082836,-0.5999294458824974
box-boundary-4	1	0	4.000000007119403	4.000000007119403	TargetReached	1656	207	3383	1727	3.001625	0.9999999995218735,0.9999999986581297,0.9999999984289657,0.9999999998313297
box-boundary-4	1	1	4.000000007119403	4.000000007119403	TargetReached	1656	207	3383	1727	2.969584	0.9999999995218735,0.9999999986581297,0.9999999984289657,0.9999999998313297
box-boundary-4	1	2	4.000000007119403	4.000000007119403	TargetReached	1656	207	3383	1727	2.970208	0.9999999995218735,0.9999999986581297,0.9999999984289657,0.9999999998313297
box-boundary-4	2	0	4.0000000095269375	4.0000000095269375	TargetReached	1448	181	3215	1767	2.710625	0.9999999966107391,0.9999999990716647,0.9999999999496515,0.999999999604476
box-boundary-4	2	1	4.0000000095269375	4.0000000095269375	TargetReached	1448	181	3215	1767	2.766375	0.9999999966107391,0.9999999990716647,0.9999999999496515,0.999999999604476
box-boundary-4	2	2	4.0000000095269375	4.0000000095269375	TargetReached	1448	181	3215	1767	2.736583	0.9999999966107391,0.9999999990716647,0.9999999999496515,0.999999999604476
box-boundary-4	3	0	4.000000008429499	4.000000008429499	TargetReached	1416	177	2923	1507	2.506125	0.9999999981578078,0.9999999994846679,0.9999999999830275,0.9999999981597475
box-boundary-4	3	1	4.000000008429499	4.000000008429499	TargetReached	1416	177	2923	1507	2.60575	0.9999999981578078,0.9999999994846679,0.9999999999830275,0.9999999981597475
box-boundary-4	3	2	4.000000008429499	4.000000008429499	TargetReached	1416	177	2923	1507	2.573292	0.9999999981578078,0.9999999994846679,0.9999999999830275,0.9999999981597475
box-boundary-4	4	0	4.000000009204786	4.000000009204786	TargetReached	1504	188	3022	1518	2.707584	0.9999999972100425,0.9999999987487875,0.9999999999504653,0.9999999994883116
box-boundary-4	4	1	4.000000009204786	4.000000009204786	TargetReached	1504	188	3022	1518	2.702667	0.9999999972100425,0.9999999987487875,0.9999999999504653,0.9999999994883116
box-boundary-4	4	2	4.000000009204786	4.000000009204786	TargetReached	1504	188	3022	1518	2.612125	0.9999999972100425,0.9999999987487875,0.9999999999504653,0.9999999994883116
box-boundary-4	5	0	4.000000008295435	4.000000008295435	TargetReached	1400	175	2867	1467	2.535125	0.9999999997388367,0.9999999988126888,0.9999999975893552,0.9999999997114021
box-boundary-4	5	1	4.000000008295435	4.000000008295435	TargetReached	1400	175	2867	1467	2.562959	0.9999999997388367,0.9999999988126888,0.9999999975893552,0.9999999997114021
box-boundary-4	5	2	4.000000008295435	4.000000008295435	TargetReached	1400	175	2867	1467	2.549583	0.9999999997388367,0.9999999988126888,0.9999999975893552,0.9999999997114021
box-boundary-4	6	0	4.000000008525193	4.000000008525193	TargetReached	1504	188	3014	1510	2.613584	0.9999999998983049,0.9999999975529739,0.9999999988982615,0.999999999387863
box-boundary-4	6	1	4.000000008525193	4.000000008525193	TargetReached	1504	188	3014	1510	2.696292	0.9999999998983049,0.9999999975529739,0.9999999988982615,0.999999999387863
box-boundary-4	6	2	4.000000008525193	4.000000008525193	TargetReached	1504	188	3014	1510	2.759416	0.9999999998983049,0.9999999975529739,0.9999999988982615,0.999999999387863
box-boundary-4	7	0	4.000000009087385	4.000000009087385	TargetReached	1568	196	3354	1786	2.90325	0.9999999990848484,0.999999997222196,0.9999999992140542,0.9999999999352088
box-boundary-4	7	1	4.000000009087385	4.000000009087385	TargetReached	1568	196	3354	1786	2.910958	0.9999999990848484,0.999999997222196,0.9999999992140542,0.9999999999352088
box-boundary-4	7	2	4.000000009087385	4.000000009087385	TargetReached	1568	196	3354	1786	2.892958	0.9999999990848484,0.999999997222196,0.9999999992140542,0.9999999999352088
box-boundary-4	8	0	4.000000009559374	4.000000009559374	TargetReached	1400	175	2930	1530	2.576708	0.9999999999551914,0.9999999957716431,0.9999999998115927,0.9999999996818855
box-boundary-4	8	1	4.000000009559374	4.000000009559374	TargetReached	1400	175	2930	1530	2.47025	0.9999999999551914,0.9999999957716431,0.9999999998115927,0.9999999996818855
box-boundary-4	8	2	4.000000009559374	4.000000009559374	TargetReached	1400	175	2930	1530	2.570459	0.9999999999551914,0.9999999957716431,0.9999999998115927,0.9999999996818855
box-boundary-4	9	0	4.000000009408817	4.000000009408817	TargetReached	1528	191	3194	1666	2.803	0.999999999361614,0.9999999996086283,0.9999999967019173,0.9999999996234321
box-boundary-4	9	1	4.000000009408817	4.000000009408817	TargetReached	1528	191	3194	1666	2.778	0.999999999361614,0.9999999996086283,0.9999999967019173,0.9999999996234321
box-boundary-4	9	2	4.000000009408817	4.000000009408817	TargetReached	1528	191	3194	1666	2.772042	0.999999999361614,0.9999999996086283,0.9999999967019173,0.9999999996234321
box-boundary-4	10	0	4.0000000066734565	4.0000000066734565	TargetReached	1904	238	3963	2059	3.458583	0.9999999990077711,0.9999999993624742,0.9999999990441913,0.9999999992488353
box-boundary-4	10	1	4.0000000066734565	4.0000000066734565	TargetReached	1904	238	3963	2059	3.520959	0.9999999990077711,0.9999999993624742,0.9999999990441913,0.9999999992488353
box-boundary-4	10	2	4.0000000066734565	4.0000000066734565	TargetReached	1904	238	3963	2059	3.45925	0.9999999990077711,0.9999999993624742,0.9999999990441913,0.9999999992488353
box-boundary-4	11	0	4.000000008902364	4.000000008902364	TargetReached	1496	187	3205	1709	2.782291	0.9999999987509334,0.999999999814739,0.9999999976155246,0.999999999367621
box-boundary-4	11	1	4.000000008902364	4.000000008902364	TargetReached	1496	187	3205	1709	2.758458	0.9999999987509334,0.999999999814739,0.9999999976155246,0.999999999367621
box-boundary-4	11	2	4.000000008902364	4.000000008902364	TargetReached	1496	187	3205	1709	2.718916	0.9999999987509334,0.999999999814739,0.9999999976155246,0.999999999367621
box-boundary-4	12	0	4.000000008778858	4.000000008778858	TargetReached	1472	184	3101	1629	2.714041	0.9999999983119388,0.9999999993715192,0.9999999981512259,0.9999999997758874
box-boundary-4	12	1	4.000000008778858	4.000000008778858	TargetReached	1472	184	3101	1629	2.725041	0.9999999983119388,0.9999999993715192,0.9999999981512259,0.9999999997758874
box-boundary-4	12	2	4.000000008778858	4.000000008778858	TargetReached	1472	184	3101	1629	2.696667	0.9999999983119388,0.9999999993715192,0.9999999981512259,0.9999999997758874
box-boundary-4	13	0	4.00000000918883	4.00000000918883	TargetReached	1424	178	2859	1435	2.587834	0.9999999995814166,0.9999999991522196,0.9999999985380111,0.9999999981339377
box-boundary-4	13	1	4.00000000918883	4.00000000918883	TargetReached	1424	178	2859	1435	2.504167	0.9999999995814166,0.9999999991522196,0.9999999985380111,0.9999999981339377
box-boundary-4	13	2	4.00000000918883	4.00000000918883	TargetReached	1424	178	2859	1435	2.551209	0.9999999995814166,0.9999999991522196,0.9999999985380111,0.9999999981339377
box-boundary-4	14	0	4.000000008175816	4.000000008175816	TargetReached	1552	194	3200	1648	2.80825	0.9999999999598349,0.9999999992498472,0.999999997127003,0.9999999995754073
box-boundary-4	14	1	4.000000008175816	4.000000008175816	TargetReached	1552	194	3200	1648	2.811375	0.9999999999598349,0.9999999992498472,0.999999997127003,0.9999999995754073
box-boundary-4	14	2	4.000000008175816	4.000000008175816	TargetReached	1552	194	3200	1648	2.804292	0.9999999999598349,0.9999999992498472,0.999999997127003,0.9999999995754073
box-boundary-4	15	0	4.000000008089046	4.000000008089046	TargetReached	1552	194	3293	1741	2.847542	0.999999999913637,0.9999999998416654,0.99999999914734,0.9999999970528346
box-boundary-4	15	1	4.000000008089046	4.000000008089046	TargetReached	1552	194	3293	1741	2.776417	0.999999999913637,0.9999999998416654,0.99999999914734,0.9999999970528346
box-boundary-4	15	2	4.000000008089046	4.000000008089046	TargetReached	1552	194	3293	1741	2.864125	0.999999999913637,0.9999999998416654,0.99999999914734,0.9999999970528346
box-boundary-4	16	0	4.000000007689522	4.000000007689522	TargetReached	1616	202	3312	1696	2.954042	0.9999999994546357,0.9999999999503179,0.9999999979612346,0.9999999987890507
box-boundary-4	16	1	4.000000007689522	4.000000007689522	TargetReached	1616	202	3312	1696	2.945667	0.9999999994546357,0.9999999999503179,0.9999999979612346,0.9999999987890507
box-boundary-4	16	2	4.000000007689522	4.000000007689522	TargetReached	1616	202	3312	1696	2.9305	0.9999999994546357,0.9999999999503179,0.9999999979612346,0.9999999987890507
box-boundary-4	17	0	4.000000008429812	4.000000008429812	TargetReached	1640	205	3453	1813	3.032375	0.9999999976744115,0.9999999992964523,0.99999999898645,0.9999999998277802
box-boundary-4	17	1	4.000000008429812	4.000000008429812	TargetReached	1640	205	3453	1813	3.013791	0.9999999976744115,0.9999999992964523,0.99999999898645,0.9999999998277802
box-boundary-4	17	2	4.000000008429812	4.000000008429812	TargetReached	1640	205	3453	1813	2.967791	0.9999999976744115,0.9999999992964523,0.99999999898645,0.9999999998277802
box-boundary-4	18	0	4.000000009246374	4.000000009246374	TargetReached	1528	191	3334	1806	2.860333	0.99999999949206,0.9999999996414826,0.9999999964439585,0.9999999997993114
box-boundary-4	18	1	4.000000009246374	4.000000009246374	TargetReached	1528	191	3334	1806	2.799042	0.99999999949206,0.9999999996414826,0.9999999964439585,0.9999999997993114
box-boundary-4	18	2	4.000000009246374	4.000000009246374	TargetReached	1528	191	3334	1806	3.022125	0.99999999949206,0.9999999996414826,0.9999999964439585,0.9999999997993114
box-boundary-4	19	0	4.0000000094361035	4.0000000094361035	TargetReached	1488	186	3142	1654	2.793458	0.9999999987033081,0.9999999991028149,0.9999999993723447,0.9999999981034802
box-boundary-4	19	1	4.0000000094361035	4.0000000094361035	TargetReached	1488	186	3142	1654	2.750958	0.9999999987033081,0.9999999991028149,0.9999999993723447,0.9999999981034802
box-boundary-4	19	2	4.0000000094361035	4.0000000094361035	TargetReached	1488	186	3142	1654	2.737875	0.9999999987033081,0.9999999991028149,0.9999999993723447,0.9999999981034802
box-boundary-4	20	0	4.000000009349543	4.000000009349543	TargetReached	1440	180	2881	1441	2.625167	0.9999999996224623,0.9999999975103102,0.9999999994950431,0.9999999986974127
box-boundary-4	20	1	4.000000009349543	4.000000009349543	TargetReached	1440	180	2881	1441	2.5925	0.9999999996224623,0.9999999975103102,0.9999999994950431,0.9999999986974127
box-boundary-4	20	2	4.000000009349543	4.000000009349543	TargetReached	1440	180	2881	1441	2.602667	0.9999999996224623,0.9999999975103102,0.9999999994950431,0.9999999986974127
REF	7	1	1.4094976892371684,-1.9566436336191753,0.3810428074238546;0.9317211065701401,-1.9986504421520503,0.8778299175765765;0.8258160834213913,-1.6738869883561134,-0.013866697436654807;1.3120563553626194,-1.381316598067949,0.3406272230510226;1.0856945247559795,-2.089738665847981,0.34520112558333577;0.9515380148229527,-2.070139699902771,0.6347941508820877	10.224366838287626,11.939652857027454,6.286536644404444,6.001670588177268,10.38940325258132,11.088235803856719	1.1813249865317117,-1.5096716882522112,0.24291686017388808	0.3352696019824501	0.9581169244325932,0.2039005314426818,-0.08687705899350646,0.2039005314426818,1.407427364555064,-0.27085547919618386,-0.08687705899350646,-0.27085547919618386,1.0206478099453442
REF	7	2	1.3148155871029572,-1.7392060547457278,0.581089817265157;1.489442332941365,-1.8045168890448735,0.5587141615259377;1.5490581268796955,-0.8950980703697531,-0.15492032158836966;1.4859567970594973,-1.7861483195314283,0.1521406989068384;1.24667493212454,-1.4476505369029573,0.13306751586221402;1.73095659627704,-1.4636651735237645,0.07034555282106192	9.129076932734307,9.979646926012718,4.097983415775517,8.681306410512656,5.816410395489529,7.300636205774502	1.4772673697869179,-1.0969064349414035,-0.05530959385598394	0.4237360988768423	0.9524560964069805,0.2731986475915106,-0.13313300272435524,0.2731986475915106,1.4920822540313623,-0.3529019295485626,-0.13313300272435524,-0.3529019295485626,1.0212641001738676
REF	7	3	1.4536159831802864,-1.9164412865849836,-0.6010267263001248;2.1269968502952543,-1.2218057924964723,-0.37200476418944156;2.0914660552612876,-0.8686915598132678,-0.5322316969844824;2.2811306733772945,-1.1216862722542071,-0.7588744333381974;1.3778223886113623,-0.7481873341074234,-0.21697235726299285;1.1473372994122664,-2.345321084746659,0.3461288332212543	10.903426339320387,8.063284568640366,7.016562629591756,10.023478958047308,3.2062711236613053,12.79666553648555	1.6396298174260995,-0.8196048638773186,-0.3188383405692932	0.5057731975012892	0.8942985915889727,0.31592938599115106,-0.19704189512224307,0.31592938599115106,1.4594897268119364,-0.44057448487987244,-0.19704189512224307,-0.44057448487987244,1.0004634106973462
REF	7	4	2.189032599084846,-0.7072392947473738,-0.5918352036291563;1.4107625066609732,-0.48233812842493623,-0.9391883623694017;2.247720273491286,-0.5843233155136426,-0.08696183024493487;1.0633199305983279,-1.2692509708766846,-0.10854374498254021;1.3223915828992523,-0.8151348645313806,-0.3070507716114866;2.1512729023958865,-1.1847632574461484,-0.22569735225422266	7.19331419294474,5.9838501105057675,5.765363341647648,4.399772307249784,3.4547298986608115,7.639060232229905	1.321201394706525,-0.9262701373851596,-0.2333094263877264	0.4748025132187379	0.8276424949013819,0.2714924011479639,-0.16252839030848612,0.2714924011479639,1.2777126669557017,-0.39016991136458723,-0.16252839030848612,-0.39016991136458723,0.8719163261561375
REF	7	5	1.0826896126116163,-1.5442358430518863,-0.3561778148694971;1.4290477997099782,-1.7780997890967427,0.14746676749205556;1.8136132032667032,-0.9276526005381159,-0.348017717970616;1.2946202986024387,-1.098577440609638,0.27156794049920346;0.45255883136003194,-0.1990774621681326,-0.011954576384920562;1.1837882491242815,-1.0400064559837172,0.23798081796411386	6.448996018410272,8.452441123885915,5.4947368737194715,4.384783088814228,0.284644815314738,3.7911209546158298	0.7266517915148004,-0.508890101338445,0.08139413123214662	0.5662697625504659	1.12535618409295,-0.05602096672151513,-0.29822092899484504,-0.05602096672151513,1.3139130971890316,-0.23249384190865127,-0.29822092899484504,-0.23249384190865127,0.8273494096878752
REF	7	6	1.0001648146683038,0.10073202098782597,-0.4378450281290894;0.3152811832878032,-0.4285349644990337,0.46509303144161046;-0.3297759848985339,-0.27171517278888757,-0.2603321098354035;1.111505647919036,-0.5774106770350511,-0.11038681120453236;1.828983651345033,-0.96808890759484,0.12293875953646181;0.8322914090065668,-1.0722279783016004,0.35654629956785955	1.7874566112345183,1.331932767713921,0.5275017001085984,1.9509919776156883,5.280029217289206,3.5005557193537467	-0.04196160318339803,-0.2871463393007146,-0.06781242616811581	0.7222829685369939	1.6942485809725985,-0.3271708678242239,-0.23474997116845278,-0.3271708678242239,1.2504881314912901,-0.20981292939441232,-0.23474997116845278,-0.20981292939441232,0.731321036318057
REF	42	1	1.124415925129459,-1.8041956333544171,0.23243413591167278;1.3980500688442317,-1.4811220736187796,-0.0650250366708448;1.1636861308548594,-2.49705073825988,0.1758761135052378;0.7013933058987196,-2.533654427317576,0.5235228248856434;0.6563144710781448,-2.0434467575919446,0.5781351617330814;1.2593955199741838,-2.638605987520852,0.5180663604993307	7.990657449663053,6.3589022104931265,13.948419819239207,14.427066676396418,10.119059048101192,16.584131206016913	1.2620393747466936,-1.617138241024663,0.07003850530724293	0.3469055038737974	1.0347106807277517,0.23761385330247792,-0.2659849004562207,0.23761385330247792,1.2018852528863884,-0.3782008311171555,-0.2659849004562207,-0.3782008311171555,1.2875654662836977
REF	42	2	1.803029456741521,-2.066613245190091,0.1919549464157845;1.6138350546469007,-1.4571070854426726,-0.040992133065856445;0.5730970168187763,-1.561551349313576,-0.19711993627479113;1.3639506998944746,-1.7187883031754605,-0.18007652315602718;1.3927051106631303,-1.6312751348588046,0.2686739276220246;1.3394164381263336,-2.0810325503110185,0.15148847062306298	11.94008263808181,6.8575071203948,5.360750500880592,7.898538190776037,7.550487374019804,10.547224372557856	0.93350686823713,-1.5372950685785722,-0.11617834371295604	0.3764955587572422	1.0530731280985786,0.1315253514126748,-0.09037767942607888,0.1315253514126748,1.1412928742509156,-0.4788713728851234,-0.09037767942607888,-0.4788713728851234,1.3464179407260928
REF	42	3	1.7174076620166696,-1.67551178146911,0.3988310210375871;1.078962249181043,-1.9365230034276402,0.22370835012227486;0.4013696593739763,-1.475729703045722,-0.4720217474352761;1.3045131650845994,-2.2869311011596727,0.5201110326390401;0.85442389892684,-1.9949025703144434,-0.16210553269405079;0.5135715834130204,-2.4129711993100633,0.2046428552563757	9.20043327060468,8.864583924424352,5.407872036576217,13.24392426587322,8.794425544071776,12.076130581518976	0.5834099873798044,-1.6595911429197152,-0.32929249607189875	0.41682607624756385	1.180885633722955,0.1050622162579158,0.15883556155264117,0.1050622162579158,1.0063749712115058,-0.4228615473889435,0.15883556155264117,-0.4228615473889435,1.3737487333935978
REF	42	4	1.5667388195359433,-1.1646074553392756,0.30429826457712145;0.3900454658320963,-1.7952323634134175,-0.44089391473970957;0.4754335855871748,-0.9101909332978227,-0.4602866243272027;1.1065982553137914,-1.6963447040251927,0.2154663947299817;0.4866205842724739,-1.5827870489558937,-0.5356514546480473;0.7377590238404073,-1.7953810403095933,-0.17884676981574993	5.537681314003118,7.375403718928052,2.7303872705575265,7.1654334774439095,6.394919201188975,7.119019205358377	0.7868635141379581,-1.0353132154194085,-0.24861614152438874	0.45391419805260425	1.083286187860639,0.10270219254061842,0.18030961804082357,0.10270219254061842,1.3271120769750113,-0.427417819144766,0.18030961804082357,-0.427417819144766,1.2280318355013444
REF	42	5	0.28611314187923587,-1.6796340466361641,-0.6514318218812659;0.9206152199241302,0.12040970029652387,-0.7651862623174649;0.4919200928795174,-0.5434182239123972,0.00035626937091373656;-0.1345989995881096,-1.1843969848834601,0.8794952194261411;1.142442251878292,-0.8973187856053572,-0.22518530820778906;0.5846538085491662,-0.6736710880818977,-0.32390655557367026	7.4216554654329405,3.218569439164441,0.8325926176502603,5.917756690265927,3.1183699970078367,1.6691473726603374	0.5693019421461961,-0.608225578961089,-0.10959885248276441	0.527686302796073	0.9889866882974623,-0.05777807045987879,0.13363551008776742,-0.05777807045987879,1.5931898045265909,-0.3094277344911067,0.13363551008776742,-0.3094277344911067,1.073940771701301
REF	42	6	0.24976164929655031,0.6933438838796714,-0.3636548265756182;0.9156017564685227,-0.6059690353241688,0.22051002337466413;1.006281126018422,-0.5343497087089704,0.09188488994314159;1.0665054518736776,-1.0614120107520688,-0.06823967450581195;0.44992328175659135,-1.268275148237107,-0.1459672992289473;0.05452390840152743,-1.4819371818551228,-0.3244314377482858	1.5528116956529994,1.767222201626431,1.6174322589750791,3.409251404720414,3.504700472515105,4.816271509714464	0.5172379140972955,0.2421293377848024,-0.18823074200001294	0.6651591159113336	0.8881351452567966,-0.20192609220057278,0.13079485819719708,-0.20192609220057278,2.3826537648172543,-0.3213491830274064,0.13079485819719708,-0.3213491830274064,0.9370528896462545
[success] Total time: 5 s, completed Oct 7, 2026, 9:33:04 p.m.
