case_id	seed	repeat	observed	clean	status	evaluations	generations	sampled	rejected	ms	x
sphere-8	1	0	9.709817535440896E-9	9.709817535440896E-9	TargetReached	1140	114	1140	0	6.782625	-5.5604913051819025E-5,-1.475731747765195E-5,3.0364879822496365E-5,-1.6468266418154806E-5,5.623586831738216E-6,2.2910524914048272E-5,-6.76698129095442E-5,8.436976676885924E-6
sphere-8	1	1	9.709817535440896E-9	9.709817535440896E-9	TargetReached	1140	114	1140	0	6.313833	-5.5604913051819025E-5,-1.475731747765195E-5,3.0364879822496365E-5,-1.6468266418154806E-5,5.623586831738216E-6,2.2910524914048272E-5,-6.76698129095442E-5,8.436976676885924E-6
sphere-8	1	2	9.709817535440896E-9	9.709817535440896E-9	TargetReached	1140	114	1140	0	5.858334	-5.5604913051819025E-5,-1.475731747765195E-5,3.0364879822496365E-5,-1.6468266418154806E-5,5.623586831738216E-6,2.2910524914048272E-5,-6.76698129095442E-5,8.436976676885924E-6
sphere-8	2	0	3.1860866681480278E-9	3.1860866681480278E-9	TargetReached	1100	110	1100	0	5.333	1.4395571214355212E-5,1.3160537409317313E-5,-2.64743913063431E-5,-7.628493481402028E-6,5.162523390018224E-6,4.071207090155359E-5,2.07980768704001E-6,1.8923984251752168E-5
sphere-8	2	1	3.1860866681480278E-9	3.1860866681480278E-9	TargetReached	1100	110	1100	0	6.493375	1.4395571214355212E-5,1.3160537409317313E-5,-2.64743913063431E-5,-7.628493481402028E-6,5.162523390018224E-6,4.071207090155359E-5,2.07980768704001E-6,1.8923984251752168E-5
sphere-8	2	2	3.1860866681480278E-9	3.1860866681480278E-9	TargetReached	1100	110	1100	0	7.971459	1.4395571214355212E-5,1.3160537409317313E-5,-2.64743913063431E-5,-7.628493481402028E-6,5.162523390018224E-6,4.071207090155359E-5,2.07980768704001E-6,1.8923984251752168E-5
sphere-8	3	0	8.110155822185923E-9	8.110155822185923E-9	TargetReached	1160	116	1160	0	8.020208	7.48781813305451E-5,1.9304216594950146E-5,6.317505793266483E-6,-2.5577678176792473E-5,1.2380679457837016E-5,3.5528351568494914E-5,-7.573390368538211E-7,4.529233122575707E-6
sphere-8	3	1	8.110155822185923E-9	8.110155822185923E-9	TargetReached	1160	116	1160	0	8.236125	7.48781813305451E-5,1.9304216594950146E-5,6.317505793266483E-6,-2.5577678176792473E-5,1.2380679457837016E-5,3.5528351568494914E-5,-7.573390368538211E-7,4.529233122575707E-6
sphere-8	3	2	8.110155822185923E-9	8.110155822185923E-9	TargetReached	1160	116	1160	0	8.218166	7.48781813305451E-5,1.9304216594950146E-5,6.317505793266483E-6,-2.5577678176792473E-5,1.2380679457837016E-5,3.5528351568494914E-5,-7.573390368538211E-7,4.529233122575707E-6
sphere-8	4	0	9.8991652212759E-9	9.8991652212759E-9	TargetReached	1260	126	1260	0	9.04025	-2.7213627021813633E-5,-2.7399696234245115E-5,-7.22592466624828E-5,3.470971604145729E-5,-2.8495319008152465E-5,-2.969641961142847E-5,1.6770637324526233E-5,2.561725311441026E-6
sphere-8	4	1	9.8991652212759E-9	9.8991652212759E-9	TargetReached	1260	126	1260	0	8.821708	-2.7213627021813633E-5,-2.7399696234245115E-5,-7.22592466624828E-5,3.470971604145729E-5,-2.8495319008152465E-5,-2.969641961142847E-5,1.6770637324526233E-5,2.561725311441026E-6
sphere-8	4	2	9.8991652212759E-9	9.8991652212759E-9	TargetReached	1260	126	1260	0	8.298542	-2.7213627021813633E-5,-2.7399696234245115E-5,-7.22592466624828E-5,3.470971604145729E-5,-2.8495319008152465E-5,-2.969641961142847E-5,1.6770637324526233E-5,2.561725311441026E-6
sphere-8	5	0	8.229750597131983E-9	8.229750597131983E-9	TargetReached	1180	118	1180	0	7.232625	-1.5169629507427051E-5,2.893773831628136E-5,2.8547623500575994E-5,7.628170232947769E-6,2.6790407903435763E-5,-4.903504681584641E-6,2.0113572984241965E-6,7.445313007703312E-5
sphere-8	5	1	8.229750597131983E-9	8.229750597131983E-9	TargetReached	1180	118	1180	0	7.464125	-1.5169629507427051E-5,2.893773831628136E-5,2.8547623500575994E-5,7.628170232947769E-6,2.6790407903435763E-5,-4.903504681584641E-6,2.0113572984241965E-6,7.445313007703312E-5
sphere-8	5	2	8.229750597131983E-9	8.229750597131983E-9	TargetReached	1180	118	1180	0	4.551584	-1.5169629507427051E-5,2.893773831628136E-5,2.8547623500575994E-5,7.628170232947769E-6,2.6790407903435763E-5,-4.903504681584641E-6,2.0113572984241965E-6,7.445313007703312E-5
sphere-8	6	0	9.021977915775837E-9	9.021977915775837E-9	TargetReached	1210	121	1210	0	3.85075	-4.7460987840526856E-5,3.4219564419285593E-6,1.942370982245839E-5,5.3900785531337645E-5,-4.4543544886203456E-5,2.103604046415854E-5,-7.405577876590968E-6,3.152241433962869E-5
sphere-8	6	1	9.021977915775837E-9	9.021977915775837E-9	TargetReached	1210	121	1210	0	3.896917	-4.7460987840526856E-5,3.4219564419285593E-6,1.942370982245839E-5,5.3900785531337645E-5,-4.4543544886203456E-5,2.103604046415854E-5,-7.405577876590968E-6,3.152241433962869E-5
sphere-8	6	2	9.021977915775837E-9	9.021977915775837E-9	TargetReached	1210	121	1210	0	3.625958	-4.7460987840526856E-5,3.4219564419285593E-6,1.942370982245839E-5,5.3900785531337645E-5,-4.4543544886203456E-5,2.103604046415854E-5,-7.405577876590968E-6,3.152241433962869E-5
sphere-8	7	0	9.318252351142943E-9	9.318252351142943E-9	TargetReached	1240	124	1240	0	3.632292	-4.481384818711747E-5,1.4148817566602987E-5,-5.960087571277724E-5,3.903548255150805E-6,4.2183318005647734E-5,-3.0066332635434693E-5,2.8683191322867898E-5,-6.011497981971982E-6
sphere-8	7	1	9.318252351142943E-9	9.318252351142943E-9	TargetReached	1240	124	1240	0	4.89825	-4.481384818711747E-5,1.4148817566602987E-5,-5.960087571277724E-5,3.903548255150805E-6,4.2183318005647734E-5,-3.0066332635434693E-5,2.8683191322867898E-5,-6.011497981971982E-6
sphere-8	7	2	9.318252351142943E-9	9.318252351142943E-9	TargetReached	1240	124	1240	0	6.846834	-4.481384818711747E-5,1.4148817566602987E-5,-5.960087571277724E-5,3.903548255150805E-6,4.2183318005647734E-5,-3.0066332635434693E-5,2.8683191322867898E-5,-6.011497981971982E-6
sphere-8	8	0	9.550034675802554E-9	9.550034675802554E-9	TargetReached	1220	122	1220	0	6.613292	1.3680666397836921E-6,5.8780041891083284E-5,2.436177370581645E-5,7.6091701043421665E-6,-5.932181519601863E-5,-4.040203239973286E-5,1.3407167483117306E-5,1.0512855791074408E-5
sphere-8	8	1	9.550034675802554E-9	9.550034675802554E-9	TargetReached	1220	122	1220	0	6.405042	1.3680666397836921E-6,5.8780041891083284E-5,2.436177370581645E-5,7.6091701043421665E-6,-5.932181519601863E-5,-4.040203239973286E-5,1.3407167483117306E-5,1.0512855791074408E-5
sphere-8	8	2	9.550034675802554E-9	9.550034675802554E-9	TargetReached	1220	122	1220	0	6.256542	1.3680666397836921E-6,5.8780041891083284E-5,2.436177370581645E-5,7.6091701043421665E-6,-5.932181519601863E-5,-4.040203239973286E-5,1.3407167483117306E-5,1.0512855791074408E-5
sphere-8	9	0	6.3155182752851755E-9	6.3155182752851755E-9	TargetReached	1260	126	1260	0	6.723667	-1.631460958468789E-5,-3.9071115337992337E-5,-2.288069833450005E-5,-4.6815761355872524E-5,2.2755599882423376E-5,-3.7327514860511697E-6,3.471324928878346E-5,8.414120998327427E-6
sphere-8	9	1	6.3155182752851755E-9	6.3155182752851755E-9	TargetReached	1260	126	1260	0	6.491875	-1.631460958468789E-5,-3.9071115337992337E-5,-2.288069833450005E-5,-4.6815761355872524E-5,2.2755599882423376E-5,-3.7327514860511697E-6,3.471324928878346E-5,8.414120998327427E-6
sphere-8	9	2	6.3155182752851755E-9	6.3155182752851755E-9	TargetReached	1260	126	1260	0	6.307	-1.631460958468789E-5,-3.9071115337992337E-5,-2.288069833450005E-5,-4.6815761355872524E-5,2.2755599882423376E-5,-3.7327514860511697E-6,3.471324928878346E-5,8.414120998327427E-6
sphere-8	10	0	7.077618645535068E-9	7.077618645535068E-9	TargetReached	1250	125	1250	0	6.345875	3.342449300714275E-6,-2.212201272220583E-5,3.781946242489422E-5,-3.325847982566698E-5,-5.364484143016152E-5,4.1990821668728624E-6,-5.355416289544959E-6,-3.341471571265955E-5
sphere-8	10	1	7.077618645535068E-9	7.077618645535068E-9	TargetReached	1250	125	1250	0	6.191083	3.342449300714275E-6,-2.212201272220583E-5,3.781946242489422E-5,-3.325847982566698E-5,-5.364484143016152E-5,4.1990821668728624E-6,-5.355416289544959E-6,-3.341471571265955E-5
sphere-8	10	2	7.077618645535068E-9	7.077618645535068E-9	TargetReached	1250	125	1250	0	4.709292	3.342449300714275E-6,-2.212201272220583E-5,3.781946242489422E-5,-3.325847982566698E-5,-5.364484143016152E-5,4.1990821668728624E-6,-5.355416289544959E-6,-3.341471571265955E-5
sphere-8	11	0	8.55464746425935E-9	8.55464746425935E-9	TargetReached	1300	130	1300	0	2.310958	9.50119368556424E-6,-2.5716716233531416E-5,9.308418845716375E-6,-8.326010220036765E-5,-2.336442588334467E-6,2.722842658696312E-6,1.5461576484539318E-5,-2.3069478226651617E-5
sphere-8	11	1	8.55464746425935E-9	8.55464746425935E-9	TargetReached	1300	130	1300	0	2.26075	9.50119368556424E-6,-2.5716716233531416E-5,9.308418845716375E-6,-8.326010220036765E-5,-2.336442588334467E-6,2.722842658696312E-6,1.5461576484539318E-5,-2.3069478226651617E-5
sphere-8	11	2	8.55464746425935E-9	8.55464746425935E-9	TargetReached	1300	130	1300	0	2.194	9.50119368556424E-6,-2.5716716233531416E-5,9.308418845716375E-6,-8.326010220036765E-5,-2.336442588334467E-6,2.722842658696312E-6,1.5461576484539318E-5,-2.3069478226651617E-5
sphere-8	12	0	9.337868108649814E-9	9.337868108649814E-9	TargetReached	1210	121	1210	0	2.090083	-2.8392278057934406E-5,-5.7069509551383684E-5,1.02340734813515E-5,-3.956916981954212E-5,3.111399828663368E-5,-2.4527829375540573E-5,-4.26670276438715E-5,-1.4635290343776654E-5
sphere-8	12	1	9.337868108649814E-9	9.337868108649814E-9	TargetReached	1210	121	1210	0	2.064167	-2.8392278057934406E-5,-5.7069509551383684E-5,1.02340734813515E-5,-3.956916981954212E-5,3.111399828663368E-5,-2.4527829375540573E-5,-4.26670276438715E-5,-1.4635290343776654E-5
sphere-8	12	2	9.337868108649814E-9	9.337868108649814E-9	TargetReached	1210	121	1210	0	1.999666	-2.8392278057934406E-5,-5.7069509551383684E-5,1.02340734813515E-5,-3.956916981954212E-5,3.111399828663368E-5,-2.4527829375540573E-5,-4.26670276438715E-5,-1.4635290343776654E-5
sphere-8	13	0	6.808214265915253E-9	6.808214265915253E-9	TargetReached	1220	122	1220	0	2.102875	-2.306149526824495E-5,1.7676387686122305E-5,6.66825657997254E-5,1.4688703627380172E-5,2.38310939662948E-5,-9.478214861177952E-6,-2.530505897805313E-5,1.871047279567856E-6
sphere-8	13	1	6.808214265915253E-9	6.808214265915253E-9	TargetReached	1220	122	1220	0	2.292125	-2.306149526824495E-5,1.7676387686122305E-5,6.66825657997254E-5,1.4688703627380172E-5,2.38310939662948E-5,-9.478214861177952E-6,-2.530505897805313E-5,1.871047279567856E-6
sphere-8	13	2	6.808214265915253E-9	6.808214265915253E-9	TargetReached	1220	122	1220	0	2.068375	-2.306149526824495E-5,1.7676387686122305E-5,6.66825657997254E-5,1.4688703627380172E-5,2.38310939662948E-5,-9.478214861177952E-6,-2.530505897805313E-5,1.871047279567856E-6
sphere-8	14	0	9.133845476501493E-9	9.133845476501493E-9	TargetReached	1130	113	1130	0	1.961583	-6.70649864947195E-5,1.0177030569625554E-5,2.7008924422349578E-6,1.4875597148318709E-5,-8.824807998401318E-6,-5.6648359819034753E-5,-1.7029191980611468E-5,2.6964339697791605E-5
sphere-8	14	1	9.133845476501493E-9	9.133845476501493E-9	TargetReached	1130	113	1130	0	1.968084	-6.70649864947195E-5,1.0177030569625554E-5,2.7008924422349578E-6,1.4875597148318709E-5,-8.824807998401318E-6,-5.6648359819034753E-5,-1.7029191980611468E-5,2.6964339697791605E-5
sphere-8	14	2	9.133845476501493E-9	9.133845476501493E-9	TargetReached	1130	113	1130	0	1.934375	-6.70649864947195E-5,1.0177030569625554E-5,2.7008924422349578E-6,1.4875597148318709E-5,-8.824807998401318E-6,-5.6648359819034753E-5,-1.7029191980611468E-5,2.6964339697791605E-5
sphere-8	15	0	9.831159575961486E-9	9.831159575961486E-9	TargetReached	1200	120	1200	0	2.056375	6.87543263544787E-5,-9.148328293086656E-6,-4.676755637188084E-5,-2.3858087878107214E-6,2.3233170491435795E-5,2.790091744732778E-5,3.5681987717265005E-5,-1.5361256701012867E-5
sphere-8	15	1	9.831159575961486E-9	9.831159575961486E-9	TargetReached	1200	120	1200	0	1.999458	6.87543263544787E-5,-9.148328293086656E-6,-4.676755637188084E-5,-2.3858087878107214E-6,2.3233170491435795E-5,2.790091744732778E-5,3.5681987717265005E-5,-1.5361256701012867E-5
sphere-8	15	2	9.831159575961486E-9	9.831159575961486E-9	TargetReached	1200	120	1200	0	1.971542	6.87543263544787E-5,-9.148328293086656E-6,-4.676755637188084E-5,-2.3858087878107214E-6,2.3233170491435795E-5,2.790091744732778E-5,3.5681987717265005E-5,-1.5361256701012867E-5
sphere-8	16	0	8.163661565530002E-9	8.163661565530002E-9	TargetReached	1140	114	1140	0	1.90825	-4.018655686617649E-5,2.556425768753789E-5,-1.7213504282706382E-5,-2.6201740625866414E-5,1.953756462782383E-5,-1.1401243123040625E-5,2.5298715219695538E-6,6.628898833053684E-5
sphere-8	16	1	8.163661565530002E-9	8.163661565530002E-9	TargetReached	1140	114	1140	0	1.886666	-4.018655686617649E-5,2.556425768753789E-5,-1.7213504282706382E-5,-2.6201740625866414E-5,1.953756462782383E-5,-1.1401243123040625E-5,2.5298715219695538E-6,6.628898833053684E-5
sphere-8	16	2	8.163661565530002E-9	8.163661565530002E-9	TargetReached	1140	114	1140	0	2.13325	-4.018655686617649E-5,2.556425768753789E-5,-1.7213504282706382E-5,-2.6201740625866414E-5,1.953756462782383E-5,-1.1401243123040625E-5,2.5298715219695538E-6,6.628898833053684E-5
sphere-8	17	0	2.385138262770581E-9	2.385138262770581E-9	TargetReached	1190	119	1190	0	1.900083	3.097826118586456E-5,1.3198723148606986E-5,1.3797835439258155E-5,-5.027723615478421E-6,6.058906429717304E-6,9.705263856512275E-6,-2.757390219128557E-5,1.2016591057854144E-5
sphere-8	17	1	2.385138262770581E-9	2.385138262770581E-9	TargetReached	1190	119	1190	0	1.787042	3.097826118586456E-5,1.3198723148606986E-5,1.3797835439258155E-5,-5.027723615478421E-6,6.058906429717304E-6,9.705263856512275E-6,-2.757390219128557E-5,1.2016591057854144E-5
sphere-8	17	2	2.385138262770581E-9	2.385138262770581E-9	TargetReached	1190	119	1190	0	1.698792	3.097826118586456E-5,1.3198723148606986E-5,1.3797835439258155E-5,-5.027723615478421E-6,6.058906429717304E-6,9.705263856512275E-6,-2.757390219128557E-5,1.2016591057854144E-5
sphere-8	18	0	9.865846255780295E-9	9.865846255780295E-9	TargetReached	1210	121	1210	0	1.938959	1.3391413450349377E-5,-3.6602145373907166E-5,-7.370059099502824E-6,-3.901047443228353E-5,3.757741693688063E-5,6.646287872556967E-5,-2.863090972062468E-5,-1.1025373711532149E-5
sphere-8	18	1	9.865846255780295E-9	9.865846255780295E-9	TargetReached	1210	121	1210	0	1.842292	1.3391413450349377E-5,-3.6602145373907166E-5,-7.370059099502824E-6,-3.901047443228353E-5,3.757741693688063E-5,6.646287872556967E-5,-2.863090972062468E-5,-1.1025373711532149E-5
sphere-8	18	2	9.865846255780295E-9	9.865846255780295E-9	TargetReached	1210	121	1210	0	1.890666	1.3391413450349377E-5,-3.6602145373907166E-5,-7.370059099502824E-6,-3.901047443228353E-5,3.757741693688063E-5,6.646287872556967E-5,-2.863090972062468E-5,-1.1025373711532149E-5
sphere-8	19	0	5.5441636970330545E-9	5.5441636970330545E-9	TargetReached	1240	124	1240	0	1.675458	4.377152418788624E-5,-1.5863728739168206E-5,4.115048579672376E-5,-3.8410389013526266E-5,2.1632682540491478E-6,-7.527403018021612E-6,-7.1491068976518315E-6,9.766665610478363E-6
sphere-8	19	1	5.5441636970330545E-9	5.5441636970330545E-9	TargetReached	1240	124	1240	0	1.692958	4.377152418788624E-5,-1.5863728739168206E-5,4.115048579672376E-5,-3.8410389013526266E-5,2.1632682540491478E-6,-7.527403018021612E-6,-7.1491068976518315E-6,9.766665610478363E-6
sphere-8	19	2	5.5441636970330545E-9	5.5441636970330545E-9	TargetReached	1240	124	1240	0	1.61375	4.377152418788624E-5,-1.5863728739168206E-5,4.115048579672376E-5,-3.8410389013526266E-5,2.1632682540491478E-6,-7.527403018021612E-6,-7.1491068976518315E-6,9.766665610478363E-6
sphere-8	20	0	7.749441841517302E-9	7.749441841517302E-9	TargetReached	1180	118	1180	0	1.504333	-5.3788983114686374E-5,-2.2820791973051947E-5,1.7300097229975177E-5,-2.4390440322196245E-5,5.7177124956994694E-5,-1.093658771375706E-5,-6.543256567271542E-6,-3.092712689069991E-6
sphere-8	20	1	7.749441841517302E-9	7.749441841517302E-9	TargetReached	1180	118	1180	0	1.578041	-5.3788983114686374E-5,-2.2820791973051947E-5,1.7300097229975177E-5,-2.4390440322196245E-5,5.7177124956994694E-5,-1.093658771375706E-5,-6.543256567271542E-6,-3.092712689069991E-6
sphere-8	20	2	7.749441841517302E-9	7.749441841517302E-9	TargetReached	1180	118	1180	0	1.502042	-5.3788983114686374E-5,-2.2820791973051947E-5,1.7300097229975177E-5,-2.4390440322196245E-5,5.7177124956994694E-5,-1.093658771375706E-5,-6.543256567271542E-6,-3.092712689069991E-6
rotated-ellipsoid-8	1	0	5.050960817470202E-9	5.050960817470202E-9	TargetReached	3260	326	3260	0	5.093375	-9.42613828882885E-6,2.2789334750178215E-5,1.8588711142113552E-6,1.1329849982665155E-6,-3.8061835393087933E-6,-2.7302650662637932E-6,-4.011564641279402E-6,-3.649330671525406E-6
rotated-ellipsoid-8	1	1	5.050960817470202E-9	5.050960817470202E-9	TargetReached	3260	326	3260	0	4.944459	-9.42613828882885E-6,2.2789334750178215E-5,1.8588711142113552E-6,1.1329849982665155E-6,-3.8061835393087933E-6,-2.7302650662637932E-6,-4.011564641279402E-6,-3.649330671525406E-6
rotated-ellipsoid-8	1	2	5.050960817470202E-9	5.050960817470202E-9	TargetReached	3260	326	3260	0	4.928958	-9.42613828882885E-6,2.2789334750178215E-5,1.8588711142113552E-6,1.1329849982665155E-6,-3.8061835393087933E-6,-2.7302650662637932E-6,-4.011564641279402E-6,-3.649330671525406E-6
rotated-ellipsoid-8	2	0	7.604216525398588E-9	7.604216525398588E-9	TargetReached	3070	307	3070	0	4.70775	8.609525428433969E-6,2.5219430174230855E-5,1.21711816628279E-5,-6.853176869361254E-6,-3.5170511167103433E-6,-6.023756400878425E-6,-7.015553854947734E-6,-7.502676662992593E-6
rotated-ellipsoid-8	2	1	7.604216525398588E-9	7.604216525398588E-9	TargetReached	3070	307	3070	0	4.633292	8.609525428433969E-6,2.5219430174230855E-5,1.21711816628279E-5,-6.853176869361254E-6,-3.5170511167103433E-6,-6.023756400878425E-6,-7.015553854947734E-6,-7.502676662992593E-6
rotated-ellipsoid-8	2	2	7.604216525398588E-9	7.604216525398588E-9	TargetReached	3070	307	3070	0	4.613917	8.609525428433969E-6,2.5219430174230855E-5,1.21711816628279E-5,-6.853176869361254E-6,-3.5170511167103433E-6,-6.023756400878425E-6,-7.015553854947734E-6,-7.502676662992593E-6
rotated-ellipsoid-8	3	0	9.457799029175371E-9	9.457799029175371E-9	TargetReached	2700	270	2700	0	4.120042	-3.8439119823975485E-5,-2.163040225647045E-8,-6.031931473451912E-6,5.913543416787513E-6,2.6924148855617543E-6,2.125109396169975E-6,9.771441410938998E-7,3.6350799070976995E-7
rotated-ellipsoid-8	3	1	9.457799029175371E-9	9.457799029175371E-9	TargetReached	2700	270	2700	0	4.062291	-3.8439119823975485E-5,-2.163040225647045E-8,-6.031931473451912E-6,5.913543416787513E-6,2.6924148855617543E-6,2.125109396169975E-6,9.771441410938998E-7,3.6350799070976995E-7
rotated-ellipsoid-8	3	2	9.457799029175371E-9	9.457799029175371E-9	TargetReached	2700	270	2700	0	4.262125	-3.8439119823975485E-5,-2.163040225647045E-8,-6.031931473451912E-6,5.913543416787513E-6,2.6924148855617543E-6,2.125109396169975E-6,9.771441410938998E-7,3.6350799070976995E-7
rotated-ellipsoid-8	4	0	4.959286089168734E-9	4.959286089168734E-9	TargetReached	3060	306	3060	0	4.81575	-8.517729004041473E-6,-2.5903484990484658E-5,3.5624283613598694E-6,-1.8702785472820288E-6,4.868772150948352E-6,4.066648574452892E-6,5.574915487766639E-6,6.55604410746945E-6
rotated-ellipsoid-8	4	1	4.959286089168734E-9	4.959286089168734E-9	TargetReached	3060	306	3060	0	4.604167	-8.517729004041473E-6,-2.5903484990484658E-5,3.5624283613598694E-6,-1.8702785472820288E-6,4.868772150948352E-6,4.066648574452892E-6,5.574915487766639E-6,6.55604410746945E-6
rotated-ellipsoid-8	4	2	4.959286089168734E-9	4.959286089168734E-9	TargetReached	3060	306	3060	0	4.561625	-8.517729004041473E-6,-2.5903484990484658E-5,3.5624283613598694E-6,-1.8702785472820288E-6,4.868772150948352E-6,4.066648574452892E-6,5.574915487766639E-6,6.55604410746945E-6
rotated-ellipsoid-8	5	0	8.510242268388477E-9	8.510242268388477E-9	TargetReached	3190	319	3190	0	4.924166	5.767093643090848E-6,-1.2742411870088375E-5,8.182316789318961E-6,1.8576067785554825E-6,1.961292780812481E-6,-2.50149449219855E-6,-2.602213776659872E-6,-3.7825300665004747E-6
rotated-ellipsoid-8	5	1	8.510242268388477E-9	8.510242268388477E-9	TargetReached	3190	319	3190	0	4.540375	5.767093643090848E-6,-1.2742411870088375E-5,8.182316789318961E-6,1.8576067785554825E-6,1.961292780812481E-6,-2.50149449219855E-6,-2.602213776659872E-6,-3.7825300665004747E-6
rotated-ellipsoid-8	5	2	8.510242268388477E-9	8.510242268388477E-9	TargetReached	3190	319	3190	0	4.413583	5.767093643090848E-6,-1.2742411870088375E-5,8.182316789318961E-6,1.8576067785554825E-6,1.961292780812481E-6,-2.50149449219855E-6,-2.602213776659872E-6,-3.7825300665004747E-6
rotated-ellipsoid-8	6	0	6.293659572843852E-9	6.293659572843852E-9	TargetReached	2910	291	2910	0	11.748	1.7931221770124442E-5,1.1824521309810157E-5,-1.8896231706727674E-6,5.5450107210253675E-6,-5.9861323518585715E-6,-3.7083638347537194E-6,-4.145185060398368E-6,-4.4796491766125056E-6
rotated-ellipsoid-8	6	1	6.293659572843852E-9	6.293659572843852E-9	TargetReached	2910	291	2910	0	4.35375	1.7931221770124442E-5,1.1824521309810157E-5,-1.8896231706727674E-6,5.5450107210253675E-6,-5.9861323518585715E-6,-3.7083638347537194E-6,-4.145185060398368E-6,-4.4796491766125056E-6
rotated-ellipsoid-8	6	2	6.293659572843852E-9	6.293659572843852E-9	TargetReached	2910	291	2910	0	4.167292	1.7931221770124442E-5,1.1824521309810157E-5,-1.8896231706727674E-6,5.5450107210253675E-6,-5.9861323518585715E-6,-3.7083638347537194E-6,-4.145185060398368E-6,-4.4796491766125056E-6
rotated-ellipsoid-8	7	0	7.985896519884014E-9	7.985896519884014E-9	TargetReached	3010	301	3010	0	4.162292	2.1765908267713243E-5,-1.4586463155988946E-5,-6.119329427665273E-6,7.840863027835468E-6,-2.5737448091946616E-6,5.722925550627717E-7,3.301954141357289E-7,7.349139446007278E-7
rotated-ellipsoid-8	7	1	7.985896519884014E-9	7.985896519884014E-9	TargetReached	3010	301	3010	0	4.018	2.1765908267713243E-5,-1.4586463155988946E-5,-6.119329427665273E-6,7.840863027835468E-6,-2.5737448091946616E-6,5.722925550627717E-7,3.301954141357289E-7,7.349139446007278E-7
rotated-ellipsoid-8	7	2	7.985896519884014E-9	7.985896519884014E-9	TargetReached	3010	301	3010	0	4.363	2.1765908267713243E-5,-1.4586463155988946E-5,-6.119329427665273E-6,7.840863027835468E-6,-2.5737448091946616E-6,5.722925550627717E-7,3.301954141357289E-7,7.349139446007278E-7
rotated-ellipsoid-8	8	0	6.3730405656305255E-9	6.3730405656305255E-9	TargetReached	2710	271	2710	0	3.646375	-2.3374832409316908E-5,-3.6415856745663816E-6,-5.495962669685115E-6,6.81935192441461E-6,4.065966201375451E-6,2.966809172149202E-7,7.746845425089575E-7,1.5385513788769412E-6
rotated-ellipsoid-8	8	1	6.3730405656305255E-9	6.3730405656305255E-9	TargetReached	2710	271	2710	0	3.602458	-2.3374832409316908E-5,-3.6415856745663816E-6,-5.495962669685115E-6,6.81935192441461E-6,4.065966201375451E-6,2.966809172149202E-7,7.746845425089575E-7,1.5385513788769412E-6
rotated-ellipsoid-8	8	2	6.3730405656305255E-9	6.3730405656305255E-9	TargetReached	2710	271	2710	0	3.588042	-2.3374832409316908E-5,-3.6415856745663816E-6,-5.495962669685115E-6,6.81935192441461E-6,4.065966201375451E-6,2.966809172149202E-7,7.746845425089575E-7,1.5385513788769412E-6
rotated-ellipsoid-8	9	0	7.684338589502893E-9	7.684338589502893E-9	TargetReached	2950	295	2950	0	4.0055	1.8878926201494174E-5,2.4450004935533842E-5,2.1513912704435396E-6,-3.4059434774691452E-6,-3.3616526561181803E-6,-5.743943861075544E-6,-6.176038792518922E-6,-8.40137734978611E-6
rotated-ellipsoid-8	9	1	7.684338589502893E-9	7.684338589502893E-9	TargetReached	2950	295	2950	0	3.980792	1.8878926201494174E-5,2.4450004935533842E-5,2.1513912704435396E-6,-3.4059434774691452E-6,-3.3616526561181803E-6,-5.743943861075544E-6,-6.176038792518922E-6,-8.40137734978611E-6
rotated-ellipsoid-8	9	2	7.684338589502893E-9	7.684338589502893E-9	TargetReached	2950	295	2950	0	4.847792	1.8878926201494174E-5,2.4450004935533842E-5,2.1513912704435396E-6,-3.4059434774691452E-6,-3.3616526561181803E-6,-5.743943861075544E-6,-6.176038792518922E-6,-8.40137734978611E-6
rotated-ellipsoid-8	10	0	9.603996733435431E-9	9.603996733435431E-9	TargetReached	2560	256	2560	0	3.44475	-3.3954014591542337E-7,-2.917225001636202E-5,4.68838743254933E-6,4.522388250085225E-6,-1.3087635285762597E-6,4.905063346948834E-6,4.719239767646227E-6,5.430551059472589E-6
rotated-ellipsoid-8	10	1	9.603996733435431E-9	9.603996733435431E-9	TargetReached	2560	256	2560	0	3.441625	-3.3954014591542337E-7,-2.917225001636202E-5,4.68838743254933E-6,4.522388250085225E-6,-1.3087635285762597E-6,4.905063346948834E-6,4.719239767646227E-6,5.430551059472589E-6
rotated-ellipsoid-8	10	2	9.603996733435431E-9	9.603996733435431E-9	TargetReached	2560	256	2560	0	3.487583	-3.3954014591542337E-7,-2.917225001636202E-5,4.68838743254933E-6,4.522388250085225E-6,-1.3087635285762597E-6,4.905063346948834E-6,4.719239767646227E-6,5.430551059472589E-6
rotated-ellipsoid-8	11	0	9.25750627646454E-9	9.25750627646454E-9	TargetReached	2550	255	2550	0	3.529875	-1.3292267225624913E-5,1.8119692461683573E-6,-2.9737181874276483E-6,3.103957115524453E-6,2.562027062981891E-6,-1.2398008650935487E-6,1.4225997180433153E-7,1.6100277148503546E-6
rotated-ellipsoid-8	11	1	9.25750627646454E-9	9.25750627646454E-9	TargetReached	2550	255	2550	0	3.488792	-1.3292267225624913E-5,1.8119692461683573E-6,-2.9737181874276483E-6,3.103957115524453E-6,2.562027062981891E-6,-1.2398008650935487E-6,1.4225997180433153E-7,1.6100277148503546E-6
rotated-ellipsoid-8	11	2	9.25750627646454E-9	9.25750627646454E-9	TargetReached	2550	255	2550	0	3.457209	-1.3292267225624913E-5,1.8119692461683573E-6,-2.9737181874276483E-6,3.103957115524453E-6,2.562027062981891E-6,-1.2398008650935487E-6,1.4225997180433153E-7,1.6100277148503546E-6
rotated-ellipsoid-8	12	0	7.136045168181542E-9	7.136045168181542E-9	TargetReached	2910	291	2910	0	3.963625	2.6751752984480264E-5,5.09666956683971E-7,1.3039490034055285E-5,-6.515260904340551E-6,-3.4941892950565074E-6,-2.2148226396751073E-6,-3.7350813180931514E-6,-4.470031303790207E-6
rotated-ellipsoid-8	12	1	7.136045168181542E-9	7.136045168181542E-9	TargetReached	2910	291	2910	0	3.976916	2.6751752984480264E-5,5.09666956683971E-7,1.3039490034055285E-5,-6.515260904340551E-6,-3.4941892950565074E-6,-2.2148226396751073E-6,-3.7350813180931514E-6,-4.470031303790207E-6
rotated-ellipsoid-8	12	2	7.136045168181542E-9	7.136045168181542E-9	TargetReached	2910	291	2910	0	3.942375	2.6751752984480264E-5,5.09666956683971E-7,1.3039490034055285E-5,-6.515260904340551E-6,-3.4941892950565074E-6,-2.2148226396751073E-6,-3.7350813180931514E-6,-4.470031303790207E-6
rotated-ellipsoid-8	13	0	7.389199202400556E-9	7.389199202400556E-9	TargetReached	2760	276	2760	0	3.82675	3.4267368479932834E-5,-2.2499584159898967E-5,-7.236003421895562E-6,-1.3223555059355446E-6,3.023733292071151E-6,2.8272880122083453E-6,4.8973610723728E-6,5.617390968958705E-6
rotated-ellipsoid-8	13	1	7.389199202400556E-9	7.389199202400556E-9	TargetReached	2760	276	2760	0	3.741166	3.4267368479932834E-5,-2.2499584159898967E-5,-7.236003421895562E-6,-1.3223555059355446E-6,3.023733292071151E-6,2.8272880122083453E-6,4.8973610723728E-6,5.617390968958705E-6
rotated-ellipsoid-8	13	2	7.389199202400556E-9	7.389199202400556E-9	TargetReached	2760	276	2760	0	3.729	3.4267368479932834E-5,-2.2499584159898967E-5,-7.236003421895562E-6,-1.3223555059355446E-6,3.023733292071151E-6,2.8272880122083453E-6,4.8973610723728E-6,5.617390968958705E-6
rotated-ellipsoid-8	14	0	9.246400005170435E-9	9.246400005170435E-9	TargetReached	2960	296	2960	0	4.131208	-1.9084435445276295E-5,1.0643128753202249E-5,6.11948188311976E-6,-5.504145088008883E-6,3.419878958400361E-6,-1.5962743306498E-6,-2.277655375680498E-6,-1.3383114667906166E-6
rotated-ellipsoid-8	14	1	9.246400005170435E-9	9.246400005170435E-9	TargetReached	2960	296	2960	0	4.047959	-1.9084435445276295E-5,1.0643128753202249E-5,6.11948188311976E-6,-5.504145088008883E-6,3.419878958400361E-6,-1.5962743306498E-6,-2.277655375680498E-6,-1.3383114667906166E-6
rotated-ellipsoid-8	14	2	9.246400005170435E-9	9.246400005170435E-9	TargetReached	2960	296	2960	0	4.103208	-1.9084435445276295E-5,1.0643128753202249E-5,6.11948188311976E-6,-5.504145088008883E-6,3.419878958400361E-6,-1.5962743306498E-6,-2.277655375680498E-6,-1.3383114667906166E-6
rotated-ellipsoid-8	15	0	6.18345621890438E-9	6.18345621890438E-9	TargetReached	2460	246	2460	0	3.328541	8.251112925035348E-6,1.5115701525407455E-5,-5.370606246275611E-6,-6.536614538362894E-6,-1.9557784350967462E-7,-2.932364106648969E-7,1.0929219244950506E-6,1.1982482133892465E-6
rotated-ellipsoid-8	15	1	6.18345621890438E-9	6.18345621890438E-9	TargetReached	2460	246	2460	0	3.338167	8.251112925035348E-6,1.5115701525407455E-5,-5.370606246275611E-6,-6.536614538362894E-6,-1.9557784350967462E-7,-2.932364106648969E-7,1.0929219244950506E-6,1.1982482133892465E-6
rotated-ellipsoid-8	15	2	6.18345621890438E-9	6.18345621890438E-9	TargetReached	2460	246	2460	0	3.335167	8.251112925035348E-6,1.5115701525407455E-5,-5.370606246275611E-6,-6.536614538362894E-6,-1.9557784350967462E-7,-2.932364106648969E-7,1.0929219244950506E-6,1.1982482133892465E-6
rotated-ellipsoid-8	16	0	8.178943694225406E-9	8.178943694225406E-9	TargetReached	3100	310	3100	0	4.283709	3.8070094756241326E-5,-1.8692938751671792E-5,3.325389070418865E-6,2.2787947355538784E-6,-1.0358741307097463E-6,-2.477510191464544E-6,-3.6057091118401137E-6,-4.000018921535739E-6
rotated-ellipsoid-8	16	1	8.178943694225406E-9	8.178943694225406E-9	TargetReached	3100	310	3100	0	4.190417	3.8070094756241326E-5,-1.8692938751671792E-5,3.325389070418865E-6,2.2787947355538784E-6,-1.0358741307097463E-6,-2.477510191464544E-6,-3.6057091118401137E-6,-4.000018921535739E-6
rotated-ellipsoid-8	16	2	8.178943694225406E-9	8.178943694225406E-9	TargetReached	3100	310	3100	0	4.204792	3.8070094756241326E-5,-1.8692938751671792E-5,3.325389070418865E-6,2.2787947355538784E-6,-1.0358741307097463E-6,-2.477510191464544E-6,-3.6057091118401137E-6,-4.000018921535739E-6
rotated-ellipsoid-8	17	0	7.443016986808703E-9	7.443016986808703E-9	TargetReached	2920	292	2920	0	4.018083	-1.7594194744171596E-5,-2.3871194683556584E-6,1.0939649610983581E-5,2.5860090457633706E-6,1.5800619503340429E-6,-3.9734557778914684E-6,-3.0303730265695153E-6,-3.3913021926045396E-6
rotated-ellipsoid-8	17	1	7.443016986808703E-9	7.443016986808703E-9	TargetReached	2920	292	2920	0	4.029833	-1.7594194744171596E-5,-2.3871194683556584E-6,1.0939649610983581E-5,2.5860090457633706E-6,1.5800619503340429E-6,-3.9734557778914684E-6,-3.0303730265695153E-6,-3.3913021926045396E-6
rotated-ellipsoid-8	17	2	7.443016986808703E-9	7.443016986808703E-9	TargetReached	2920	292	2920	0	3.927292	-1.7594194744171596E-5,-2.3871194683556584E-6,1.0939649610983581E-5,2.5860090457633706E-6,1.5800619503340429E-6,-3.9734557778914684E-6,-3.0303730265695153E-6,-3.3913021926045396E-6
rotated-ellipsoid-8	18	0	9.761128328383712E-9	9.761128328383712E-9	TargetReached	2960	296	2960	0	4.047084	1.2677908412725702E-6,2.0656102131494593E-5,-1.120019208465826E-5,2.001265787255207E-6,-3.7049005433283877E-6,-7.070465186329273E-7,1.9082044335165216E-7,5.605043643442834E-7
rotated-ellipsoid-8	18	1	9.761128328383712E-9	9.761128328383712E-9	TargetReached	2960	296	2960	0	4.06225	1.2677908412725702E-6,2.0656102131494593E-5,-1.120019208465826E-5,2.001265787255207E-6,-3.7049005433283877E-6,-7.070465186329273E-7,1.9082044335165216E-7,5.605043643442834E-7
rotated-ellipsoid-8	18	2	9.761128328383712E-9	9.761128328383712E-9	TargetReached	2960	296	2960	0	4.014375	1.2677908412725702E-6,2.0656102131494593E-5,-1.120019208465826E-5,2.001265787255207E-6,-3.7049005433283877E-6,-7.070465186329273E-7,1.9082044335165216E-7,5.605043643442834E-7
rotated-ellipsoid-8	19	0	9.766033161312627E-9	9.766033161312627E-9	TargetReached	2890	289	2890	0	3.930875	-1.108080733293402E-5,1.9206861978349787E-5,7.395844334997616E-6,-1.924086593403059E-6,7.851668816258728E-8,-5.0354316119689766E-6,-7.348072226833314E-6,-8.098847766607451E-6
rotated-ellipsoid-8	19	1	9.766033161312627E-9	9.766033161312627E-9	TargetReached	2890	289	2890	0	3.910792	-1.108080733293402E-5,1.9206861978349787E-5,7.395844334997616E-6,-1.924086593403059E-6,7.851668816258728E-8,-5.0354316119689766E-6,-7.348072226833314E-6,-8.098847766607451E-6
rotated-ellipsoid-8	19	2	9.766033161312627E-9	9.766033161312627E-9	TargetReached	2890	289	2890	0	3.86675	-1.108080733293402E-5,1.9206861978349787E-5,7.395844334997616E-6,-1.924086593403059E-6,7.851668816258728E-8,-5.0354316119689766E-6,-7.348072226833314E-6,-8.098847766607451E-6
rotated-ellipsoid-8	20	0	9.978500216021693E-9	9.978500216021693E-9	TargetReached	2890	289	2890	0	4.104417	1.0309000681956796E-5,-2.919675721840496E-5,6.170161819926057E-6,-8.611226436780983E-7,-1.346241181402807E-7,4.1542171245602384E-6,3.8061223117148022E-6,3.0481064124537162E-6
rotated-ellipsoid-8	20	1	9.978500216021693E-9	9.978500216021693E-9	TargetReached	2890	289	2890	0	4.004458	1.0309000681956796E-5,-2.919675721840496E-5,6.170161819926057E-6,-8.611226436780983E-7,-1.346241181402807E-7,4.1542171245602384E-6,3.8061223117148022E-6,3.0481064124537162E-6
rotated-ellipsoid-8	20	2	9.978500216021693E-9	9.978500216021693E-9	TargetReached	2890	289	2890	0	3.892834	1.0309000681956796E-5,-2.919675721840496E-5,6.170161819926057E-6,-8.611226436780983E-7,-1.346241181402807E-7,4.1542171245602384E-6,3.8061223117148022E-6,3.0481064124537162E-6
rosenbrock-4	1	0	8.098492687861117E-9	8.098492687861117E-9	TargetReached	1360	170	1360	0	0.754625	1.0000187448246372,1.0000346191033487,1.0000663893041823,1.0001305367089044
rosenbrock-4	1	1	8.098492687861117E-9	8.098492687861117E-9	TargetReached	1360	170	1360	0	0.786083	1.0000187448246372,1.0000346191033487,1.0000663893041823,1.0001305367089044
rosenbrock-4	1	2	8.098492687861117E-9	8.098492687861117E-9	TargetReached	1360	170	1360	0	0.721166	1.0000187448246372,1.0000346191033487,1.0000663893041823,1.0001305367089044
rosenbrock-4	2	0	8.218504018544201E-9	8.218504018544201E-9	TargetReached	1848	231	1848	0	1.050375	1.0000113381834086,1.0000286182589297,1.0000563743854771,1.000110542990887
rosenbrock-4	2	1	8.218504018544201E-9	8.218504018544201E-9	TargetReached	1848	231	1848	0	1.047209	1.0000113381834086,1.0000286182589297,1.0000563743854771,1.000110542990887
rosenbrock-4	2	2	8.218504018544201E-9	8.218504018544201E-9	TargetReached	1848	231	1848	0	1.02	1.0000113381834086,1.0000286182589297,1.0000563743854771,1.000110542990887
rosenbrock-4	3	0	3.7014286104300163	3.7014286104300163	EvaluationLimit	15000	1875	15000	0	8.175667	-0.7756592230955183,0.6130933604608226,0.38206284092478304,0.14597201456698888
rosenbrock-4	3	1	3.7014286104300163	3.7014286104300163	EvaluationLimit	15000	1875	15000	0	7.552959	-0.7756592230955183,0.6130933604608226,0.38206284092478304,0.14597201456698888
rosenbrock-4	3	2	3.7014286104300163	3.7014286104300163	EvaluationLimit	15000	1875	15000	0	7.181584	-0.7756592230955183,0.6130933604608226,0.38206284092478304,0.14597201456698888
rosenbrock-4	4	0	6.822900037521001E-9	6.822900037521001E-9	TargetReached	1448	181	1448	0	0.796375	1.0000000754384184,0.9999932561008537,0.9999875841002843,0.9999709795850885
rosenbrock-4	4	1	6.822900037521001E-9	6.822900037521001E-9	TargetReached	1448	181	1448	0	0.746375	1.0000000754384184,0.9999932561008537,0.9999875841002843,0.9999709795850885
rosenbrock-4	4	2	6.822900037521001E-9	6.822900037521001E-9	TargetReached	1448	181	1448	0	0.745292	1.0000000754384184,0.9999932561008537,0.9999875841002843,0.9999709795850885
rosenbrock-4	5	0	7.158354339949972E-9	7.158354339949972E-9	TargetReached	1880	235	1880	0	1.014	0.9999974047673913,0.9999989092207041,0.9999905575172418,0.9999821564121801
rosenbrock-4	5	1	7.158354339949972E-9	7.158354339949972E-9	TargetReached	1880	235	1880	0	0.986667	0.9999974047673913,0.9999989092207041,0.9999905575172418,0.9999821564121801
rosenbrock-4	5	2	7.158354339949972E-9	7.158354339949972E-9	TargetReached	1880	235	1880	0	0.957458	0.9999974047673913,0.9999989092207041,0.9999905575172418,0.9999821564121801
rosenbrock-4	6	0	6.33247280346638E-9	6.33247280346638E-9	TargetReached	1432	179	1432	0	0.752292	0.9999938164277706,0.9999918506302071,0.9999787823070833,0.9999615387628044
rosenbrock-4	6	1	6.33247280346638E-9	6.33247280346638E-9	TargetReached	1432	179	1432	0	0.747541	0.9999938164277706,0.9999918506302071,0.9999787823070833,0.9999615387628044
rosenbrock-4	6	2	6.33247280346638E-9	6.33247280346638E-9	TargetReached	1432	179	1432	0	0.736292	0.9999938164277706,0.9999918506302071,0.9999787823070833,0.9999615387628044
rosenbrock-4	7	0	3.7014286104300163	3.7014286104300163	EvaluationLimit	15000	1875	15000	0	7.335584	-0.77565923296905,0.6130933758043977,0.3820628588811334,0.14597202864826192
rosenbrock-4	7	1	3.7014286104300163	3.7014286104300163	EvaluationLimit	15000	1875	15000	0	7.243875	-0.77565923296905,0.6130933758043977,0.3820628588811334,0.14597202864826192
rosenbrock-4	7	2	3.7014286104300163	3.7014286104300163	EvaluationLimit	15000	1875	15000	0	7.333375	-0.77565923296905,0.6130933758043977,0.3820628588811334,0.14597202864826192
rosenbrock-4	8	0	6.598423221729925E-9	6.598423221729925E-9	TargetReached	1688	211	1688	0	0.895666	0.9999975113562968,0.999990734042709,0.9999800701216668,0.9999537575038923
rosenbrock-4	8	1	6.598423221729925E-9	6.598423221729925E-9	TargetReached	1688	211	1688	0	0.8715	0.9999975113562968,0.999990734042709,0.9999800701216668,0.9999537575038923
rosenbrock-4	8	2	6.598423221729925E-9	6.598423221729925E-9	TargetReached	1688	211	1688	0	0.848	0.9999975113562968,0.999990734042709,0.9999800701216668,0.9999537575038923
rosenbrock-4	9	0	5.534763795065304E-9	5.534763795065304E-9	TargetReached	1696	212	1696	0	0.884083	0.9999884533153,0.9999802683043727,0.9999613433250596,0.9999178686550645
rosenbrock-4	9	1	5.534763795065304E-9	5.534763795065304E-9	TargetReached	1696	212	1696	0	0.86575	0.9999884533153,0.9999802683043727,0.9999613433250596,0.9999178686550645
rosenbrock-4	9	2	5.534763795065304E-9	5.534763795065304E-9	TargetReached	1696	212	1696	0	0.853958	0.9999884533153,0.9999802683043727,0.9999613433250596,0.9999178686550645
rosenbrock-4	10	0	8.268011822014426E-9	8.268011822014426E-9	TargetReached	1472	184	1472	0	0.780625	1.0000130189938965,1.0000218532876193,1.000046045929472,1.0000977529331376
rosenbrock-4	10	1	8.268011822014426E-9	8.268011822014426E-9	TargetReached	1472	184	1472	0	0.754958	1.0000130189938965,1.0000218532876193,1.000046045929472,1.0000977529331376
rosenbrock-4	10	2	8.268011822014426E-9	8.268011822014426E-9	TargetReached	1472	184	1472	0	0.720625	1.0000130189938965,1.0000218532876193,1.000046045929472,1.0000977529331376
rosenbrock-4	11	0	8.066859127792241E-9	8.066859127792241E-9	TargetReached	1712	214	1712	0	0.842958	0.9999960917690841,0.9999869792806659,0.9999740468918997,0.9999548021090813
rosenbrock-4	11	1	8.066859127792241E-9	8.066859127792241E-9	TargetReached	1712	214	1712	0	0.862958	0.9999960917690841,0.9999869792806659,0.9999740468918997,0.9999548021090813
rosenbrock-4	11	2	8.066859127792241E-9	8.066859127792241E-9	TargetReached	1712	214	1712	0	0.825542	0.9999960917690841,0.9999869792806659,0.9999740468918997,0.9999548021090813
rosenbrock-4	12	0	9.376460866137666E-9	9.376460866137666E-9	TargetReached	2600	325	2600	0	1.270542	1.000010881998469,1.000022527258585,1.0000441190577751,1.0000963998611687
rosenbrock-4	12	1	9.376460866137666E-9	9.376460866137666E-9	TargetReached	2600	325	2600	0	1.27675	1.000010881998469,1.000022527258585,1.0000441190577751,1.0000963998611687
rosenbrock-4	12	2	9.376460866137666E-9	9.376460866137666E-9	TargetReached	2600	325	2600	0	1.28475	1.000010881998469,1.000022527258585,1.0000441190577751,1.0000963998611687
rosenbrock-4	13	0	8.750788197652856E-9	8.750788197652856E-9	TargetReached	1344	168	1344	0	0.664541	0.999998893317274,0.9999949821332623,0.9999874841054547,0.9999834336383926
rosenbrock-4	13	1	8.750788197652856E-9	8.750788197652856E-9	TargetReached	1344	168	1344	0	0.6655	0.999998893317274,0.9999949821332623,0.9999874841054547,0.9999834336383926
rosenbrock-4	13	2	8.750788197652856E-9	8.750788197652856E-9	TargetReached	1344	168	1344	0	0.654375	0.999998893317274,0.9999949821332623,0.9999874841054547,0.9999834336383926
rosenbrock-4	14	0	7.599103544706906E-9	7.599103544706906E-9	TargetReached	2080	260	2080	0	1.049958	1.00000116250893,1.0000020810075176,1.00001269513696,1.000024186727211
rosenbrock-4	14	1	7.599103544706906E-9	7.599103544706906E-9	TargetReached	2080	260	2080	0	1.047083	1.00000116250893,1.0000020810075176,1.00001269513696,1.000024186727211
rosenbrock-4	14	2	7.599103544706906E-9	7.599103544706906E-9	TargetReached	2080	260	2080	0	1.030958	1.00000116250893,1.0000020810075176,1.00001269513696,1.000024186727211
rosenbrock-4	15	0	6.327307212544414E-9	6.327307212544414E-9	TargetReached	1464	183	1464	0	0.726333	0.999998849925785,1.0000009332535555,1.0000072778118734,1.0000097614738923
rosenbrock-4	15	1	6.327307212544414E-9	6.327307212544414E-9	TargetReached	1464	183	1464	0	0.71075	0.999998849925785,1.0000009332535555,1.0000072778118734,1.0000097614738923
rosenbrock-4	15	2	6.327307212544414E-9	6.327307212544414E-9	TargetReached	1464	183	1464	0	0.695	0.999998849925785,1.0000009332535555,1.0000072778118734,1.0000097614738923
rosenbrock-4	16	0	2.8261998746276616E-9	2.8261998746276616E-9	TargetReached	2672	334	2672	0	1.31025	1.00000072174611,1.0000026959058395,1.0000003344135868,0.9999996504439496
rosenbrock-4	16	1	2.8261998746276616E-9	2.8261998746276616E-9	TargetReached	2672	334	2672	0	1.307834	1.00000072174611,1.0000026959058395,1.0000003344135868,0.9999996504439496
rosenbrock-4	16	2	2.8261998746276616E-9	2.8261998746276616E-9	TargetReached	2672	334	2672	0	1.275791	1.00000072174611,1.0000026959058395,1.0000003344135868,0.9999996504439496
rosenbrock-4	17	0	9.252865293881325E-9	9.252865293881325E-9	TargetReached	1504	188	1504	0	0.764791	0.9999908257994686,0.9999792387647713,0.9999592825344937,0.9999265872050933
rosenbrock-4	17	1	9.252865293881325E-9	9.252865293881325E-9	TargetReached	1504	188	1504	0	0.740584	0.9999908257994686,0.9999792387647713,0.9999592825344937,0.9999265872050933
rosenbrock-4	17	2	9.252865293881325E-9	9.252865293881325E-9	TargetReached	1504	188	1504	0	0.732125	0.9999908257994686,0.9999792387647713,0.9999592825344937,0.9999265872050933
rosenbrock-4	18	0	3.2002051837428716E-9	3.2002051837428716E-9	TargetReached	1560	195	1560	0	0.782042	0.9999932532848114,0.9999874697380234,0.9999711425642152,0.9999397751959461
rosenbrock-4	18	1	3.2002051837428716E-9	3.2002051837428716E-9	TargetReached	1560	195	1560	0	0.769125	0.9999932532848114,0.9999874697380234,0.9999711425642152,0.9999397751959461
rosenbrock-4	18	2	3.2002051837428716E-9	3.2002051837428716E-9	TargetReached	1560	195	1560	0	0.754917	0.9999932532848114,0.9999874697380234,0.9999711425642152,0.9999397751959461
rosenbrock-4	19	0	7.5774702621914E-9	7.5774702621914E-9	TargetReached	1584	198	1584	0	0.794125	0.9999962837908789,0.9999891690121255,0.9999732675074439,0.999941053436546
rosenbrock-4	19	1	7.5774702621914E-9	7.5774702621914E-9	TargetReached	1584	198	1584	0	0.757209	0.9999962837908789,0.9999891690121255,0.9999732675074439,0.999941053436546
rosenbrock-4	19	2	7.5774702621914E-9	7.5774702621914E-9	TargetReached	1584	198	1584	0	0.77125	0.9999962837908789,0.9999891690121255,0.9999732675074439,0.999941053436546
rosenbrock-4	20	0	4.151475119340381E-9	4.151475119340381E-9	TargetReached	1464	183	1464	0	0.764167	1.00000321626041,1.0000028027949455,1.0000107059524697,1.000022411005936
rosenbrock-4	20	1	4.151475119340381E-9	4.151475119340381E-9	TargetReached	1464	183	1464	0	0.714625	1.00000321626041,1.0000028027949455,1.0000107059524697,1.000022411005936
rosenbrock-4	20	2	4.151475119340381E-9	4.151475119340381E-9	TargetReached	1464	183	1464	0	0.695	1.00000321626041,1.0000028027949455,1.0000107059524697,1.000022411005936
nonsmooth-8	1	0	9.886676756459617E-9	9.886676756459617E-9	TargetReached	3410	341	3410	0	3.645667	1.6856671919702955E-9,7.862905382677711E-10,-9.600711029832487E-10,-1.3737738072183038E-10,-4.523435155414715E-11,2.690997796027097E-10,-8.94222666133174E-11,9.149741930456199E-11
nonsmooth-8	1	1	9.886676756459617E-9	9.886676756459617E-9	TargetReached	3410	341	3410	0	3.591208	1.6856671919702955E-9,7.862905382677711E-10,-9.600711029832487E-10,-1.3737738072183038E-10,-4.523435155414715E-11,2.690997796027097E-10,-8.94222666133174E-11,9.149741930456199E-11
nonsmooth-8	1	2	9.886676756459617E-9	9.886676756459617E-9	TargetReached	3410	341	3410	0	3.634791	1.6856671919702955E-9,7.862905382677711E-10,-9.600711029832487E-10,-1.3737738072183038E-10,-4.523435155414715E-11,2.690997796027097E-10,-8.94222666133174E-11,9.149741930456199E-11
nonsmooth-8	2	0	9.979246335558855E-9	9.979246335558855E-9	TargetReached	3160	316	3160	0	3.425792	-2.984681132860357E-9,-1.5794682495936385E-10,-2.643494451297974E-10,2.9633586768651463E-10,8.204093430505512E-11,-1.6465798649874378E-10,3.7514099224725045E-10,8.451752629947851E-11
nonsmooth-8	2	1	9.979246335558855E-9	9.979246335558855E-9	TargetReached	3160	316	3160	0	3.306792	-2.984681132860357E-9,-1.5794682495936385E-10,-2.643494451297974E-10,2.9633586768651463E-10,8.204093430505512E-11,-1.6465798649874378E-10,3.7514099224725045E-10,8.451752629947851E-11
nonsmooth-8	2	2	9.979246335558855E-9	9.979246335558855E-9	TargetReached	3160	316	3160	0	3.41325	-2.984681132860357E-9,-1.5794682495936385E-10,-2.643494451297974E-10,2.9633586768651463E-10,8.204093430505512E-11,-1.6465798649874378E-10,3.7514099224725045E-10,8.451752629947851E-11
nonsmooth-8	3	0	9.794450148218392E-9	9.794450148218392E-9	TargetReached	3560	356	3560	0	3.784666	-1.4004749536147157E-10,6.374241914385738E-11,9.602129333633982E-10,-6.086247758196785E-10,6.653077803038314E-11,-2.600932557869203E-10,-2.556481718218081E-10,-6.612866044677548E-11
nonsmooth-8	3	1	9.794450148218392E-9	9.794450148218392E-9	TargetReached	3560	356	3560	0	3.7865	-1.4004749536147157E-10,6.374241914385738E-11,9.602129333633982E-10,-6.086247758196785E-10,6.653077803038314E-11,-2.600932557869203E-10,-2.556481718218081E-10,-6.612866044677548E-11
nonsmooth-8	3	2	9.794450148218392E-9	9.794450148218392E-9	TargetReached	3560	356	3560	0	3.769916	-1.4004749536147157E-10,6.374241914385738E-11,9.602129333633982E-10,-6.086247758196785E-10,6.653077803038314E-11,-2.600932557869203E-10,-2.556481718218081E-10,-6.612866044677548E-11
nonsmooth-8	4	0	8.037908452138555E-9	8.037908452138555E-9	TargetReached	3740	374	3740	0	4.080375	1.833784027705696E-9,-1.0701722296539894E-9,-1.8182623893058573E-10,1.8809335495192403E-10,-1.9771976298569214E-10,-1.452292831642359E-10,-4.814705610469297E-11,-7.111549023483769E-11
nonsmooth-8	4	1	8.037908452138555E-9	8.037908452138555E-9	TargetReached	3740	374	3740	0	3.987833	1.833784027705696E-9,-1.0701722296539894E-9,-1.8182623893058573E-10,1.8809335495192403E-10,-1.9771976298569214E-10,-1.452292831642359E-10,-4.814705610469297E-11,-7.111549023483769E-11
nonsmooth-8	4	2	8.037908452138555E-9	8.037908452138555E-9	TargetReached	3740	374	3740	0	3.962583	1.833784027705696E-9,-1.0701722296539894E-9,-1.8182623893058573E-10,1.8809335495192403E-10,-1.9771976298569214E-10,-1.452292831642359E-10,-4.814705610469297E-11,-7.111549023483769E-11
nonsmooth-8	5	0	9.664892508451671E-9	9.664892508451671E-9	TargetReached	2870	287	2870	0	3.045958	1.0736874877069691E-9,5.780152926156474E-10,8.315051361212939E-10,-4.826725932787733E-10,-3.7621000991319637E-10,1.8554078225639767E-11,5.818818959557722E-11,7.628460099319624E-11
nonsmooth-8	5	1	9.664892508451671E-9	9.664892508451671E-9	TargetReached	2870	287	2870	0	3.162958	1.0736874877069691E-9,5.780152926156474E-10,8.315051361212939E-10,-4.826725932787733E-10,-3.7621000991319637E-10,1.8554078225639767E-11,5.818818959557722E-11,7.628460099319624E-11
nonsmooth-8	5	2	9.664892508451671E-9	9.664892508451671E-9	TargetReached	2870	287	2870	0	3.034291	1.0736874877069691E-9,5.780152926156474E-10,8.315051361212939E-10,-4.826725932787733E-10,-3.7621000991319637E-10,1.8554078225639767E-11,5.818818959557722E-11,7.628460099319624E-11
nonsmooth-8	6	0	8.233996494671982E-9	8.233996494671982E-9	TargetReached	2780	278	2780	0	2.93325	1.864509284084205E-9,1.0565718598064559E-9,1.165134783976021E-11,-4.492832722350092E-10,-2.2401971267202785E-11,-5.0092120562395433E-11,2.333185424492123E-10,4.7307997707584555E-11
nonsmooth-8	6	1	8.233996494671982E-9	8.233996494671982E-9	TargetReached	2780	278	2780	0	2.952958	1.864509284084205E-9,1.0565718598064559E-9,1.165134783976021E-11,-4.492832722350092E-10,-2.2401971267202785E-11,-5.0092120562395433E-11,2.333185424492123E-10,4.7307997707584555E-11
nonsmooth-8	6	2	8.233996494671982E-9	8.233996494671982E-9	TargetReached	2780	278	2780	0	3.030625	1.864509284084205E-9,1.0565718598064559E-9,1.165134783976021E-11,-4.492832722350092E-10,-2.2401971267202785E-11,-5.0092120562395433E-11,2.333185424492123E-10,4.7307997707584555E-11
nonsmooth-8	7	0	6.53938466607275E-9	6.53938466607275E-9	TargetReached	3390	339	3390	0	3.832125	6.406760866420595E-11,-1.6066667465031415E-10,-2.4804515450704193E-10,-5.358597126733497E-10,8.338724102640791E-11,-1.8877329009297555E-10,2.3898866871322485E-10,-5.489095901365504E-12
nonsmooth-8	7	1	6.53938466607275E-9	6.53938466607275E-9	TargetReached	3390	339	3390	0	3.700833	6.406760866420595E-11,-1.6066667465031415E-10,-2.4804515450704193E-10,-5.358597126733497E-10,8.338724102640791E-11,-1.8877329009297555E-10,2.3898866871322485E-10,-5.489095901365504E-12
nonsmooth-8	7	2	6.53938466607275E-9	6.53938466607275E-9	TargetReached	3390	339	3390	0	3.540375	6.406760866420595E-11,-1.6066667465031415E-10,-2.4804515450704193E-10,-5.358597126733497E-10,8.338724102640791E-11,-1.8877329009297555E-10,2.3898866871322485E-10,-5.489095901365504E-12
nonsmooth-8	8	0	9.478467228791572E-9	9.478467228791572E-9	TargetReached	3450	345	3450	0	3.650125	4.058498110222065E-9,4.95049324415055E-10,2.799762085492813E-11,-5.49280982553608E-11,1.9598650524959576E-11,1.2756852915874395E-10,3.0058274184551306E-10,-1.4483519920716435E-10
nonsmooth-8	8	1	9.478467228791572E-9	9.478467228791572E-9	TargetReached	3450	345	3450	0	3.685542	4.058498110222065E-9,4.95049324415055E-10,2.799762085492813E-11,-5.49280982553608E-11,1.9598650524959576E-11,1.2756852915874395E-10,3.0058274184551306E-10,-1.4483519920716435E-10
nonsmooth-8	8	2	9.478467228791572E-9	9.478467228791572E-9	TargetReached	3450	345	3450	0	3.79375	4.058498110222065E-9,4.95049324415055E-10,2.799762085492813E-11,-5.49280982553608E-11,1.9598650524959576E-11,1.2756852915874395E-10,3.0058274184551306E-10,-1.4483519920716435E-10
nonsmooth-8	9	0	9.562872007039747E-9	9.562872007039747E-9	TargetReached	2670	267	2670	0	2.867292	-5.839139872807106E-10,1.3764774632399172E-10,-5.660240106305843E-10,-6.529711815518352E-11,4.4053065256801776E-10,1.9703655406434466E-10,4.3902578526533144E-10,3.579361731438609E-11
nonsmooth-8	9	1	9.562872007039747E-9	9.562872007039747E-9	TargetReached	2670	267	2670	0	2.856166	-5.839139872807106E-10,1.3764774632399172E-10,-5.660240106305843E-10,-6.529711815518352E-11,4.4053065256801776E-10,1.9703655406434466E-10,4.3902578526533144E-10,3.579361731438609E-11
nonsmooth-8	9	2	9.562872007039747E-9	9.562872007039747E-9	TargetReached	2670	267	2670	0	10.511375	-5.839139872807106E-10,1.3764774632399172E-10,-5.660240106305843E-10,-6.529711815518352E-11,4.4053065256801776E-10,1.9703655406434466E-10,4.3902578526533144E-10,3.579361731438609E-11
nonsmooth-8	10	0	8.554547541394526E-9	8.554547541394526E-9	TargetReached	2780	278	2780	0	3.063792	8.081050651915236E-10,-5.556648371771202E-10,-7.481455723553451E-10,7.48570751178012E-10,1.0425196366392105E-10,-7.606310635306002E-11,-3.940035529026347E-11,-1.7869017075108685E-11
nonsmooth-8	10	1	8.554547541394526E-9	8.554547541394526E-9	TargetReached	2780	278	2780	0	2.983958	8.081050651915236E-10,-5.556648371771202E-10,-7.481455723553451E-10,7.48570751178012E-10,1.0425196366392105E-10,-7.606310635306002E-11,-3.940035529026347E-11,-1.7869017075108685E-11
nonsmooth-8	10	2	8.554547541394526E-9	8.554547541394526E-9	TargetReached	2780	278	2780	0	3.045042	8.081050651915236E-10,-5.556648371771202E-10,-7.481455723553451E-10,7.48570751178012E-10,1.0425196366392105E-10,-7.606310635306002E-11,-3.940035529026347E-11,-1.7869017075108685E-11
nonsmooth-8	11	0	9.482079642005849E-9	9.482079642005849E-9	TargetReached	3420	342	3420	0	3.789583	1.2128237991449437E-9,2.0688976248711048E-10,-8.447099274871535E-10,2.374344158045592E-10,3.5669260976822377E-10,-7.835800424257799E-11,-2.944654065537193E-10,7.092494004295526E-12
nonsmooth-8	11	1	9.482079642005849E-9	9.482079642005849E-9	TargetReached	3420	342	3420	0	3.606417	1.2128237991449437E-9,2.0688976248711048E-10,-8.447099274871535E-10,2.374344158045592E-10,3.5669260976822377E-10,-7.835800424257799E-11,-2.944654065537193E-10,7.092494004295526E-12
nonsmooth-8	11	2	9.482079642005849E-9	9.482079642005849E-9	TargetReached	3420	342	3420	0	3.6265	1.2128237991449437E-9,2.0688976248711048E-10,-8.447099274871535E-10,2.374344158045592E-10,3.5669260976822377E-10,-7.835800424257799E-11,-2.944654065537193E-10,7.092494004295526E-12
nonsmooth-8	12	0	8.935512922048329E-9	8.935512922048329E-9	TargetReached	3270	327	3270	0	3.540083	-1.3006067560198585E-9,1.291651285579204E-10,4.8402957599607177E-11,1.0097445426002404E-9,-2.896159414531886E-10,-4.174041203734902E-11,1.762269772102784E-11,-1.7131347527195173E-10
nonsmooth-8	12	1	8.935512922048329E-9	8.935512922048329E-9	TargetReached	3270	327	3270	0	3.628208	-1.3006067560198585E-9,1.291651285579204E-10,4.8402957599607177E-11,1.0097445426002404E-9,-2.896159414531886E-10,-4.174041203734902E-11,1.762269772102784E-11,-1.7131347527195173E-10
nonsmooth-8	12	2	8.935512922048329E-9	8.935512922048329E-9	TargetReached	3270	327	3270	0	3.461292	-1.3006067560198585E-9,1.291651285579204E-10,4.8402957599607177E-11,1.0097445426002404E-9,-2.896159414531886E-10,-4.174041203734902E-11,1.762269772102784E-11,-1.7131347527195173E-10
nonsmooth-8	13	0	9.970805192679162E-9	9.970805192679162E-9	TargetReached	2990	299	2990	0	3.247459	2.5171377861998335E-10,-9.267066239587172E-11,-4.4125660955380045E-10,9.08141314021705E-11,5.294765614773153E-10,-5.416529209650284E-10,2.591799819433876E-10,-1.6895441027111296E-11
nonsmooth-8	13	1	9.970805192679162E-9	9.970805192679162E-9	TargetReached	2990	299	2990	0	3.259875	2.5171377861998335E-10,-9.267066239587172E-11,-4.4125660955380045E-10,9.08141314021705E-11,5.294765614773153E-10,-5.416529209650284E-10,2.591799819433876E-10,-1.6895441027111296E-11
nonsmooth-8	13	2	9.970805192679162E-9	9.970805192679162E-9	TargetReached	2990	299	2990	0	3.145334	2.5171377861998335E-10,-9.267066239587172E-11,-4.4125660955380045E-10,9.08141314021705E-11,5.294765614773153E-10,-5.416529209650284E-10,2.591799819433876E-10,-1.6895441027111296E-11
nonsmooth-8	14	0	9.373062218672091E-9	9.373062218672091E-9	TargetReached	3630	363	3630	0	3.850167	2.0311069824545938E-9,-3.295305424286771E-10,1.3458887331329157E-10,-1.370993519642592E-10,-4.248096196785619E-10,2.5794789947105633E-10,-2.8031688166727887E-10,-1.2097057084141267E-11
nonsmooth-8	14	1	9.373062218672091E-9	9.373062218672091E-9	TargetReached	3630	363	3630	0	3.850916	2.0311069824545938E-9,-3.295305424286771E-10,1.3458887331329157E-10,-1.370993519642592E-10,-4.248096196785619E-10,2.5794789947105633E-10,-2.8031688166727887E-10,-1.2097057084141267E-11
nonsmooth-8	14	2	9.373062218672091E-9	9.373062218672091E-9	TargetReached	3630	363	3630	0	3.844792	2.0311069824545938E-9,-3.295305424286771E-10,1.3458887331329157E-10,-1.370993519642592E-10,-4.248096196785619E-10,2.5794789947105633E-10,-2.8031688166727887E-10,-1.2097057084141267E-11
nonsmooth-8	15	0	8.253674336550555E-9	8.253674336550555E-9	TargetReached	3740	374	3740	0	4.025958	9.757672096935451E-10,-1.7617176815947604E-10,1.3012695711095999E-11,5.092723799814988E-10,3.304282697664513E-10,7.883429195205506E-11,-3.6327631256503317E-10,2.2669336872369375E-11
nonsmooth-8	15	1	8.253674336550555E-9	8.253674336550555E-9	TargetReached	3740	374	3740	0	4.018125	9.757672096935451E-10,-1.7617176815947604E-10,1.3012695711095999E-11,5.092723799814988E-10,3.304282697664513E-10,7.883429195205506E-11,-3.6327631256503317E-10,2.2669336872369375E-11
nonsmooth-8	15	2	8.253674336550555E-9	8.253674336550555E-9	TargetReached	3740	374	3740	0	3.950458	9.757672096935451E-10,-1.7617176815947604E-10,1.3012695711095999E-11,5.092723799814988E-10,3.304282697664513E-10,7.883429195205506E-11,-3.6327631256503317E-10,2.2669336872369375E-11
nonsmooth-8	16	0	7.033194025368515E-9	7.033194025368515E-9	TargetReached	2850	285	2850	0	2.989125	-7.534582207706705E-10,-5.025568854081133E-10,-1.1578190438513731E-10,-3.374162636252331E-10,-5.229804859124996E-11,-4.3952705795077725E-11,-3.58052864025171E-10,-6.825434252779505E-11
nonsmooth-8	16	1	7.033194025368515E-9	7.033194025368515E-9	TargetReached	2850	285	2850	0	3.115333	-7.534582207706705E-10,-5.025568854081133E-10,-1.1578190438513731E-10,-3.374162636252331E-10,-5.229804859124996E-11,-4.3952705795077725E-11,-3.58052864025171E-10,-6.825434252779505E-11
nonsmooth-8	16	2	7.033194025368515E-9	7.033194025368515E-9	TargetReached	2850	285	2850	0	3.041	-7.534582207706705E-10,-5.025568854081133E-10,-1.1578190438513731E-10,-3.374162636252331E-10,-5.229804859124996E-11,-4.3952705795077725E-11,-3.58052864025171E-10,-6.825434252779505E-11
nonsmooth-8	17	0	9.19384631453471E-9	9.19384631453471E-9	TargetReached	3140	314	3140	0	3.366375	-6.866055575652971E-10,-5.371928201686711E-10,1.2097150709811671E-9,2.0315501285616134E-10,-5.517913012806958E-11,4.1162800920188753E-10,1.2543538257075536E-11,1.9702672326590227E-11
nonsmooth-8	17	1	9.19384631453471E-9	9.19384631453471E-9	TargetReached	3140	314	3140	0	3.347792	-6.866055575652971E-10,-5.371928201686711E-10,1.2097150709811671E-9,2.0315501285616134E-10,-5.517913012806958E-11,4.1162800920188753E-10,1.2543538257075536E-11,1.9702672326590227E-11
nonsmooth-8	17	2	9.19384631453471E-9	9.19384631453471E-9	TargetReached	3140	314	3140	0	3.321167	-6.866055575652971E-10,-5.371928201686711E-10,1.2097150709811671E-9,2.0315501285616134E-10,-5.517913012806958E-11,4.1162800920188753E-10,1.2543538257075536E-11,1.9702672326590227E-11
nonsmooth-8	18	0	8.475311005805312E-9	8.475311005805312E-9	TargetReached	3810	381	3810	0	4.040791	6.09360498897512E-10,1.0064979412782225E-9,2.0978557743851396E-11,-1.0264682542666557E-10,1.3733426255189436E-10,1.925126111824557E-10,1.9199294690893658E-11,4.254112008403346E-10
nonsmooth-8	18	1	8.475311005805312E-9	8.475311005805312E-9	TargetReached	3810	381	3810	0	3.999833	6.09360498897512E-10,1.0064979412782225E-9,2.0978557743851396E-11,-1.0264682542666557E-10,1.3733426255189436E-10,1.925126111824557E-10,1.9199294690893658E-11,4.254112008403346E-10
nonsmooth-8	18	2	8.475311005805312E-9	8.475311005805312E-9	TargetReached	3810	381	3810	0	4.004042	6.09360498897512E-10,1.0064979412782225E-9,2.0978557743851396E-11,-1.0264682542666557E-10,1.3733426255189436E-10,1.925126111824557E-10,1.9199294690893658E-11,4.254112008403346E-10
nonsmooth-8	19	0	7.718552738913173E-9	7.718552738913173E-9	TargetReached	3110	311	3110	0	3.328083	-7.205990702236824E-11,-5.943067535111912E-11,5.484093316853086E-10,-2.525058230987306E-10,-3.2823022995419426E-10,-1.0090635606605725E-10,7.348188879090592E-11,-2.6392721075425773E-10
nonsmooth-8	19	1	7.718552738913173E-9	7.718552738913173E-9	TargetReached	3110	311	3110	0	3.316041	-7.205990702236824E-11,-5.943067535111912E-11,5.484093316853086E-10,-2.525058230987306E-10,-3.2823022995419426E-10,-1.0090635606605725E-10,7.348188879090592E-11,-2.6392721075425773E-10
nonsmooth-8	19	2	7.718552738913173E-9	7.718552738913173E-9	TargetReached	3110	311	3110	0	3.315041	-7.205990702236824E-11,-5.943067535111912E-11,5.484093316853086E-10,-2.525058230987306E-10,-3.2823022995419426E-10,-1.0090635606605725E-10,7.348188879090592E-11,-2.6392721075425773E-10
nonsmooth-8	20	0	9.544950015957622E-9	9.544950015957622E-9	TargetReached	4270	427	4270	0	4.531458	2.0636009084597445E-9,4.4490962967663584E-10,1.5304608011296213E-10,1.3941006777615986E-10,2.677988961974547E-10,-2.01011573894963E-10,-1.4746198138723018E-10,-2.496816928291772E-10
nonsmooth-8	20	1	9.544950015957622E-9	9.544950015957622E-9	TargetReached	4270	427	4270	0	4.417042	2.0636009084597445E-9,4.4490962967663584E-10,1.5304608011296213E-10,1.3941006777615986E-10,2.677988961974547E-10,-2.01011573894963E-10,-1.4746198138723018E-10,-2.496816928291772E-10
nonsmooth-8	20	2	9.544950015957622E-9	9.544950015957622E-9	TargetReached	4270	427	4270	0	4.432166	2.0636009084597445E-9,4.4490962967663584E-10,1.5304608011296213E-10,1.3941006777615986E-10,2.677988961974547E-10,-2.01011573894963E-10,-1.4746198138723018E-10,-2.496816928291772E-10
rastrigin-4	1	0	1.989918114186581	1.989918114186581	EvaluationLimit	15000	1875	15000	0	8.969708	0.994958637654868,6.635416723598472E-11,-8.292668220733366E-10,0.9949586380970663
rastrigin-4	1	1	1.989918114186581	1.989918114186581	EvaluationLimit	15000	1875	15000	0	8.839875	0.994958637654868,6.635416723598472E-11,-8.292668220733366E-10,0.9949586380970663
rastrigin-4	1	2	1.989918114186581	1.989918114186581	EvaluationLimit	15000	1875	15000	0	8.610083	0.994958637654868,6.635416723598472E-11,-8.292668220733366E-10,0.9949586380970663
rastrigin-4	2	0	4.974790247647377	4.974790247647377	EvaluationLimit	15000	1875	15000	0	8.711833	1.9899122343554811,1.143587451225226E-9,2.7500243462297648E-11,0.9949586379335031
rastrigin-4	2	1	4.974790247647377	4.974790247647377	EvaluationLimit	15000	1875	15000	0	8.645917	1.9899122343554811,1.143587451225226E-9,2.7500243462297648E-11,0.9949586379335031
rastrigin-4	2	2	4.974790247647377	4.974790247647377	EvaluationLimit	15000	1875	15000	0	8.628834	1.9899122343554811,1.143587451225226E-9,2.7500243462297648E-11,0.9949586379335031
rastrigin-4	3	0	0.9949590570932904	0.9949590570932904	ConditionLimit	14432	1804	14432	0	8.232292	0.9949586374581962,-8.720671817791888E-11,-8.476166897842336E-10,-2.86739685019528E-10
rastrigin-4	3	1	0.9949590570932904	0.9949590570932904	ConditionLimit	14432	1804	14432	0	8.087459	0.9949586374581962,-8.720671817791888E-11,-8.476166897842336E-10,-2.86739685019528E-10
rastrigin-4	3	2	0.9949590570932904	0.9949590570932904	ConditionLimit	14432	1804	14432	0	13.467291	0.9949586374581962,-8.720671817791888E-11,-8.476166897842336E-10,-2.86739685019528E-10
rastrigin-4	4	0	13.929391489134385	13.929391489134385	EvaluationLimit	15000	1875	15000	0	8.815375	-0.9949586381880373,1.9899122337878221,9.092594286951361E-12,2.9848557014122203
rastrigin-4	4	1	13.929391489134385	13.929391489134385	EvaluationLimit	15000	1875	15000	0	8.801208	-0.9949586381880373,1.9899122337878221,9.092594286951361E-12,2.9848557014122203
rastrigin-4	4	2	13.929391489134385	13.929391489134385	EvaluationLimit	15000	1875	15000	0	8.80975	-0.9949586381880373,1.9899122337878221,9.092594286951361E-12,2.9848557014122203
rastrigin-4	5	0	7.959662381108172	7.959662381108172	EvaluationLimit	15000	1875	15000	0	8.8045	-1.019438270384729E-9,1.4517781473805545E-9,1.9899122343851963,1.9899122328898318
rastrigin-4	5	1	7.959662381108172	7.959662381108172	EvaluationLimit	15000	1875	15000	0	8.593209	-1.019438270384729E-9,1.4517781473805545E-9,1.9899122343851963,1.9899122328898318
rastrigin-4	5	2	7.959662381108172	7.959662381108172	EvaluationLimit	15000	1875	15000	0	8.680708	-1.019438270384729E-9,1.4517781473805545E-9,1.9899122343851963,1.9899122328898318
rastrigin-4	6	0	6.964708361833957	6.964708361833957	EvaluationLimit	15000	1875	15000	0	21.822375	-1.9899122343342182,-0.9949586373845225,0.9949586376918627,0.9949586388140707
rastrigin-4	6	1	6.964708361833957	6.964708361833957	EvaluationLimit	15000	1875	15000	0	7.709542	-1.9899122343342182,-0.9949586373845225,0.9949586376918627,0.9949586388140707
rastrigin-4	6	2	6.964708361833957	6.964708361833957	EvaluationLimit	15000	1875	15000	0	7.487708	-1.9899122343342182,-0.9949586373845225,0.9949586376918627,0.9949586388140707
rastrigin-4	7	0	2.984877171279871	2.984877171279871	EvaluationLimit	15000	1875	15000	0	7.607208	-0.994958637600987,-0.9949586378253907,0.9949586379321483,-9.571336551596122E-10
rastrigin-4	7	1	2.984877171279871	2.984877171279871	EvaluationLimit	15000	1875	15000	0	7.543792	-0.994958637600987,-0.9949586378253907,0.9949586379321483,-9.571336551596122E-10
rastrigin-4	7	2	2.984877171279871	2.984877171279871	EvaluationLimit	15000	1875	15000	0	7.450959	-0.994958637600987,-0.9949586378253907,0.9949586379321483,-9.571336551596122E-10
rastrigin-4	8	0	0.9949590570932902	0.9949590570932902	EvaluationLimit	15000	1875	15000	0	7.274833	6.690071423984746E-10,-6.04116926807934E-10,-0.9949586372365965,1.0665880847537584E-9
rastrigin-4	8	1	0.9949590570932902	0.9949590570932902	EvaluationLimit	15000	1875	15000	0	7.402875	6.690071423984746E-10,-6.04116926807934E-10,-0.9949586372365965,1.0665880847537584E-9
rastrigin-4	8	2	0.9949590570932902	0.9949590570932902	EvaluationLimit	15000	1875	15000	0	7.377083	6.690071423984746E-10,-6.04116926807934E-10,-0.9949586372365965,1.0665880847537584E-9
rastrigin-4	9	0	5.1511268955285495E-9	5.1511268955285495E-9	TargetReached	1560	195	1560	0	0.9205	4.268305716716898E-6,-1.9969343616455524E-7,3.443039490780715E-7,2.7545457980214265E-6
rastrigin-4	9	1	5.1511268955285495E-9	5.1511268955285495E-9	TargetReached	1560	195	1560	0	0.857958	4.268305716716898E-6,-1.9969343616455524E-7,3.443039490780715E-7,2.7545457980214265E-6
rastrigin-4	9	2	5.1511268955285495E-9	5.1511268955285495E-9	TargetReached	1560	195	1560	0	1.091791	4.268305716716898E-6,-1.9969343616455524E-7,3.443039490780715E-7,2.7545457980214265E-6
rastrigin-4	10	0	2.9848771712798716	2.9848771712798716	EvaluationLimit	15000	1875	15000	0	7.617417	-6.395880209028712E-10,0.9949586375283886,0.9949586380569817,0.9949586371779232
rastrigin-4	10	1	2.9848771712798716	2.9848771712798716	EvaluationLimit	15000	1875	15000	0	7.572625	-6.395880209028712E-10,0.9949586375283886,0.9949586380569817,0.9949586371779232
rastrigin-4	10	2	2.9848771712798716	2.9848771712798716	EvaluationLimit	15000	1875	15000	0	7.618167	-6.395880209028712E-10,0.9949586375283886,0.9949586380569817,0.9949586371779232
rastrigin-4	11	0	5.969749304740668	5.969749304740668	EvaluationLimit	15000	1875	15000	0	7.835542	0.9949586373300153,-1.7550349700863045E-10,0.9949586378957687,1.9899122332588126
rastrigin-4	11	1	5.969749304740668	5.969749304740668	EvaluationLimit	15000	1875	15000	0	7.745625	0.9949586373300153,-1.7550349700863045E-10,0.9949586378957687,1.9899122332588126
rastrigin-4	11	2	5.969749304740668	5.969749304740668	EvaluationLimit	15000	1875	15000	0	7.852625	0.9949586373300153,-1.7550349700863045E-10,0.9949586378957687,1.9899122332588126
rastrigin-4	12	0	9.949580495294754	9.949580495294754	EvaluationLimit	15000	1875	15000	0	7.686625	1.9899122334112875,0.9949586370097581,-1.9899122326173797,0.9949586374149617
rastrigin-4	12	1	9.949580495294754	9.949580495294754	EvaluationLimit	15000	1875	15000	0	7.850334	1.9899122334112875,0.9949586370097581,-1.9899122326173797,0.9949586374149617
rastrigin-4	12	2	9.949580495294754	9.949580495294754	EvaluationLimit	15000	1875	15000	0	7.779833	1.9899122334112875,0.9949586370097581,-1.9899122326173797,0.9949586374149617
rastrigin-4	13	0	8.954621438201464	8.954621438201464	EvaluationLimit	15000	1875	15000	0	7.710541	-5.683106247636193E-10,0.9949586372946408,1.9899122343104139,1.9899122344199986
rastrigin-4	13	1	8.954621438201464	8.954621438201464	EvaluationLimit	15000	1875	15000	0	7.627167	-5.683106247636193E-10,0.9949586372946408,1.9899122343104139,1.9899122344199986
rastrigin-4	13	2	8.954621438201464	8.954621438201464	EvaluationLimit	15000	1875	15000	0	7.839333	-5.683106247636193E-10,0.9949586372946408,1.9899122343104139,1.9899122344199986
rastrigin-4	14	0	5.969749304740668	5.969749304740668	EvaluationLimit	15000	1875	15000	0	7.964334	-1.9899122344491396,-0.9949586378898009,0.9949586374411228,9.810902900793057E-11
rastrigin-4	14	1	5.969749304740668	5.969749304740668	EvaluationLimit	15000	1875	15000	0	8.037125	-1.9899122344491396,-0.9949586378898009,0.9949586374411228,9.810902900793057E-11
rastrigin-4	14	2	5.969749304740668	5.969749304740668	EvaluationLimit	15000	1875	15000	0	7.858875	-1.9899122344491396,-0.9949586378898009,0.9949586374411228,9.810902900793057E-11
rastrigin-4	15	0	5.969749304740668	5.969749304740668	EvaluationLimit	15000	1875	15000	0	7.856875	0.9949586382733249,-1.9899122339985678,-1.0329908607682614E-9,0.9949586376867255
rastrigin-4	15	1	5.969749304740668	5.969749304740668	EvaluationLimit	15000	1875	15000	0	7.783917	0.9949586382733249,-1.9899122339985678,-1.0329908607682614E-9,0.9949586376867255
rastrigin-4	15	2	5.969749304740668	5.969749304740668	EvaluationLimit	15000	1875	15000	0	7.81775	0.9949586382733249,-1.9899122339985678,-1.0329908607682614E-9,0.9949586376867255
rastrigin-4	16	0	4.974790247647377	4.974790247647377	EvaluationLimit	15000	1875	15000	0	7.666041	0.9949586368595861,1.989912233605675,-9.646236660567232E-10,1.0246571026304922E-9
rastrigin-4	16	1	4.974790247647377	4.974790247647377	EvaluationLimit	15000	1875	15000	0	7.72175	0.9949586368595861,1.989912233605675,-9.646236660567232E-10,1.0246571026304922E-9
rastrigin-4	16	2	4.974790247647377	4.974790247647377	EvaluationLimit	15000	1875	15000	0	7.654208	0.9949586368595861,1.989912233605675,-9.646236660567232E-10,1.0246571026304922E-9
rastrigin-4	17	0	5.969749304740668	5.969749304740668	EvaluationLimit	15000	1875	15000	0	7.904708	0.9949586377869307,0.9949586380670892,-1.9899122336179287,-1.2273253545088241E-9
rastrigin-4	17	1	5.969749304740668	5.969749304740668	EvaluationLimit	15000	1875	15000	0	8.151709	0.9949586377869307,0.9949586380670892,-1.9899122336179287,-1.2273253545088241E-9
rastrigin-4	17	2	5.969749304740668	5.969749304740668	EvaluationLimit	15000	1875	15000	0	8.153834	0.9949586377869307,0.9949586380670892,-1.9899122336179287,-1.2273253545088241E-9
rastrigin-4	18	0	1.989918114186581	1.989918114186581	ConditionLimit	9864	1233	9864	0	11.074125	-1.0147129206358549E-10,0.9949586387993424,-2.568792136682888E-10,-0.9949586377751675
rastrigin-4	18	1	1.989918114186581	1.989918114186581	ConditionLimit	9864	1233	9864	0	10.905625	-1.0147129206358549E-10,0.9949586387993424,-2.568792136682888E-10,-0.9949586377751675
rastrigin-4	18	2	1.989918114186581	1.989918114186581	ConditionLimit	9864	1233	9864	0	7.870708	-1.0147129206358549E-10,0.9949586387993424,-2.568792136682888E-10,-0.9949586377751675
rastrigin-4	19	0	3.979836228373162	3.979836228373162	NoRepresentableStep	11464	1433	11472	0	9.436417	0.9949586375067748,-0.9949586377450619,0.9949586379754333,-0.9949586371573402
rastrigin-4	19	1	3.979836228373162	3.979836228373162	NoRepresentableStep	11464	1433	11472	0	9.39275	0.9949586375067748,-0.9949586377450619,0.9949586379754333,-0.9949586371573402
rastrigin-4	19	2	3.979836228373162	3.979836228373162	NoRepresentableStep	11464	1433	11472	0	10.471959	0.9949586375067748,-0.9949586377450619,0.9949586379754333,-0.9949586371573402
rastrigin-4	20	0	3.939863292797387E-9	3.939863292797387E-9	TargetReached	1336	167	1336	0	1.191291	-3.338221222315283E-6,-4.375442865158223E-7,-2.877747307382463E-6,-4.923171288083763E-7
rastrigin-4	20	1	3.939863292797387E-9	3.939863292797387E-9	TargetReached	1336	167	1336	0	1.156625	-3.338221222315283E-6,-4.375442865158223E-7,-2.877747307382463E-6,-4.923171288083763E-7
rastrigin-4	20	2	3.939863292797387E-9	3.939863292797387E-9	TargetReached	1336	167	1336	0	1.101458	-3.338221222315283E-6,-4.375442865158223E-7,-2.877747307382463E-6,-4.923171288083763E-7
noisy-sphere-8	1	0	8.861745181596473E-10	8.907117879422758E-10	TargetReached	1290	129	1290	0	2.642875	-1.4891047806129976E-5,-4.406055160097172E-6,-5.826372797730876E-6,-1.006287838820374E-5,-1.3736509735750884E-5,5.15341852959416E-6,-1.7182282597299463E-5,1.9664084405557803E-6
noisy-sphere-8	1	1	8.861745181596473E-10	8.907117879422758E-10	TargetReached	1290	129	1290	0	2.748	-1.4891047806129976E-5,-4.406055160097172E-6,-5.826372797730876E-6,-1.006287838820374E-5,-1.3736509735750884E-5,5.15341852959416E-6,-1.7182282597299463E-5,1.9664084405557803E-6
noisy-sphere-8	1	2	8.861745181596473E-10	8.907117879422758E-10	TargetReached	1290	129	1290	0	2.48475	-1.4891047806129976E-5,-4.406055160097172E-6,-5.826372797730876E-6,-1.006287838820374E-5,-1.3736509735750884E-5,5.15341852959416E-6,-1.7182282597299463E-5,1.9664084405557803E-6
noisy-sphere-8	2	0	7.566134645332725E-10	7.598996635188614E-10	TargetReached	1410	141	1410	0	2.12475	1.1091932709518806E-5,6.655552290541304E-6,-1.2406195379353022E-5,4.932894110703695E-6,1.2465308589845095E-6,1.153240707819629E-5,1.2743101807486838E-5,1.0834587764217717E-5
noisy-sphere-8	2	1	7.566134645332725E-10	7.598996635188614E-10	TargetReached	1410	141	1410	0	2.065041	1.1091932709518806E-5,6.655552290541304E-6,-1.2406195379353022E-5,4.932894110703695E-6,1.2465308589845095E-6,1.153240707819629E-5,1.2743101807486838E-5,1.0834587764217717E-5
noisy-sphere-8	2	2	7.566134645332725E-10	7.598996635188614E-10	TargetReached	1410	141	1410	0	2.132042	1.1091932709518806E-5,6.655552290541304E-6,-1.2406195379353022E-5,4.932894110703695E-6,1.2465308589845095E-6,1.153240707819629E-5,1.2743101807486838E-5,1.0834587764217717E-5
noisy-sphere-8	3	0	9.0905147315905E-10	9.303829675360295E-10	TargetReached	1390	139	1390	0	1.908292	-5.333297346007545E-6,1.4694733269941815E-5,-1.5063499723887685E-6,-1.7857205024064405E-5,4.780433718423447E-6,-1.3541583937747758E-5,1.2552448012633725E-5,-1.031438985299988E-6
noisy-sphere-8	3	1	9.0905147315905E-10	9.303829675360295E-10	TargetReached	1390	139	1390	0	1.760167	-5.333297346007545E-6,1.4694733269941815E-5,-1.5063499723887685E-6,-1.7857205024064405E-5,4.780433718423447E-6,-1.3541583937747758E-5,1.2552448012633725E-5,-1.031438985299988E-6
noisy-sphere-8	3	2	9.0905147315905E-10	9.303829675360295E-10	TargetReached	1390	139	1390	0	1.998459	-5.333297346007545E-6,1.4694733269941815E-5,-1.5063499723887685E-6,-1.7857205024064405E-5,4.780433718423447E-6,-1.3541583937747758E-5,1.2552448012633725E-5,-1.031438985299988E-6
noisy-sphere-8	4	0	7.299234427698627E-10	8.189716097308791E-10	TargetReached	1370	137	1370	0	1.991792	7.057825152404891E-6,-1.3762464478057212E-5,1.488979156547195E-6,3.983427264926166E-6,-2.6137312504690434E-6,1.4210442437590208E-5,-3.0123567770304597E-6,-1.8542544996890793E-5
noisy-sphere-8	4	1	7.299234427698627E-10	8.189716097308791E-10	TargetReached	1370	137	1370	0	1.982917	7.057825152404891E-6,-1.3762464478057212E-5,1.488979156547195E-6,3.983427264926166E-6,-2.6137312504690434E-6,1.4210442437590208E-5,-3.0123567770304597E-6,-1.8542544996890793E-5
noisy-sphere-8	4	2	7.299234427698627E-10	8.189716097308791E-10	TargetReached	1370	137	1370	0	1.957917	7.057825152404891E-6,-1.3762464478057212E-5,1.488979156547195E-6,3.983427264926166E-6,-2.6137312504690434E-6,1.4210442437590208E-5,-3.0123567770304597E-6,-1.8542544996890793E-5
noisy-sphere-8	5	0	4.914723043293783E-10	4.89966213316782E-10	TargetReached	1360	136	1360	0	1.9815	-5.099831241772098E-6,5.862945566434619E-6,-7.570940065935987E-6,8.621367562225625E-7,8.974359867911333E-6,1.2981574017702775E-5,1.8262867555421588E-6,-1.0914470592268096E-5
noisy-sphere-8	5	1	4.914723043293783E-10	4.89966213316782E-10	TargetReached	1360	136	1360	0	1.930625	-5.099831241772098E-6,5.862945566434619E-6,-7.570940065935987E-6,8.621367562225625E-7,8.974359867911333E-6,1.2981574017702775E-5,1.8262867555421588E-6,-1.0914470592268096E-5
noisy-sphere-8	5	2	4.914723043293783E-10	4.89966213316782E-10	TargetReached	1360	136	1360	0	1.943542	-5.099831241772098E-6,5.862945566434619E-6,-7.570940065935987E-6,8.621367562225625E-7,8.974359867911333E-6,1.2981574017702775E-5,1.8262867555421588E-6,-1.0914470592268096E-5
noisy-sphere-8	6	0	8.485956780055323E-10	8.823528052905711E-10	TargetReached	1430	143	1430	0	2.089	-3.4996902389023324E-6,-4.694849232563069E-6,-6.182519124767458E-6,-1.4324903657130873E-5,8.177901000914092E-6,-5.488555771492947E-6,-1.3287875174340965E-5,1.8195247203739796E-5
noisy-sphere-8	6	1	8.485956780055323E-10	8.823528052905711E-10	TargetReached	1430	143	1430	0	2.082625	-3.4996902389023324E-6,-4.694849232563069E-6,-6.182519124767458E-6,-1.4324903657130873E-5,8.177901000914092E-6,-5.488555771492947E-6,-1.3287875174340965E-5,1.8195247203739796E-5
noisy-sphere-8	6	2	8.485956780055323E-10	8.823528052905711E-10	TargetReached	1430	143	1430	0	2.067417	-3.4996902389023324E-6,-4.694849232563069E-6,-6.182519124767458E-6,-1.4324903657130873E-5,8.177901000914092E-6,-5.488555771492947E-6,-1.3287875174340965E-5,1.8195247203739796E-5
noisy-sphere-8	7	0	9.051299077664762E-10	9.407317257738097E-10	TargetReached	1360	136	1360	0	1.987708	-9.458288226669458E-6,-1.195949549506728E-5,2.0805320765992908E-6,8.415005404854847E-7,-3.916198606087069E-6,1.2083479793068481E-5,1.203622488363561E-5,1.9924568636130205E-5
noisy-sphere-8	7	1	9.051299077664762E-10	9.407317257738097E-10	TargetReached	1360	136	1360	0	1.957625	-9.458288226669458E-6,-1.195949549506728E-5,2.0805320765992908E-6,8.415005404854847E-7,-3.916198606087069E-6,1.2083479793068481E-5,1.203622488363561E-5,1.9924568636130205E-5
noisy-sphere-8	7	2	9.051299077664762E-10	9.407317257738097E-10	TargetReached	1360	136	1360	0	1.942125	-9.458288226669458E-6,-1.195949549506728E-5,2.0805320765992908E-6,8.415005404854847E-7,-3.916198606087069E-6,1.2083479793068481E-5,1.203622488363561E-5,1.9924568636130205E-5
noisy-sphere-8	8	0	6.929414699189392E-10	6.887715491503184E-10	TargetReached	1370	137	1370	0	1.978042	-1.7455623773182363E-6,-1.4846219158117974E-6,-1.0361659953197662E-5,1.0554922581122447E-5,1.0303929185336703E-5,6.880923380585324E-6,4.434777951678356E-6,-1.707526727517026E-5
noisy-sphere-8	8	1	6.929414699189392E-10	6.887715491503184E-10	TargetReached	1370	137	1370	0	1.965041	-1.7455623773182363E-6,-1.4846219158117974E-6,-1.0361659953197662E-5,1.0554922581122447E-5,1.0303929185336703E-5,6.880923380585324E-6,4.434777951678356E-6,-1.707526727517026E-5
noisy-sphere-8	8	2	6.929414699189392E-10	6.887715491503184E-10	TargetReached	1370	137	1370	0	1.957916	-1.7455623773182363E-6,-1.4846219158117974E-6,-1.0361659953197662E-5,1.0554922581122447E-5,1.0303929185336703E-5,6.880923380585324E-6,4.434777951678356E-6,-1.707526727517026E-5
noisy-sphere-8	9	0	7.45031382054949E-10	7.532198673896021E-10	TargetReached	1340	134	1340	0	1.925041	3.248061005829797E-6,3.65674698977327E-7,-1.3557271617123555E-5,-3.094921377764264E-6,1.544246471106064E-5,1.0284079628829153E-5,-1.016353853025201E-5,1.0081099714374545E-5
noisy-sphere-8	9	1	7.45031382054949E-10	7.532198673896021E-10	TargetReached	1340	134	1340	0	1.9035	3.248061005829797E-6,3.65674698977327E-7,-1.3557271617123555E-5,-3.094921377764264E-6,1.544246471106064E-5,1.0284079628829153E-5,-1.016353853025201E-5,1.0081099714374545E-5
noisy-sphere-8	9	2	7.45031382054949E-10	7.532198673896021E-10	TargetReached	1340	134	1340	0	1.878292	3.248061005829797E-6,3.65674698977327E-7,-1.3557271617123555E-5,-3.094921377764264E-6,1.544246471106064E-5,1.0284079628829153E-5,-1.016353853025201E-5,1.0081099714374545E-5
noisy-sphere-8	10	0	9.529503978628168E-10	9.741305420580687E-10	TargetReached	1330	133	1330	0	1.936333	6.114628587864515E-6,1.2877447128167178E-5,1.7990527712833245E-5,1.4132745884051835E-6,1.1900686431851592E-5,-7.863343044317967E-6,8.53670392340356E-6,1.2997036856361168E-5
noisy-sphere-8	10	1	9.529503978628168E-10	9.741305420580687E-10	TargetReached	1330	133	1330	0	1.602292	6.114628587864515E-6,1.2877447128167178E-5,1.7990527712833245E-5,1.4132745884051835E-6,1.1900686431851592E-5,-7.863343044317967E-6,8.53670392340356E-6,1.2997036856361168E-5
noisy-sphere-8	10	2	9.529503978628168E-10	9.741305420580687E-10	TargetReached	1330	133	1330	0	1.513416	6.114628587864515E-6,1.2877447128167178E-5,1.7990527712833245E-5,1.4132745884051835E-6,1.1900686431851592E-5,-7.863343044317967E-6,8.53670392340356E-6,1.2997036856361168E-5
noisy-sphere-8	11	0	2.981207405133657E-10	3.2588417718615564E-10	TargetReached	1330	133	1330	0	1.513541	1.3297960320814597E-5,-4.910316964957055E-6,8.286479309324557E-6,-1.697988381974085E-7,-2.1328991614060356E-6,3.57004376191679E-6,-1.0140657975925068E-6,6.157909066392541E-6
noisy-sphere-8	11	1	2.981207405133657E-10	3.2588417718615564E-10	TargetReached	1330	133	1330	0	1.468292	1.3297960320814597E-5,-4.910316964957055E-6,8.286479309324557E-6,-1.697988381974085E-7,-2.1328991614060356E-6,3.57004376191679E-6,-1.0140657975925068E-6,6.157909066392541E-6
noisy-sphere-8	11	2	2.981207405133657E-10	3.2588417718615564E-10	TargetReached	1330	133	1330	0	1.448958	1.3297960320814597E-5,-4.910316964957055E-6,8.286479309324557E-6,-1.697988381974085E-7,-2.1328991614060356E-6,3.57004376191679E-6,-1.0140657975925068E-6,6.157909066392541E-6
noisy-sphere-8	12	0	9.98375764448155E-10	1.015078685926912E-9	TargetReached	1360	136	1360	0	1.515	-2.3903055482077094E-7,8.29269945709535E-6,9.00406722273192E-6,-4.217824567157933E-6,-1.2264593753319972E-5,2.45911722096286E-5,-9.557627406644841E-6,9.46130637086824E-7
noisy-sphere-8	12	1	9.98375764448155E-10	1.015078685926912E-9	TargetReached	1360	136	1360	0	1.507917	-2.3903055482077094E-7,8.29269945709535E-6,9.00406722273192E-6,-4.217824567157933E-6,-1.2264593753319972E-5,2.45911722096286E-5,-9.557627406644841E-6,9.46130637086824E-7
noisy-sphere-8	12	2	9.98375764448155E-10	1.015078685926912E-9	TargetReached	1360	136	1360	0	1.493334	-2.3903055482077094E-7,8.29269945709535E-6,9.00406722273192E-6,-4.217824567157933E-6,-1.2264593753319972E-5,2.45911722096286E-5,-9.557627406644841E-6,9.46130637086824E-7
noisy-sphere-8	13	0	9.999733929826415E-10	9.69525043718185E-10	TargetReached	1460	146	1460	0	1.653125	1.4849294191995908E-5,1.1019500021198262E-5,1.5007789151713091E-5,1.0739636255918379E-6,-1.1000932910425837E-6,1.0851330567627843E-5,4.750028708803882E-6,-1.6114671539866685E-5
noisy-sphere-8	13	1	9.999733929826415E-10	9.69525043718185E-10	TargetReached	1460	146	1460	0	1.661709	1.4849294191995908E-5,1.1019500021198262E-5,1.5007789151713091E-5,1.0739636255918379E-6,-1.1000932910425837E-6,1.0851330567627843E-5,4.750028708803882E-6,-1.6114671539866685E-5
noisy-sphere-8	13	2	9.999733929826415E-10	9.69525043718185E-10	TargetReached	1460	146	1460	0	1.642417	1.4849294191995908E-5,1.1019500021198262E-5,1.5007789151713091E-5,1.0739636255918379E-6,-1.1000932910425837E-6,1.0851330567627843E-5,4.750028708803882E-6,-1.6114671539866685E-5
noisy-sphere-8	14	0	6.678296069612666E-10	7.463215729997073E-10	TargetReached	1360	136	1360	0	1.530542	1.3120013713082295E-5,-1.4146686919307178E-5,1.1550724824884493E-5,4.513102996490902E-6,-4.762169799174472E-6,4.184536500230704E-6,-7.115986956834498E-6,-1.1377382935035359E-5
noisy-sphere-8	14	1	6.678296069612666E-10	7.463215729997073E-10	TargetReached	1360	136	1360	0	1.505375	1.3120013713082295E-5,-1.4146686919307178E-5,1.1550724824884493E-5,4.513102996490902E-6,-4.762169799174472E-6,4.184536500230704E-6,-7.115986956834498E-6,-1.1377382935035359E-5
noisy-sphere-8	14	2	6.678296069612666E-10	7.463215729997073E-10	TargetReached	1360	136	1360	0	1.480625	1.3120013713082295E-5,-1.4146686919307178E-5,1.1550724824884493E-5,4.513102996490902E-6,-4.762169799174472E-6,4.184536500230704E-6,-7.115986956834498E-6,-1.1377382935035359E-5
noisy-sphere-8	15	0	9.83268633607606E-10	1.0306691158572364E-9	TargetReached	1390	139	1390	0	1.559709	1.9127652035473352E-5,-1.7670337007136016E-5,1.3822269229036842E-5,-4.96888539813339E-6,4.409724130404881E-6,5.682546408700819E-6,1.8126518033359513E-6,9.043980187291167E-6
noisy-sphere-8	15	1	9.83268633607606E-10	1.0306691158572364E-9	TargetReached	1390	139	1390	0	1.541083	1.9127652035473352E-5,-1.7670337007136016E-5,1.3822269229036842E-5,-4.96888539813339E-6,4.409724130404881E-6,5.682546408700819E-6,1.8126518033359513E-6,9.043980187291167E-6
noisy-sphere-8	15	2	9.83268633607606E-10	1.0306691158572364E-9	TargetReached	1390	139	1390	0	1.533333	1.9127652035473352E-5,-1.7670337007136016E-5,1.3822269229036842E-5,-4.96888539813339E-6,4.409724130404881E-6,5.682546408700819E-6,1.8126518033359513E-6,9.043980187291167E-6
noisy-sphere-8	16	0	6.195723590338592E-10	5.126686683070428E-10	TargetReached	1280	128	1280	0	1.438916	-6.514447279278696E-6,9.31987101543525E-6,8.424051555632741E-6,9.214218721956305E-6,5.25178615228871E-6,-3.4615827945738878E-6,3.6146050820935113E-6,-1.3224030959114735E-5
noisy-sphere-8	16	1	6.195723590338592E-10	5.126686683070428E-10	TargetReached	1280	128	1280	0	1.455959	-6.514447279278696E-6,9.31987101543525E-6,8.424051555632741E-6,9.214218721956305E-6,5.25178615228871E-6,-3.4615827945738878E-6,3.6146050820935113E-6,-1.3224030959114735E-5
noisy-sphere-8	16	2	6.195723590338592E-10	5.126686683070428E-10	TargetReached	1280	128	1280	0	1.456416	-6.514447279278696E-6,9.31987101543525E-6,8.424051555632741E-6,9.214218721956305E-6,5.25178615228871E-6,-3.4615827945738878E-6,3.6146050820935113E-6,-1.3224030959114735E-5
noisy-sphere-8	17	0	4.3671134200820506E-10	4.763115197015304E-10	TargetReached	1360	136	1360	0	1.557375	-3.0452832374932717E-6,-8.38975088561613E-6,1.4199907457661927E-5,1.1514842021268115E-5,-4.74999231721887E-8,-2.0257408140086113E-6,7.436082537071592E-6,-1.7377242632157689E-6
noisy-sphere-8	17	1	4.3671134200820506E-10	4.763115197015304E-10	TargetReached	1360	136	1360	0	1.523791	-3.0452832374932717E-6,-8.38975088561613E-6,1.4199907457661927E-5,1.1514842021268115E-5,-4.74999231721887E-8,-2.0257408140086113E-6,7.436082537071592E-6,-1.7377242632157689E-6
noisy-sphere-8	17	2	4.3671134200820506E-10	4.763115197015304E-10	TargetReached	1360	136	1360	0	1.530792	-3.0452832374932717E-6,-8.38975088561613E-6,1.4199907457661927E-5,1.1514842021268115E-5,-4.74999231721887E-8,-2.0257408140086113E-6,7.436082537071592E-6,-1.7377242632157689E-6
noisy-sphere-8	18	0	9.432566996024403E-10	9.883031029985284E-10	TargetReached	1350	135	1350	0	1.583667	-1.102757121620447E-6,2.498745384158399E-5,1.5485458177294012E-5,7.540792029857605E-6,3.06425482915189E-6,-1.2935449230852462E-7,7.2209110950502704E-6,-2.122091788869158E-6
noisy-sphere-8	18	1	9.432566996024403E-10	9.883031029985284E-10	TargetReached	1350	135	1350	0	1.546459	-1.102757121620447E-6,2.498745384158399E-5,1.5485458177294012E-5,7.540792029857605E-6,3.06425482915189E-6,-1.2935449230852462E-7,7.2209110950502704E-6,-2.122091788869158E-6
noisy-sphere-8	18	2	9.432566996024403E-10	9.883031029985284E-10	TargetReached	1350	135	1350	0	1.531958	-1.102757121620447E-6,2.498745384158399E-5,1.5485458177294012E-5,7.540792029857605E-6,3.06425482915189E-6,-1.2935449230852462E-7,7.2209110950502704E-6,-2.122091788869158E-6
noisy-sphere-8	19	0	7.053922146231948E-10	6.598096421157805E-10	TargetReached	1290	129	1290	0	1.534166	-1.8014089696267057E-5,3.241170163720525E-6,5.607760813347738E-6,1.4022629387544024E-6,-4.1568837553410955E-6,-1.1896082339337227E-5,-1.1345907866093728E-5,-1.964083736940358E-6
noisy-sphere-8	19	1	7.053922146231948E-10	6.598096421157805E-10	TargetReached	1290	129	1290	0	1.476417	-1.8014089696267057E-5,3.241170163720525E-6,5.607760813347738E-6,1.4022629387544024E-6,-4.1568837553410955E-6,-1.1896082339337227E-5,-1.1345907866093728E-5,-1.964083736940358E-6
noisy-sphere-8	19	2	7.053922146231948E-10	6.598096421157805E-10	TargetReached	1290	129	1290	0	1.45275	-1.8014089696267057E-5,3.241170163720525E-6,5.607760813347738E-6,1.4022629387544024E-6,-4.1568837553410955E-6,-1.1896082339337227E-5,-1.1345907866093728E-5,-1.964083736940358E-6
noisy-sphere-8	20	0	8.738508935156371E-10	8.299644953507657E-10	TargetReached	1320	132	1320	0	1.511083	1.060624905269025E-5,-3.3627295222397054E-6,-3.0243911481091147E-6,-3.833191303578375E-6,1.4169945072491266E-6,-8.458661645655344E-6,2.337599118531643E-5,7.89493096812722E-6
noisy-sphere-8	20	1	8.738508935156371E-10	8.299644953507657E-10	TargetReached	1320	132	1320	0	1.504084	1.060624905269025E-5,-3.3627295222397054E-6,-3.0243911481091147E-6,-3.833191303578375E-6,1.4169945072491266E-6,-8.458661645655344E-6,2.337599118531643E-5,7.89493096812722E-6
noisy-sphere-8	20	2	8.738508935156371E-10	8.299644953507657E-10	TargetReached	1320	132	1320	0	1.442458	1.060624905269025E-5,-3.3627295222397054E-6,-3.0243911481091147E-6,-3.833191303578375E-6,1.4169945072491266E-6,-8.458661645655344E-6,2.337599118531643E-5,7.89493096812722E-6
box-sphere-8	1	0	8.509435312491647E-9	8.509435312491647E-9	TargetReached	1050	105	1172	122	1.723833	0.6999361768358172,-0.600044190128938,0.7000179162540074,-0.5999678097760893,0.699994111811118,-0.5999715794301067,0.7000123481573544,-0.5999885460790056
box-sphere-8	1	1	8.509435312491647E-9	8.509435312491647E-9	TargetReached	1050	105	1172	122	1.646042	0.6999361768358172,-0.600044190128938,0.7000179162540074,-0.5999678097760893,0.699994111811118,-0.5999715794301067,0.7000123481573544,-0.5999885460790056
box-sphere-8	1	2	8.509435312491647E-9	8.509435312491647E-9	TargetReached	1050	105	1172	122	1.635625	0.6999361768358172,-0.600044190128938,0.7000179162540074,-0.5999678097760893,0.699994111811118,-0.5999715794301067,0.7000123481573544,-0.5999885460790056
box-sphere-8	2	0	6.752538374518208E-9	6.752538374518208E-9	TargetReached	1100	110	1280	180	1.795459	0.7000193408744033,-0.5999945258660021,0.6999606170161402,-0.5999817402548042,0.7000208448852838,-0.6000252412114223,0.6999612397145692,-0.6000434750201065
box-sphere-8	2	1	6.752538374518208E-9	6.752538374518208E-9	TargetReached	1100	110	1280	180	1.774042	0.7000193408744033,-0.5999945258660021,0.6999606170161402,-0.5999817402548042,0.7000208448852838,-0.6000252412114223,0.6999612397145692,-0.6000434750201065
box-sphere-8	2	2	6.752538374518208E-9	6.752538374518208E-9	TargetReached	1100	110	1280	180	1.755084	0.7000193408744033,-0.5999945258660021,0.6999606170161402,-0.5999817402548042,0.7000208448852838,-0.6000252412114223,0.6999612397145692,-0.6000434750201065
box-sphere-8	3	0	9.55626732108554E-9	9.55626732108554E-9	TargetReached	1060	106	1164	104	1.667542	0.7000285166730651,-0.5999350936028751,0.70003409622363,-0.6000087664031448,0.699987557964204,-0.6000387542037198,0.7000044440700881,-0.6000401793688486
box-sphere-8	3	1	9.55626732108554E-9	9.55626732108554E-9	TargetReached	1060	106	1164	104	1.676458	0.7000285166730651,-0.5999350936028751,0.70003409622363,-0.6000087664031448,0.699987557964204,-0.6000387542037198,0.7000044440700881,-0.6000401793688486
box-sphere-8	3	2	9.55626732108554E-9	9.55626732108554E-9	TargetReached	1060	106	1164	104	1.648916	0.7000285166730651,-0.5999350936028751,0.70003409622363,-0.6000087664031448,0.699987557964204,-0.6000387542037198,0.7000044440700881,-0.6000401793688486
box-sphere-8	4	0	4.3493505426865544E-9	4.3493505426865544E-9	TargetReached	1150	115	1288	138	1.837666	0.6999906412922796,-0.599983140581498,0.7000213103431414,-0.5999514055717421,0.6999929564421276,-0.6000066114497511,0.6999771826088225,-0.6000234098193562
box-sphere-8	4	1	4.3493505426865544E-9	4.3493505426865544E-9	TargetReached	1150	115	1288	138	1.807458	0.6999906412922796,-0.599983140581498,0.7000213103431414,-0.5999514055717421,0.6999929564421276,-0.6000066114497511,0.6999771826088225,-0.6000234098193562
box-sphere-8	4	2	4.3493505426865544E-9	4.3493505426865544E-9	TargetReached	1150	115	1288	138	1.808417	0.6999906412922796,-0.599983140581498,0.7000213103431414,-0.5999514055717421,0.6999929564421276,-0.6000066114497511,0.6999771826088225,-0.6000234098193562
box-sphere-8	5	0	9.341935215379595E-9	9.341935215379595E-9	TargetReached	1050	105	1187	137	1.706583	0.6999493345920806,-0.6000033072251458,0.6999627485928014,-0.6000348221307885,0.7000477502589451,-0.5999968281258118,0.6999614815034068,-0.5999802530206951
box-sphere-8	5	1	9.341935215379595E-9	9.341935215379595E-9	TargetReached	1050	105	1187	137	1.68475	0.6999493345920806,-0.6000033072251458,0.6999627485928014,-0.6000348221307885,0.7000477502589451,-0.5999968281258118,0.6999614815034068,-0.5999802530206951
box-sphere-8	5	2	9.341935215379595E-9	9.341935215379595E-9	TargetReached	1050	105	1187	137	1.669042	0.6999493345920806,-0.6000033072251458,0.6999627485928014,-0.6000348221307885,0.7000477502589451,-0.5999968281258118,0.6999614815034068,-0.5999802530206951
box-sphere-8	6	0	8.923713765229116E-9	8.923713765229116E-9	TargetReached	990	99	1172	182	1.631208	0.699982984843061,-0.600054928653538,0.7000136790359324,-0.5999826119341203,0.6999655790113705,-0.6000463795980702,0.6999773078345266,-0.5999642680197619
box-sphere-8	6	1	8.923713765229116E-9	8.923713765229116E-9	TargetReached	990	99	1172	182	1.866791	0.699982984843061,-0.600054928653538,0.7000136790359324,-0.5999826119341203,0.6999655790113705,-0.6000463795980702,0.6999773078345266,-0.5999642680197619
box-sphere-8	6	2	8.923713765229116E-9	8.923713765229116E-9	TargetReached	990	99	1172	182	1.878625	0.699982984843061,-0.600054928653538,0.7000136790359324,-0.5999826119341203,0.6999655790113705,-0.6000463795980702,0.6999773078345266,-0.5999642680197619
box-sphere-8	7	0	2.8963425740290967E-9	2.8963425740290967E-9	TargetReached	1100	110	1301	201	1.99775	0.6999862142342651,-0.599987175663162,0.6999754601916626,-0.600022628108416,0.7000132580578348,-0.6000222184983658,0.7000086748369133,-0.5999738674996332
box-sphere-8	7	1	2.8963425740290967E-9	2.8963425740290967E-9	TargetReached	1100	110	1301	201	2.072458	0.6999862142342651,-0.599987175663162,0.6999754601916626,-0.600022628108416,0.7000132580578348,-0.6000222184983658,0.7000086748369133,-0.5999738674996332
box-sphere-8	7	2	2.8963425740290967E-9	2.8963425740290967E-9	TargetReached	1100	110	1301	201	2.082875	0.6999862142342651,-0.599987175663162,0.6999754601916626,-0.600022628108416,0.7000132580578348,-0.6000222184983658,0.7000086748369133,-0.5999738674996332
box-sphere-8	8	0	5.9867145371112755E-9	5.9867145371112755E-9	TargetReached	1000	100	1139	139	1.799875	0.699990669836685,-0.6000023167546503,0.7000136188679621,-0.6000283332055512,0.7000077727233386,-0.599982604582887,0.6999987659406509,-0.6000673907446837
box-sphere-8	8	1	5.9867145371112755E-9	5.9867145371112755E-9	TargetReached	1000	100	1139	139	1.820583	0.699990669836685,-0.6000023167546503,0.7000136188679621,-0.6000283332055512,0.7000077727233386,-0.599982604582887,0.6999987659406509,-0.6000673907446837
box-sphere-8	8	2	5.9867145371112755E-9	5.9867145371112755E-9	TargetReached	1000	100	1139	139	1.787833	0.699990669836685,-0.6000023167546503,0.7000136188679621,-0.6000283332055512,0.7000077727233386,-0.599982604582887,0.6999987659406509,-0.6000673907446837
box-sphere-8	9	0	8.781292865804736E-9	8.781292865804736E-9	TargetReached	1080	108	1305	225	2.05175	0.6999682279344185,-0.5999945315340394,0.6999689050620639,-0.6000514557434259,0.6999808891591639,-0.6000459559673067,0.7000354364792865,-0.6000198599261073
box-sphere-8	9	1	8.781292865804736E-9	8.781292865804736E-9	TargetReached	1080	108	1305	225	1.999125	0.6999682279344185,-0.5999945315340394,0.6999689050620639,-0.6000514557434259,0.6999808891591639,-0.6000459559673067,0.7000354364792865,-0.6000198599261073
box-sphere-8	9	2	8.781292865804736E-9	8.781292865804736E-9	TargetReached	1080	108	1305	225	1.997375	0.6999682279344185,-0.5999945315340394,0.6999689050620639,-0.6000514557434259,0.6999808891591639,-0.6000459559673067,0.7000354364792865,-0.6000198599261073
box-sphere-8	10	0	9.95878416283932E-9	9.95878416283932E-9	TargetReached	1080	108	1239	159	1.965791	0.7000167629805326,-0.600014238890243,0.6999503482808155,-0.5999963934059247,0.6999491622211943,-0.5999408443297529,0.7000060400746205,-0.6000296037891942
box-sphere-8	10	1	9.95878416283932E-9	9.95878416283932E-9	TargetReached	1080	108	1239	159	2.092667	0.7000167629805326,-0.600014238890243,0.6999503482808155,-0.5999963934059247,0.6999491622211943,-0.5999408443297529,0.7000060400746205,-0.6000296037891942
box-sphere-8	10	2	9.95878416283932E-9	9.95878416283932E-9	TargetReached	1080	108	1239	159	1.862292	0.7000167629805326,-0.600014238890243,0.6999503482808155,-0.5999963934059247,0.6999491622211943,-0.5999408443297529,0.7000060400746205,-0.6000296037891942
box-sphere-8	11	0	8.875275443032842E-9	8.875275443032842E-9	TargetReached	1000	100	1134	134	1.781791	0.6999964500521847,-0.6000001622552791,0.6999930683876912,-0.5999410596314713,0.7000594371168604,-0.5999679208306496,0.6999846828724606,-0.6000233275444984
box-sphere-8	11	1	8.875275443032842E-9	8.875275443032842E-9	TargetReached	1000	100	1134	134	1.831541	0.6999964500521847,-0.6000001622552791,0.6999930683876912,-0.5999410596314713,0.7000594371168604,-0.5999679208306496,0.6999846828724606,-0.6000233275444984
box-sphere-8	11	2	8.875275443032842E-9	8.875275443032842E-9	TargetReached	1000	100	1134	134	1.816959	0.6999964500521847,-0.6000001622552791,0.6999930683876912,-0.5999410596314713,0.7000594371168604,-0.5999679208306496,0.6999846828724606,-0.6000233275444984
box-sphere-8	12	0	8.206730912259151E-9	8.206730912259151E-9	TargetReached	990	99	1213	223	1.948709	0.6999928112429112,-0.6000625826918535,0.7000032456954922,-0.5999829691698266,0.6999436920126284,-0.6000016473221246,0.6999730200467021,-0.6000060543089243
box-sphere-8	12	1	8.206730912259151E-9	8.206730912259151E-9	TargetReached	990	99	1213	223	1.249875	0.6999928112429112,-0.6000625826918535,0.7000032456954922,-0.5999829691698266,0.6999436920126284,-0.6000016473221246,0.6999730200467021,-0.6000060543089243
box-sphere-8	12	2	8.206730912259151E-9	8.206730912259151E-9	TargetReached	990	99	1213	223	1.189833	0.6999928112429112,-0.6000625826918535,0.7000032456954922,-0.5999829691698266,0.6999436920126284,-0.6000016473221246,0.6999730200467021,-0.6000060543089243
box-sphere-8	13	0	9.167096215554681E-9	9.167096215554681E-9	TargetReached	1040	104	1223	183	1.2415	0.7000470932918075,-0.6000629904895687,0.7000185629575939,-0.5999955441019976,0.7000041663979247,-0.59994946521936,0.7000066576042953,-0.5999987227907034
box-sphere-8	13	1	9.167096215554681E-9	9.167096215554681E-9	TargetReached	1040	104	1223	183	1.22375	0.7000470932918075,-0.6000629904895687,0.7000185629575939,-0.5999955441019976,0.7000041663979247,-0.59994946521936,0.7000066576042953,-0.5999987227907034
box-sphere-8	13	2	9.167096215554681E-9	9.167096215554681E-9	TargetReached	1040	104	1223	183	1.199459	0.7000470932918075,-0.6000629904895687,0.7000185629575939,-0.5999955441019976,0.7000041663979247,-0.59994946521936,0.7000066576042953,-0.5999987227907034
box-sphere-8	14	0	9.33238094695876E-9	9.33238094695876E-9	TargetReached	1010	101	1184	174	1.206625	0.7000325638088387,-0.6000482301799639,0.7000386271904329,-0.5999648866156829,0.7000532543313674,-0.6000062918652522,0.6999901239034452,-0.5999842624404156
box-sphere-8	14	1	9.33238094695876E-9	9.33238094695876E-9	TargetReached	1010	101	1184	174	1.217834	0.7000325638088387,-0.6000482301799639,0.7000386271904329,-0.5999648866156829,0.7000532543313674,-0.6000062918652522,0.6999901239034452,-0.5999842624404156
box-sphere-8	14	2	9.33238094695876E-9	9.33238094695876E-9	TargetReached	1010	101	1184	174	1.179791	0.7000325638088387,-0.6000482301799639,0.7000386271904329,-0.5999648866156829,0.7000532543313674,-0.6000062918652522,0.6999901239034452,-0.5999842624404156
box-sphere-8	15	0	6.883442636178016E-9	6.883442636178016E-9	TargetReached	1070	107	1198	128	1.264959	0.6999694878617776,-0.5999699487692609,0.6999772116841898,-0.6000109055605682,0.6999824302025545,-0.5999664890880166,0.7000364254862189,-0.6000406526991607
box-sphere-8	15	1	6.883442636178016E-9	6.883442636178016E-9	TargetReached	1070	107	1198	128	1.248542	0.6999694878617776,-0.5999699487692609,0.6999772116841898,-0.6000109055605682,0.6999824302025545,-0.5999664890880166,0.7000364254862189,-0.6000406526991607
box-sphere-8	15	2	6.883442636178016E-9	6.883442636178016E-9	TargetReached	1070	107	1198	128	1.239708	0.6999694878617776,-0.5999699487692609,0.6999772116841898,-0.6000109055605682,0.6999824302025545,-0.5999664890880166,0.7000364254862189,-0.6000406526991607
box-sphere-8	16	0	9.141344112590037E-9	9.141344112590037E-9	TargetReached	1010	101	1275	265	1.229208	0.7000485786183198,-0.5999978536586771,0.6999562940242186,-0.6000110618781607,0.7000231116717919,-0.5999683705144684,0.699960592492198,-0.6000407032223175
box-sphere-8	16	1	9.141344112590037E-9	9.141344112590037E-9	TargetReached	1010	101	1275	265	1.249667	0.7000485786183198,-0.5999978536586771,0.6999562940242186,-0.6000110618781607,0.7000231116717919,-0.5999683705144684,0.699960592492198,-0.6000407032223175
box-sphere-8	16	2	9.141344112590037E-9	9.141344112590037E-9	TargetReached	1010	101	1275	265	1.230417	0.7000485786183198,-0.5999978536586771,0.6999562940242186,-0.6000110618781607,0.7000231116717919,-0.5999683705144684,0.699960592492198,-0.6000407032223175
box-sphere-8	17	0	7.66286513687939E-9	7.66286513687939E-9	TargetReached	1070	107	1233	163	1.256541	0.7000447011486883,-0.6000652249764284,0.6999714129911988,-0.5999907501276033,0.6999860757883727,-0.5999957985559399,0.7000058638791407,-0.5999838235726761
box-sphere-8	17	1	7.66286513687939E-9	7.66286513687939E-9	TargetReached	1070	107	1233	163	1.2375	0.7000447011486883,-0.6000652249764284,0.6999714129911988,-0.5999907501276033,0.6999860757883727,-0.5999957985559399,0.7000058638791407,-0.5999838235726761
box-sphere-8	17	2	7.66286513687939E-9	7.66286513687939E-9	TargetReached	1070	107	1233	163	1.259083	0.7000447011486883,-0.6000652249764284,0.6999714129911988,-0.5999907501276033,0.6999860757883727,-0.5999957985559399,0.7000058638791407,-0.5999838235726761
box-sphere-8	18	0	8.266495016193445E-9	8.266495016193445E-9	TargetReached	970	97	1141	171	1.170167	0.6999968548831943,-0.6000151621113325,0.6999464395448544,-0.600045059288074,0.6999970874185798,-0.5999596751076693,0.7000382881852857,-0.6000052044821831
box-sphere-8	18	1	8.266495016193445E-9	8.266495016193445E-9	TargetReached	970	97	1141	171	1.200417	0.6999968548831943,-0.6000151621113325,0.6999464395448544,-0.600045059288074,0.6999970874185798,-0.5999596751076693,0.7000382881852857,-0.6000052044821831
box-sphere-8	18	2	8.266495016193445E-9	8.266495016193445E-9	TargetReached	970	97	1141	171	1.143875	0.6999968548831943,-0.6000151621113325,0.6999464395448544,-0.600045059288074,0.6999970874185798,-0.5999596751076693,0.7000382881852857,-0.6000052044821831
box-sphere-8	19	0	8.963124499342546E-9	8.963124499342546E-9	TargetReached	1060	106	1187	127	1.272625	0.7000176606333625,-0.600004406096855,0.6999736200693037,-0.599934259298285,0.6999755240151575,-0.6000161008507104,0.7000523085394269,-0.5999955753295058
box-sphere-8	19	1	8.963124499342546E-9	8.963124499342546E-9	TargetReached	1060	106	1187	127	1.2455	0.7000176606333625,-0.600004406096855,0.6999736200693037,-0.599934259298285,0.6999755240151575,-0.6000161008507104,0.7000523085394269,-0.5999955753295058
box-sphere-8	19	2	8.963124499342546E-9	8.963124499342546E-9	TargetReached	1060	106	1187	127	1.170791	0.7000176606333625,-0.600004406096855,0.6999736200693037,-0.599934259298285,0.6999755240151575,-0.6000161008507104,0.7000523085394269,-0.5999955753295058
box-sphere-8	20	0	8.80074968855159E-9	8.80074968855159E-9	TargetReached	1010	101	1142	132	1.152334	0.6999198100809,-0.6000139367096426,0.6999952723723615,-0.60001610686155,0.6999773974165382,-0.6000242893913925,0.6999811392325141,-0.5999790779214219
box-sphere-8	20	1	8.80074968855159E-9	8.80074968855159E-9	TargetReached	1010	101	1142	132	1.196792	0.6999198100809,-0.6000139367096426,0.6999952723723615,-0.60001610686155,0.6999773974165382,-0.6000242893913925,0.6999811392325141,-0.5999790779214219
box-sphere-8	20	2	8.80074968855159E-9	8.80074968855159E-9	TargetReached	1010	101	1142	132	1.157583	0.6999198100809,-0.6000139367096426,0.6999952723723615,-0.60001610686155,0.6999773974165382,-0.6000242893913925,0.6999811392325141,-0.5999790779214219
box-boundary-4	1	0	4.000000007119392	4.000000007119392	TargetReached	1656	207	3383	1727	1.273083	0.999999999521873,0.9999999986581388,0.9999999984289611,0.9999999998313308
box-boundary-4	1	1	4.000000007119392	4.000000007119392	TargetReached	1656	207	3383	1727	1.307291	0.999999999521873,0.9999999986581388,0.9999999984289611,0.9999999998313308
box-boundary-4	1	2	4.000000007119392	4.000000007119392	TargetReached	1656	207	3383	1727	1.273209	0.999999999521873,0.9999999986581388,0.9999999984289611,0.9999999998313308
box-boundary-4	2	0	4.00000000952695	4.00000000952695	TargetReached	1448	181	3215	1767	1.207875	0.9999999966107269,0.9999999990716616,0.9999999999496517,0.9999999996044844
box-boundary-4	2	1	4.00000000952695	4.00000000952695	TargetReached	1448	181	3215	1767	1.152041	0.9999999966107269,0.9999999990716616,0.9999999999496517,0.9999999996044844
box-boundary-4	2	2	4.00000000952695	4.00000000952695	TargetReached	1448	181	3215	1767	1.125042	0.9999999966107269,0.9999999990716616,0.9999999999496517,0.9999999996044844
box-boundary-4	3	0	4.000000008429491	4.000000008429491	TargetReached	1416	177	2923	1507	1.123125	0.9999999981578109,0.9999999994846709,0.9999999999830287,0.9999999981597442
box-boundary-4	3	1	4.000000008429491	4.000000008429491	TargetReached	1416	177	2923	1507	1.076041	0.9999999981578109,0.9999999994846709,0.9999999999830287,0.9999999981597442
box-boundary-4	3	2	4.000000008429491	4.000000008429491	TargetReached	1416	177	2923	1507	1.07325	0.9999999981578109,0.9999999994846709,0.9999999999830287,0.9999999981597442
box-boundary-4	4	0	4.000000009204785	4.000000009204785	TargetReached	1504	188	3022	1518	1.155792	0.9999999972100402,0.9999999987487875,0.9999999999504676,0.9999999994883121
box-boundary-4	4	1	4.000000009204785	4.000000009204785	TargetReached	1504	188	3022	1518	1.145416	0.9999999972100402,0.9999999987487875,0.9999999999504676,0.9999999994883121
box-boundary-4	4	2	4.000000009204785	4.000000009204785	TargetReached	1504	188	3022	1518	1.113	0.9999999972100402,0.9999999987487875,0.9999999999504676,0.9999999994883121
box-boundary-4	5	0	4.000000008295442	4.000000008295442	TargetReached	1400	175	2867	1467	1.103292	0.9999999997388956,0.9999999988126702,0.9999999975893329,0.9999999997113806
box-boundary-4	5	1	4.000000008295442	4.000000008295442	TargetReached	1400	175	2867	1467	1.113541	0.9999999997388956,0.9999999988126702,0.9999999975893329,0.9999999997113806
box-boundary-4	5	2	4.000000008295442	4.000000008295442	TargetReached	1400	175	2867	1467	1.302375	0.9999999997388956,0.9999999988126702,0.9999999975893329,0.9999999997113806
box-boundary-4	6	0	4.0000000085251965	4.0000000085251965	TargetReached	1504	188	3014	1510	1.39125	0.9999999998982749,0.9999999975529993,0.9999999988983603,0.9999999993877674
box-boundary-4	6	1	4.0000000085251965	4.0000000085251965	TargetReached	1504	188	3014	1510	1.40275	0.9999999998982749,0.9999999975529993,0.9999999988983603,0.9999999993877674
box-boundary-4	6	2	4.0000000085251965	4.0000000085251965	TargetReached	1504	188	3014	1510	1.265958	0.9999999998982749,0.9999999975529993,0.9999999988983603,0.9999999993877674
box-boundary-4	7	0	4.000000009087393	4.000000009087393	TargetReached	1568	196	3354	1786	1.444125	0.9999999990848507,0.999999997222191,0.9999999992140602,0.9999999999352017
box-boundary-4	7	1	4.000000009087393	4.000000009087393	TargetReached	1568	196	3354	1786	1.387959	0.9999999990848507,0.999999997222191,0.9999999992140602,0.9999999999352017
box-boundary-4	7	2	4.000000009087393	4.000000009087393	TargetReached	1568	196	3354	1786	1.333709	0.9999999990848507,0.999999997222191,0.9999999992140602,0.9999999999352017
box-boundary-4	8	0	4.000000009559379	4.000000009559379	TargetReached	1400	175	2930	1530	1.220667	0.999999999955191,0.9999999957716419,0.9999999998115929,0.9999999996818847
box-boundary-4	8	1	4.000000009559379	4.000000009559379	TargetReached	1400	175	2930	1530	1.356208	0.999999999955191,0.9999999957716419,0.9999999998115929,0.9999999996818847
box-boundary-4	8	2	4.000000009559379	4.000000009559379	TargetReached	1400	175	2930	1530	1.284083	0.999999999955191,0.9999999957716419,0.9999999998115929,0.9999999996818847
box-boundary-4	9	0	4.000000009408819	4.000000009408819	TargetReached	1528	191	3194	1666	1.330708	0.9999999993616151,0.9999999996086274,0.9999999967019174,0.9999999996234312
box-boundary-4	9	1	4.000000009408819	4.000000009408819	TargetReached	1528	191	3194	1666	1.224417	0.9999999993616151,0.9999999996086274,0.9999999967019174,0.9999999996234312
box-boundary-4	9	2	4.000000009408819	4.000000009408819	TargetReached	1528	191	3194	1666	1.141416	0.9999999993616151,0.9999999996086274,0.9999999967019174,0.9999999996234312
box-boundary-4	10	0	4.000000006673464	4.000000006673464	TargetReached	1904	238	3963	2059	1.5015	0.9999999990077691,0.9999999993624762,0.9999999990441877,0.999999999248835
box-boundary-4	10	1	4.000000006673464	4.000000006673464	TargetReached	1904	238	3963	2059	1.493375	0.9999999990077691,0.9999999993624762,0.9999999990441877,0.999999999248835
box-boundary-4	10	2	4.000000006673464	4.000000006673464	TargetReached	1904	238	3963	2059	1.439792	0.9999999990077691,0.9999999993624762,0.9999999990441877,0.999999999248835
box-boundary-4	11	0	4.0000000089023615	4.0000000089023615	TargetReached	1496	187	3205	1709	1.189666	0.9999999987509746,0.9999999998147961,0.9999999976154106,0.999999999367638
box-boundary-4	11	1	4.0000000089023615	4.0000000089023615	TargetReached	1496	187	3205	1709	1.152833	0.9999999987509746,0.9999999998147961,0.9999999976154106,0.999999999367638
box-boundary-4	11	2	4.0000000089023615	4.0000000089023615	TargetReached	1496	187	3205	1709	1.145125	0.9999999987509746,0.9999999998147961,0.9999999976154106,0.999999999367638
box-boundary-4	12	0	4.0000000087788585	4.0000000087788585	TargetReached	1472	184	3101	1629	1.136542	0.9999999983119364,0.9999999993715227,0.999999998151222,0.9999999997758897
box-boundary-4	12	1	4.0000000087788585	4.0000000087788585	TargetReached	1472	184	3101	1629	1.169583	0.9999999983119364,0.9999999993715227,0.999999998151222,0.9999999997758897
box-boundary-4	12	2	4.0000000087788585	4.0000000087788585	TargetReached	1472	184	3101	1629	1.12525	0.9999999983119364,0.9999999993715227,0.999999998151222,0.9999999997758897
box-boundary-4	13	0	4.00000000918883	4.00000000918883	TargetReached	1424	178	2859	1435	1.113208	0.999999999581416,0.9999999991522212,0.9999999985380053,0.9999999981339422
box-boundary-4	13	1	4.00000000918883	4.00000000918883	TargetReached	1424	178	2859	1435	1.0665	0.999999999581416,0.9999999991522212,0.9999999985380053,0.9999999981339422
box-boundary-4	13	2	4.00000000918883	4.00000000918883	TargetReached	1424	178	2859	1435	1.066375	0.999999999581416,0.9999999991522212,0.9999999985380053,0.9999999981339422
box-boundary-4	14	0	4.000000008175817	4.000000008175817	TargetReached	1552	194	3200	1648	1.188333	0.9999999999598518,0.9999999992498381,0.9999999971269931,0.9999999995754085
box-boundary-4	14	1	4.000000008175817	4.000000008175817	TargetReached	1552	194	3200	1648	1.202458	0.9999999999598518,0.9999999992498381,0.9999999971269931,0.9999999995754085
box-boundary-4	14	2	4.000000008175817	4.000000008175817	TargetReached	1552	194	3200	1648	1.163083	0.9999999999598518,0.9999999992498381,0.9999999971269931,0.9999999995754085
box-boundary-4	15	0	4.000000008089054	4.000000008089054	TargetReached	1552	194	3293	1741	1.226084	0.9999999999136374,0.9999999998416657,0.9999999991473357,0.9999999970528339
box-boundary-4	15	1	4.000000008089054	4.000000008089054	TargetReached	1552	194	3293	1741	1.217875	0.9999999999136374,0.9999999998416657,0.9999999991473357,0.9999999970528339
box-boundary-4	15	2	4.000000008089054	4.000000008089054	TargetReached	1552	194	3293	1741	1.189458	0.9999999999136374,0.9999999998416657,0.9999999991473357,0.9999999970528339
box-boundary-4	16	0	4.0000000076895255	4.0000000076895255	TargetReached	1616	202	3312	1696	1.266041	0.999999999454639,0.9999999999503152,0.9999999979612304,0.9999999987890524
box-boundary-4	16	1	4.0000000076895255	4.0000000076895255	TargetReached	1616	202	3312	1696	1.247708	0.999999999454639,0.9999999999503152,0.9999999979612304,0.9999999987890524
box-boundary-4	16	2	4.0000000076895255	4.0000000076895255	TargetReached	1616	202	3312	1696	1.239083	0.999999999454639,0.9999999999503152,0.9999999979612304,0.9999999987890524
box-boundary-4	17	0	4.000000008429815	4.000000008429815	TargetReached	1640	205	3453	1813	1.30175	0.9999999976744076,0.9999999992964526,0.9999999989864475,0.9999999998277846
box-boundary-4	17	1	4.000000008429815	4.000000008429815	TargetReached	1640	205	3453	1813	1.24	0.9999999976744076,0.9999999992964526,0.9999999989864475,0.9999999998277846
box-boundary-4	17	2	4.000000008429815	4.000000008429815	TargetReached	1640	205	3453	1813	1.215166	0.9999999976744076,0.9999999992964526,0.9999999989864475,0.9999999998277846
box-boundary-4	18	0	4.0000000092463655	4.0000000092463655	TargetReached	1528	191	3334	1806	1.409959	0.9999999994920641,0.9999999996414787,0.9999999964439592,0.9999999997993153
box-boundary-4	18	1	4.0000000092463655	4.0000000092463655	TargetReached	1528	191	3334	1806	1.234084	0.9999999994920641,0.9999999996414787,0.9999999964439592,0.9999999997993153
box-boundary-4	18	2	4.0000000092463655	4.0000000092463655	TargetReached	1528	191	3334	1806	1.216042	0.9999999994920641,0.9999999996414787,0.9999999964439592,0.9999999997993153
box-boundary-4	19	0	4.000000009436095	4.000000009436095	TargetReached	1488	186	3142	1654	1.176334	0.999999998703309,0.999999999102817,0.9999999993723445,0.9999999981034818
box-boundary-4	19	1	4.000000009436095	4.000000009436095	TargetReached	1488	186	3142	1654	1.143458	0.999999998703309,0.999999999102817,0.9999999993723445,0.9999999981034818
box-boundary-4	19	2	4.000000009436095	4.000000009436095	TargetReached	1488	186	3142	1654	1.15275	0.999999998703309,0.999999999102817,0.9999999993723445,0.9999999981034818
box-boundary-4	20	0	4.000000009349544	4.000000009349544	TargetReached	1440	180	2881	1441	1.115166	0.999999999622461,0.9999999975103225,0.999999999495034,0.9999999986974099
box-boundary-4	20	1	4.000000009349544	4.000000009349544	TargetReached	1440	180	2881	1441	1.116791	0.999999999622461,0.9999999975103225,0.999999999495034,0.9999999986974099
box-boundary-4	20	2	4.000000009349544	4.000000009349544	TargetReached	1440	180	2881	1441	1.0985	0.999999999622461,0.9999999975103225,0.999999999495034,0.9999999986974099
