case_id	seed	repeat	observed	clean	status	evaluations	generations	sampled	rejected	ms	x
sphere-8	1	0	9.709817473476648e-9	9.709817473476648e-9	TargetReached	1140	114	1140	0	4.168875	-0.0000556049129946744,-0.000014757317230804296,0.00003036487963664534,-0.00001646826637415666,0.000005623586880111506,0.00002291052514799894,-0.00006766981257508685,0.000008436976582874301
sphere-8	1	1	9.709817473476648e-9	9.709817473476648e-9	TargetReached	1140	114	1140	0	4.140417	-0.0000556049129946744,-0.000014757317230804296,0.00003036487963664534,-0.00001646826637415666,0.000005623586880111506,0.00002291052514799894,-0.00006766981257508685,0.000008436976582874301
sphere-8	1	2	9.709817473476648e-9	9.709817473476648e-9	TargetReached	1140	114	1140	0	4.125084	-0.0000556049129946744,-0.000014757317230804296,0.00003036487963664534,-0.00001646826637415666,0.000005623586880111506,0.00002291052514799894,-0.00006766981257508685,0.000008436976582874301
sphere-8	2	0	3.186086672320792e-9	3.186086672320792e-9	TargetReached	1100	110	1100	0	3.803458	0.000014395571066951645,0.000013160537429526842,-0.000026474391492383248,-0.000007628493501417671,0.000005162523386591969,0.00004071207091206952,0.000002079807789205492,0.000018923984158825735
sphere-8	2	1	3.186086672320792e-9	3.186086672320792e-9	TargetReached	1100	110	1100	0	3.5255	0.000014395571066951645,0.000013160537429526842,-0.000026474391492383248,-0.000007628493501417671,0.000005162523386591969,0.00004071207091206952,0.000002079807789205492,0.000018923984158825735
sphere-8	2	2	3.186086672320792e-9	3.186086672320792e-9	TargetReached	1100	110	1100	0	3.446834	0.000014395571066951645,0.000013160537429526842,-0.000026474391492383248,-0.000007628493501417671,0.000005162523386591969,0.00004071207091206952,0.000002079807789205492,0.000018923984158825735
sphere-8	3	0	8.110155791872197e-9	8.110155791872197e-9	TargetReached	1160	116	1160	0	3.251042	0.00007487818117777654,0.0000193042170357148,0.00000631750592630681,-0.000025577678120239163,0.000012380679680716694,0.0000355283511893508,-7.573390615172115e-7,0.000004529232917652686
sphere-8	3	1	8.110155791872197e-9	8.110155791872197e-9	TargetReached	1160	116	1160	0	4.415209	0.00007487818117777654,0.0000193042170357148,0.00000631750592630681,-0.000025577678120239163,0.000012380679680716694,0.0000355283511893508,-7.573390615172115e-7,0.000004529232917652686
sphere-8	3	2	8.110155791872197e-9	8.110155791872197e-9	TargetReached	1160	116	1160	0	3.472	0.00007487818117777654,0.0000193042170357148,0.00000631750592630681,-0.000025577678120239163,0.000012380679680716694,0.0000355283511893508,-7.573390615172115e-7,0.000004529232917652686
sphere-8	4	0	3.9466810784061405e-9	3.9466810784061405e-9	TargetReached	1130	113	1130	0	3.192875	-0.000008667183267558098,0.000021762006109484473,0.000025279853379388588,0.000013595893004389557,-0.00002470320158765057,0.000014088548878679596,-0.00004074865294722999,0.000010240542662985562
sphere-8	4	1	3.9466810784061405e-9	3.9466810784061405e-9	TargetReached	1130	113	1130	0	3.14625	-0.000008667183267558098,0.000021762006109484473,0.000025279853379388588,0.000013595893004389557,-0.00002470320158765057,0.000014088548878679596,-0.00004074865294722999,0.000010240542662985562
sphere-8	4	2	3.9466810784061405e-9	3.9466810784061405e-9	TargetReached	1130	113	1130	0	3.463583	-0.000008667183267558098,0.000021762006109484473,0.000025279853379388588,0.000013595893004389557,-0.00002470320158765057,0.000014088548878679596,-0.00004074865294722999,0.000010240542662985562
sphere-8	5	0	8.229750602436282e-9	8.229750602436282e-9	TargetReached	1180	118	1180	0	3.368125	-0.000015169629470766462,0.000028937738336926647,0.000028547623492032007,0.000007628170349020926,0.000026790407908234164,-0.000004903504672770485,0.0000020113574223255942,0.00007445313009899046
sphere-8	5	1	8.229750602436282e-9	8.229750602436282e-9	TargetReached	1180	118	1180	0	3.332292	-0.000015169629470766462,0.000028937738336926647,0.000028547623492032007,0.000007628170349020926,0.000026790407908234164,-0.000004903504672770485,0.0000020113574223255942,0.00007445313009899046
sphere-8	5	2	8.229750602436282e-9	8.229750602436282e-9	TargetReached	1180	118	1180	0	3.239416	-0.000015169629470766462,0.000028937738336926647,0.000028547623492032007,0.000007628170349020926,0.000026790407908234164,-0.000004903504672770485,0.0000020113574223255942,0.00007445313009899046
sphere-8	6	0	6.549854714575536e-9	6.549854714575536e-9	TargetReached	1130	113	1130	0	3.024667	-0.000027445424399128503,-0.000021511455201312473,0.00003516577123925745,0.000010671726654742017,0.00004437685742079449,-0.000002006859245243995,0.00003428966209741284,-0.00002888303286141142
sphere-8	6	1	6.549854714575536e-9	6.549854714575536e-9	TargetReached	1130	113	1130	0	3.273791	-0.000027445424399128503,-0.000021511455201312473,0.00003516577123925745,0.000010671726654742017,0.00004437685742079449,-0.000002006859245243995,0.00003428966209741284,-0.00002888303286141142
sphere-8	6	2	6.549854714575536e-9	6.549854714575536e-9	TargetReached	1130	113	1130	0	2.784916	-0.000027445424399128503,-0.000021511455201312473,0.00003516577123925745,0.000010671726654742017,0.00004437685742079449,-0.000002006859245243995,0.00003428966209741284,-0.00002888303286141142
sphere-8	7	0	9.318252299573112e-9	9.318252299573112e-9	TargetReached	1240	124	1240	0	3.071125	-0.00004481384796639658,0.000014148817381908632,-0.00005960087569184233,0.000003903548133522085,0.00004218331764412861,-0.000030066332658770132,0.000028683191455570645,-0.0000060114978462808126
sphere-8	7	1	9.318252299573112e-9	9.318252299573112e-9	TargetReached	1240	124	1240	0	3.160291	-0.00004481384796639658,0.000014148817381908632,-0.00005960087569184233,0.000003903548133522085,0.00004218331764412861,-0.000030066332658770132,0.000028683191455570645,-0.0000060114978462808126
sphere-8	7	2	9.318252299573112e-9	9.318252299573112e-9	TargetReached	1240	124	1240	0	3.012792	-0.00004481384796639658,0.000014148817381908632,-0.00005960087569184233,0.000003903548133522085,0.00004218331764412861,-0.000030066332658770132,0.000028683191455570645,-0.0000060114978462808126
sphere-8	8	0	7.91371605152264e-9	7.91371605152264e-9	TargetReached	1120	112	1120	0	3.258042	-0.0000181422057811476,0.000016011118654604845,-0.000005104673753423858,0.000012012855212349877,-0.00007660152183510801,-0.000005473950931781523,-0.00003513228752878298,-0.000005081259942215418
sphere-8	8	1	7.91371605152264e-9	7.91371605152264e-9	TargetReached	1120	112	1120	0	2.914333	-0.0000181422057811476,0.000016011118654604845,-0.000005104673753423858,0.000012012855212349877,-0.00007660152183510801,-0.000005473950931781523,-0.00003513228752878298,-0.000005081259942215418
sphere-8	8	2	7.91371605152264e-9	7.91371605152264e-9	TargetReached	1120	112	1120	0	2.889958	-0.0000181422057811476,0.000016011118654604845,-0.000005104673753423858,0.000012012855212349877,-0.00007660152183510801,-0.000005473950931781523,-0.00003513228752878298,-0.000005081259942215418
sphere-8	9	0	6.315518272458086e-9	6.315518272458086e-9	TargetReached	1260	126	1260	0	2.938958	-0.000016314609573066733,-0.00003907111534484513,-0.000022880698298547917,-0.00004681576139170789,0.00002275559983136046,-0.00000373275148862678,0.00003471324926184767,0.000008414120967502562
sphere-8	9	1	6.315518272458086e-9	6.315518272458086e-9	TargetReached	1260	126	1260	0	3.039	-0.000016314609573066733,-0.00003907111534484513,-0.000022880698298547917,-0.00004681576139170789,0.00002275559983136046,-0.00000373275148862678,0.00003471324926184767,0.000008414120967502562
sphere-8	9	2	6.315518272458086e-9	6.315518272458086e-9	TargetReached	1260	126	1260	0	2.847125	-0.000016314609573066733,-0.00003907111534484513,-0.000022880698298547917,-0.00004681576139170789,0.00002275559983136046,-0.00000373275148862678,0.00003471324926184767,0.000008414120967502562
sphere-8	10	0	7.07761864626376e-9	7.07761864626376e-9	TargetReached	1250	125	1250	0	2.907042	0.0000033424493515904687,-0.000022122012614637226,0.0000378194624531319,-0.00003325847980211485,-0.00005364484142194391,0.000004199082146491352,-0.0000053554162746769385,-0.0000334147157993083
sphere-8	10	1	7.07761864626376e-9	7.07761864626376e-9	TargetReached	1250	125	1250	0	2.866	0.0000033424493515904687,-0.000022122012614637226,0.0000378194624531319,-0.00003325847980211485,-0.00005364484142194391,0.000004199082146491352,-0.0000053554162746769385,-0.0000334147157993083
sphere-8	10	2	7.07761864626376e-9	7.07761864626376e-9	TargetReached	1250	125	1250	0	2.86825	0.0000033424493515904687,-0.000022122012614637226,0.0000378194624531319,-0.00003325847980211485,-0.00005364484142194391,0.000004199082146491352,-0.0000053554162746769385,-0.0000334147157993083
sphere-8	11	0	9.16183909781374e-9	9.16183909781374e-9	TargetReached	1170	117	1170	0	2.677	0.000007484797073853682,0.000013242321320951342,-0.000027505722795110536,0.000017789264668247176,0.00005203285374593914,0.000050296645598848884,-0.00004769859165224818,0.000018577110637578216
sphere-8	11	1	9.16183909781374e-9	9.16183909781374e-9	TargetReached	1170	117	1170	0	2.621042	0.000007484797073853682,0.000013242321320951342,-0.000027505722795110536,0.000017789264668247176,0.00005203285374593914,0.000050296645598848884,-0.00004769859165224818,0.000018577110637578216
sphere-8	11	2	9.16183909781374e-9	9.16183909781374e-9	TargetReached	1170	117	1170	0	2.596375	0.000007484797073853682,0.000013242321320951342,-0.000027505722795110536,0.000017789264668247176,0.00005203285374593914,0.000050296645598848884,-0.00004769859165224818,0.000018577110637578216
sphere-8	12	0	7.626490031330459e-9	7.626490031330459e-9	TargetReached	1250	125	1250	0	3.022625	0.00007362325924760405,0.0000195268438920655,0.000003257969785960161,0.000005165999125838084,0.00003578251311059915,0.000015052545727975268,-0.0000053645426488513416,-0.00001586696213447071
sphere-8	12	1	7.626490031330459e-9	7.626490031330459e-9	TargetReached	1250	125	1250	0	3.09375	0.00007362325924760405,0.0000195268438920655,0.000003257969785960161,0.000005165999125838084,0.00003578251311059915,0.000015052545727975268,-0.0000053645426488513416,-0.00001586696213447071
sphere-8	12	2	7.626490031330459e-9	7.626490031330459e-9	TargetReached	1250	125	1250	0	2.749417	0.00007362325924760405,0.0000195268438920655,0.000003257969785960161,0.000005165999125838084,0.00003578251311059915,0.000015052545727975268,-0.0000053645426488513416,-0.00001586696213447071
sphere-8	13	0	6.808214241195573e-9	6.808214241195573e-9	TargetReached	1220	122	1220	0	2.708708	-0.000023061495242490912,0.00001767638763204817,0.00006668256560321832,0.000014688703774996663,0.000023831094103894544,-0.000009478214653475943,-0.0000253050589329937,0.0000018710472554892525
sphere-8	13	1	6.808214241195573e-9	6.808214241195573e-9	TargetReached	1220	122	1220	0	2.685541	-0.000023061495242490912,0.00001767638763204817,0.00006668256560321832,0.000014688703774996663,0.000023831094103894544,-0.000009478214653475943,-0.0000253050589329937,0.0000018710472554892525
sphere-8	13	2	6.808214241195573e-9	6.808214241195573e-9	TargetReached	1220	122	1220	0	2.747084	-0.000023061495242490912,0.00001767638763204817,0.00006668256560321832,0.000014688703774996663,0.000023831094103894544,-0.000009478214653475943,-0.0000253050589329937,0.0000018710472554892525
sphere-8	14	0	9.13384545320559e-9	9.13384545320559e-9	TargetReached	1130	113	1130	0	2.507916	-0.00006706498650386813,0.000010177030593968332,0.0000027008928182007704,0.000014875597293412225,-0.000008824807906868334,-0.00005664835958011101,-0.000017029191939501303,0.00002696433967403556
sphere-8	14	1	9.13384545320559e-9	9.13384545320559e-9	TargetReached	1130	113	1130	0	2.481583	-0.00006706498650386813,0.000010177030593968332,0.0000027008928182007704,0.000014875597293412225,-0.000008824807906868334,-0.00005664835958011101,-0.000017029191939501303,0.00002696433967403556
sphere-8	14	2	9.13384545320559e-9	9.13384545320559e-9	TargetReached	1130	113	1130	0	2.47025	-0.00006706498650386813,0.000010177030593968332,0.0000027008928182007704,0.000014875597293412225,-0.000008824807906868334,-0.00005664835958011101,-0.000017029191939501303,0.00002696433967403556
sphere-8	15	0	9.306844003320186e-9	9.306844003320186e-9	TargetReached	1230	123	1230	0	2.699708	-0.000010732843721603352,-0.00007467827157622294,0.000013858321649963634,0.00003144509657251984,0.00003616768307493195,-0.0000274392352713604,-0.00001904803401915817,0.00000318089840547796
sphere-8	15	1	9.306844003320186e-9	9.306844003320186e-9	TargetReached	1230	123	1230	0	2.7665	-0.000010732843721603352,-0.00007467827157622294,0.000013858321649963634,0.00003144509657251984,0.00003616768307493195,-0.0000274392352713604,-0.00001904803401915817,0.00000318089840547796
sphere-8	15	2	9.306844003320186e-9	9.306844003320186e-9	TargetReached	1230	123	1230	0	2.715584	-0.000010732843721603352,-0.00007467827157622294,0.000013858321649963634,0.00003144509657251984,0.00003616768307493195,-0.0000274392352713604,-0.00001904803401915817,0.00000318089840547796
sphere-8	16	0	8.163661566131997e-9	8.163661566131997e-9	TargetReached	1140	114	1140	0	2.519167	-0.000040186556797858245,0.00002556425765186785,-0.00001721350431120625,-0.000026201740671965118,0.000019537564530397526,-0.000011401243093498246,0.0000025298716198797112,0.00006628898839468768
sphere-8	16	1	8.163661566131997e-9	8.163661566131997e-9	TargetReached	1140	114	1140	0	2.504208	-0.000040186556797858245,0.00002556425765186785,-0.00001721350431120625,-0.000026201740671965118,0.000019537564530397526,-0.000011401243093498246,0.0000025298716198797112,0.00006628898839468768
sphere-8	16	2	8.163661566131997e-9	8.163661566131997e-9	TargetReached	1140	114	1140	0	2.490209	-0.000040186556797858245,0.00002556425765186785,-0.00001721350431120625,-0.000026201740671965118,0.000019537564530397526,-0.000011401243093498246,0.0000025298716198797112,0.00006628898839468768
sphere-8	17	0	2.385138267858156e-9	2.385138267858156e-9	TargetReached	1190	119	1190	0	2.648874	0.0000309782611463098,0.000013198722989337077,0.000013797835381576468,-0.000005027723779860743,0.000006058906433669309,0.000009705263856803691,-0.000027573902341260195,0.000012016591197539303
sphere-8	17	1	2.385138267858156e-9	2.385138267858156e-9	TargetReached	1190	119	1190	0	2.692292	0.0000309782611463098,0.000013198722989337077,0.000013797835381576468,-0.000005027723779860743,0.000006058906433669309,0.000009705263856803691,-0.000027573902341260195,0.000012016591197539303
sphere-8	17	2	2.385138267858156e-9	2.385138267858156e-9	TargetReached	1190	119	1190	0	2.599041	0.0000309782611463098,0.000013198722989337077,0.000013797835381576468,-0.000005027723779860743,0.000006058906433669309,0.000009705263856803691,-0.000027573902341260195,0.000012016591197539303
sphere-8	18	0	8.699580726032838e-9	8.699580726032838e-9	TargetReached	1080	108	1080	0	2.408167	-0.000029144696989487465,0.00002641405440875627,-0.000017190860297215854,-0.000003843232266629353,0.000016706017320264586,-0.000036506743330477675,-0.00001637497789058153,0.00007044285454808045
sphere-8	18	1	8.699580726032838e-9	8.699580726032838e-9	TargetReached	1080	108	1080	0	2.36625	-0.000029144696989487465,0.00002641405440875627,-0.000017190860297215854,-0.000003843232266629353,0.000016706017320264586,-0.000036506743330477675,-0.00001637497789058153,0.00007044285454808045
sphere-8	18	2	8.699580726032838e-9	8.699580726032838e-9	TargetReached	1080	108	1080	0	2.35775	-0.000029144696989487465,0.00002641405440875627,-0.000017190860297215854,-0.000003843232266629353,0.000016706017320264586,-0.000036506743330477675,-0.00001637497789058153,0.00007044285454808045
sphere-8	19	0	5.544163699171525e-9	5.544163699171525e-9	TargetReached	1240	124	1240	0	2.739667	0.000043771524204846114,-0.00001586372870181959,0.000041150485781976206,-0.000038410389037383085,0.000002163268287845559,-0.000007527403049013036,-0.000007149106899088074,0.000009766665640500802
sphere-8	19	1	5.544163699171525e-9	5.544163699171525e-9	TargetReached	1240	124	1240	0	2.709292	0.000043771524204846114,-0.00001586372870181959,0.000041150485781976206,-0.000038410389037383085,0.000002163268287845559,-0.000007527403049013036,-0.000007149106899088074,0.000009766665640500802
sphere-8	19	2	5.544163699171525e-9	5.544163699171525e-9	TargetReached	1240	124	1240	0	2.783209	0.000043771524204846114,-0.00001586372870181959,0.000041150485781976206,-0.000038410389037383085,0.000002163268287845559,-0.000007527403049013036,-0.000007149106899088074,0.000009766665640500802
sphere-8	20	0	7.749441842389422e-9	7.749441842389422e-9	TargetReached	1180	118	1180	0	2.623791	-0.000053788983115950214,-0.000022820791985813738,0.0000173000972328084,-0.000024390440308386873,0.00005717712495968148,-0.000010936587715384655,-0.000006543256593533484,-0.0000030927126959842972
sphere-8	20	1	7.749441842389422e-9	7.749441842389422e-9	TargetReached	1180	118	1180	0	2.587542	-0.000053788983115950214,-0.000022820791985813738,0.0000173000972328084,-0.000024390440308386873,0.00005717712495968148,-0.000010936587715384655,-0.000006543256593533484,-0.0000030927126959842972
sphere-8	20	2	7.749441842389422e-9	7.749441842389422e-9	TargetReached	1180	118	1180	0	2.598625	-0.000053788983115950214,-0.000022820791985813738,0.0000173000972328084,-0.000024390440308386873,0.00005717712495968148,-0.000010936587715384655,-0.000006543256593533484,-0.0000030927126959842972
rotated-ellipsoid-8	1	0	4.159075879353596e-9	4.159075879353596e-9	TargetReached	2750	275	2750	0	6.915333	0.0000024984324832169928,0.0000120818680233411,0.000006579971878608499,-0.000005913846972812746,-2.810414453059913e-7,-0.000003212782327954597,-0.0000020934062719048892,-0.00000283753728789445
rotated-ellipsoid-8	1	1	4.159075879353596e-9	4.159075879353596e-9	TargetReached	2750	275	2750	0	6.891042	0.0000024984324832169928,0.0000120818680233411,0.000006579971878608499,-0.000005913846972812746,-2.810414453059913e-7,-0.000003212782327954597,-0.0000020934062719048892,-0.00000283753728789445
rotated-ellipsoid-8	1	2	4.159075879353596e-9	4.159075879353596e-9	TargetReached	2750	275	2750	0	6.797291	0.0000024984324832169928,0.0000120818680233411,0.000006579971878608499,-0.000005913846972812746,-2.810414453059913e-7,-0.000003212782327954597,-0.0000020934062719048892,-0.00000283753728789445
rotated-ellipsoid-8	2	0	7.604216228481945e-9	7.604216228481945e-9	TargetReached	3070	307	3070	0	7.667542	0.00000860952536957556,0.000025219430167917417,0.000012171181742773643,-0.00000685317682731684,-0.000003517051240928846,-0.000006023756406052915,-0.000007015553714318957,-0.000007502676745465835
rotated-ellipsoid-8	2	1	7.604216228481945e-9	7.604216228481945e-9	TargetReached	3070	307	3070	0	7.631917	0.00000860952536957556,0.000025219430167917417,0.000012171181742773643,-0.00000685317682731684,-0.000003517051240928846,-0.000006023756406052915,-0.000007015553714318957,-0.000007502676745465835
rotated-ellipsoid-8	2	2	7.604216228481945e-9	7.604216228481945e-9	TargetReached	3070	307	3070	0	7.731458	0.00000860952536957556,0.000025219430167917417,0.000012171181742773643,-0.00000685317682731684,-0.000003517051240928846,-0.000006023756406052915,-0.000007015553714318957,-0.000007502676745465835
rotated-ellipsoid-8	3	0	9.45780004298121e-9	9.45780004298121e-9	TargetReached	2700	270	2700	0	6.694375	-0.000038439119960496054,-2.1630528515249002e-8,-0.000006031931590579086,0.000005913543255725812,0.0000026924148349075993,0.0000021251091377452414,9.77144166910777e-7,3.635081132878888e-7
rotated-ellipsoid-8	3	1	9.45780004298121e-9	9.45780004298121e-9	TargetReached	2700	270	2700	0	6.789459	-0.000038439119960496054,-2.1630528515249002e-8,-0.000006031931590579086,0.000005913543255725812,0.0000026924148349075993,0.0000021251091377452414,9.77144166910777e-7,3.635081132878888e-7
rotated-ellipsoid-8	3	2	9.45780004298121e-9	9.45780004298121e-9	TargetReached	2700	270	2700	0	6.735792	-0.000038439119960496054,-2.1630528515249002e-8,-0.000006031931590579086,0.000005913543255725812,0.0000026924148349075993,0.0000021251091377452414,9.77144166910777e-7,3.635081132878888e-7
rotated-ellipsoid-8	4	0	4.71778797912872e-9	4.71778797912872e-9	TargetReached	2870	287	2870	0	7.126333	-0.000004870167503699036,-0.000012332476567318707,5.410073482992834e-7,0.000005549946336067545,4.279205207807081e-7,0.0000014326067820815467,5.100589620075191e-7,5.977589022914067e-7
rotated-ellipsoid-8	4	1	4.71778797912872e-9	4.71778797912872e-9	TargetReached	2870	287	2870	0	7.155667	-0.000004870167503699036,-0.000012332476567318707,5.410073482992834e-7,0.000005549946336067545,4.279205207807081e-7,0.0000014326067820815467,5.100589620075191e-7,5.977589022914067e-7
rotated-ellipsoid-8	4	2	4.71778797912872e-9	4.71778797912872e-9	TargetReached	2870	287	2870	0	7.497334	-0.000004870167503699036,-0.000012332476567318707,5.410073482992834e-7,0.000005549946336067545,4.279205207807081e-7,0.0000014326067820815467,5.100589620075191e-7,5.977589022914067e-7
rotated-ellipsoid-8	5	0	1.8606470768740568e-9	1.8606470768740568e-9	TargetReached	3290	329	3290	0	20.495583	0.00002300379968961196,8.178207485566805e-7,-0.000003714930347499984,-0.0000012213107800872615,7.532225774310482e-7,-0.0000014357507797033877,-9.784569603535166e-7,-8.413721473940499e-7
rotated-ellipsoid-8	5	1	1.8606470768740568e-9	1.8606470768740568e-9	TargetReached	3290	329	3290	0	9.739416	0.00002300379968961196,8.178207485566805e-7,-0.000003714930347499984,-0.0000012213107800872615,7.532225774310482e-7,-0.0000014357507797033877,-9.784569603535166e-7,-8.413721473940499e-7
rotated-ellipsoid-8	5	2	1.8606470768740568e-9	1.8606470768740568e-9	TargetReached	3290	329	3290	0	9.235125	0.00002300379968961196,8.178207485566805e-7,-0.000003714930347499984,-0.0000012213107800872615,7.532225774310482e-7,-0.0000014357507797033877,-9.784569603535166e-7,-8.413721473940499e-7
rotated-ellipsoid-8	6	0	7.0250121709861294e-9	7.0250121709861294e-9	TargetReached	2510	251	2510	0	7.337125	0.00004156550548827852,-0.00000239898835186477,-0.000010839268392899347,-0.000002198051443860549,-0.000001415369623948356,0.0000012370423047102097,5.989178778237089e-7,0.0000012537873474306668
rotated-ellipsoid-8	6	1	7.0250121709861294e-9	7.0250121709861294e-9	TargetReached	2510	251	2510	0	6.873167	0.00004156550548827852,-0.00000239898835186477,-0.000010839268392899347,-0.000002198051443860549,-0.000001415369623948356,0.0000012370423047102097,5.989178778237089e-7,0.0000012537873474306668
rotated-ellipsoid-8	6	2	7.0250121709861294e-9	7.0250121709861294e-9	TargetReached	2510	251	2510	0	6.862125	0.00004156550548827852,-0.00000239898835186477,-0.000010839268392899347,-0.000002198051443860549,-0.000001415369623948356,0.0000012370423047102097,5.989178778237089e-7,0.0000012537873474306668
rotated-ellipsoid-8	7	0	7.985899680413929e-9	7.985899680413929e-9	TargetReached	3010	301	3010	0	7.892584	0.000021765909452729738,-0.000014586463692134254,-0.000006119329716122005,0.000007840863239998058,-0.0000025737452065528867,5.722928488777429e-7,3.301952052146734e-7,7.349144033472075e-7
rotated-ellipsoid-8	7	1	7.985899680413929e-9	7.985899680413929e-9	TargetReached	3010	301	3010	0	7.881	0.000021765909452729738,-0.000014586463692134254,-0.000006119329716122005,0.000007840863239998058,-0.0000025737452065528867,5.722928488777429e-7,3.301952052146734e-7,7.349144033472075e-7
rotated-ellipsoid-8	7	2	7.985899680413929e-9	7.985899680413929e-9	TargetReached	3010	301	3010	0	8.418916	0.000021765909452729738,-0.000014586463692134254,-0.000006119329716122005,0.000007840863239998058,-0.0000025737452065528867,5.722928488777429e-7,3.301952052146734e-7,7.349144033472075e-7
rotated-ellipsoid-8	8	0	9.717309480232922e-9	9.717309480232922e-9	TargetReached	2880	288	2880	0	7.670333	0.00001082601329911285,0.00001780966446886601,0.00000503477259935628,0.000005362117057819174,-0.0000073560265455152,-0.000005596371159344863,-0.000008101925368957356,-0.000009333578625480087
rotated-ellipsoid-8	8	1	9.717309480232922e-9	9.717309480232922e-9	TargetReached	2880	288	2880	0	7.64425	0.00001082601329911285,0.00001780966446886601,0.00000503477259935628,0.000005362117057819174,-0.0000073560265455152,-0.000005596371159344863,-0.000008101925368957356,-0.000009333578625480087
rotated-ellipsoid-8	8	2	9.717309480232922e-9	9.717309480232922e-9	TargetReached	2880	288	2880	0	7.468333	0.00001082601329911285,0.00001780966446886601,0.00000503477259935628,0.000005362117057819174,-0.0000073560265455152,-0.000005596371159344863,-0.000008101925368957356,-0.000009333578625480087
rotated-ellipsoid-8	9	0	1.5139437290415807e-9	1.5139437290415807e-9	TargetReached	2670	267	2670	0	7.014626	0.000002176425175816185,-0.000008189100207584098,1.1950999060320976e-7,0.0000013677879836376292,-0.0000010733594434457427,0.0000018802376593294921,0.0000014944627186375514,0.0000018901944791765046
rotated-ellipsoid-8	9	1	1.5139437290415807e-9	1.5139437290415807e-9	TargetReached	2670	267	2670	0	6.774584	0.000002176425175816185,-0.000008189100207584098,1.1950999060320976e-7,0.0000013677879836376292,-0.0000010733594434457427,0.0000018802376593294921,0.0000014944627186375514,0.0000018901944791765046
rotated-ellipsoid-8	9	2	1.5139437290415807e-9	1.5139437290415807e-9	TargetReached	2670	267	2670	0	6.609541	0.000002176425175816185,-0.000008189100207584098,1.1950999060320976e-7,0.0000013677879836376292,-0.0000010733594434457427,0.0000018802376593294921,0.0000014944627186375514,0.0000018901944791765046
rotated-ellipsoid-8	10	0	9.603997050703675e-9	9.603997050703675e-9	TargetReached	2560	256	2560	0	6.466542	-3.3954012775535886e-7,-0.000029172250101183027,0.000004688387405104725,0.00000452238833767812,-0.0000013087635984682936,0.000004905063446698462,0.000004719239704417695,0.00000543055104544264
rotated-ellipsoid-8	10	1	9.603997050703675e-9	9.603997050703675e-9	TargetReached	2560	256	2560	0	6.43075	-3.3954012775535886e-7,-0.000029172250101183027,0.000004688387405104725,0.00000452238833767812,-0.0000013087635984682936,0.000004905063446698462,0.000004719239704417695,0.00000543055104544264
rotated-ellipsoid-8	10	2	9.603997050703675e-9	9.603997050703675e-9	TargetReached	2560	256	2560	0	6.310708	-3.3954012775535886e-7,-0.000029172250101183027,0.000004688387405104725,0.00000452238833767812,-0.0000013087635984682936,0.000004905063446698462,0.000004719239704417695,0.00000543055104544264
rotated-ellipsoid-8	11	0	7.661924852829275e-9	7.661924852829275e-9	TargetReached	2860	286	2860	0	7.315375	-0.000020000682192903467,0.00002301763173512821,-0.000013148107181977463,-8.4298611298308e-7,-2.410611795241495e-7,0.0000028355041354812008,0.0000021050822665549046,0.0000020341689671143026
rotated-ellipsoid-8	11	1	7.661924852829275e-9	7.661924852829275e-9	TargetReached	2860	286	2860	0	7.334208	-0.000020000682192903467,0.00002301763173512821,-0.000013148107181977463,-8.4298611298308e-7,-2.410611795241495e-7,0.0000028355041354812008,0.0000021050822665549046,0.0000020341689671143026
rotated-ellipsoid-8	11	2	7.661924852829275e-9	7.661924852829275e-9	TargetReached	2860	286	2860	0	7.197916	-0.000020000682192903467,0.00002301763173512821,-0.000013148107181977463,-8.4298611298308e-7,-2.410611795241495e-7,0.0000028355041354812008,0.0000021050822665549046,0.0000020341689671143026
rotated-ellipsoid-8	12	0	7.763816924647496e-9	7.763816924647496e-9	TargetReached	2630	263	2630	0	6.517542	-0.000024767660125235872,-0.0000061072486967183765,0.000008123491853905217,-0.0000020797376684563547,0.0000017826827029013649,0.0000010961518891201148,3.384156336163764e-7,-8.601821984394537e-7
rotated-ellipsoid-8	12	1	7.763816924647496e-9	7.763816924647496e-9	TargetReached	2630	263	2630	0	6.550958	-0.000024767660125235872,-0.0000061072486967183765,0.000008123491853905217,-0.0000020797376684563547,0.0000017826827029013649,0.0000010961518891201148,3.384156336163764e-7,-8.601821984394537e-7
rotated-ellipsoid-8	12	2	7.763816924647496e-9	7.763816924647496e-9	TargetReached	2630	263	2630	0	6.534333	-0.000024767660125235872,-0.0000061072486967183765,0.000008123491853905217,-0.0000020797376684563547,0.0000017826827029013649,0.0000010961518891201148,3.384156336163764e-7,-8.601821984394537e-7
rotated-ellipsoid-8	13	0	7.389198772535789e-9	7.389198772535789e-9	TargetReached	2760	276	2760	0	6.904834	0.000034267368686096635,-0.000022499583878590377,-0.000007236003474118572,-0.0000013223559390714453,0.0000030237331360300623,0.0000028272882972233006,0.0000048973611246657915,0.0000056173908837231136
rotated-ellipsoid-8	13	1	7.389198772535789e-9	7.389198772535789e-9	TargetReached	2760	276	2760	0	7.020042	0.000034267368686096635,-0.000022499583878590377,-0.000007236003474118572,-0.0000013223559390714453,0.0000030237331360300623,0.0000028272882972233006,0.0000048973611246657915,0.0000056173908837231136
rotated-ellipsoid-8	13	2	7.389198772535789e-9	7.389198772535789e-9	TargetReached	2760	276	2760	0	6.98175	0.000034267368686096635,-0.000022499583878590377,-0.000007236003474118572,-0.0000013223559390714453,0.0000030237331360300623,0.0000028272882972233006,0.0000048973611246657915,0.0000056173908837231136
rotated-ellipsoid-8	14	0	7.589498395190856e-9	7.589498395190856e-9	TargetReached	2880	288	2880	0	7.202709	-0.000004729499922579919,-0.000019104866662896015,0.000013003673686410237,0.000001881676476244576,6.073284741608904e-7,-0.0000017451181951743622,5.594065042966004e-8,-0.000001124895109007082
rotated-ellipsoid-8	14	1	7.589498395190856e-9	7.589498395190856e-9	TargetReached	2880	288	2880	0	7.149791	-0.000004729499922579919,-0.000019104866662896015,0.000013003673686410237,0.000001881676476244576,6.073284741608904e-7,-0.0000017451181951743622,5.594065042966004e-8,-0.000001124895109007082
rotated-ellipsoid-8	14	2	7.589498395190856e-9	7.589498395190856e-9	TargetReached	2880	288	2880	0	7.130958	-0.000004729499922579919,-0.000019104866662896015,0.000013003673686410237,0.000001881676476244576,6.073284741608904e-7,-0.0000017451181951743622,5.594065042966004e-8,-0.000001124895109007082
rotated-ellipsoid-8	15	0	4.498573963026621e-9	4.498573963026621e-9	TargetReached	3050	305	3050	0	7.713708	0.000008555446512996447,0.000003602242879346971,-0.000005137733097598128,3.377137073762817e-8,0.0000018632990961302088,-0.0000011578516507223013,1.6149734322234811e-7,9.819729046658378e-7
rotated-ellipsoid-8	15	1	4.498573963026621e-9	4.498573963026621e-9	TargetReached	3050	305	3050	0	7.609417	0.000008555446512996447,0.000003602242879346971,-0.000005137733097598128,3.377137073762817e-8,0.0000018632990961302088,-0.0000011578516507223013,1.6149734322234811e-7,9.819729046658378e-7
rotated-ellipsoid-8	15	2	4.498573963026621e-9	4.498573963026621e-9	TargetReached	3050	305	3050	0	7.570166	0.000008555446512996447,0.000003602242879346971,-0.000005137733097598128,3.377137073762817e-8,0.0000018632990961302088,-0.0000011578516507223013,1.6149734322234811e-7,9.819729046658378e-7
rotated-ellipsoid-8	16	0	8.178943398040555e-9	8.178943398040555e-9	TargetReached	3100	310	3100	0	7.731958	0.00003807009483462609,-0.000018692938691234446,0.000003325389026279911,0.000002278794714492025,-0.000001035874084694153,-0.0000024775101879927216,-0.0000036057090935373466,-0.000004000018901869573
rotated-ellipsoid-8	16	1	8.178943398040555e-9	8.178943398040555e-9	TargetReached	3100	310	3100	0	7.844625	0.00003807009483462609,-0.000018692938691234446,0.000003325389026279911,0.000002278794714492025,-0.000001035874084694153,-0.0000024775101879927216,-0.0000036057090935373466,-0.000004000018901869573
rotated-ellipsoid-8	16	2	8.178943398040555e-9	8.178943398040555e-9	TargetReached	3100	310	3100	0	7.912834	0.00003807009483462609,-0.000018692938691234446,0.000003325389026279911,0.000002278794714492025,-0.000001035874084694153,-0.0000024775101879927216,-0.0000036057090935373466,-0.000004000018901869573
rotated-ellipsoid-8	17	0	6.155901226796987e-9	6.155901226796987e-9	TargetReached	3050	305	3050	0	7.721542	0.000032533067390613484,0.000009374044687816231,5.676872902843794e-7,-0.0000036787693817565474,-0.000002046675788996903,-0.000002583133159626604,-0.0000028778138767949728,-0.0000026537884643636562
rotated-ellipsoid-8	17	1	6.155901226796987e-9	6.155901226796987e-9	TargetReached	3050	305	3050	0	7.638667	0.000032533067390613484,0.000009374044687816231,5.676872902843794e-7,-0.0000036787693817565474,-0.000002046675788996903,-0.000002583133159626604,-0.0000028778138767949728,-0.0000026537884643636562
rotated-ellipsoid-8	17	2	6.155901226796987e-9	6.155901226796987e-9	TargetReached	3050	305	3050	0	7.567167	0.000032533067390613484,0.000009374044687816231,5.676872902843794e-7,-0.0000036787693817565474,-0.000002046675788996903,-0.000002583133159626604,-0.0000028778138767949728,-0.0000026537884643636562
rotated-ellipsoid-8	18	0	6.221820627463703e-9	6.221820627463703e-9	TargetReached	2870	287	2870	0	7.300834	0.000009475611259236681,0.000022408240691363365,-0.000005689267308342627,-0.0000040301128392118195,-0.0000014045387959503778,-0.000002988774336091023,-0.0000010745655178739432,-0.0000021193666844506133
rotated-ellipsoid-8	18	1	6.221820627463703e-9	6.221820627463703e-9	TargetReached	2870	287	2870	0	7.070834	0.000009475611259236681,0.000022408240691363365,-0.000005689267308342627,-0.0000040301128392118195,-0.0000014045387959503778,-0.000002988774336091023,-0.0000010745655178739432,-0.0000021193666844506133
rotated-ellipsoid-8	18	2	6.221820627463703e-9	6.221820627463703e-9	TargetReached	2870	287	2870	0	7.144917	0.000009475611259236681,0.000022408240691363365,-0.000005689267308342627,-0.0000040301128392118195,-0.0000014045387959503778,-0.000002988774336091023,-0.0000010745655178739432,-0.0000021193666844506133
rotated-ellipsoid-8	19	0	9.766033459100075e-9	9.766033459100075e-9	TargetReached	2890	289	2890	0	7.257625	-0.000011080807081978225,0.00001920686174813242,0.000007395844082681639,-0.0000019240867473507803,7.851641653587393e-8,-0.000005035431484140766,-0.0000073480723144682425,-0.00000809884772984286
rotated-ellipsoid-8	19	1	9.766033459100075e-9	9.766033459100075e-9	TargetReached	2890	289	2890	0	7.170416	-0.000011080807081978225,0.00001920686174813242,0.000007395844082681639,-0.0000019240867473507803,7.851641653587393e-8,-0.000005035431484140766,-0.0000073480723144682425,-0.00000809884772984286
rotated-ellipsoid-8	19	2	9.766033459100075e-9	9.766033459100075e-9	TargetReached	2890	289	2890	0	7.085375	-0.000011080807081978225,0.00001920686174813242,0.000007395844082681639,-0.0000019240867473507803,7.851641653587393e-8,-0.000005035431484140766,-0.0000073480723144682425,-0.00000809884772984286
rotated-ellipsoid-8	20	0	9.9785012450731e-9	9.9785012450731e-9	TargetReached	2890	289	2890	0	7.111375	0.000010309001004099723,-0.000029196756918900946,0.000006170161779145148,-8.611226430015494e-7,-1.3462409269029584e-7,0.0000041542172590760636,0.0000038061223669126,0.0000030481063126566078
rotated-ellipsoid-8	20	1	9.9785012450731e-9	9.9785012450731e-9	TargetReached	2890	289	2890	0	7.137959	0.000010309001004099723,-0.000029196756918900946,0.000006170161779145148,-8.611226430015494e-7,-1.3462409269029584e-7,0.0000041542172590760636,0.0000038061223669126,0.0000030481063126566078
rotated-ellipsoid-8	20	2	9.9785012450731e-9	9.9785012450731e-9	TargetReached	2890	289	2890	0	7.103667	0.000010309001004099723,-0.000029196756918900946,0.000006170161779145148,-8.611226430015494e-7,-1.3462409269029584e-7,0.0000041542172590760636,0.0000038061223669126,0.0000030481063126566078
rosenbrock-4	1	0	8.09849267993997e-9	8.09849267993997e-9	TargetReached	1360	170	1360	0	1.768333	1.000018744824631,1.0000346191033367,1.000066389304181,1.0001305367088873
rosenbrock-4	1	1	8.09849267993997e-9	8.09849267993997e-9	TargetReached	1360	170	1360	0	1.757041	1.000018744824631,1.0000346191033367,1.000066389304181,1.0001305367088873
rosenbrock-4	1	2	8.09849267993997e-9	8.09849267993997e-9	TargetReached	1360	170	1360	0	1.742875	1.000018744824631,1.0000346191033367,1.000066389304181,1.0001305367088873
rosenbrock-4	2	0	8.218504086337929e-9	8.218504086337929e-9	TargetReached	1848	231	1848	0	2.417083	1.0000113381833746,1.0000286182589024,1.000056374385512,1.0001105429908812
rosenbrock-4	2	1	8.218504086337929e-9	8.218504086337929e-9	TargetReached	1848	231	1848	0	2.335541	1.0000113381833746,1.0000286182589024,1.000056374385512,1.0001105429908812
rosenbrock-4	2	2	8.218504086337929e-9	8.218504086337929e-9	TargetReached	1848	231	1848	0	2.405	1.0000113381833746,1.0000286182589024,1.000056374385512,1.0001105429908812
rosenbrock-4	3	0	3.7014286104300163	3.7014286104300163	EvaluationLimit	15000	1875	15000	0	28.233083	-0.7756592207819094,0.6130933564852566,0.38206283506811606,0.1459720101391752
rosenbrock-4	3	1	3.7014286104300163	3.7014286104300163	EvaluationLimit	15000	1875	15000	0	19.992875	-0.7756592207819094,0.6130933564852566,0.38206283506811606,0.1459720101391752
rosenbrock-4	3	2	3.7014286104300163	3.7014286104300163	EvaluationLimit	15000	1875	15000	0	19.763041	-0.7756592207819094,0.6130933564852566,0.38206283506811606,0.1459720101391752
rosenbrock-4	4	0	6.822900033650313e-9	6.822900033650313e-9	TargetReached	1448	181	1448	0	1.875917	1.0000000754384182,0.9999932561008521,0.9999875841002807,0.9999709795850876
rosenbrock-4	4	1	6.822900033650313e-9	6.822900033650313e-9	TargetReached	1448	181	1448	0	1.991083	1.0000000754384182,0.9999932561008521,0.9999875841002807,0.9999709795850876
rosenbrock-4	4	2	6.822900033650313e-9	6.822900033650313e-9	TargetReached	1448	181	1448	0	1.850417	1.0000000754384182,0.9999932561008521,0.9999875841002807,0.9999709795850876
rosenbrock-4	5	0	7.1583543733031824e-9	7.1583543733031824e-9	TargetReached	1880	235	1880	0	2.39575	0.9999974047673809,0.9999989092207043,0.9999905575172343,0.9999821564121865
rosenbrock-4	5	1	7.1583543733031824e-9	7.1583543733031824e-9	TargetReached	1880	235	1880	0	2.46275	0.9999974047673809,0.9999989092207043,0.9999905575172343,0.9999821564121865
rosenbrock-4	5	2	7.1583543733031824e-9	7.1583543733031824e-9	TargetReached	1880	235	1880	0	2.429584	0.9999974047673809,0.9999989092207043,0.9999905575172343,0.9999821564121865
rosenbrock-4	6	0	6.332472675238079e-9	6.332472675238079e-9	TargetReached	1432	179	1432	0	1.836834	0.9999938164277469,0.9999918506301854,0.9999787823071212,0.9999615387627937
rosenbrock-4	6	1	6.332472675238079e-9	6.332472675238079e-9	TargetReached	1432	179	1432	0	1.885834	0.9999938164277469,0.9999918506301854,0.9999787823071212,0.9999615387627937
rosenbrock-4	6	2	6.332472675238079e-9	6.332472675238079e-9	TargetReached	1432	179	1432	0	1.819833	0.9999938164277469,0.9999918506301854,0.9999787823071212,0.9999615387627937
rosenbrock-4	7	0	3.7014286104300163	3.7014286104300163	ConditionLimit	10712	1339	10712	0	13.6575	-0.7756592229239506,0.613093359684461,0.3820628398295444,0.14597201407262164
rosenbrock-4	7	1	3.7014286104300163	3.7014286104300163	ConditionLimit	10712	1339	10712	0	27.540916	-0.7756592229239506,0.613093359684461,0.3820628398295444,0.14597201407262164
rosenbrock-4	7	2	3.7014286104300163	3.7014286104300163	ConditionLimit	10712	1339	10712	0	15.258959	-0.7756592229239506,0.613093359684461,0.3820628398295444,0.14597201407262164
rosenbrock-4	8	0	6.598423180599885e-9	6.598423180599885e-9	TargetReached	1688	211	1688	0	2.510834	0.999997511356317,0.9999907340427352,0.9999800701216373,0.9999537575038934
rosenbrock-4	8	1	6.598423180599885e-9	6.598423180599885e-9	TargetReached	1688	211	1688	0	2.6595	0.999997511356317,0.9999907340427352,0.9999800701216373,0.9999537575038934
rosenbrock-4	8	2	6.598423180599885e-9	6.598423180599885e-9	TargetReached	1688	211	1688	0	2.47175	0.999997511356317,0.9999907340427352,0.9999800701216373,0.9999537575038934
rosenbrock-4	9	0	5.534763773518672e-9	5.534763773518672e-9	TargetReached	1696	212	1696	0	2.316291	0.9999884533153279,0.9999802683043545,0.99996134332508,0.9999178686550839
rosenbrock-4	9	1	5.534763773518672e-9	5.534763773518672e-9	TargetReached	1696	212	1696	0	2.286917	0.9999884533153279,0.9999802683043545,0.99996134332508,0.9999178686550839
rosenbrock-4	9	2	5.534763773518672e-9	5.534763773518672e-9	TargetReached	1696	212	1696	0	2.212291	0.9999884533153279,0.9999802683043545,0.99996134332508,0.9999178686550839
rosenbrock-4	10	0	8.268011772162506e-9	8.268011772162506e-9	TargetReached	1472	184	1472	0	1.930542	1.000013018993893,1.0000218532876366,1.00004604592948,1.0000977529331374
rosenbrock-4	10	1	8.268011772162506e-9	8.268011772162506e-9	TargetReached	1472	184	1472	0	1.967583	1.000013018993893,1.0000218532876366,1.00004604592948,1.0000977529331374
rosenbrock-4	10	2	8.268011772162506e-9	8.268011772162506e-9	TargetReached	1472	184	1472	0	1.940083	1.000013018993893,1.0000218532876366,1.00004604592948,1.0000977529331374
rosenbrock-4	11	0	8.066859019160188e-9	8.066859019160188e-9	TargetReached	1712	214	1712	0	2.094625	0.9999960917690714,0.9999869792806122,0.9999740468919552,0.9999548021090882
rosenbrock-4	11	1	8.066859019160188e-9	8.066859019160188e-9	TargetReached	1712	214	1712	0	2.184083	0.9999960917690714,0.9999869792806122,0.9999740468919552,0.9999548021090882
rosenbrock-4	11	2	8.066859019160188e-9	8.066859019160188e-9	TargetReached	1712	214	1712	0	2.188292	0.9999960917690714,0.9999869792806122,0.9999740468919552,0.9999548021090882
rosenbrock-4	12	0	9.376461104135731e-9	9.376461104135731e-9	TargetReached	2600	325	2600	0	3.231708	1.0000108819985802,1.0000225272587988,1.0000441190577596,1.000096399861227
rosenbrock-4	12	1	9.376461104135731e-9	9.376461104135731e-9	TargetReached	2600	325	2600	0	3.267583	1.0000108819985802,1.0000225272587988,1.0000441190577596,1.000096399861227
rosenbrock-4	12	2	9.376461104135731e-9	9.376461104135731e-9	TargetReached	2600	325	2600	0	3.252125	1.0000108819985802,1.0000225272587988,1.0000441190577596,1.000096399861227
rosenbrock-4	13	0	8.750788095536861e-9	8.750788095536861e-9	TargetReached	1344	168	1344	0	1.638667	0.9999988933172508,0.9999949821332663,0.9999874841054734,0.9999834336383899
rosenbrock-4	13	1	8.750788095536861e-9	8.750788095536861e-9	TargetReached	1344	168	1344	0	1.712541	0.9999988933172508,0.9999949821332663,0.9999874841054734,0.9999834336383899
rosenbrock-4	13	2	8.750788095536861e-9	8.750788095536861e-9	TargetReached	1344	168	1344	0	1.726334	0.9999988933172508,0.9999949821332663,0.9999874841054734,0.9999834336383899
rosenbrock-4	14	0	7.599103477767713e-9	7.599103477767713e-9	TargetReached	2080	260	2080	0	2.558375	1.0000011625089307,1.0000020810075267,1.0000126951369432,1.0000241867272055
rosenbrock-4	14	1	7.599103477767713e-9	7.599103477767713e-9	TargetReached	2080	260	2080	0	2.646625	1.0000011625089307,1.0000020810075267,1.0000126951369432,1.0000241867272055
rosenbrock-4	14	2	7.599103477767713e-9	7.599103477767713e-9	TargetReached	2080	260	2080	0	2.634459	1.0000011625089307,1.0000020810075267,1.0000126951369432,1.0000241867272055
rosenbrock-4	15	0	6.327307247131346e-9	6.327307247131346e-9	TargetReached	1464	183	1464	0	1.866625	0.999998849925787,1.0000009332535482,1.0000072778118756,1.000009761473872
rosenbrock-4	15	1	6.327307247131346e-9	6.327307247131346e-9	TargetReached	1464	183	1464	0	1.909334	0.999998849925787,1.0000009332535482,1.0000072778118756,1.000009761473872
rosenbrock-4	15	2	6.327307247131346e-9	6.327307247131346e-9	TargetReached	1464	183	1464	0	1.922625	0.999998849925787,1.0000009332535482,1.0000072778118756,1.000009761473872
rosenbrock-4	16	0	2.8261999240851614e-9	2.8261999240851614e-9	TargetReached	2672	334	2672	0	3.457167	1.000000721746185,1.0000026959058634,1.00000033441357,0.999999650443841
rosenbrock-4	16	1	2.8261999240851614e-9	2.8261999240851614e-9	TargetReached	2672	334	2672	0	3.40575	1.000000721746185,1.0000026959058634,1.00000033441357,0.999999650443841
rosenbrock-4	16	2	2.8261999240851614e-9	2.8261999240851614e-9	TargetReached	2672	334	2672	0	3.42825	1.000000721746185,1.0000026959058634,1.00000033441357,0.999999650443841
rosenbrock-4	17	0	9.25286542197626e-9	9.25286542197626e-9	TargetReached	1504	188	1504	0	1.947374	0.9999908257994733,0.9999792387647982,0.9999592825344447,0.9999265872050889
rosenbrock-4	17	1	9.25286542197626e-9	9.25286542197626e-9	TargetReached	1504	188	1504	0	1.950667	0.9999908257994733,0.9999792387647982,0.9999592825344447,0.9999265872050889
rosenbrock-4	17	2	9.25286542197626e-9	9.25286542197626e-9	TargetReached	1504	188	1504	0	1.852709	0.9999908257994733,0.9999792387647982,0.9999592825344447,0.9999265872050889
rosenbrock-4	18	0	1.1363800003061707e-9	1.1363800003061707e-9	TargetReached	1576	197	1576	0	2.046167	1.0000046389711312,1.0000113157337212,1.0000227921988654,1.0000448813561895
rosenbrock-4	18	1	1.1363800003061707e-9	1.1363800003061707e-9	TargetReached	1576	197	1576	0	2.047917	1.0000046389711312,1.0000113157337212,1.0000227921988654,1.0000448813561895
rosenbrock-4	18	2	1.1363800003061707e-9	1.1363800003061707e-9	TargetReached	1576	197	1576	0	1.943626	1.0000046389711312,1.0000113157337212,1.0000227921988654,1.0000448813561895
rosenbrock-4	19	0	7.577470282220467e-9	7.577470282220467e-9	TargetReached	1584	198	1584	0	2.034835	0.9999962837908649,0.9999891690122066,0.9999732675073869,0.9999410534365502
rosenbrock-4	19	1	7.577470282220467e-9	7.577470282220467e-9	TargetReached	1584	198	1584	0	2.042293	0.9999962837908649,0.9999891690122066,0.9999732675073869,0.9999410534365502
rosenbrock-4	19	2	7.577470282220467e-9	7.577470282220467e-9	TargetReached	1584	198	1584	0	1.948166	0.9999962837908649,0.9999891690122066,0.9999732675073869,0.9999410534365502
rosenbrock-4	20	0	4.151475076205195e-9	4.151475076205195e-9	TargetReached	1464	183	1464	0	1.895083	1.0000032162604113,1.000002802794962,1.0000107059524752,1.0000224110059195
rosenbrock-4	20	1	4.151475076205195e-9	4.151475076205195e-9	TargetReached	1464	183	1464	0	1.794832	1.0000032162604113,1.000002802794962,1.0000107059524752,1.0000224110059195
rosenbrock-4	20	2	4.151475076205195e-9	4.151475076205195e-9	TargetReached	1464	183	1464	0	1.887167	1.0000032162604113,1.000002802794962,1.0000107059524752,1.0000224110059195
nonsmooth-8	1	0	8.33802886433064e-9	8.33802886433064e-9	TargetReached	3410	341	3410	0	7.287542	1.29972511420593e-9,1.0491652930044628e-9,-8.464000879475903e-10,-3.2178542144124264e-11,-9.947463643372697e-12,2.4925881439850685e-10,-1.470646982609948e-11,7.797790478823938e-11
nonsmooth-8	1	1	8.33802886433064e-9	8.33802886433064e-9	TargetReached	3410	341	3410	0	7.244667	1.29972511420593e-9,1.0491652930044628e-9,-8.464000879475903e-10,-3.2178542144124264e-11,-9.947463643372697e-12,2.4925881439850685e-10,-1.470646982609948e-11,7.797790478823938e-11
nonsmooth-8	1	2	8.33802886433064e-9	8.33802886433064e-9	TargetReached	3410	341	3410	0	7.180541	1.29972511420593e-9,1.0491652930044628e-9,-8.464000879475903e-10,-3.2178542144124264e-11,-9.947463643372697e-12,2.4925881439850685e-10,-1.470646982609948e-11,7.797790478823938e-11
nonsmooth-8	2	0	9.982901095599717e-9	9.982901095599717e-9	TargetReached	3160	316	3160	0	6.807458	-2.9845782624727594e-9,-1.5800012527278908e-10,-2.6455532922258345e-10,2.9632602080712717e-10,8.205697156089812e-11,-1.648490680957193e-10,3.751542701643042e-10,8.473666926952302e-11
nonsmooth-8	2	1	9.982901095599717e-9	9.982901095599717e-9	TargetReached	3160	316	3160	0	6.674042	-2.9845782624727594e-9,-1.5800012527278908e-10,-2.6455532922258345e-10,2.9632602080712717e-10,8.205697156089812e-11,-1.648490680957193e-10,3.751542701643042e-10,8.473666926952302e-11
nonsmooth-8	2	2	9.982901095599717e-9	9.982901095599717e-9	TargetReached	3160	316	3160	0	6.783292	-2.9845782624727594e-9,-1.5800012527278908e-10,-2.6455532922258345e-10,2.9632602080712717e-10,8.205697156089812e-11,-1.648490680957193e-10,3.751542701643042e-10,8.473666926952302e-11
nonsmooth-8	3	0	9.794128053526893e-9	9.794128053526893e-9	TargetReached	3560	356	3560	0	7.63475	-1.4007558253989463e-10,6.377011328881051e-11,9.603869660891742e-10,-6.087457781677617e-10,6.648715759429642e-11,-2.601756411244564e-10,-2.5555706918407175e-10,-6.599738930801062e-11
nonsmooth-8	3	1	9.794128053526893e-9	9.794128053526893e-9	TargetReached	3560	356	3560	0	7.535458	-1.4007558253989463e-10,6.377011328881051e-11,9.603869660891742e-10,-6.087457781677617e-10,6.648715759429642e-11,-2.601756411244564e-10,-2.5555706918407175e-10,-6.599738930801062e-11
nonsmooth-8	3	2	9.794128053526893e-9	9.794128053526893e-9	TargetReached	3560	356	3560	0	7.65875	-1.4007558253989463e-10,6.377011328881051e-11,9.603869660891742e-10,-6.087457781677617e-10,6.648715759429642e-11,-2.601756411244564e-10,-2.5555706918407175e-10,-6.599738930801062e-11
nonsmooth-8	4	0	7.113793558193156e-9	7.113793558193156e-9	TargetReached	3760	376	3760	0	8.113208	-3.268600678627406e-10,1.2248941649435657e-9,4.867760965421326e-11,-2.434315427260333e-10,-2.344150641515705e-10,-8.226719185318708e-11,-1.6513737601124205e-12,1.9251850904734354e-10
nonsmooth-8	4	1	7.113793558193156e-9	7.113793558193156e-9	TargetReached	3760	376	3760	0	8.269375	-3.268600678627406e-10,1.2248941649435657e-9,4.867760965421326e-11,-2.434315427260333e-10,-2.344150641515705e-10,-8.226719185318708e-11,-1.6513737601124205e-12,1.9251850904734354e-10
nonsmooth-8	4	2	7.113793558193156e-9	7.113793558193156e-9	TargetReached	3760	376	3760	0	8.324417	-3.268600678627406e-10,1.2248941649435657e-9,4.867760965421326e-11,-2.434315427260333e-10,-2.344150641515705e-10,-8.226719185318708e-11,-1.6513737601124205e-12,1.9251850904734354e-10
nonsmooth-8	5	0	9.664617552667233e-9	9.664617552667233e-9	TargetReached	2870	287	2870	0	6.151166	1.073685454771154e-9,5.779953033333857e-10,8.314681493658768e-10,-4.826236014830733e-10,-3.7618665089918626e-10,1.857491331886655e-11,5.8185855774783606e-11,7.629486404584612e-11
nonsmooth-8	5	1	9.664617552667233e-9	9.664617552667233e-9	TargetReached	2870	287	2870	0	6.200709	1.073685454771154e-9,5.779953033333857e-10,8.314681493658768e-10,-4.826236014830733e-10,-3.7618665089918626e-10,1.857491331886655e-11,5.8185855774783606e-11,7.629486404584612e-11
nonsmooth-8	5	2	9.664617552667233e-9	9.664617552667233e-9	TargetReached	2870	287	2870	0	6.12325	1.073685454771154e-9,5.779953033333857e-10,8.314681493658768e-10,-4.826236014830733e-10,-3.7618665089918626e-10,1.857491331886655e-11,5.8185855774783606e-11,7.629486404584612e-11
nonsmooth-8	6	0	9.819926835485707e-9	9.819926835485707e-9	TargetReached	2850	285	2850	0	6.315875	-9.036954382751579e-10,-8.787086933042213e-10,5.934156057875909e-10,2.998307806120774e-10,-3.7437717190155274e-11,2.5929200964169183e-10,-7.680594560374346e-12,2.978174081334345e-10
nonsmooth-8	6	1	9.819926835485707e-9	9.819926835485707e-9	TargetReached	2850	285	2850	0	6.155042	-9.036954382751579e-10,-8.787086933042213e-10,5.934156057875909e-10,2.998307806120774e-10,-3.7437717190155274e-11,2.5929200964169183e-10,-7.680594560374346e-12,2.978174081334345e-10
nonsmooth-8	6	2	9.819926835485707e-9	9.819926835485707e-9	TargetReached	2850	285	2850	0	6.056	-9.036954382751579e-10,-8.787086933042213e-10,5.934156057875909e-10,2.998307806120774e-10,-3.7437717190155274e-11,2.5929200964169183e-10,-7.680594560374346e-12,2.978174081334345e-10
nonsmooth-8	7	0	5.484195893047388e-9	5.484195893047388e-9	TargetReached	3390	339	3390	0	7.31725	-4.3818246282898037e-10,-4.021457091750158e-10,-2.634606580237287e-10,-7.309522929059829e-11,1.1491518414239998e-10,1.6145979991808587e-10,1.3532189395039814e-10,-8.354639284518683e-11
nonsmooth-8	7	1	5.484195893047388e-9	5.484195893047388e-9	TargetReached	3390	339	3390	0	7.354583	-4.3818246282898037e-10,-4.021457091750158e-10,-2.634606580237287e-10,-7.309522929059829e-11,1.1491518414239998e-10,1.6145979991808587e-10,1.3532189395039814e-10,-8.354639284518683e-11
nonsmooth-8	7	2	5.484195893047388e-9	5.484195893047388e-9	TargetReached	3390	339	3390	0	7.251209	-4.3818246282898037e-10,-4.021457091750158e-10,-2.634606580237287e-10,-7.309522929059829e-11,1.1491518414239998e-10,1.6145979991808587e-10,1.3532189395039814e-10,-8.354639284518683e-11
nonsmooth-8	8	0	9.26894306386806e-9	9.26894306386806e-9	TargetReached	2820	282	2820	0	6.155791	1.3281402512604719e-9,4.604549811139718e-10,1.718779622153732e-10,5.714369230099318e-10,-2.460156608528474e-10,-1.705766507137663e-10,-9.846708231182556e-11,-1.5946293587052302e-10
nonsmooth-8	8	1	9.26894306386806e-9	9.26894306386806e-9	TargetReached	2820	282	2820	0	6.021916	1.3281402512604719e-9,4.604549811139718e-10,1.718779622153732e-10,5.714369230099318e-10,-2.460156608528474e-10,-1.705766507137663e-10,-9.846708231182556e-11,-1.5946293587052302e-10
nonsmooth-8	8	2	9.26894306386806e-9	9.26894306386806e-9	TargetReached	2820	282	2820	0	6.10875	1.3281402512604719e-9,4.604549811139718e-10,1.718779622153732e-10,5.714369230099318e-10,-2.460156608528474e-10,-1.705766507137663e-10,-9.846708231182556e-11,-1.5946293587052302e-10
nonsmooth-8	9	0	8.85511510140184e-9	8.85511510140184e-9	TargetReached	3280	328	3280	0	7.003292	-2.5329132776106423e-10,8.072717381130434e-10,-5.551942432384727e-10,3.437252023067799e-11,-1.3825371908828943e-10,9.383079036416459e-11,-4.0084174493718877e-10,1.405077418237254e-10
nonsmooth-8	9	1	8.85511510140184e-9	8.85511510140184e-9	TargetReached	3280	328	3280	0	7.116042	-2.5329132776106423e-10,8.072717381130434e-10,-5.551942432384727e-10,3.437252023067799e-11,-1.3825371908828943e-10,9.383079036416459e-11,-4.0084174493718877e-10,1.405077418237254e-10
nonsmooth-8	9	2	8.85511510140184e-9	8.85511510140184e-9	TargetReached	3280	328	3280	0	7.076959	-2.5329132776106423e-10,8.072717381130434e-10,-5.551942432384727e-10,3.437252023067799e-11,-1.3825371908828943e-10,9.383079036416459e-11,-4.0084174493718877e-10,1.405077418237254e-10
nonsmooth-8	10	0	9.348831383577036e-9	9.348831383577036e-9	TargetReached	2770	277	2770	0	5.954458	1.4303440990106305e-9,4.857730627687183e-10,-2.2641923347325117e-11,1.234124676267745e-10,6.238247610958019e-10,6.949866970217976e-12,1.8116926034087034e-10,-2.445447110991856e-10
nonsmooth-8	10	1	9.348831383577036e-9	9.348831383577036e-9	TargetReached	2770	277	2770	0	5.978375	1.4303440990106305e-9,4.857730627687183e-10,-2.2641923347325117e-11,1.234124676267745e-10,6.238247610958019e-10,6.949866970217976e-12,1.8116926034087034e-10,-2.445447110991856e-10
nonsmooth-8	10	2	9.348831383577036e-9	9.348831383577036e-9	TargetReached	2770	277	2770	0	6.0765	1.4303440990106305e-9,4.857730627687183e-10,-2.2641923347325117e-11,1.234124676267745e-10,6.238247610958019e-10,6.949866970217976e-12,1.8116926034087034e-10,-2.445447110991856e-10
nonsmooth-8	11	0	8.55123140040333e-9	8.55123140040333e-9	TargetReached	3760	376	3760	0	8.548375	-8.958719062809475e-10,1.345337619938028e-10,1.9550310371488504e-11,3.701279673411426e-10,-2.5643588692198204e-10,5.598028593442092e-10,-1.2059442387760176e-10,-4.524645147967038e-11
nonsmooth-8	11	1	8.55123140040333e-9	8.55123140040333e-9	TargetReached	3760	376	3760	0	9.50325	-8.958719062809475e-10,1.345337619938028e-10,1.9550310371488504e-11,3.701279673411426e-10,-2.5643588692198204e-10,5.598028593442092e-10,-1.2059442387760176e-10,-4.524645147967038e-11
nonsmooth-8	11	2	8.55123140040333e-9	8.55123140040333e-9	TargetReached	3760	376	3760	0	9.139625	-8.958719062809475e-10,1.345337619938028e-10,1.9550310371488504e-11,3.701279673411426e-10,-2.5643588692198204e-10,5.598028593442092e-10,-1.2059442387760176e-10,-4.524645147967038e-11
nonsmooth-8	12	0	7.146503195879138e-9	7.146503195879138e-9	TargetReached	2800	280	2800	0	7.19175	1.0837423605339844e-9,-1.486145251488979e-10,4.4801681759140977e-10,7.047439550477702e-10,-1.6166025197081604e-10,1.2605849065013705e-12,9.58992150240247e-11,1.4418279702598432e-11
nonsmooth-8	12	1	7.146503195879138e-9	7.146503195879138e-9	TargetReached	2800	280	2800	0	6.418625	1.0837423605339844e-9,-1.486145251488979e-10,4.4801681759140977e-10,7.047439550477702e-10,-1.6166025197081604e-10,1.2605849065013705e-12,9.58992150240247e-11,1.4418279702598432e-11
nonsmooth-8	12	2	7.146503195879138e-9	7.146503195879138e-9	TargetReached	2800	280	2800	0	6.517875	1.0837423605339844e-9,-1.486145251488979e-10,4.4801681759140977e-10,7.047439550477702e-10,-1.6166025197081604e-10,1.2605849065013705e-12,9.58992150240247e-11,1.4418279702598432e-11
nonsmooth-8	13	0	8.54719754432676e-9	8.54719754432676e-9	TargetReached	3130	313	3130	0	6.951416	-2.30805495689804e-9,1.6137700142605459e-9,1.9116324355012808e-10,1.435479727170703e-10,7.85994775798985e-11,1.4059539408718538e-10,-8.519040352396055e-12,7.096473781244826e-11
nonsmooth-8	13	1	8.54719754432676e-9	8.54719754432676e-9	TargetReached	3130	313	3130	0	7.103375	-2.30805495689804e-9,1.6137700142605459e-9,1.9116324355012808e-10,1.435479727170703e-10,7.85994775798985e-11,1.4059539408718538e-10,-8.519040352396055e-12,7.096473781244826e-11
nonsmooth-8	13	2	8.54719754432676e-9	8.54719754432676e-9	TargetReached	3130	313	3130	0	7.524583	-2.30805495689804e-9,1.6137700142605459e-9,1.9116324355012808e-10,1.435479727170703e-10,7.85994775798985e-11,1.4059539408718538e-10,-8.519040352396055e-12,7.096473781244826e-11
nonsmooth-8	14	0	9.60242079832371e-9	9.60242079832371e-9	TargetReached	3670	367	3670	0	9.255375	2.5079626136920987e-9,6.304353031957865e-10,2.087734895012305e-10,4.421803702687873e-10,5.141621387898929e-10,-9.17172846372866e-11,-7.004391955910967e-12,3.35500603995796e-11
nonsmooth-8	14	1	9.60242079832371e-9	9.60242079832371e-9	TargetReached	3670	367	3670	0	8.336541	2.5079626136920987e-9,6.304353031957865e-10,2.087734895012305e-10,4.421803702687873e-10,5.141621387898929e-10,-9.17172846372866e-11,-7.004391955910967e-12,3.35500603995796e-11
nonsmooth-8	14	2	9.60242079832371e-9	9.60242079832371e-9	TargetReached	3670	367	3670	0	9.079875	2.5079626136920987e-9,6.304353031957865e-10,2.087734895012305e-10,4.421803702687873e-10,5.141621387898929e-10,-9.17172846372866e-11,-7.004391955910967e-12,3.35500603995796e-11
nonsmooth-8	15	0	6.024647871697873e-9	6.024647871697873e-9	TargetReached	3020	302	3020	0	6.831458	5.50907667944924e-10,1.4293851380894318e-10,-3.3755046059917915e-10,-3.024885379411923e-10,-5.74773674791399e-11,-1.1063684546123221e-10,5.7198691568374275e-12,-2.467513310389752e-10
nonsmooth-8	15	1	6.024647871697873e-9	6.024647871697873e-9	TargetReached	3020	302	3020	0	7.497917	5.50907667944924e-10,1.4293851380894318e-10,-3.3755046059917915e-10,-3.024885379411923e-10,-5.74773674791399e-11,-1.1063684546123221e-10,5.7198691568374275e-12,-2.467513310389752e-10
nonsmooth-8	15	2	6.024647871697873e-9	6.024647871697873e-9	TargetReached	3020	302	3020	0	7.114125	5.50907667944924e-10,1.4293851380894318e-10,-3.3755046059917915e-10,-3.024885379411923e-10,-5.74773674791399e-11,-1.1063684546123221e-10,5.7198691568374275e-12,-2.467513310389752e-10
nonsmooth-8	16	0	7.029920339570922e-9	7.029920339570922e-9	TargetReached	2850	285	2850	0	6.8455	-7.533624166415452e-10,-5.025561845689415e-10,-1.1570528741829198e-10,-3.369982453323123e-10,-5.189330508526464e-11,-4.3801568324121553e-11,-3.5827658433279763e-10,-6.826558556334163e-11
nonsmooth-8	16	1	7.029920339570922e-9	7.029920339570922e-9	TargetReached	2850	285	2850	0	6.547875	-7.533624166415452e-10,-5.025561845689415e-10,-1.1570528741829198e-10,-3.369982453323123e-10,-5.189330508526464e-11,-4.3801568324121553e-11,-3.5827658433279763e-10,-6.826558556334163e-11
nonsmooth-8	16	2	7.029920339570922e-9	7.029920339570922e-9	TargetReached	2850	285	2850	0	7.026	-7.533624166415452e-10,-5.025561845689415e-10,-1.1570528741829198e-10,-3.369982453323123e-10,-5.189330508526464e-11,-4.3801568324121553e-11,-3.5827658433279763e-10,-6.826558556334163e-11
nonsmooth-8	17	0	8.854791113420423e-9	8.854791113420423e-9	TargetReached	3180	318	3180	0	7.395083	-9.383907083076387e-10,-3.214418349138696e-10,2.2636686507152787e-10,-8.571223362062741e-10,-1.4667223221402406e-11,-1.3815160131283218e-10,2.637790724200596e-10,-5.215344554011783e-11
nonsmooth-8	17	1	8.854791113420423e-9	8.854791113420423e-9	TargetReached	3180	318	3180	0	7.371042	-9.383907083076387e-10,-3.214418349138696e-10,2.2636686507152787e-10,-8.571223362062741e-10,-1.4667223221402406e-11,-1.3815160131283218e-10,2.637790724200596e-10,-5.215344554011783e-11
nonsmooth-8	17	2	8.854791113420423e-9	8.854791113420423e-9	TargetReached	3180	318	3180	0	7.846375	-9.383907083076387e-10,-3.214418349138696e-10,2.2636686507152787e-10,-8.571223362062741e-10,-1.4667223221402406e-11,-1.3815160131283218e-10,2.637790724200596e-10,-5.215344554011783e-11
nonsmooth-8	18	0	8.858604731976794e-9	8.858604731976794e-9	TargetReached	3000	300	3000	0	7.090583	-2.2395329720559754e-9,3.717998115826581e-10,-3.166567084199309e-10,-1.010870678924477e-10,-3.3976146530952735e-10,-9.868241512121927e-11,-2.170199963451559e-10,-8.888899352935936e-11
nonsmooth-8	18	1	8.858604731976794e-9	8.858604731976794e-9	TargetReached	3000	300	3000	0	7.35	-2.2395329720559754e-9,3.717998115826581e-10,-3.166567084199309e-10,-1.010870678924477e-10,-3.3976146530952735e-10,-9.868241512121927e-11,-2.170199963451559e-10,-8.888899352935936e-11
nonsmooth-8	18	2	8.858604731976794e-9	8.858604731976794e-9	TargetReached	3000	300	3000	0	7.164208	-2.2395329720559754e-9,3.717998115826581e-10,-3.166567084199309e-10,-1.010870678924477e-10,-3.3976146530952735e-10,-9.868241512121927e-11,-2.170199963451559e-10,-8.888899352935936e-11
nonsmooth-8	19	0	9.354864241432775e-9	9.354864241432775e-9	TargetReached	3090	309	3090	0	7.280833	-9.943568297002293e-10,-1.0075636606550558e-10,-4.711387556535796e-10,1.0456067819470605e-10,2.6602942869608925e-10,-2.421859237533733e-10,-3.792176788966959e-10,-1.1119365769805176e-10
nonsmooth-8	19	1	9.354864241432775e-9	9.354864241432775e-9	TargetReached	3090	309	3090	0	7.490416	-9.943568297002293e-10,-1.0075636606550558e-10,-4.711387556535796e-10,1.0456067819470605e-10,2.6602942869608925e-10,-2.421859237533733e-10,-3.792176788966959e-10,-1.1119365769805176e-10
nonsmooth-8	19	2	9.354864241432775e-9	9.354864241432775e-9	TargetReached	3090	309	3090	0	7.592667	-9.943568297002293e-10,-1.0075636606550558e-10,-4.711387556535796e-10,1.0456067819470605e-10,2.6602942869608925e-10,-2.421859237533733e-10,-3.792176788966959e-10,-1.1119365769805176e-10
nonsmooth-8	20	0	9.534314803763866e-9	9.534314803763866e-9	TargetReached	4270	427	4270	0	9.964709	2.0636144937100176e-9,4.448386269190961e-10,1.526522112322305e-10,1.3923447243533775e-10,2.6824780650801656e-10,-2.0029489015733395e-10,-1.470501841511044e-10,-2.492211087794747e-10
nonsmooth-8	20	1	9.534314803763866e-9	9.534314803763866e-9	TargetReached	4270	427	4270	0	11.421166	2.0636144937100176e-9,4.448386269190961e-10,1.526522112322305e-10,1.3923447243533775e-10,2.6824780650801656e-10,-2.0029489015733395e-10,-1.470501841511044e-10,-2.492211087794747e-10
nonsmooth-8	20	2	9.534314803763866e-9	9.534314803763866e-9	TargetReached	4270	427	4270	0	10.071167	2.0636144937100176e-9,4.448386269190961e-10,1.526522112322305e-10,1.3923447243533775e-10,2.6824780650801656e-10,-2.0029489015733395e-10,-1.470501841511044e-10,-2.492211087794747e-10
rastrigin-4	1	0	1.9899181141865818	1.9899181141865818	EvaluationLimit	15000	1875	15000	0	22.12075	0.9949586372341955,5.523984026054762e-10,-1.4671315679797444e-11,0.9949586372454879
rastrigin-4	1	1	1.9899181141865818	1.9899181141865818	EvaluationLimit	15000	1875	15000	0	22.078959	0.9949586372341955,5.523984026054762e-10,-1.4671315679797444e-11,0.9949586372454879
rastrigin-4	1	2	1.9899181141865818	1.9899181141865818	EvaluationLimit	15000	1875	15000	0	22.32875	0.9949586372341955,5.523984026054762e-10,-1.4671315679797444e-11,0.9949586372454879
rastrigin-4	2	0	4.974790247647378	4.974790247647378	EvaluationLimit	15000	1875	15000	0	20.079833	1.9899122343626978,1.4771260300418724e-9,3.0665752248875503e-10,0.9949586380459056
rastrigin-4	2	1	4.974790247647378	4.974790247647378	EvaluationLimit	15000	1875	15000	0	19.8835	1.9899122343626978,1.4771260300418724e-9,3.0665752248875503e-10,0.9949586380459056
rastrigin-4	2	2	4.974790247647378	4.974790247647378	EvaluationLimit	15000	1875	15000	0	19.859916	1.9899122343626978,1.4771260300418724e-9,3.0665752248875503e-10,0.9949586380459056
rastrigin-4	3	0	0.9949590570932908	0.9949590570932908	EvaluationLimit	15000	1875	15000	0	19.39775	0.9949586374963161,2.5126758750993615e-10,-5.069667624258614e-10,-9.772528224556693e-10
rastrigin-4	3	1	0.9949590570932908	0.9949590570932908	EvaluationLimit	15000	1875	15000	0	19.662459	0.9949586374963161,2.5126758750993615e-10,-5.069667624258614e-10,-9.772528224556693e-10
rastrigin-4	3	2	0.9949590570932908	0.9949590570932908	EvaluationLimit	15000	1875	15000	0	19.558208	0.9949586374963161,2.5126758750993615e-10,-5.069667624258614e-10,-9.772528224556693e-10
rastrigin-4	4	0	13.929391489134385	13.929391489134385	EvaluationLimit	15000	1875	15000	0	19.9025	-0.9949586371442721,1.989912233147599,-6.997840510953944e-10,2.984855700860019
rastrigin-4	4	1	13.929391489134385	13.929391489134385	EvaluationLimit	15000	1875	15000	0	19.994292	-0.9949586371442721,1.989912233147599,-6.997840510953944e-10,2.984855700860019
rastrigin-4	4	2	13.929391489134385	13.929391489134385	EvaluationLimit	15000	1875	15000	0	19.854083	-0.9949586371442721,1.989912233147599,-6.997840510953944e-10,2.984855700860019
rastrigin-4	5	0	7.959662381108173	7.959662381108173	EvaluationLimit	15000	1875	15000	0	19.690959	-3.7235175740889715e-10,-6.201804901265213e-10,1.9899122327660683,1.9899122341730295
rastrigin-4	5	1	7.959662381108173	7.959662381108173	EvaluationLimit	15000	1875	15000	0	19.763375	-3.7235175740889715e-10,-6.201804901265213e-10,1.9899122327660683,1.9899122341730295
rastrigin-4	5	2	7.959662381108173	7.959662381108173	EvaluationLimit	15000	1875	15000	0	19.945875	-3.7235175740889715e-10,-6.201804901265213e-10,1.9899122327660683,1.9899122341730295
rastrigin-4	6	0	6.964708361833959	6.964708361833959	EvaluationLimit	15000	1875	15000	0	20.118625	-1.9899122336144504,-0.9949586382519258,0.994958637391889,0.9949586375522514
rastrigin-4	6	1	6.964708361833959	6.964708361833959	EvaluationLimit	15000	1875	15000	0	20.047167	-1.9899122336144504,-0.9949586382519258,0.994958637391889,0.9949586375522514
rastrigin-4	6	2	6.964708361833959	6.964708361833959	EvaluationLimit	15000	1875	15000	0	20.08025	-1.9899122336144504,-0.9949586382519258,0.994958637391889,0.9949586375522514
rastrigin-4	7	0	2.9848771712798725	2.9848771712798725	EvaluationLimit	15000	1875	15000	0	19.987	-0.9949586379145628,-0.9949586379126432,0.9949586373489655,-5.67773637975832e-10
rastrigin-4	7	1	2.9848771712798725	2.9848771712798725	EvaluationLimit	15000	1875	15000	0	20.067458	-0.9949586379145628,-0.9949586379126432,0.9949586373489655,-5.67773637975832e-10
rastrigin-4	7	2	2.9848771712798725	2.9848771712798725	EvaluationLimit	15000	1875	15000	0	19.817793	-0.9949586379145628,-0.9949586379126432,0.9949586373489655,-5.67773637975832e-10
rastrigin-4	8	0	0.9949590570932908	0.9949590570932908	ConditionLimit	14184	1773	14184	0	18.275085	-1.6355960385428187e-9,-3.8529081041560853e-10,-0.9949586376578056,-2.984821717742686e-10
rastrigin-4	8	1	0.9949590570932908	0.9949590570932908	ConditionLimit	14184	1773	14184	0	18.409333	-1.6355960385428187e-9,-3.8529081041560853e-10,-0.9949586376578056,-2.984821717742686e-10
rastrigin-4	8	2	0.9949590570932908	0.9949590570932908	ConditionLimit	14184	1773	14184	0	18.43579	-1.6355960385428187e-9,-3.8529081041560853e-10,-0.9949586376578056,-2.984821717742686e-10
rastrigin-4	9	0	5.151126895563821e-9	5.151126895563821e-9	TargetReached	1560	195	1560	0	2.174417	0.000004268305714760634,-1.9969342058088437e-7,3.443039340694604e-7,0.0000027545458104608016
rastrigin-4	9	1	5.151126895563821e-9	5.151126895563821e-9	TargetReached	1560	195	1560	0	2.133792	0.000004268305714760634,-1.9969342058088437e-7,3.443039340694604e-7,0.0000027545458104608016
rastrigin-4	9	2	5.151126895563821e-9	5.151126895563821e-9	TargetReached	1560	195	1560	0	2.052584	0.000004268305714760634,-1.9969342058088437e-7,3.443039340694604e-7,0.0000027545458104608016
rastrigin-4	10	0	2.984877171279873	2.984877171279873	NoRepresentableStep	14336	1792	14344	0	18.995792	1.067960689059118e-9,0.9949586378874635,0.994958638729953,0.9949586381941292
rastrigin-4	10	1	2.984877171279873	2.984877171279873	NoRepresentableStep	14336	1792	14344	0	18.865417	1.067960689059118e-9,0.9949586378874635,0.994958638729953,0.9949586381941292
rastrigin-4	10	2	2.984877171279873	2.984877171279873	NoRepresentableStep	14336	1792	14344	0	19.058	1.067960689059118e-9,0.9949586378874635,0.994958638729953,0.9949586381941292
rastrigin-4	11	0	5.9697493047406684	5.9697493047406684	EvaluationLimit	15000	1875	15000	0	20.011792	0.9949586375030218,9.640639632283649e-10,0.994958637485045,1.9899122349496348
rastrigin-4	11	1	5.9697493047406684	5.9697493047406684	EvaluationLimit	15000	1875	15000	0	19.973041	0.9949586375030218,9.640639632283649e-10,0.994958637485045,1.9899122349496348
rastrigin-4	11	2	5.9697493047406684	5.9697493047406684	EvaluationLimit	15000	1875	15000	0	20.21775	0.9949586375030218,9.640639632283649e-10,0.994958637485045,1.9899122349496348
rastrigin-4	12	0	9.949580495294756	9.949580495294756	EvaluationLimit	15000	1875	15000	0	19.670875	1.9899122345193994,0.9949586368505814,-1.9899122324249616,0.9949586386043227
rastrigin-4	12	1	9.949580495294756	9.949580495294756	EvaluationLimit	15000	1875	15000	0	19.679667	1.9899122345193994,0.9949586368505814,-1.9899122324249616,0.9949586386043227
rastrigin-4	12	2	9.949580495294756	9.949580495294756	EvaluationLimit	15000	1875	15000	0	19.518167	1.9899122345193994,0.9949586368505814,-1.9899122324249616,0.9949586386043227
rastrigin-4	13	0	8.954621438201464	8.954621438201464	EvaluationLimit	15000	1875	15000	0	19.497292	1.568191760596636e-9,0.9949586385119223,1.989912233926773,1.9899122335013388
rastrigin-4	13	1	8.954621438201464	8.954621438201464	EvaluationLimit	15000	1875	15000	0	19.356125	1.568191760596636e-9,0.9949586385119223,1.989912233926773,1.9899122335013388
rastrigin-4	13	2	8.954621438201464	8.954621438201464	EvaluationLimit	15000	1875	15000	0	19.453958	1.568191760596636e-9,0.9949586385119223,1.989912233926773,1.9899122335013388
rastrigin-4	14	0	5.9697493047406684	5.9697493047406684	EvaluationLimit	15000	1875	15000	0	19.629333	-1.98991223327798,-0.994958637080584,0.9949586371132348,1.5430124950403202e-9
rastrigin-4	14	1	5.9697493047406684	5.9697493047406684	EvaluationLimit	15000	1875	15000	0	19.740459	-1.98991223327798,-0.994958637080584,0.9949586371132348,1.5430124950403202e-9
rastrigin-4	14	2	5.9697493047406684	5.9697493047406684	EvaluationLimit	15000	1875	15000	0	19.624875	-1.98991223327798,-0.994958637080584,0.9949586371132348,1.5430124950403202e-9
rastrigin-4	15	0	5.9697493047406684	5.9697493047406684	EvaluationLimit	15000	1875	15000	0	20.001542	0.9949586380713296,-1.9899122342910225,-6.542669996662433e-11,0.9949586376632025
rastrigin-4	15	1	5.9697493047406684	5.9697493047406684	EvaluationLimit	15000	1875	15000	0	19.829208	0.9949586380713296,-1.9899122342910225,-6.542669996662433e-11,0.9949586376632025
rastrigin-4	15	2	5.9697493047406684	5.9697493047406684	EvaluationLimit	15000	1875	15000	0	19.797458	0.9949586380713296,-1.9899122342910225,-6.542669996662433e-11,0.9949586376632025
rastrigin-4	16	0	4.974790247647378	4.974790247647378	EvaluationLimit	15000	1875	15000	0	19.674209	0.9949586374976735,1.9899122328828878,9.657866867227807e-10,-1.4288324724104857e-9
rastrigin-4	16	1	4.974790247647378	4.974790247647378	EvaluationLimit	15000	1875	15000	0	19.6115	0.9949586374976735,1.9899122328828878,9.657866867227807e-10,-1.4288324724104857e-9
rastrigin-4	16	2	4.974790247647378	4.974790247647378	EvaluationLimit	15000	1875	15000	0	19.499916	0.9949586374976735,1.9899122328828878,9.657866867227807e-10,-1.4288324724104857e-9
rastrigin-4	17	0	5.9697493047406684	5.9697493047406684	EvaluationLimit	15000	1875	15000	0	19.568	0.9949586375878219,0.9949586378606228,-1.9899122339705277,1.1322428707032528e-9
rastrigin-4	17	1	5.9697493047406684	5.9697493047406684	EvaluationLimit	15000	1875	15000	0	19.660416	0.9949586375878219,0.9949586378606228,-1.9899122339705277,1.1322428707032528e-9
rastrigin-4	17	2	5.9697493047406684	5.9697493047406684	EvaluationLimit	15000	1875	15000	0	19.517291	0.9949586375878219,0.9949586378606228,-1.9899122339705277,1.1322428707032528e-9
rastrigin-4	18	0	1.9899181141865816	1.9899181141865816	EvaluationLimit	15000	1875	15000	0	19.831125	-1.86936364994038e-10,0.9949586377201731,8.556695557085928e-10,-0.994958637854928
rastrigin-4	18	1	1.9899181141865816	1.9899181141865816	EvaluationLimit	15000	1875	15000	0	19.888666	-1.86936364994038e-10,0.9949586377201731,8.556695557085928e-10,-0.994958637854928
rastrigin-4	18	2	1.9899181141865816	1.9899181141865816	EvaluationLimit	15000	1875	15000	0	19.591792	-1.86936364994038e-10,0.9949586377201731,8.556695557085928e-10,-0.994958637854928
rastrigin-4	19	0	3.9798362283731636	3.9798362283731636	EvaluationLimit	15000	1875	15000	0	20.151042	0.9949586371624024,-0.9949586370869364,0.9949586378315372,-0.9949586376684809
rastrigin-4	19	1	3.9798362283731636	3.9798362283731636	EvaluationLimit	15000	1875	15000	0	20.030459	0.9949586371624024,-0.9949586370869364,0.9949586378315372,-0.9949586376684809
rastrigin-4	19	2	3.9798362283731636	3.9798362283731636	EvaluationLimit	15000	1875	15000	0	20.016	0.9949586371624024,-0.9949586370869364,0.9949586378315372,-0.9949586376684809
rastrigin-4	20	0	3.939863292909229e-9	3.939863292909229e-9	TargetReached	1336	167	1336	0	1.879708	-0.000003338221200914087,-4.37544321560678e-7,-0.00000287774734890051,-4.923171136772671e-7
rastrigin-4	20	1	3.939863292909229e-9	3.939863292909229e-9	TargetReached	1336	167	1336	0	1.801542	-0.000003338221200914087,-4.37544321560678e-7,-0.00000287774734890051,-4.923171136772671e-7
rastrigin-4	20	2	3.939863292909229e-9	3.939863292909229e-9	TargetReached	1336	167	1336	0	1.861416	-0.000003338221200914087,-4.37544321560678e-7,-0.00000287774734890051,-4.923171136772671e-7
noisy-sphere-8	1	0	8.861745138551261e-10	8.907117836157151e-10	TargetReached	1290	129	1290	0	3.034	-0.000014891047712087155,-0.000004406055066141808,-0.0000058263728304503875,-0.000010062878460702516,-0.00001373650970151801,0.000005153418534952081,-0.000017182282546398386,0.0000019664084650324693
noisy-sphere-8	1	1	8.861745138551261e-10	8.907117836157151e-10	TargetReached	1290	129	1290	0	3.081792	-0.000014891047712087155,-0.000004406055066141808,-0.0000058263728304503875,-0.000010062878460702516,-0.00001373650970151801,0.000005153418534952081,-0.000017182282546398386,0.0000019664084650324693
noisy-sphere-8	1	2	8.861745138551261e-10	8.907117836157151e-10	TargetReached	1290	129	1290	0	3.045208	-0.000014891047712087155,-0.000004406055066141808,-0.0000058263728304503875,-0.000010062878460702516,-0.00001373650970151801,0.000005153418534952081,-0.000017182282546398386,0.0000019664084650324693
noisy-sphere-8	2	0	7.566134655856445e-10	7.598996645758042e-10	TargetReached	1410	141	1410	0	3.361708	0.000011091932722020346,0.000006655552257346122,-0.000012406195593385582,0.000004932893960900128,0.0000012465308050534585,0.0000115324069473353,0.000012743101793294127,0.000010834587805899124
noisy-sphere-8	2	1	7.566134655856445e-10	7.598996645758042e-10	TargetReached	1410	141	1410	0	3.393416	0.000011091932722020346,0.000006655552257346122,-0.000012406195593385582,0.000004932893960900128,0.0000012465308050534585,0.0000115324069473353,0.000012743101793294127,0.000010834587805899124
noisy-sphere-8	2	2	7.566134655856445e-10	7.598996645758042e-10	TargetReached	1410	141	1410	0	3.384666	0.000011091932722020346,0.000006655552257346122,-0.000012406195593385582,0.000004932893960900128,0.0000012465308050534585,0.0000115324069473353,0.000012743101793294127,0.000010834587805899124
noisy-sphere-8	3	0	9.090514771399649e-10	9.303829716103592e-10	TargetReached	1390	139	1390	0	3.223166	-0.0000053332974645036224,0.000014694733073987024,-0.0000015063501902915517,-0.000017857205119319793,0.000004780433635155901,-0.000013541584081437616,0.000012552448065736386,-0.000001031439025204264
noisy-sphere-8	3	1	9.090514771399649e-10	9.303829716103592e-10	TargetReached	1390	139	1390	0	3.290875	-0.0000053332974645036224,0.000014694733073987024,-0.0000015063501902915517,-0.000017857205119319793,0.000004780433635155901,-0.000013541584081437616,0.000012552448065736386,-0.000001031439025204264
noisy-sphere-8	3	2	9.090514771399649e-10	9.303829716103592e-10	TargetReached	1390	139	1390	0	3.28875	-0.0000053332974645036224,0.000014694733073987024,-0.0000015063501902915517,-0.000017857205119319793,0.000004780433635155901,-0.000013541584081437616,0.000012552448065736386,-0.000001031439025204264
noisy-sphere-8	4	0	7.299234424939993e-10	8.189716094213614e-10	TargetReached	1370	137	1370	0	3.185959	0.0000070578251145726195,-0.000013762464465280039,0.00000148897922896314,0.000003983427276633416,-0.000002613731251282732,0.000014210442398531614,-0.0000030123568090799096,-0.000018542545028709942
noisy-sphere-8	4	1	7.299234424939993e-10	8.189716094213614e-10	TargetReached	1370	137	1370	0	3.268875	0.0000070578251145726195,-0.000013762464465280039,0.00000148897922896314,0.000003983427276633416,-0.000002613731251282732,0.000014210442398531614,-0.0000030123568090799096,-0.000018542545028709942
noisy-sphere-8	4	2	7.299234424939993e-10	8.189716094213614e-10	TargetReached	1370	137	1370	0	3.237834	0.0000070578251145726195,-0.000013762464465280039,0.00000148897922896314,0.000003983427276633416,-0.000002613731251282732,0.000014210442398531614,-0.0000030123568090799096,-0.000018542545028709942
noisy-sphere-8	5	0	4.914723014799713e-10	4.899662104761067e-10	TargetReached	1360	136	1360	0	3.143208	-0.00000509983122174278,0.000005862945690329529,-0.000007570940001513093,8.621366027114213e-7,0.000008974359794695553,0.000012981573953782445,0.0000018262868699968971,-0.000010914470578830244
noisy-sphere-8	5	1	4.914723014799713e-10	4.899662104761067e-10	TargetReached	1360	136	1360	0	3.232792	-0.00000509983122174278,0.000005862945690329529,-0.000007570940001513093,8.621366027114213e-7,0.000008974359794695553,0.000012981573953782445,0.0000018262868699968971,-0.000010914470578830244
noisy-sphere-8	5	2	4.914723014799713e-10	4.899662104761067e-10	TargetReached	1360	136	1360	0	3.27025	-0.00000509983122174278,0.000005862945690329529,-0.000007570940001513093,8.621366027114213e-7,0.000008974359794695553,0.000012981573953782445,0.0000018262868699968971,-0.000010914470578830244
noisy-sphere-8	6	0	4.594517026933041e-10	4.688574203934813e-10	TargetReached	1380	138	1380	0	3.234416	0.000004664541987832821,-9.916897786678348e-7,0.000018491096401080992,0.000005717700231809685,0.000002101790439905839,-0.000007543329873584652,0.0000027176987713927363,-0.0000016727350412366174
noisy-sphere-8	6	1	4.594517026933041e-10	4.688574203934813e-10	TargetReached	1380	138	1380	0	3.30425	0.000004664541987832821,-9.916897786678348e-7,0.000018491096401080992,0.000005717700231809685,0.000002101790439905839,-0.000007543329873584652,0.0000027176987713927363,-0.0000016727350412366174
noisy-sphere-8	6	2	4.594517026933041e-10	4.688574203934813e-10	TargetReached	1380	138	1380	0	3.271208	0.000004664541987832821,-9.916897786678348e-7,0.000018491096401080992,0.000005717700231809685,0.000002101790439905839,-0.000007543329873584652,0.0000027176987713927363,-0.0000016727350412366174
noisy-sphere-8	7	0	9.051299062534266e-10	9.407317242012467e-10	TargetReached	1360	136	1360	0	3.265875	-0.000009458288223756985,-0.000011959495484110784,0.0000020805320834574328,8.415005384760583e-7,-0.000003916198613109211,0.000012083479792507701,0.0000120362248683327,0.00001992456861219932
noisy-sphere-8	7	1	9.051299062534266e-10	9.407317242012467e-10	TargetReached	1360	136	1360	0	3.157708	-0.000009458288223756985,-0.000011959495484110784,0.0000020805320834574328,8.415005384760583e-7,-0.000003916198613109211,0.000012083479792507701,0.0000120362248683327,0.00001992456861219932
noisy-sphere-8	7	2	9.051299062534266e-10	9.407317242012467e-10	TargetReached	1360	136	1360	0	3.227708	-0.000009458288223756985,-0.000011959495484110784,0.0000020805320834574328,8.415005384760583e-7,-0.000003916198613109211,0.000012083479792507701,0.0000120362248683327,0.00001992456861219932
noisy-sphere-8	8	0	8.605511356786807e-10	7.827002729292278e-10	TargetReached	1470	147	1470	0	3.5195	-0.0000015807998214621974,0.0000163009067564874,-0.000012695670253331158,0.0000028906435661756346,0.000004826337547373366,0.000017428522996517367,-0.000004224896584718667,-2.2185862416824212e-7
noisy-sphere-8	8	1	8.605511356786807e-10	7.827002729292278e-10	TargetReached	1470	147	1470	0	3.439542	-0.0000015807998214621974,0.0000163009067564874,-0.000012695670253331158,0.0000028906435661756346,0.000004826337547373366,0.000017428522996517367,-0.000004224896584718667,-2.2185862416824212e-7
noisy-sphere-8	8	2	8.605511356786807e-10	7.827002729292278e-10	TargetReached	1470	147	1470	0	3.499209	-0.0000015807998214621974,0.0000163009067564874,-0.000012695670253331158,0.0000028906435661756346,0.000004826337547373366,0.000017428522996517367,-0.000004224896584718667,-2.2185862416824212e-7
noisy-sphere-8	9	0	7.450313855076289e-10	7.532198708802297e-10	TargetReached	1340	134	1340	0	3.276	0.000003248061122361381,3.656746877300068e-7,-0.000013557271585371568,-0.000003094921306864097,0.000015442464796529985,0.000010284079551241467,-0.000010163538507015068,0.000010081099886484331
noisy-sphere-8	9	1	7.450313855076289e-10	7.532198708802297e-10	TargetReached	1340	134	1340	0	3.132917	0.000003248061122361381,3.656746877300068e-7,-0.000013557271585371568,-0.000003094921306864097,0.000015442464796529985,0.000010284079551241467,-0.000010163538507015068,0.000010081099886484331
noisy-sphere-8	9	2	7.450313855076289e-10	7.532198708802297e-10	TargetReached	1340	134	1340	0	3.192167	0.000003248061122361381,3.656746877300068e-7,-0.000013557271585371568,-0.000003094921306864097,0.000015442464796529985,0.000010284079551241467,-0.000010163538507015068,0.000010081099886484331
noisy-sphere-8	10	0	9.529504085325955e-10	9.741305529649925e-10	TargetReached	1330	133	1330	0	3.206834	0.000006114628732888367,0.000012877447357098945,0.00001799052777637789,0.0000014132745423235537,0.000011900686508881453,-0.000007863342920706102,0.00000853670403808858,0.000012997036826879426
noisy-sphere-8	10	1	9.529504085325955e-10	9.741305529649925e-10	TargetReached	1330	133	1330	0	3.09425	0.000006114628732888367,0.000012877447357098945,0.00001799052777637789,0.0000014132745423235537,0.000011900686508881453,-0.000007863342920706102,0.00000853670403808858,0.000012997036826879426
noisy-sphere-8	10	2	9.529504085325955e-10	9.741305529649925e-10	TargetReached	1330	133	1330	0	3.158667	0.000006114628732888367,0.000012877447357098945,0.00001799052777637789,0.0000014132745423235537,0.000011900686508881453,-0.000007863342920706102,0.00000853670403808858,0.000012997036826879426
noisy-sphere-8	11	0	8.994350536839315e-10	1.0458689720071924e-9	TargetReached	1300	130	1300	0	3.146292	0.000013999884755799314,-0.000009874071589113126,0.000010184732678667673,-0.000004923721439128129,0.000010318198420393553,0.000005561686804472255,0.000015952881492820722,0.00001524831432850574
noisy-sphere-8	11	1	8.994350536839315e-10	1.0458689720071924e-9	TargetReached	1300	130	1300	0	3.015542	0.000013999884755799314,-0.000009874071589113126,0.000010184732678667673,-0.000004923721439128129,0.000010318198420393553,0.000005561686804472255,0.000015952881492820722,0.00001524831432850574
noisy-sphere-8	11	2	8.994350536839315e-10	1.0458689720071924e-9	TargetReached	1300	130	1300	0	3.074708	0.000013999884755799314,-0.000009874071589113126,0.000010184732678667673,-0.000004923721439128129,0.000010318198420393553,0.000005561686804472255,0.000015952881492820722,0.00001524831432850574
noisy-sphere-8	12	0	9.32701271292962e-10	1.0229878015501047e-9	TargetReached	1380	138	1380	0	3.295375	0.0000074089714267136016,0.0000093794449948939,0.000005340557201600593,0.00001573989039125915,0.0000012574600452176579,0.000024316215647634324,0.0000026977905425501195,0.0000019281161231985093
noisy-sphere-8	12	1	9.32701271292962e-10	1.0229878015501047e-9	TargetReached	1380	138	1380	0	3.198	0.0000074089714267136016,0.0000093794449948939,0.000005340557201600593,0.00001573989039125915,0.0000012574600452176579,0.000024316215647634324,0.0000026977905425501195,0.0000019281161231985093
noisy-sphere-8	12	2	9.32701271292962e-10	1.0229878015501047e-9	TargetReached	1380	138	1380	0	3.2915	0.0000074089714267136016,0.0000093794449948939,0.000005340557201600593,0.00001573989039125915,0.0000012574600452176579,0.000024316215647634324,0.0000026977905425501195,0.0000019281161231985093
noisy-sphere-8	13	0	9.999733883532292e-10	9.695250392297345e-10	TargetReached	1460	146	1460	0	3.524875	0.000014849294271817058,0.000011019499982409577,0.000015007789021597389,0.0000010739636086830282,-0.0000011000932875547953,0.00001085133045960984,0.000004750028486857019,-0.000016114671614274477
noisy-sphere-8	13	1	9.999733883532292e-10	9.695250392297345e-10	TargetReached	1460	146	1460	0	3.486708	0.000014849294271817058,0.000011019499982409577,0.000015007789021597389,0.0000010739636086830282,-0.0000011000932875547953,0.00001085133045960984,0.000004750028486857019,-0.000016114671614274477
noisy-sphere-8	13	2	9.999733883532292e-10	9.695250392297345e-10	TargetReached	1460	146	1460	0	3.385209	0.000014849294271817058,0.000011019499982409577,0.000015007789021597389,0.0000010739636086830282,-0.0000011000932875547953,0.00001085133045960984,0.000004750028486857019,-0.000016114671614274477
noisy-sphere-8	14	0	8.029359763803257e-10	8.665696947906828e-10	TargetReached	1410	141	1410	0	3.431292	-0.0000016915652485787579,-2.1380108527565034e-7,-0.000015250488031814056,-0.0000208354891639451,0.00000535172217491453,-0.0000036556946951787154,0.000009089482850847901,-0.00000850551965192917
noisy-sphere-8	14	1	8.029359763803257e-10	8.665696947906828e-10	TargetReached	1410	141	1410	0	3.349083	-0.0000016915652485787579,-2.1380108527565034e-7,-0.000015250488031814056,-0.0000208354891639451,0.00000535172217491453,-0.0000036556946951787154,0.000009089482850847901,-0.00000850551965192917
noisy-sphere-8	14	2	8.029359763803257e-10	8.665696947906828e-10	TargetReached	1410	141	1410	0	3.252458	-0.0000016915652485787579,-2.1380108527565034e-7,-0.000015250488031814056,-0.0000208354891639451,0.00000535172217491453,-0.0000036556946951787154,0.000009089482850847901,-0.00000850551965192917
noisy-sphere-8	15	0	4.1006569743047973e-10	4.1430629939856773e-10	TargetReached	1380	138	1380	0	3.310167	-0.000008915156577535217,-0.0000015800539068583694,-0.0000023344277716343524,0.000007217823979097868,0.000007424933951498421,-0.00000375274447680591,0.000004809725971225956,0.000013506923299671367
noisy-sphere-8	15	1	4.1006569743047973e-10	4.1430629939856773e-10	TargetReached	1380	138	1380	0	3.312792	-0.000008915156577535217,-0.0000015800539068583694,-0.0000023344277716343524,0.000007217823979097868,0.000007424933951498421,-0.00000375274447680591,0.000004809725971225956,0.000013506923299671367
noisy-sphere-8	15	2	4.1006569743047973e-10	4.1430629939856773e-10	TargetReached	1380	138	1380	0	3.262625	-0.000008915156577535217,-0.0000015800539068583694,-0.0000023344277716343524,0.000007217823979097868,0.000007424933951498421,-0.00000375274447680591,0.000004809725971225956,0.000013506923299671367
noisy-sphere-8	16	0	6.195723487166523e-10	5.126686597700113e-10	TargetReached	1280	128	1280	0	2.995791	-0.000006514447642256656,0.000009319870634483534,0.000008424051213973644,0.000009214218635293989,0.000005251786066714662,-0.000003461582574526207,0.0000036146050545507078,-0.000013224031103145681
noisy-sphere-8	16	1	6.195723487166523e-10	5.126686597700113e-10	TargetReached	1280	128	1280	0	3.0875	-0.000006514447642256656,0.000009319870634483534,0.000008424051213973644,0.000009214218635293989,0.000005251786066714662,-0.000003461582574526207,0.0000036146050545507078,-0.000013224031103145681
noisy-sphere-8	16	2	6.195723487166523e-10	5.126686597700113e-10	TargetReached	1280	128	1280	0	2.973833	-0.000006514447642256656,0.000009319870634483534,0.000008424051213973644,0.000009214218635293989,0.000005251786066714662,-0.000003461582574526207,0.0000036146050545507078,-0.000013224031103145681
noisy-sphere-8	17	0	6.039922862956299e-10	5.547024261042527e-10	TargetReached	1450	145	1450	0	3.464667	0.000002063521616772135,-0.000010552262592724014,-0.000011641990369494351,0.000014807754270249121,-0.0000030587367245252767,0.000005090623260753326,0.000004110074873298482,0.0000056679362670271855
noisy-sphere-8	17	1	6.039922862956299e-10	5.547024261042527e-10	TargetReached	1450	145	1450	0	3.513833	0.000002063521616772135,-0.000010552262592724014,-0.000011641990369494351,0.000014807754270249121,-0.0000030587367245252767,0.000005090623260753326,0.000004110074873298482,0.0000056679362670271855
noisy-sphere-8	17	2	6.039922862956299e-10	5.547024261042527e-10	TargetReached	1450	145	1450	0	3.457042	0.000002063521616772135,-0.000010552262592724014,-0.000011641990369494351,0.000014807754270249121,-0.0000030587367245252767,0.000005090623260753326,0.000004110074873298482,0.0000056679362670271855
noisy-sphere-8	18	0	9.432566997850065e-10	9.883031031898133e-10	TargetReached	1350	135	1350	0	3.1605	-0.0000011027571102318061,0.000024987453881546974,0.00001548545814122294,0.000007540791962250366,0.000003064254878411882,-1.2935442465112972e-7,0.000007220911107304449,-0.000002122091764052919
noisy-sphere-8	18	1	9.432566997850065e-10	9.883031031898133e-10	TargetReached	1350	135	1350	0	3.237583	-0.0000011027571102318061,0.000024987453881546974,0.00001548545814122294,0.000007540791962250366,0.000003064254878411882,-1.2935442465112972e-7,0.000007220911107304449,-0.000002122091764052919
noisy-sphere-8	18	2	9.432566997850065e-10	9.883031031898133e-10	TargetReached	1350	135	1350	0	3.239958	-0.0000011027571102318061,0.000024987453881546974,0.00001548545814122294,0.000007540791962250366,0.000003064254878411882,-1.2935442465112972e-7,0.000007220911107304449,-0.000002122091764052919
noisy-sphere-8	19	0	7.053924150789258e-10	6.59809829618026e-10	TargetReached	1290	129	1290	0	2.99975	-0.00001801409117181259,0.0000032411618482330603,0.000005607753757168374,0.0000014022638252739098,-0.000004156882241543561,-0.000011896090226113962,-0.000011345912759172287,-0.000001964078341575889
noisy-sphere-8	19	1	7.053924150789258e-10	6.59809829618026e-10	TargetReached	1290	129	1290	0	3.061209	-0.00001801409117181259,0.0000032411618482330603,0.000005607753757168374,0.0000014022638252739098,-0.000004156882241543561,-0.000011896090226113962,-0.000011345912759172287,-0.000001964078341575889
noisy-sphere-8	19	2	7.053924150789258e-10	6.59809829618026e-10	TargetReached	1290	129	1290	0	3.052709	-0.00001801409117181259,0.0000032411618482330603,0.000005607753757168374,0.0000014022638252739098,-0.000004156882241543561,-0.000011896090226113962,-0.000011345912759172287,-0.000001964078341575889
noisy-sphere-8	20	0	8.738508993940983e-10	8.299645009339997e-10	TargetReached	1320	132	1320	0	3.092	0.00001060624906185103,-0.000003362729386586571,-0.0000030243911690220735,-0.000003833191330031993,0.0000014169945177144385,-0.00000845866165547501,0.000023375991314761397,0.000007894930950669773
noisy-sphere-8	20	1	8.738508993940983e-10	8.299645009339997e-10	TargetReached	1320	132	1320	0	3.218459	0.00001060624906185103,-0.000003362729386586571,-0.0000030243911690220735,-0.000003833191330031993,0.0000014169945177144385,-0.00000845866165547501,0.000023375991314761397,0.000007894930950669773
noisy-sphere-8	20	2	8.738508993940983e-10	8.299645009339997e-10	TargetReached	1320	132	1320	0	3.163042	0.00001060624906185103,-0.000003362729386586571,-0.0000030243911690220735,-0.000003833191330031993,0.0000014169945177144385,-0.00000845866165547501,0.000023375991314761397,0.000007894930950669773
box-sphere-8	1	0	5.533862382339633e-9	5.533862382339633e-9	TargetReached	980	98	1125	145	2.244417	0.6999536455185525,-0.6000141794665743,0.7000088835615403,-0.6000173411332694,0.6999923621969081,-0.6000310931984156,0.6999843274634427,-0.599960837732891
box-sphere-8	1	1	5.533862382339633e-9	5.533862382339633e-9	TargetReached	980	98	1125	145	2.3135	0.6999536455185525,-0.6000141794665743,0.7000088835615403,-0.6000173411332694,0.6999923621969081,-0.6000310931984156,0.6999843274634427,-0.599960837732891
box-sphere-8	1	2	5.533862382339633e-9	5.533862382339633e-9	TargetReached	980	98	1125	145	2.232458	0.6999536455185525,-0.6000141794665743,0.7000088835615403,-0.6000173411332694,0.6999923621969081,-0.6000310931984156,0.6999843274634427,-0.599960837732891
box-sphere-8	2	0	9.395020472790786e-9	9.395020472790786e-9	TargetReached	1070	107	1232	162	2.565917	0.6999855367962359,-0.5999911047188748,0.6999762151505939,-0.5999963775814028,0.6999423854271458,-0.5999372508509467,0.7000287761119642,-0.6000210454240575
box-sphere-8	2	1	9.395020472790786e-9	9.395020472790786e-9	TargetReached	1070	107	1232	162	2.531917	0.6999855367962359,-0.5999911047188748,0.6999762151505939,-0.5999963775814028,0.6999423854271458,-0.5999372508509467,0.7000287761119642,-0.6000210454240575
box-sphere-8	2	2	9.395020472790786e-9	9.395020472790786e-9	TargetReached	1070	107	1232	162	2.531792	0.6999855367962359,-0.5999911047188748,0.6999762151505939,-0.5999963775814028,0.6999423854271458,-0.5999372508509467,0.7000287761119642,-0.6000210454240575
box-sphere-8	3	0	9.08925736805093e-9	9.08925736805093e-9	TargetReached	1150	115	1327	177	2.717583	0.7000479778820389,-0.600015084887073,0.7000308581283216,-0.6000427962167113,0.6999594846858009,-0.6000411318215559,0.7000161841054826,-0.6000134478041835
box-sphere-8	3	1	9.08925736805093e-9	9.08925736805093e-9	TargetReached	1150	115	1327	177	2.609666	0.7000479778820389,-0.600015084887073,0.7000308581283216,-0.6000427962167113,0.6999594846858009,-0.6000411318215559,0.7000161841054826,-0.6000134478041835
box-sphere-8	3	2	9.08925736805093e-9	9.08925736805093e-9	TargetReached	1150	115	1327	177	2.685792	0.7000479778820389,-0.600015084887073,0.7000308581283216,-0.6000427962167113,0.6999594846858009,-0.6000411318215559,0.7000161841054826,-0.6000134478041835
box-sphere-8	4	0	8.078574159052506e-9	8.078574159052506e-9	TargetReached	1040	104	1206	166	2.369292	0.7000157573601552,-0.6000321767305492,0.6999718572875745,-0.5999806727781088,0.6999410458764521,-0.5999932792862549,0.6999819223323678,-0.5999577883279305
box-sphere-8	4	1	8.078574159052506e-9	8.078574159052506e-9	TargetReached	1040	104	1206	166	2.469917	0.7000157573601552,-0.6000321767305492,0.6999718572875745,-0.5999806727781088,0.6999410458764521,-0.5999932792862549,0.6999819223323678,-0.5999577883279305
box-sphere-8	4	2	8.078574159052506e-9	8.078574159052506e-9	TargetReached	1040	104	1206	166	2.349583	0.7000157573601552,-0.6000321767305492,0.6999718572875745,-0.5999806727781088,0.6999410458764521,-0.5999932792862549,0.6999819223323678,-0.5999577883279305
box-sphere-8	5	0	8.172554733047652e-9	8.172554733047652e-9	TargetReached	1040	104	1163	123	2.438334	0.7000250569754276,-0.6000211306527309,0.6999454006876281,-0.6000182218761299,0.700009178404162,-0.5999486642516854,0.7000143595038011,-0.5999706865382108
box-sphere-8	5	1	8.172554733047652e-9	8.172554733047652e-9	TargetReached	1040	104	1163	123	2.515875	0.7000250569754276,-0.6000211306527309,0.6999454006876281,-0.6000182218761299,0.700009178404162,-0.5999486642516854,0.7000143595038011,-0.5999706865382108
box-sphere-8	5	2	8.172554733047652e-9	8.172554733047652e-9	TargetReached	1040	104	1163	123	2.380417	0.7000250569754276,-0.6000211306527309,0.6999454006876281,-0.6000182218761299,0.700009178404162,-0.5999486642516854,0.7000143595038011,-0.5999706865382108
box-sphere-8	6	0	7.424981243024e-9	7.424981243024e-9	TargetReached	1060	106	1296	236	2.567709	0.6999973522910483,-0.5999902813124429,0.7000198534895858,-0.6000517575866515,0.700011755039494,-0.5999802316266536,0.6999543754296682,-0.6000404961505769
box-sphere-8	6	1	7.424981243024e-9	7.424981243024e-9	TargetReached	1060	106	1296	236	2.456875	0.6999973522910483,-0.5999902813124429,0.7000198534895858,-0.6000517575866515,0.700011755039494,-0.5999802316266536,0.6999543754296682,-0.6000404961505769
box-sphere-8	6	2	7.424981243024e-9	7.424981243024e-9	TargetReached	1060	106	1296	236	2.561834	0.6999973522910483,-0.5999902813124429,0.7000198534895858,-0.6000517575866515,0.700011755039494,-0.5999802316266536,0.6999543754296682,-0.6000404961505769
box-sphere-8	7	0	2.896342575959894e-9	2.896342575959894e-9	TargetReached	1100	110	1301	201	2.5495	0.6999862142343661,-0.5999871756631014,0.6999754601916202,-0.6000226281084341,0.7000132580578384,-0.6000222184983586,0.7000086748368856,-0.5999738674996147
box-sphere-8	7	1	2.896342575959894e-9	2.896342575959894e-9	TargetReached	1100	110	1301	201	2.617208	0.6999862142343661,-0.5999871756631014,0.6999754601916202,-0.6000226281084341,0.7000132580578384,-0.6000222184983586,0.7000086748368856,-0.5999738674996147
box-sphere-8	7	2	2.896342575959894e-9	2.896342575959894e-9	TargetReached	1100	110	1301	201	2.584125	0.6999862142343661,-0.5999871756631014,0.6999754601916202,-0.6000226281084341,0.7000132580578384,-0.6000222184983586,0.7000086748368856,-0.5999738674996147
box-sphere-8	8	0	8.992154018929618e-9	8.992154018929618e-9	TargetReached	1190	119	1320	130	2.707083	0.6999944548442263,-0.6000076014741815,0.7000235131593073,-0.5999982163377532,0.7000415912659819,-0.5999734012825205,0.7000349991036084,-0.6000684493266153
box-sphere-8	8	1	8.992154018929618e-9	8.992154018929618e-9	TargetReached	1190	119	1320	130	2.777917	0.6999944548442263,-0.6000076014741815,0.7000235131593073,-0.5999982163377532,0.7000415912659819,-0.5999734012825205,0.7000349991036084,-0.6000684493266153
box-sphere-8	8	2	8.992154018929618e-9	8.992154018929618e-9	TargetReached	1190	119	1320	130	2.713458	0.6999944548442263,-0.6000076014741815,0.7000235131593073,-0.5999982163377532,0.7000415912659819,-0.5999734012825205,0.7000349991036084,-0.6000684493266153
box-sphere-8	9	0	7.068250689059163e-9	7.068250689059163e-9	TargetReached	1010	101	1194	184	2.525875	0.6999896298539551,-0.6000301674661103,0.6999902477715512,-0.600009910012765,0.6999361778987111,-0.5999866124961537,0.7000248775783369,-0.6000313996920329
box-sphere-8	9	1	7.068250689059163e-9	7.068250689059163e-9	TargetReached	1010	101	1194	184	2.358792	0.6999896298539551,-0.6000301674661103,0.6999902477715512,-0.600009910012765,0.6999361778987111,-0.5999866124961537,0.7000248775783369,-0.6000313996920329
box-sphere-8	9	2	7.068250689059163e-9	7.068250689059163e-9	TargetReached	1010	101	1194	184	2.4245	0.6999896298539551,-0.6000301674661103,0.6999902477715512,-0.600009910012765,0.6999361778987111,-0.5999866124961537,0.7000248775783369,-0.6000313996920329
box-sphere-8	10	0	7.09235441254226e-9	7.09235441254226e-9	TargetReached	1070	107	1223	153	2.497666	0.6999510341998684,-0.5999897789989268,0.7000340744876877,-0.599981621286955,0.6999945599287519,-0.6000396580726344,0.6999932854398032,-0.5999620007139039
box-sphere-8	10	1	7.09235441254226e-9	7.09235441254226e-9	TargetReached	1070	107	1223	153	2.400625	0.6999510341998684,-0.5999897789989268,0.7000340744876877,-0.599981621286955,0.6999945599287519,-0.6000396580726344,0.6999932854398032,-0.5999620007139039
box-sphere-8	10	2	7.09235441254226e-9	7.09235441254226e-9	TargetReached	1070	107	1223	153	2.462584	0.6999510341998684,-0.5999897789989268,0.7000340744876877,-0.599981621286955,0.6999945599287519,-0.6000396580726344,0.6999932854398032,-0.5999620007139039
box-sphere-8	11	0	8.875275441289452e-9	8.875275441289452e-9	TargetReached	1000	100	1134	134	2.299042	0.6999964500522007,-0.6000001622552662,0.6999930683876932,-0.5999410596314813,0.7000594371168533,-0.5999679208306634,0.6999846828724291,-0.6000233275445057
box-sphere-8	11	1	8.875275441289452e-9	8.875275441289452e-9	TargetReached	1000	100	1134	134	2.363417	0.6999964500522007,-0.6000001622552662,0.6999930683876932,-0.5999410596314813,0.7000594371168533,-0.5999679208306634,0.6999846828724291,-0.6000233275445057
box-sphere-8	11	2	8.875275441289452e-9	8.875275441289452e-9	TargetReached	1000	100	1134	134	2.240333	0.6999964500522007,-0.6000001622552662,0.6999930683876932,-0.5999410596314813,0.7000594371168533,-0.5999679208306634,0.6999846828724291,-0.6000233275445057
box-sphere-8	12	0	5.323593029463501e-9	5.323593029463501e-9	TargetReached	960	96	1114	154	2.306666	0.6999958782454219,-0.6000115204437446,0.7000054041701149,-0.6000297507007576,0.6999961085927797,-0.5999832994311161,0.7000524794063603,-0.600034805662632
box-sphere-8	12	1	5.323593029463501e-9	5.323593029463501e-9	TargetReached	960	96	1114	154	2.181334	0.6999958782454219,-0.6000115204437446,0.7000054041701149,-0.6000297507007576,0.6999961085927797,-0.5999832994311161,0.7000524794063603,-0.600034805662632
box-sphere-8	12	2	5.323593029463501e-9	5.323593029463501e-9	TargetReached	960	96	1114	154	2.259959	0.6999958782454219,-0.6000115204437446,0.7000054041701149,-0.6000297507007576,0.6999961085927797,-0.5999832994311161,0.7000524794063603,-0.600034805662632
box-sphere-8	13	0	9.824999403278262e-9	9.824999403278262e-9	TargetReached	1070	107	1219	149	2.431333	0.6999642809103751,-0.6000010502095968,0.6999424930911213,-0.6000308109935883,0.6999684898356977,-0.6000283612679315,0.7000498220306055,-0.6000034920621528
box-sphere-8	13	1	9.824999403278262e-9	9.824999403278262e-9	TargetReached	1070	107	1219	149	2.539	0.6999642809103751,-0.6000010502095968,0.6999424930911213,-0.6000308109935883,0.6999684898356977,-0.6000283612679315,0.7000498220306055,-0.6000034920621528
box-sphere-8	13	2	9.824999403278262e-9	9.824999403278262e-9	TargetReached	1070	107	1219	149	2.395542	0.6999642809103751,-0.6000010502095968,0.6999424930911213,-0.6000308109935883,0.6999684898356977,-0.6000283612679315,0.7000498220306055,-0.6000034920621528
box-sphere-8	14	0	5.356920978923994e-9	5.356920978923994e-9	TargetReached	1110	111	1237	127	2.62075	0.6999669296427045,-0.5999809655648908,0.6999870157764692,-0.6000213428614268,0.7000141455847848,-0.5999757213893534,0.6999641863033729,-0.5999652914194639
box-sphere-8	14	1	5.356920978923994e-9	5.356920978923994e-9	TargetReached	1110	111	1237	127	2.58975	0.6999669296427045,-0.5999809655648908,0.6999870157764692,-0.6000213428614268,0.7000141455847848,-0.5999757213893534,0.6999641863033729,-0.5999652914194639
box-sphere-8	14	2	5.356920978923994e-9	5.356920978923994e-9	TargetReached	1110	111	1237	127	2.46525	0.6999669296427045,-0.5999809655648908,0.6999870157764692,-0.6000213428614268,0.7000141455847848,-0.5999757213893534,0.6999641863033729,-0.5999652914194639
box-sphere-8	15	0	6.8834426360082374e-9	6.8834426360082374e-9	TargetReached	1070	107	1198	128	2.518125	0.6999694878617624,-0.5999699487692792,0.6999772116841715,-0.6000109055606101,0.6999824302025944,-0.5999664890879944,0.700036425486179,-0.6000406526991741
box-sphere-8	15	1	6.8834426360082374e-9	6.8834426360082374e-9	TargetReached	1070	107	1198	128	2.387583	0.6999694878617624,-0.5999699487692792,0.6999772116841715,-0.6000109055606101,0.6999824302025944,-0.5999664890879944,0.700036425486179,-0.6000406526991741
box-sphere-8	15	2	6.8834426360082374e-9	6.8834426360082374e-9	TargetReached	1070	107	1198	128	2.465042	0.6999694878617624,-0.5999699487692792,0.6999772116841715,-0.6000109055606101,0.6999824302025944,-0.5999664890879944,0.700036425486179,-0.6000406526991741
box-sphere-8	16	0	6.00367459368361e-9	6.00367459368361e-9	TargetReached	1240	124	1442	202	2.827166	0.6999971637322802,-0.5999840476219646,0.6999882582442967,-0.5999901735279751,0.7000087080191284,-0.5999549258202646,0.7000582883448652,-0.6000012965383067
box-sphere-8	16	1	6.00367459368361e-9	6.00367459368361e-9	TargetReached	1240	124	1442	202	2.892875	0.6999971637322802,-0.5999840476219646,0.6999882582442967,-0.5999901735279751,0.7000087080191284,-0.5999549258202646,0.7000582883448652,-0.6000012965383067
box-sphere-8	16	2	6.00367459368361e-9	6.00367459368361e-9	TargetReached	1240	124	1442	202	2.91225	0.6999971637322802,-0.5999840476219646,0.6999882582442967,-0.5999901735279751,0.7000087080191284,-0.5999549258202646,0.7000582883448652,-0.6000012965383067
box-sphere-8	17	0	9.506043773134074e-9	9.506043773134074e-9	TargetReached	1010	101	1281	271	2.381958	0.6999923797728843,-0.5999760360539763,0.7000407067723021,-0.6000683483549826,0.6999921100609726,-0.6000458838323051,0.6999823489465218,-0.5999918741542605
box-sphere-8	17	1	9.506043773134074e-9	9.506043773134074e-9	TargetReached	1010	101	1281	271	2.466667	0.6999923797728843,-0.5999760360539763,0.7000407067723021,-0.6000683483549826,0.6999921100609726,-0.6000458838323051,0.6999823489465218,-0.5999918741542605
box-sphere-8	17	2	9.506043773134074e-9	9.506043773134074e-9	TargetReached	1010	101	1281	271	2.427	0.6999923797728843,-0.5999760360539763,0.7000407067723021,-0.6000683483549826,0.6999921100609726,-0.6000458838323051,0.6999823489465218,-0.5999918741542605
box-sphere-8	18	0	7.453146359883725e-9	7.453146359883725e-9	TargetReached	940	94	1128	188	2.281375	0.7000473356670756,-0.600021615423944,0.6999960183567063,-0.5999907309381997,0.7000127880700582,-0.6000573054495459,0.6999845494025653,-0.59996905948941
box-sphere-8	18	1	7.453146359883725e-9	7.453146359883725e-9	TargetReached	940	94	1128	188	2.190625	0.7000473356670756,-0.600021615423944,0.6999960183567063,-0.5999907309381997,0.7000127880700582,-0.6000573054495459,0.6999845494025653,-0.59996905948941
box-sphere-8	18	2	7.453146359883725e-9	7.453146359883725e-9	TargetReached	940	94	1128	188	2.247042	0.7000473356670756,-0.600021615423944,0.6999960183567063,-0.5999907309381997,0.7000127880700582,-0.6000573054495459,0.6999845494025653,-0.59996905948941
box-sphere-8	19	0	8.963124491909866e-9	8.963124491909866e-9	TargetReached	1060	106	1187	127	2.403875	0.700017660633352,-0.6000044060968389,0.6999736200693518,-0.5999342592983207,0.6999755240151331,-0.600016100850742,0.7000523085394077,-0.5999955753294947
box-sphere-8	19	1	8.963124491909866e-9	8.963124491909866e-9	TargetReached	1060	106	1187	127	2.454375	0.700017660633352,-0.6000044060968389,0.6999736200693518,-0.5999342592983207,0.6999755240151331,-0.600016100850742,0.7000523085394077,-0.5999955753294947
box-sphere-8	19	2	8.963124491909866e-9	8.963124491909866e-9	TargetReached	1060	106	1187	127	2.45825	0.700017660633352,-0.6000044060968389,0.6999736200693518,-0.5999342592983207,0.6999755240151331,-0.600016100850742,0.7000523085394077,-0.5999955753294947
box-sphere-8	20	0	9.358558544468427e-9	9.358558544468427e-9	TargetReached	1070	107	1202	132	2.465041	0.6999818508612349,-0.6000272885704668,0.6999895978938363,-0.6000302524940345,0.6999943031817777,-0.5999567836156475,0.7000195727082836,-0.5999294458824974
box-sphere-8	20	1	9.358558544468427e-9	9.358558544468427e-9	TargetReached	1070	107	1202	132	2.512833	0.6999818508612349,-0.6000272885704668,0.6999895978938363,-0.6000302524940345,0.6999943031817777,-0.5999567836156475,0.7000195727082836,-0.5999294458824974
box-sphere-8	20	2	9.358558544468427e-9	9.358558544468427e-9	TargetReached	1070	107	1202	132	2.403625	0.6999818508612349,-0.6000272885704668,0.6999895978938363,-0.6000302524940345,0.6999943031817777,-0.5999567836156475,0.7000195727082836,-0.5999294458824974
box-boundary-4	1	0	4.000000007119403	4.000000007119403	TargetReached	1656	207	3383	1727	3.001625	0.9999999995218735,0.9999999986581297,0.9999999984289657,0.9999999998313297
box-boundary-4	1	1	4.000000007119403	4.000000007119403	TargetReached	1656	207	3383	1727	2.969584	0.9999999995218735,0.9999999986581297,0.9999999984289657,0.9999999998313297
box-boundary-4	1	2	4.000000007119403	4.000000007119403	TargetReached	1656	207	3383	1727	2.970208	0.9999999995218735,0.9999999986581297,0.9999999984289657,0.9999999998313297
box-boundary-4	2	0	4.0000000095269375	4.0000000095269375	TargetReached	1448	181	3215	1767	2.710625	0.9999999966107391,0.9999999990716647,0.9999999999496515,0.999999999604476
box-boundary-4	2	1	4.0000000095269375	4.0000000095269375	TargetReached	1448	181	3215	1767	2.766375	0.9999999966107391,0.9999999990716647,0.9999999999496515,0.999999999604476
box-boundary-4	2	2	4.0000000095269375	4.0000000095269375	TargetReached	1448	181	3215	1767	2.736583	0.9999999966107391,0.9999999990716647,0.9999999999496515,0.999999999604476
box-boundary-4	3	0	4.000000008429499	4.000000008429499	TargetReached	1416	177	2923	1507	2.506125	0.9999999981578078,0.9999999994846679,0.9999999999830275,0.9999999981597475
box-boundary-4	3	1	4.000000008429499	4.000000008429499	TargetReached	1416	177	2923	1507	2.60575	0.9999999981578078,0.9999999994846679,0.9999999999830275,0.9999999981597475
box-boundary-4	3	2	4.000000008429499	4.000000008429499	TargetReached	1416	177	2923	1507	2.573292	0.9999999981578078,0.9999999994846679,0.9999999999830275,0.9999999981597475
box-boundary-4	4	0	4.000000009204786	4.000000009204786	TargetReached	1504	188	3022	1518	2.707584	0.9999999972100425,0.9999999987487875,0.9999999999504653,0.9999999994883116
box-boundary-4	4	1	4.000000009204786	4.000000009204786	TargetReached	1504	188	3022	1518	2.702667	0.9999999972100425,0.9999999987487875,0.9999999999504653,0.9999999994883116
box-boundary-4	4	2	4.000000009204786	4.000000009204786	TargetReached	1504	188	3022	1518	2.612125	0.9999999972100425,0.9999999987487875,0.9999999999504653,0.9999999994883116
box-boundary-4	5	0	4.000000008295435	4.000000008295435	TargetReached	1400	175	2867	1467	2.535125	0.9999999997388367,0.9999999988126888,0.9999999975893552,0.9999999997114021
box-boundary-4	5	1	4.000000008295435	4.000000008295435	TargetReached	1400	175	2867	1467	2.562959	0.9999999997388367,0.9999999988126888,0.9999999975893552,0.9999999997114021
box-boundary-4	5	2	4.000000008295435	4.000000008295435	TargetReached	1400	175	2867	1467	2.549583	0.9999999997388367,0.9999999988126888,0.9999999975893552,0.9999999997114021
box-boundary-4	6	0	4.000000008525193	4.000000008525193	TargetReached	1504	188	3014	1510	2.613584	0.9999999998983049,0.9999999975529739,0.9999999988982615,0.999999999387863
box-boundary-4	6	1	4.000000008525193	4.000000008525193	TargetReached	1504	188	3014	1510	2.696292	0.9999999998983049,0.9999999975529739,0.9999999988982615,0.999999999387863
box-boundary-4	6	2	4.000000008525193	4.000000008525193	TargetReached	1504	188	3014	1510	2.759416	0.9999999998983049,0.9999999975529739,0.9999999988982615,0.999999999387863
box-boundary-4	7	0	4.000000009087385	4.000000009087385	TargetReached	1568	196	3354	1786	2.90325	0.9999999990848484,0.999999997222196,0.9999999992140542,0.9999999999352088
box-boundary-4	7	1	4.000000009087385	4.000000009087385	TargetReached	1568	196	3354	1786	2.910958	0.9999999990848484,0.999999997222196,0.9999999992140542,0.9999999999352088
box-boundary-4	7	2	4.000000009087385	4.000000009087385	TargetReached	1568	196	3354	1786	2.892958	0.9999999990848484,0.999999997222196,0.9999999992140542,0.9999999999352088
box-boundary-4	8	0	4.000000009559374	4.000000009559374	TargetReached	1400	175	2930	1530	2.576708	0.9999999999551914,0.9999999957716431,0.9999999998115927,0.9999999996818855
box-boundary-4	8	1	4.000000009559374	4.000000009559374	TargetReached	1400	175	2930	1530	2.47025	0.9999999999551914,0.9999999957716431,0.9999999998115927,0.9999999996818855
box-boundary-4	8	2	4.000000009559374	4.000000009559374	TargetReached	1400	175	2930	1530	2.570459	0.9999999999551914,0.9999999957716431,0.9999999998115927,0.9999999996818855
box-boundary-4	9	0	4.000000009408817	4.000000009408817	TargetReached	1528	191	3194	1666	2.803	0.999999999361614,0.9999999996086283,0.9999999967019173,0.9999999996234321
box-boundary-4	9	1	4.000000009408817	4.000000009408817	TargetReached	1528	191	3194	1666	2.778	0.999999999361614,0.9999999996086283,0.9999999967019173,0.9999999996234321
box-boundary-4	9	2	4.000000009408817	4.000000009408817	TargetReached	1528	191	3194	1666	2.772042	0.999999999361614,0.9999999996086283,0.9999999967019173,0.9999999996234321
box-boundary-4	10	0	4.0000000066734565	4.0000000066734565	TargetReached	1904	238	3963	2059	3.458583	0.9999999990077711,0.9999999993624742,0.9999999990441913,0.9999999992488353
box-boundary-4	10	1	4.0000000066734565	4.0000000066734565	TargetReached	1904	238	3963	2059	3.520959	0.9999999990077711,0.9999999993624742,0.9999999990441913,0.9999999992488353
box-boundary-4	10	2	4.0000000066734565	4.0000000066734565	TargetReached	1904	238	3963	2059	3.45925	0.9999999990077711,0.9999999993624742,0.9999999990441913,0.9999999992488353
box-boundary-4	11	0	4.000000008902364	4.000000008902364	TargetReached	1496	187	3205	1709	2.782291	0.9999999987509334,0.999999999814739,0.9999999976155246,0.999999999367621
box-boundary-4	11	1	4.000000008902364	4.000000008902364	TargetReached	1496	187	3205	1709	2.758458	0.9999999987509334,0.999999999814739,0.9999999976155246,0.999999999367621
box-boundary-4	11	2	4.000000008902364	4.000000008902364	TargetReached	1496	187	3205	1709	2.718916	0.9999999987509334,0.999999999814739,0.9999999976155246,0.999999999367621
box-boundary-4	12	0	4.000000008778858	4.000000008778858	TargetReached	1472	184	3101	1629	2.714041	0.9999999983119388,0.9999999993715192,0.9999999981512259,0.9999999997758874
box-boundary-4	12	1	4.000000008778858	4.000000008778858	TargetReached	1472	184	3101	1629	2.725041	0.9999999983119388,0.9999999993715192,0.9999999981512259,0.9999999997758874
box-boundary-4	12	2	4.000000008778858	4.000000008778858	TargetReached	1472	184	3101	1629	2.696667	0.9999999983119388,0.9999999993715192,0.9999999981512259,0.9999999997758874
box-boundary-4	13	0	4.00000000918883	4.00000000918883	TargetReached	1424	178	2859	1435	2.587834	0.9999999995814166,0.9999999991522196,0.9999999985380111,0.9999999981339377
box-boundary-4	13	1	4.00000000918883	4.00000000918883	TargetReached	1424	178	2859	1435	2.504167	0.9999999995814166,0.9999999991522196,0.9999999985380111,0.9999999981339377
box-boundary-4	13	2	4.00000000918883	4.00000000918883	TargetReached	1424	178	2859	1435	2.551209	0.9999999995814166,0.9999999991522196,0.9999999985380111,0.9999999981339377
box-boundary-4	14	0	4.000000008175816	4.000000008175816	TargetReached	1552	194	3200	1648	2.80825	0.9999999999598349,0.9999999992498472,0.999999997127003,0.9999999995754073
box-boundary-4	14	1	4.000000008175816	4.000000008175816	TargetReached	1552	194	3200	1648	2.811375	0.9999999999598349,0.9999999992498472,0.999999997127003,0.9999999995754073
box-boundary-4	14	2	4.000000008175816	4.000000008175816	TargetReached	1552	194	3200	1648	2.804292	0.9999999999598349,0.9999999992498472,0.999999997127003,0.9999999995754073
box-boundary-4	15	0	4.000000008089046	4.000000008089046	TargetReached	1552	194	3293	1741	2.847542	0.999999999913637,0.9999999998416654,0.99999999914734,0.9999999970528346
box-boundary-4	15	1	4.000000008089046	4.000000008089046	TargetReached	1552	194	3293	1741	2.776417	0.999999999913637,0.9999999998416654,0.99999999914734,0.9999999970528346
box-boundary-4	15	2	4.000000008089046	4.000000008089046	TargetReached	1552	194	3293	1741	2.864125	0.999999999913637,0.9999999998416654,0.99999999914734,0.9999999970528346
box-boundary-4	16	0	4.000000007689522	4.000000007689522	TargetReached	1616	202	3312	1696	2.954042	0.9999999994546357,0.9999999999503179,0.9999999979612346,0.9999999987890507
box-boundary-4	16	1	4.000000007689522	4.000000007689522	TargetReached	1616	202	3312	1696	2.945667	0.9999999994546357,0.9999999999503179,0.9999999979612346,0.9999999987890507
box-boundary-4	16	2	4.000000007689522	4.000000007689522	TargetReached	1616	202	3312	1696	2.9305	0.9999999994546357,0.9999999999503179,0.9999999979612346,0.9999999987890507
box-boundary-4	17	0	4.000000008429812	4.000000008429812	TargetReached	1640	205	3453	1813	3.032375	0.9999999976744115,0.9999999992964523,0.99999999898645,0.9999999998277802
box-boundary-4	17	1	4.000000008429812	4.000000008429812	TargetReached	1640	205	3453	1813	3.013791	0.9999999976744115,0.9999999992964523,0.99999999898645,0.9999999998277802
box-boundary-4	17	2	4.000000008429812	4.000000008429812	TargetReached	1640	205	3453	1813	2.967791	0.9999999976744115,0.9999999992964523,0.99999999898645,0.9999999998277802
box-boundary-4	18	0	4.000000009246374	4.000000009246374	TargetReached	1528	191	3334	1806	2.860333	0.99999999949206,0.9999999996414826,0.9999999964439585,0.9999999997993114
box-boundary-4	18	1	4.000000009246374	4.000000009246374	TargetReached	1528	191	3334	1806	2.799042	0.99999999949206,0.9999999996414826,0.9999999964439585,0.9999999997993114
box-boundary-4	18	2	4.000000009246374	4.000000009246374	TargetReached	1528	191	3334	1806	3.022125	0.99999999949206,0.9999999996414826,0.9999999964439585,0.9999999997993114
box-boundary-4	19	0	4.0000000094361035	4.0000000094361035	TargetReached	1488	186	3142	1654	2.793458	0.9999999987033081,0.9999999991028149,0.9999999993723447,0.9999999981034802
box-boundary-4	19	1	4.0000000094361035	4.0000000094361035	TargetReached	1488	186	3142	1654	2.750958	0.9999999987033081,0.9999999991028149,0.9999999993723447,0.9999999981034802
box-boundary-4	19	2	4.0000000094361035	4.0000000094361035	TargetReached	1488	186	3142	1654	2.737875	0.9999999987033081,0.9999999991028149,0.9999999993723447,0.9999999981034802
box-boundary-4	20	0	4.000000009349543	4.000000009349543	TargetReached	1440	180	2881	1441	2.625167	0.9999999996224623,0.9999999975103102,0.9999999994950431,0.9999999986974127
box-boundary-4	20	1	4.000000009349543	4.000000009349543	TargetReached	1440	180	2881	1441	2.5925	0.9999999996224623,0.9999999975103102,0.9999999994950431,0.9999999986974127
box-boundary-4	20	2	4.000000009349543	4.000000009349543	TargetReached	1440	180	2881	1441	2.602667	0.9999999996224623,0.9999999975103102,0.9999999994950431,0.9999999986974127
