CASE	lm-exp-64
X0	1	0.10000000000000001
T	0	0.12698412698412698	0.25396825396825395	0.38095238095238093	0.50793650793650791	0.63492063492063489	0.76190476190476186	0.88888888888888884	1.0158730158730158	1.1428571428571428	1.2698412698412698	1.3968253968253967	1.5238095238095237	1.6507936507936507	1.7777777777777777	1.9047619047619047	2.0317460317460316	2.1587301587301586	2.2857142857142856	2.4126984126984126	2.5396825396825395	2.6666666666666665	2.7936507936507935	2.9206349206349205	3.0476190476190474	3.1746031746031744	3.3015873015873014	3.4285714285714284	3.5555555555555554	3.6825396825396823	3.8095238095238093	3.9365079365079363	4.0634920634920633	4.1904761904761898	4.3174603174603172	4.4444444444444446	4.5714285714285712	4.6984126984126977	4.8253968253968251	4.9523809523809526	5.0793650793650791	5.2063492063492056	5.333333333333333	5.4603174603174605	5.587301587301587	5.7142857142857135	5.8412698412698409	5.9682539682539684	6.0952380952380949	6.2222222222222214	6.3492063492063489	6.4761904761904763	6.6031746031746028	6.7301587301587293	6.8571428571428568	6.9841269841269842	7.1111111111111107	7.2380952380952372	7.3650793650793647	7.4920634920634921	7.6190476190476186	7.7460317460317452	7.8730158730158726	8
Y	2	1.9130574782060585	1.829894457460062	1.750346638085895	1.6742568627215273	1.6014748058336161	1.5318566767292974	1.4652649354784315	1.4015680211850656	1.3406400920712787	1.2823607768599092	1.2266149369649901	1.1732924390200636	1.1222879372949792	1.0735006655713062	1.026834238065184	0.9821964590043103	0.93949914048285321	0.89865792823444324	0.85959213497903264	0.82222458101437501	0.78648144173719658	0.75229210179281325	0.7195890155650474	0.68830757373082496	0.65838597561581125	0.62976510709890965	0.60238842382440427	0.57620183949101866	0.55115361899719006	0.52719427623145354	0.50427647630600647	0.48235494204030294	0.46138636450992582	0.44132931748400994	0.42214417558218043	0.40379303598931088	0.38623964357343971	0.36944931925890567	0.35338889151319347	0.33802663081213224	0.32333218695397409	0.30927652909850967	0.29583188841275876	0.28297170320992426	0.27067056647322552	0.25890417566093699	0.24764928469346517	0.2368836580276075	0.22658602672726061	0.21673604644379182	0.20731425722305571	0.1983020450596506	0.18968160512245971	0.18143590657882502	0.17354865894785854	0.16600427991641681	0.15878786455415653	0.15188515586684989	0.14528251662978495	0.13896690244560309	0.13292583597334642	0.12714738227780115	0.12162012525043595
END
CASE	lm-exp-offset-256
X0	1	0.10000000000000001	0
T	0	0.031372549019607843	0.062745098039215685	0.094117647058823528	0.12549019607843137	0.15686274509803921	0.18823529411764706	0.2196078431372549	0.25098039215686274	0.28235294117647058	0.31372549019607843	0.34509803921568627	0.37647058823529411	0.40784313725490196	0.4392156862745098	0.47058823529411764	0.50196078431372548	0.53333333333333333	0.56470588235294117	0.59607843137254901	0.62745098039215685	0.6588235294117647	0.69019607843137254	0.72156862745098038	0.75294117647058822	0.78431372549019607	0.81568627450980391	0.84705882352941175	0.8784313725490196	0.90980392156862744	0.94117647058823528	0.97254901960784312	1.003921568627451	1.0352941176470587	1.0666666666666667	1.0980392156862746	1.1294117647058823	1.1607843137254901	1.192156862745098	1.223529411764706	1.2549019607843137	1.2862745098039214	1.3176470588235294	1.3490196078431373	1.3803921568627451	1.4117647058823528	1.4431372549019608	1.4745098039215687	1.5058823529411764	1.5372549019607842	1.5686274509803921	1.6000000000000001	1.6313725490196078	1.6627450980392156	1.6941176470588235	1.7254901960784315	1.7568627450980392	1.7882352941176469	1.8196078431372549	1.8509803921568628	1.8823529411764706	1.9137254901960783	1.9450980392156862	1.9764705882352942	2.0078431372549019	2.0392156862745097	2.0705882352941174	2.1019607843137256	2.1333333333333333	2.164705882352941	2.1960784313725492	2.2274509803921569	2.2588235294117647	2.2901960784313724	2.3215686274509801	2.3529411764705883	2.384313725490196	2.4156862745098038	2.447058823529412	2.4784313725490197	2.5098039215686274	2.5411764705882351	2.5725490196078429	2.6039215686274511	2.6352941176470588	2.6666666666666665	2.6980392156862747	2.7294117647058824	2.7607843137254902	2.7921568627450979	2.8235294117647056	2.8549019607843138	2.8862745098039215	2.9176470588235293	2.9490196078431374	2.9803921568627452	3.0117647058823529	3.0431372549019606	3.0745098039215684	3.1058823529411765	3.1372549019607843	3.168627450980392	3.2000000000000002	3.2313725490196079	3.2627450980392156	3.2941176470588234	3.3254901960784311	3.3568627450980393	3.388235294117647	3.4196078431372547	3.4509803921568629	3.4823529411764707	3.5137254901960784	3.5450980392156861	3.5764705882352938	3.607843137254902	3.6392156862745098	3.6705882352941175	3.7019607843137257	3.7333333333333334	3.7647058823529411	3.7960784313725489	3.8274509803921566	3.8588235294117648	3.8901960784313725	3.9215686274509802	3.9529411764705884	3.9843137254901961	4.0156862745098039	4.0470588235294116	4.0784313725490193	4.1098039215686271	4.1411764705882348	4.1725490196078434	4.2039215686274511	4.2352941176470589	4.2666666666666666	4.2980392156862743	4.3294117647058821	4.3607843137254898	4.3921568627450984	4.4235294117647062	4.4549019607843139	4.4862745098039216	4.5176470588235293	4.5490196078431371	4.5803921568627448	4.6117647058823525	4.6431372549019603	4.6745098039215689	4.7058823529411766	4.7372549019607844	4.7686274509803921	4.7999999999999998	4.8313725490196076	4.8627450980392153	4.8941176470588239	4.9254901960784316	4.9568627450980394	4.9882352941176471	5.0196078431372548	5.0509803921568626	5.0823529411764703	5.113725490196078	5.1450980392156858	5.1764705882352944	5.2078431372549021	5.2392156862745098	5.2705882352941176	5.3019607843137253	5.333333333333333	5.3647058823529408	5.3960784313725494	5.4274509803921571	5.4588235294117649	5.4901960784313726	5.5215686274509803	5.552941176470588	5.5843137254901958	5.6156862745098035	5.6470588235294112	5.6784313725490199	5.7098039215686276	5.7411764705882353	5.7725490196078431	5.8039215686274508	5.8352941176470585	5.8666666666666663	5.8980392156862749	5.9294117647058826	5.9607843137254903	5.9921568627450981	6.0235294117647058	6.0549019607843135	6.0862745098039213	6.117647058823529	6.1490196078431367	6.1803921568627453	6.2117647058823531	6.2431372549019608	6.2745098039215685	6.3058823529411763	6.337254901960784	6.3686274509803917	6.4000000000000004	6.4313725490196081	6.4627450980392158	6.4941176470588236	6.5254901960784313	6.556862745098039	6.5882352941176467	6.6196078431372545	6.6509803921568622	6.6823529411764708	6.7137254901960786	6.7450980392156863	6.776470588235294	6.8078431372549018	6.8392156862745095	6.8705882352941172	6.9019607843137258	6.9333333333333336	6.9647058823529413	6.996078431372549	7.0274509803921568	7.0588235294117645	7.0901960784313722	7.12156862745098	7.1529411764705877	7.1843137254901963	7.215686274509804	7.2470588235294118	7.2784313725490195	7.3098039215686272	7.341176470588235	7.3725490196078427	7.4039215686274513	7.4352941176470591	7.4666666666666668	7.4980392156862745	7.5294117647058822	7.56078431372549	7.5921568627450977	7.6235294117647054	7.6549019607843132	7.6862745098039218	7.7176470588235295	7.7490196078431373	7.780392156862745	7.8117647058823527	7.8431372549019605	7.8745098039215682	7.9058823529411768	7.9372549019607845	7.9686274509803923	8
Y	2.2000000000000002	2.1880759927131255	2.1540017853108959	2.1259328037685705	2.1189991647690185	2.1011407614539479	2.0654832607503546	2.0458525193763388	2.0404006916594866	2.0157725238835322	1.9824056376224621	1.9709601808770443	1.9630923634435176	1.9328637027822348	1.9052967813204538	1.8998768260728556	1.8865549715149776	1.8535841540326445	1.8340352854029849	1.8311284318113721	1.8109579727274598	1.779036067744846	1.767843088563573	1.7634922681594196	1.7370769806094157	1.7099282425200024	1.7054512930974968	1.6962792751317939	1.6660545688731818	1.6463547410633481	1.6453958000611748	1.6294786323552612	1.5990667959208582	1.5877356735615942	1.586365470649407	1.5637266910132972	1.5369824882334864	1.5329355096554262	1.5275118061728659	1.5001083178072128	1.4801042148502574	1.4805279513502163	1.4686391933941449	1.4398424783019557	1.4280585498011886	1.4291381195044683	1.4102259616275934	1.3839341269680296	1.3798642272539663	1.3777726144719362	1.3532706934269032	1.3328832746648782	1.3341603302115237	1.3260511813231834	1.2990038778148167	1.2865271717396172	1.289534854466547	1.2742794138598126	1.248540170596625	1.2440567768054864	1.2448677733298086	1.2233434554059757	1.2025620423079242	1.2042031592261455	1.1995989432057614	1.1744541519040947	1.161117397922466	1.1655450979541506	1.1538508241723269	1.1288074387677212	1.1235839845393054	1.1268574843422683	1.1083739148152223	1.0872496251290273	1.088809839410495	1.0874094803213332	1.0643291104497052	1.0500349618289628	1.0553930499634931	1.0471345093813864	1.0229637921642663	1.0167387763727929	1.0220277103114528	1.0066276375191765	0.98526621395497371	0.98634882497346321	0.98782566964221186	0.96697098965570683	0.95168842558132349	0.95751096230312793	0.95252999283685791	0.92943276668480312	0.92201006854081458	0.92886492263615694	0.91656434058308256	0.8951184460509477	0.89537858736407172	0.89938247007233552	0.88090533643627544	0.86466524017621582	0.87051531936798932	0.86861955819977543	0.84681122644922735	0.83805958934296965	0.84603359915676624	0.83681660214554687	0.81547767550072525	0.81462532981323443	0.82078575672280607	0.80482064113017593	0.78771057805984224	0.79318559806903421	0.79414834216341967	0.77384969403943793	0.76370131815541931	0.77235615258575807	0.7661710468080033	0.74516083174978354	0.74296315430692783	0.7508934688512191	0.7375503949386093	0.71970864080429453	0.72444531970457848	0.72800665746381221	0.70943505224205283	0.6978832640056275	0.70679500894102443	0.70355170585374449	0.68311358079163886	0.67939641869524647	0.68869879496851893	0.6780572829008904	0.65966617697068541	0.66334514201987982	0.66921427341639494	0.65257534336295753	0.63967133759851846	0.64843659030608136	0.64800528505644595	0.62839553317592056	0.6230440529660799	0.6333151524804278	0.62541925402310283	0.60669797352170995	0.60904777092633733	0.61690641344751374	0.60238642045951085	0.58823509823042508	0.59647698720014175	0.5986881029218355	0.58016726919843542	0.57312563106594705	0.58396274948334193	0.57881723781538719	0.56001410887520009	0.56081449876498668	0.5703212580517083	0.55808023005152885	0.54283518100283312	0.55020913323414866	0.55485448931632897	0.53767897476411464	0.52894901846154574	0.53995654332863874	0.53752430137253682	0.5189087773236033	0.51799319998272064	0.52878876763506844	0.51895452843600109	0.50281223057764834	0.50901131889565221	0.5158464589084939	0.50026050190731675	0.48989943629255955	0.50069543461218924	0.50089606359507421	0.48275051348963122	0.48000763598900342	0.49172066309106155	0.48438385400066736	0.46757718578666824	0.47233690254929667	0.48108449597047764	0.46731268617754113	0.45542980082357437	0.4656525566073948	0.46836220349021029	0.45097366211174683	0.44634793908980958	0.45860142294816564	0.45381159621918749	0.43660277507194262	0.43970509533330954	0.45005930710199993	0.43829976937607945	0.42505221228472445	0.43436653907828149	0.4394189179671022	0.4230709530829681	0.41656216104105293	0.42898017474384037	0.42674301858404828	0.40941609631034909	0.41069271282268205	0.42232441655706904	0.41274279074475062	0.39833048039404473	0.40643364209524668	0.41362220136269595	0.39858705459578331	0.39024878518960293	0.40246337510312952	0.40273910782230327	0.38559216635504889	0.38492680034191468	0.39748949524905447	0.39021382290921314	0.37487358515235092	0.38150067011896022	0.39058183428301319	0.37711298873547255	0.36705011261968645	0.3787081879942239	0.38141113553831152	0.3647483358712158	0.36207805085136335	0.37521432933132515	0.37033094088041735	0.35432998114466724	0.35925858938829913	0.36995598336948998	0.35828130414403297	0.34664644242183612	0.35741648393912784	0.36241583109978942	0.34653947399069707	0.34185494459334054	0.35520334762320482	0.35275382340129091	0.33638266180131687	0.33943678270196098	0.35144632642394513	0.3417619096491667	0.32875097436077599	0.33832939470009094	0.34545107626321547	0.33065383517316205	0.3239985483464079	0.3372006391798506	0.33717989604610205	0.32074490707841186	0.32179788516455732	0.33479362904919358	0.3272584811926475	0.31310536903366648	0.32122236825356987
END
CASE	lm-rosenbrock
X0	-1.2	1
END
CASE	lm-scaled-linear-8
X0	0	0	0	0	0	0	0	0
X	0.0001	0	0	0	0	0	0	0	0	0.0013894954943731374	0	0	0	0	0	0	0	0	0.019306977288832496	0	0	0	0	0	0	0	0	0.26826957952797248	0	0	0	0	0	0	0	0	3.7275937203149381	0	0	0	0	0	0	0	0	51.794746792312019	0	0	0	0	0	0	0	0	719.68567300115137	0	0	0	0	0	0	0	0	10000	0.00013000000000000002	0	0	0	0	0	0	0	0	0.0018063441426850787	0	0	0	0	0	0	0	0	0.025099070475482245	0	0	0	0	0	0	0	0	0.34875045338636423	0	0	0	0	0	0	0	0	4.8458718364094198	0	0	0	0	0	0	0	0	67.333170830005628	0	0	0	0	0	0	0	0	935.59137490149681	0	0	0	0	0	0	0	0	13000
Y	1	1	1	1	0.99999999999999989	1	1	1	1.3000000000000003	1.3	1.3	1.3	1.3	1.3	1.3	1.3
END
CASE	lm-rank-deficient-3
X0	0	0	0
X	0.099833416646828155	0.19966683329365631	0.99500416527802582	0.17684281385980904	0.35368562771961809	0.98423910671449388	0.25278296039979159	0.50556592079958318	0.96752301002690233	0.32719469679615226	0.65438939359230452	0.9449569463147377	0.39962810485609485	0.79925620971218969	0.91667735753051416	0.46964522802020248	0.93929045604040495	0.88285523150619205	0.53682271939396131	1.0736454387879226	0.84369506810367945	0.60075440144437497	1.2015088028887499	0.79943364274041584	0.66105372188488842	1.3221074437697768	0.75033857476617616	0.71735609089952268	1.4347121817990454	0.6967067093471655	0.76932108557458223	1.5386421711491645	0.6388623226410729	0.81663450820920525	1.6332690164184105	0.57715516111519738	0.85901028605952545	1.7180205721190509	0.51195832686258003	0.89619220102995634	1.7923844020599127	0.44366602170222852	0.92795543885330944	1.8559108777066189	0.37269116370335625	0.95410794839288315	1.9082158967857663	0.2994628905449277	0.97449160284773262	1.9489832056954652	0.22442396480602719	0.98898315584008134	1.9779663116801627	0.14802809687553714	0.99749498660405445	1.9949899732081089	0.070737201667702906	0.99997562977007215	1.9999512595401443	-0.0069813942696006241	0.99641008654165053	1.9928201730833011	-0.084657778367144623	0.98681991538313074	1.9736398307662615	-0.16182229328257206	0.97126310167000862	1.9425262033400172	-0.23800837660543478	0.94983370709000248	1.899667414180005	-0.31275538184923923	0.92266130091469578	1.8453226018293916	-0.38561136367384363	0.88991017658047877	1.7798203531609575	-0.45613581049781776	0.85177835831559934	1.7035567166311987	-0.52390230797848425	0.80849640381959009	1.6169928076391802	-0.58850111725534582	0.76032601023446911	1.5206520204689382	-0.64954165236798633	0.70755843183647948	1.415116863672959	-0.70665484186914196	0.65051271901552943	1.3010254380310589	-0.75949536035384901	0.5895337891900555	1.179067578380111	-0.8077437164120902	0.52499034132119382	1.0499806826423876	-0.85110818438049129	0.45727262663581159	0.91454525327162317	-0.88932656821304157	0.38679008903734469	0.77358017807468937	-0.92216778680589517	0.31396888947130591	0.62793777894261182	-0.9494332711908483	0.23924932921398243	0.47849865842796485	-0.97095816514959055	0.16308318766396745	0.32616637532793491	-0.98661232198942217	0.08593099073314045	0.1718619814662809	-0.99630109145359314	0.0082592263533042814	0.016518452706608563	-0.99996589200834485	-0.069462476065539763	-0.13892495213107953	-0.99758456504641468	-0.14676418517133866	-0.29352837034267731	-0.98917150886537009	-0.22317850903178074	-0.44635701806356148	-0.97477759161069732	-0.29824342114190938	-0.59648684228381876	-0.95448984371001544	-0.3715050539905686	-0.7430101079811372	-0.92843093165806612	-0.44252044329485246	-0.88504088658970492	-0.89675841633414699	-0.51086020630999829	-1.0217204126199966	-0.85966380033644896	-0.57611113802076264	-1.1522222760415253	-0.81737137009343663	-0.63787870951685188	-1.2757574190337038	-0.77013683975324521	-0.69578945344638321	-1.3915789068927664	-0.71824580505059921	-0.74949322212413805	-1.4989864442482761	-0.66201201649968355	-0.7986653046413279	-1.5973306092826558	-0.60177548235382183	-0.84300839017611773	-1.6860167803522355	-0.53790041280210077	-0.88225436563408255	-1.7645087312681651	-0.47077301783301334	-0.9161659367494549	-1.8323318734989098	-0.40079917207997545	-0.94453806284545527	-1.8890761256909105	-0.32840196076782924	-0.9671991965786525	-1.934398393157305	-0.25401912159837309	-0.98401232117145565	-1.9680246423429113	-0.17810039804212663	-0.99487577886128098	-1.989751557722562	-0.10110482003920315	-0.99972388555731106	-1.9994477711146221	-0.023497928551096236	-0.99852732798843058	-1.9970546559768612	0.054251039255347265	-0.99129334094104593	-1.9825866818820919	0.13167198717243989	-0.97806566351515267	-1.9561313270303053	0.20829680231022282	-0.95892427466313845	-1.9178485493262769	0.28366218546322625
Y	0.70627774167059865	0.93052683477445419	1.148246519450888	1.3586096334342082	1.5608953041639544	1.7544110141752343	1.9384175540609776	2.112069149459523	2.2743787328731204	2.4242145202287984	2.5603293154018969	2.6814190111763287	2.7862023226531822	2.8735105413138746	2.9423745202823541	2.9920964299089072	3.0222960090601569	3.0329247554861354	3.0242461936575946	2.9967853299406868	2.9512549110420716	2.888469469964936	2.8092598718280053	2.7144009023208837	2.6045624001985899	2.4802908274763915	2.3420235362010509	2.1901330215365125	2.0249938900144211	1.8470618007779467	1.656951775323408	1.4555032961835461	1.2438215238938917	1.0232874697554588	0.79553454580129501	0.56239388875656438	0.32581547891422397	0.087775657407869564	-0.14981634846803205	-0.38520015190881085	-0.61682321010061325	-0.84336952588103731	-1.0637549896323992	-1.2770912734826374	-1.4826248669901216	-1.6796615293357753	-1.8674885773613363	-2.0453077115511062	-2.2121894612740753	-2.3670570486125611	-2.5087030173521745	-2.6358370155207753	-2.7471583970814124	-2.8414435267232196	-2.917635396355768	-2.9749227331728685	-3.0127972615431093	-3.0310809536547851	-3.0299194935341989	-3.0097431307774603	-2.9712008751736656	-2.9150778688614025	-2.8422081890818243	-2.75339592168549
END
CASE	box-diagonal-16
X0	0	0	0	0	0	0	0	0	0	0	0	0	0	0	0	0
DIAGONAL	1	1.5848931924611136	2.5118864315095801	3.9810717055349722	6.3095734448019334	10	15.848931924611133	25.118864315095795	39.810717055349734	63.095734448019329	100	158.48931924611142	251.18864315095797	398.10717055349733	630.957344480193	1000
CENTER	0.41767137355617023	0.57746145447346575	0.72468783276500426	0.85498093982345946	0.96441153565516913	1.0496060798237044	1.1078466346519025	1.1371523884849613	1.1363404104168728	1.1050638408088629	1.0438263671577765	0.95397251386647286	0.83765396770843137	0.6977728483275526	0.53790349518973313	0.36219495994879725
LOWER	-0.5	-0.5	-0.5	-0.5	-0.5	-0.5	-0.5	-0.5	-0.5	-0.5	-0.5	-0.5	-0.5	-0.5	-0.5	-0.5
UPPER	0.5	0.5	0.5	0.5	0.5	0.5	0.5	0.5	0.5	0.5	0.5	0.5	0.5	0.5	0.5	0.5
END
CASE	box-diagonal-512
X0	0	0	0	0	0	0	0	0	0	0	0	0	0	0	0	0	0	0	0	0	0	0	0	0	0	0	0	0	0	0	0	0	0	0	0	0	0	0	0	0	0	0	0	0	0	0	0	0	0	0	0	0	0	0	0	0	0	0	0	0	0	0	0	0	0	0	0	0	0	0	0	0	0	0	0	0	0	0	0	0	0	0	0	0	0	0	0	0	0	0	0	0	0	0	0	0	0	0	0	0	0	0	0	0	0	0	0	0	0	0	0	0	0	0	0	0	0	0	0	0	0	0	0	0	0	0	0	0	0	0	0	0	0	0	0	0	0	0	0	0	0	0	0	0	0	0	0	0	0	0	0	0	0	0	0	0	0	0	0	0	0	0	0	0	0	0	0	0	0	0	0	0	0	0	0	0	0	0	0	0	0	0	0	0	0	0	0	0	0	0	0	0	0	0	0	0	0	0	0	0	0	0	0	0	0	0	0	0	0	0	0	0	0	0	0	0	0	0	0	0	0	0	0	0	0	0	0	0	0	0	0	0	0	0	0	0	0	0	0	0	0	0	0	0	0	0	0	0	0	0	0	0	0	0	0	0	0	0	0	0	0	0	0	0	0	0	0	0	0	0	0	0	0	0	0	0	0	0	0	0	0	0	0	0	0	0	0	0	0	0	0	0	0	0	0	0	0	0	0	0	0	0	0	0	0	0	0	0	0	0	0	0	0	0	0	0	0	0	0	0	0	0	0	0	0	0	0	0	0	0	0	0	0	0	0	0	0	0	0	0	0	0	0	0	0	0	0	0	0	0	0	0	0	0	0	0	0	0	0	0	0	0	0	0	0	0	0	0	0	0	0	0	0	0	0	0	0	0	0	0	0	0	0	0	0	0	0	0	0	0	0	0	0	0	0	0	0	0	0	0	0	0	0	0	0	0	0	0	0	0	0	0	0	0	0	0	0	0	0	0	0	0	0	0	0	0	0	0	0	0	0	0	0	0	0	0	0	0	0	0	0	0	0	0	0	0	0	0	0	0	0	0	0	0	0	0	0	0	0	0	0	0	0	0	0	0	0	0	0	0	0	0	0	0	0	0	0	0	0	0	0	0	0	0	0	0	0	0	0	0	0	0	0	0	0	0	0	0	0	0	0	0	0	0	0	0	0	0	0	0	0	0
DIAGONAL	1	1.0136098948795598	1.0274050189977522	1.0413878933050436	1.0555610730617713	1.0699271483050972	1.0844887443223168	1.0992485221306092	1.1142091789633182	1.1293734487628493	1.1447441026802776	1.1603239495817521	1.1761158365617952	1.1921226494635868	1.2083473134063283	1.2247927933197869	1.2414620944861114	1.2583582630890255	1.2754843867704924	1.2928435951949584	1.3104390606212739	1.3282739984823984	1.3463516679729963	1.3646753726450287	1.3832484610114515	1.40207432715813	1.4211564113640816	1.440498200730159	1.4601032298162915	1.4799750812873969	1.5001173865680861	1.5205338265062776	1.5412281320458427	1.5622040849084067	1.5834655182844291	1.6050163175336876	1.626860420895299	1.6490018202074004	1.6714445616366256	1.6941927464175119	1.7172505316019668	1.7406221308189376	1.7643118150444186	1.7883239133819382	1.8126628138536693	1.8373329642023046	1.8623388727038479	1.887685108991465	1.913376304890549	1.9394171552651498	1.9658124188759232	1.9925669192497575	2.0196855455612348	2.0471732535260894	2.0750350663068255	2.1032760754306619	2.131901441719966	2.1609163962353564	2.1903262412316367	2.2201363511267402	2.2503521734838645	2.2809792300069689	2.3120231175498227	2.3434895091387875	2.3753841550095176	2.4077128836577688	2.4404816029045127	2.4736963009755422	2.5073630475957751	2.5414879950984464	2.5760773795493987	2.6111375218866777	2.6466748290756295	2.6826957952797255	2.7192070030473197	2.7562151245145561	2.7937269226246517	2.8317492523637693	2.8702890620137116	2.9093533944216685	2.9489493882872377	2.9890842794669688	3.0297654022966585	3.0710001909316431	3.1127961807053306	3.1551610095062252	3.1981024191736904	3.2416282569127102	3.2857464767279021	3.3304651408770529	3.3757924213444275	3.4217366013341395	3.468306076783839	3.5155093578990053	3.563355070708119	3.611851958639003	3.6610088841166109	3.7108348301825727	3.761338902136766	3.8125303292012465	3.864418466206808	3.9170127953025125	3.9703229276884695	4.0243586053722158	4.0791297029489826	4.1346462294062087	4.1909183299525941	4.2479562878720696	4.3057705264029726	4.3643716106428236	4.4237702494790065	4.4839772975457404	4.5450037572076694	4.6068607805704707	4.6695596715188001	4.7331118877820035	4.7975290430279101	4.8628229089851551	4.9290054175943574	4.9960886631885977	5.0640849047035532	5.133006567917735	5.2028662477231835	5.2736767104271065	5.3454508960848006	5.4182019208643641	5.4919430794435558	5.5666878474393089	5.6424498838702792	5.7192430336529387	5.7970813301316086	5.8759789976429584	5.9559504541153787	6.0370103137037558	6.119173389460081	6.2024546960404328	6.2868694524487738	6.372433084818117	6.4591612292295197	6.5470697345694617	6.6361746654260978	6.7264923050249452	6.8180391582045017	6.9108319544323873	7.0048876508625133	7.1002234354338789	7.1968567300115192	7.2948051935702285	7.3940867254215847	7.4947194684849219	7.59672181260279	7.7001123979015729	7.8049101181978067	7.9111341244508919	8.0188038282627652	8.1279389054252338	8.2385592995155541	8.35068522554098	8.4643371736328845	8.5795359127911777	8.6963024946796725	8.8146582574731163	8.9346248297565687	9.0562241344778602	9.1794783929538344	9.3044101289311261	9.4310421727021883	9.5593976652773609	9.6895000626136927	9.821373139901354	9.955040995908341	10.090528057384365	10.22785908352461	10.367059170494331	10.508153756014936	10.65116862401255	10.796129909329823	10.943064102501873	11.091998054597209	11.242958982124559	11.395974472006472	11.551072486620626	11.708281368909709	11.867629847560879	12.029147042255703	12.192862468991571	12.358806045475477	12.527008096591267	12.697499359941263	12.870310991463342	13.045474571124402	13.223022108691374	13.402986049580754	13.585399280787755	13.770295136896124	13.957707406169794	14.147670336727412	14.340218642800938	14.535387511079364	14.733212607138821	14.933730081960178	15.136976578535377	15.342989238563602	15.551805709238671	15.763464150128739	15.978003240149702	16.195462184633406	16.415880722492151	16.639299133480655	16.865758245556879	17.095299442342977	17.327964670687862	17.563796448332642	17.802837871680435	18.045132623671854	18.290724981767742	18.539659826040531	18.79198264737574	19.047739555785039	19.306977288832506	19.569743220175557	19.836085368222122	20.106052404905601	20.379693664579289	20.657059153031835	20.938199556625445	21.223166251558364	21.512011313253495	21.804787525874765	22.101548391973061	22.402348142263317	22.707241745534823	23.016284918696293	23.329534136957751	23.647046644150848	23.968880463189787	24.295094406674526	24.625748087638346	24.960901930441626	25.300617181813937	25.6449559220464	25.993981076336397	26.347756426286601	26.706346621560609	27.069817191697123	27.438234558085025	27.811666046101266	28.190179897414129	28.573845282453799	28.962732313052804	29.356912055258285	29.75645654231883	30.161438787847967	30.571932799166856	30.988013590828484	31.40975719832603	31.837240691987731	32.270542191060926	32.70974087798767	33.154917012874719	33.606151948160459	34.063528143481435	34.527129180741149	34.997039779384018	35.473345811877188	35.956134319403112	36.445493527765521	36.941512863512088	37.444282970276376	37.953895725342335	38.470444256434014	38.99402295873405	39.524727512133545	40.062654898716929	40.607903420484547	41.160572717316661	41.720763785181795	42.288578994593067	42.864122109315439	43.447498305327841	44.038814190043183	44.638177821790144	45.245698729559805	45.861487933021344	46.485657962809945	47.118322881090961	47.759598302403766	48.409601414789492	49.068451001206142	49.736267461235386	50.413172833084474	51.099290815887834	51.794746792312097	52.499667851468885	53.214182812139185	53.938422246314076	54.672518503055699	55.416605732683074	56.170819911286905	56.935298865578204	57.710182298075019	58.495611812632056	59.291730940317514	60.09868516564238	60.916621953146503	61.74569077434672	62.586043135051384	63.437832603047028	64.301214836161577	65.17634761070974	66.063390850325149	66.962506655185351	67.873859331634208	68.797615422207784	69.733943736068412	70.683015379853444	71.645003788943527	72.620084759156711	73.608436478873557	74.610239561599784	75.625677078971904	76.65493459421225	77.698200196039011	78.7556645330381	79.827520848502573	80.91396501574657	82.015195573899263	83.131413764186576	84.262823566706302	85.409631737704075	86.572047847356146	87.750284318066889	88.944556463287213	90.155082526861634	91.382083722910266	92.625784276254208	93.886411463390758	95.164195654026614	96.459370353175785	97.772172243831037	99.102841230215745	100.45162048162469	101.81875647686108	103.20449904927862	104.60910143243687	106.03282030637762	107.47591584453062	108.93865176125904	110.42129536005081	111.92411758236587	113.44739305714943	114.99140015101727	116.55642101912596	118.14274165673405	119.75065195146513	121.38044573628326	123.03242084318826	124.70687915764175	126.40412667373529	128.12447355010733	129.86823416662318	131.63572718182505	133.42727559116403	135.24320678602575	137.08385261355821	138.94954943731375	140.84063819871787	142.75746447937246	144.70037856420913	146.66973550550063	148.66589518774325	150.68922239342402	152.74008686968119	154.81886339587231	156.92593185206317	159.06167728844662	161.22648999570879	163.42076557635087	165.64490501698211	167.89931476159782	170.18440678585338	172.50059867234901	174.84831368694091	177.22798085608838	179.6400350452563	182.08491703838277	184.56307361842843	187.07495764902362	189.62102815722503	192.20175041739884	194.81759603624712	197.4690430389889	200.15657595671672	202.88068591494036	205.64187072333559	208.44063496671612	211.27749009724192	214.15295452788254	217.06755372715429	220.02182031514394	223.01629416084234	226.05152248080051	229.12805993912855	232.24646874885747	235.40731877467852	238.6111876370808	241.85866081790851	245.15033176735125	248.48680201239398	251.86868126674079	255.29658754223436	258.7711472617944	262.29299537389062	265.86277546857406	269.48113989508948	273.14874988108545	276.86627565345009	280.6343965607889	284.45380119756982	288.32518752995981	292.24926302337207	296.22674477174888	300.25835962860674	304.34484433986097	308.48694567846235	312.68542058086285	316.94103628533918	321.25457047220124	325.62681140590621	330.05855807910666	334.55062035866257	339.10381913363534	343.71898646530121	348.39696573920298	353.13861181927098	357.94479120404475	362.81638218501797	367.75427500713812	372.75937203149419	377.83258790021335	382.97484970360711	388.18709714958862	393.47028273539581	398.82537192165506	404.25334330881032	409.75518881595366	415.33191386209319	420.98453754988242	426.71409285185626	432.52162679919695	438.40820067307004	444.37489019856724	450.42278574128591	456.55299250658311	462.76663074154641	469.06483593970665	475.44875904854382	481.91956667981191	488.47844132272695	495.12658156006023	501.86520228716876	508.69553493400588	515.61882769015938	522.63634573294405	529.74937145860645	536.95920471667125	544.26716304747697	551.67458192294907	559.18281499064585	566.7932343211246	574.50723065868112	582.32621367549245	590.2516122292277	598.28487462415853	606.42746887582371	614.68088297930092	623.04662518112445	631.52622425490381	640.12122978069874	648.83321242818829	657.66376424370264	666.61449894115538	675.6870521969347	684.88308194881427	694.20426869892697	703.65231582086062	713.22894987094173	722.93592090374375	732.7750027919011	742.74799355026846	752.85671566449128	763.10301642405523	773.48876825986201	784.01586908639854	794.68624264857158	805.50183887325068	816.46463422560726	827.57663207029657	838.83986303755296	850.25638539427803	861.8282854201691	873.55767778896848	885.44670595490913	897.49754254440757	909.71238975309973	922.09347974827313	934.64307507677415	947.36346907847712	960.25698630537079	973.32598294634931	986.57284725779391	1000
CENTER	0.41767137355617023	0.57746145447346575	0.72468783276500426	0.85498093982345946	0.96441153565516913	1.0496060798237044	1.1078466346519025	1.1371523884849613	1.1363404104168728	1.1050638408088629	1.0438263671577765	0.95397251386647286	0.83765396770843137	0.6977728483275526	0.53790349518973313	0.36219495994879725	0.17525694842383732	-0.017967566687209877	-0.21233945635910778	-0.40266638134066812	-0.58384751566988646	-0.75101593528174271	-0.89967462303581736	-1.0258222211818109	-1.1260649528866993	-1.1977115276495092	-1.2388483299594342	-1.2483927525142007	-1.2261231585849544	-1.1726846248049483	-1.0895703066367954	-0.97907896420384322	-0.84424986609494179	-0.68877693365524961	-0.51690457965411762	-0.33330821611098826	-0.14296284152715108	0.048996544660665553	0.23741872257793714	0.41728013364400407	0.583824771330967	0.7326961075571764	0.86005731396962082	0.9626963771053777	1.0381131434248128	1.0845858518614753	1.1012153027879099	1.0879454561083133	1.0455599290081132	0.97565455619630526	0.88058686233970529	0.76340395804606209	0.62775098817733976	0.47776281672084142	0.31794210996375738	0.1530273656089165	-0.012145281313728051	-0.17278247242920289	-0.32427219977460997	-0.46231653960391128	-0.58305472227376964	-0.68317300021724181	-0.75999816386462415	-0.81157203383290466	-0.83670481289786447	-0.83500579709811196	-0.80689060396658729	-0.75356475828197556	-0.67698416214121715	-0.57979364672756717	-0.46524543850350125	-0.33709995433502066	-0.19951185144801453	-0.056904684361269678	0.086162150268080301	0.22513027809547159	0.35557900951581389	0.47335779665612993	0.57471060562011389	0.6563885613410827	0.71574756477742763	0.75082802034707596	0.76041433275291692	0.7440724216052359	0.70216414243904435	0.63583817531895104	0.54699762774851934	0.43824527720543849	0.3128080306559422	0.17444278497427185	0.027326415728496645	-0.12406691346610502	-0.27509755636578298	-0.421097470272144	-0.55750859053488	-0.68001845813709227	-0.78468913918902994	-0.8680756640466345	-0.92733051208936845	-0.96029106738254411	-0.96554745904226236	-0.94248876405774773	-0.89132617336735687	-0.81309238617732937	-0.70961718370730287	-0.58347982195008852	-0.43793955377827348	-0.27684622444988127	-0.10453346295036664	0.074302502063135323	0.25473495333013302	0.4317459539330874	0.60036879242353614	0.75582952425606686	0.89368354878355749	1.0099432970248641	1.1011933543723826	1.1646896972734455	1.1984401735539618	1.2012638895527821	1.1728277683070318	1.113659194428674	1.0251343443421326	0.9094424955974989	0.76952729606712433	0.60900663323171478	0.43207335651367546	0.24337965410499063	0.047908354194366655	-0.14916520454900933	-0.34261681771500385	-0.52731850101119504	-0.69838090119806229	-0.85128899197875063	-0.98202720632749441	-1.0871904585314023	-1.164077912528954	-1.2107668463691663	-1.2261645316189165	-1.2100366749656584	-1.1630116390469776	-1.0865603514484587	-0.98295250497639419	-0.8551903288005579	-0.70692184945607528	-0.54233614464628666	-0.36604360455332424	-0.18294464027542809	0.0019093950927322467	0.18345908964649324	0.35677957397317811	0.51721876876097594	0.66052733816401488	0.78297665269259575	0.88146141567199432	0.9535840533890102	0.99771849801404344	1.0130515889592082	0.99960096528029974	0.95820900038053347	0.89051302105033103	0.79889273586389364	0.68639645346814859	0.55664828046264958	0.41373903384623506	0.26210406871397157	0.10639159464623091	-0.048674676652677745	-0.1984345521323983	-0.33842800430076397	-0.46452547696274238	-0.57304807221505083	-0.66087413999053024	-0.72552919077745937	-0.765256540326678	-0.77906665803948449	-0.76676381198491061	-0.72894926512680969	-0.66700096018866506	-0.58303031487798451	-0.47981741512597498	-0.36072652230029989	-0.2296043828378691	-0.090664328856589482	0.051640428431220742	0.19275059622302004	0.32813776571635739	0.45344053029016512	0.56459576469360029	0.65796121346224778	0.73042578844288919	0.77950433155808363	0.80341404948707196	0.80113035875836547	0.77242047746752529	0.71785374616947406	0.63878833675605984	0.53733469475515261	0.41629673761025665	0.27909247952136457	0.12965635358432992	-0.027673963129839607	-0.18828296177212478	-0.34741133120637069	-0.50029472903014582	-0.64230327446112412	-0.76907771564066341	-0.87665831312362918	-0.96160268505137947	-1.0210891719446116	-1.0530026912674921	-1.056000552082663	-1.029556273875305	-0.97398008447954465	-0.89041544184443333	-0.78081161384931785	-0.647873039663452	-0.4949868653813182	-0.32613067656119499	-0.14576302268144864	0.041300173112232497	0.23001981566059909	0.41527463788084662	0.59200498592290296	0.75535529069834417	0.90081115936782297	1.0243271693917639	1.1224417092854311	1.1923755768109419	1.2321115065001238	1.2404523409232131	1.2170561684467711	1.1624474069103101	1.0780034988519438	0.96591757993338456	0.82913816807309992	0.67128757680273698	0.49656136368142695	0.30961166579938676	0.11541773394097565	-0.080852658330758803	-0.27398699502149992	-0.45887290519574425	-0.63064004561027021	-0.7847949545452737	-0.91734505614768747	-1.0249083072015688	-1.1048053911701092	-1.1551318657206466	-1.1748082453145103	-1.1636066332612858	-1.1221531896973977	-1.0519064139249157	-0.95511191154476749	-0.83473498895233689	-0.69437305072527866	-0.53815035105036524	-0.3705981520941895	-0.19652375573956007	-0.020872188550965315	0.15141547574923675	0.31554308242189211	0.46699560432811499	0.60166669104708337	0.71597391287873302	0.80695841519712985	0.87236615393676187	0.91070841934826308	0.92129995702378631	0.90427364515657271	0.8605713662757396	0.79191140066144605	0.70073334740226823	0.59012222801422842	0.46371402797710792	0.32558546614412265	0.18013123534001196	0.031932316525401155	-0.11438077665324464	-0.25426582358987326	-0.38340376685127497	-0.49782669101342741	-0.59403517870795175	-0.66910162467887901	-0.72075649995383662	-0.74745505661065792	-0.74842253461991093	-0.72367655931755559	-0.67402608304346767	-0.60104690810978978	-0.50703451073939898	-0.39493554717492407	-0.26826004464317887	-0.13097684326800613	0.012604655966568484	0.15796298166294642	0.30049956507303932	0.43567624863276028	0.55915130594422968	0.66690998903761523	0.75538577422324005	0.82156874449116912	0.86309791656078316	0.87833478366440121	0.86641588761703403	0.8272828400288762	0.76168886515706014	0.67118161702266399	0.55806271139043251	0.42532508913973444	0.27656997190309129	0.11590576497282429	-0.052168210820958461	-0.2228898325376884	-0.39137045967895812	-0.55273547292410352	-0.70226502012335235	-0.83553090925637219	-0.94852569178747881	-1.0377801977617798	-1.1004661098932116	-1.1344805884856826	-1.1385104701420869	-1.1120741461944177	-1.0555398648956404	-0.97011987631845276	-0.85784053120811843	-0.72148913482708843	-0.56453902426290214	-0.39105496353877156	-0.20558151714758655	-0.013017553013169883	0.18151957376682815	0.3728363062708579	0.55580760150895703	0.72551996500442639	0.87740873753641213	1.0073857288454611	1.1119535665218319	1.1883035058399132	1.2343939171534988	1.2490072181225726	1.2317836327052603	1.1832308198791999	1.1047091034826084	0.9983927306267335	0.86720826984964572	0.71475191193367404	0.54518803739363053	0.36313194781685698	0.17352010821167108	-0.018528398596088347	-0.20785525681523723	-0.38940705871529618	-0.55837610148255967	-0.71033383984002407	-0.84135320925083479	-0.94811635778636372	-1.0280047470274083	-1.0791690914870946	-1.1005771873080819	-1.0920383176370492	-1.0542035957706972	-0.98854229849659536	-0.89729493111656011	-0.78340443261208514	-0.65042755510794836	-0.50242901822762909	-0.34386152984362578	-0.17943516602343626	-0.013979903162292084	0.1476947141974175	0.30093871094242508	0.44139560720348836	0.56512727289886311	0.66872612039456825	0.74941141697853775	0.80510696374290591	0.83449793146609041	0.83706525141777122	0.81309661208861739	0.76367379277150327	0.69063675202356178	0.59652556345028662	0.48450193347877846	0.35825262726907731	0.22187765256292097	0.079766491966734437	-0.063533980810762572	-0.20345602584888128	-0.33554800124281858	-0.45560775417360622	-0.55980853207208026	-0.64481372624785549	-0.70787708648418579	-0.74692546878910593	-0.76062168746805214	-0.74840562220437001	-0.71051236412232799	-0.64796685352736849	-0.56255514680948049	-0.45677313102960149	-0.33375416226415849	-0.19717771881228868	-0.051161715053221868	0.099858400002735853	0.25126024747237491	0.3983710282868822	0.53660596295339025	0.66160462513155704	0.7693611882733502	0.85634477545423104	0.91960638390754912	0.95686923959524339	0.96659991238080578	0.94805807534362185	0.90132340656545962	0.82729879061626188	0.72768966097242038	0.6049600139874467	0.46226629990876716	0.30337103731050785	0.13253858567670734	-0.045583970285947739	-0.22609743671466628	-0.40398890194786108	-0.57427394779302887	-0.73213860865071645	-0.87307700682777056	-0.99302070989361479	-1.0884560872852642	-1.1565262819684081	-1.1951148491403645	-1.2029086352300715	-1.1794380618698508	-1.1250936241187077	-1.0411180915049996	-0.92957459492197858	-0.79329147210375628	-0.63578540951442175	-0.46116503988399293	-0.2740177144584236	-0.079282651201239215	0.11788594917554762	0.31226193959858323	0.49869235886055496	0.67224054242477616	0.82832315175207938	0.9628372355598902	1.0722737211663911	1.1538141219166453	1.2054077264913752	1.2258270938797604	1.2147002979246455	1.1725190298087316	1.100622356557184	1.0011566287777196	0.87701271148323778	0.73174235840628366	0.56945614416604462	0.39470589295123654	0.21235498201092096	0.027440240612817857	-0.15497059954764356	-0.32992182492487049	-0.49270894971384849	-0.63901024528992589	-0.76500684703962041	-0.86748803012849529	-0.94393867736655845	-0.9926064790655853	-1.0125469916972589	-1.0036453223045163	-0.96661388051325026	-0.90296633016802264	-0.8149685581731132	-0.70556813930188533	-0.5783043934974641	-0.43720168874346743	-0.2866491219242438	-0.13127009844542656	0.024214382396081979	0.17512475340952713	0.31696017342609872	0.44553010211859723	0.55707634044097554	0.64838200339470919	0.71686427586616597	0.76064827720139672	0.77861991221109927	0.77045619942438648	0.73663222387053851	0.67840454245099047	0.59777155535937965	0.49741202717615712	0.38060357681178802	0.25112353800752729	0.11313510477017813	-0.028937895916886305	-0.17054393088309816	-0.30714048961681079	-0.43433060665584328	-0.54799517431406897	-0.64441716406532135	-0.7203941091573246	-0.77333554123502657	-0.80134251008539681	-0.80326683546377842	-0.77874832829808804	-0.72822885838092954	-0.65294281844885838	-0.55488422085183564
LOWER	-0.5	-0.5	-0.5	-0.5	-0.5	-0.5	-0.5	-0.5	-0.5	-0.5	-0.5	-0.5	-0.5	-0.5	-0.5	-0.5	-0.5	-0.5	-0.5	-0.5	-0.5	-0.5	-0.5	-0.5	-0.5	-0.5	-0.5	-0.5	-0.5	-0.5	-0.5	-0.5	-0.5	-0.5	-0.5	-0.5	-0.5	-0.5	-0.5	-0.5	-0.5	-0.5	-0.5	-0.5	-0.5	-0.5	-0.5	-0.5	-0.5	-0.5	-0.5	-0.5	-0.5	-0.5	-0.5	-0.5	-0.5	-0.5	-0.5	-0.5	-0.5	-0.5	-0.5	-0.5	-0.5	-0.5	-0.5	-0.5	-0.5	-0.5	-0.5	-0.5	-0.5	-0.5	-0.5	-0.5	-0.5	-0.5	-0.5	-0.5	-0.5	-0.5	-0.5	-0.5	-0.5	-0.5	-0.5	-0.5	-0.5	-0.5	-0.5	-0.5	-0.5	-0.5	-0.5	-0.5	-0.5	-0.5	-0.5	-0.5	-0.5	-0.5	-0.5	-0.5	-0.5	-0.5	-0.5	-0.5	-0.5	-0.5	-0.5	-0.5	-0.5	-0.5	-0.5	-0.5	-0.5	-0.5	-0.5	-0.5	-0.5	-0.5	-0.5	-0.5	-0.5	-0.5	-0.5	-0.5	-0.5	-0.5	-0.5	-0.5	-0.5	-0.5	-0.5	-0.5	-0.5	-0.5	-0.5	-0.5	-0.5	-0.5	-0.5	-0.5	-0.5	-0.5	-0.5	-0.5	-0.5	-0.5	-0.5	-0.5	-0.5	-0.5	-0.5	-0.5	-0.5	-0.5	-0.5	-0.5	-0.5	-0.5	-0.5	-0.5	-0.5	-0.5	-0.5	-0.5	-0.5	-0.5	-0.5	-0.5	-0.5	-0.5	-0.5	-0.5	-0.5	-0.5	-0.5	-0.5	-0.5	-0.5	-0.5	-0.5	-0.5	-0.5	-0.5	-0.5	-0.5	-0.5	-0.5	-0.5	-0.5	-0.5	-0.5	-0.5	-0.5	-0.5	-0.5	-0.5	-0.5	-0.5	-0.5	-0.5	-0.5	-0.5	-0.5	-0.5	-0.5	-0.5	-0.5	-0.5	-0.5	-0.5	-0.5	-0.5	-0.5	-0.5	-0.5	-0.5	-0.5	-0.5	-0.5	-0.5	-0.5	-0.5	-0.5	-0.5	-0.5	-0.5	-0.5	-0.5	-0.5	-0.5	-0.5	-0.5	-0.5	-0.5	-0.5	-0.5	-0.5	-0.5	-0.5	-0.5	-0.5	-0.5	-0.5	-0.5	-0.5	-0.5	-0.5	-0.5	-0.5	-0.5	-0.5	-0.5	-0.5	-0.5	-0.5	-0.5	-0.5	-0.5	-0.5	-0.5	-0.5	-0.5	-0.5	-0.5	-0.5	-0.5	-0.5	-0.5	-0.5	-0.5	-0.5	-0.5	-0.5	-0.5	-0.5	-0.5	-0.5	-0.5	-0.5	-0.5	-0.5	-0.5	-0.5	-0.5	-0.5	-0.5	-0.5	-0.5	-0.5	-0.5	-0.5	-0.5	-0.5	-0.5	-0.5	-0.5	-0.5	-0.5	-0.5	-0.5	-0.5	-0.5	-0.5	-0.5	-0.5	-0.5	-0.5	-0.5	-0.5	-0.5	-0.5	-0.5	-0.5	-0.5	-0.5	-0.5	-0.5	-0.5	-0.5	-0.5	-0.5	-0.5	-0.5	-0.5	-0.5	-0.5	-0.5	-0.5	-0.5	-0.5	-0.5	-0.5	-0.5	-0.5	-0.5	-0.5	-0.5	-0.5	-0.5	-0.5	-0.5	-0.5	-0.5	-0.5	-0.5	-0.5	-0.5	-0.5	-0.5	-0.5	-0.5	-0.5	-0.5	-0.5	-0.5	-0.5	-0.5	-0.5	-0.5	-0.5	-0.5	-0.5	-0.5	-0.5	-0.5	-0.5	-0.5	-0.5	-0.5	-0.5	-0.5	-0.5	-0.5	-0.5	-0.5	-0.5	-0.5	-0.5	-0.5	-0.5	-0.5	-0.5	-0.5	-0.5	-0.5	-0.5	-0.5	-0.5	-0.5	-0.5	-0.5	-0.5	-0.5	-0.5	-0.5	-0.5	-0.5	-0.5	-0.5	-0.5	-0.5	-0.5	-0.5	-0.5	-0.5	-0.5	-0.5	-0.5	-0.5	-0.5	-0.5	-0.5	-0.5	-0.5	-0.5	-0.5	-0.5	-0.5	-0.5	-0.5	-0.5	-0.5	-0.5	-0.5	-0.5	-0.5	-0.5	-0.5	-0.5	-0.5	-0.5	-0.5	-0.5	-0.5	-0.5	-0.5	-0.5	-0.5	-0.5	-0.5	-0.5	-0.5	-0.5	-0.5	-0.5	-0.5	-0.5	-0.5	-0.5	-0.5	-0.5	-0.5	-0.5	-0.5	-0.5	-0.5	-0.5	-0.5	-0.5	-0.5	-0.5	-0.5	-0.5	-0.5	-0.5	-0.5	-0.5	-0.5	-0.5	-0.5	-0.5	-0.5	-0.5	-0.5	-0.5	-0.5	-0.5	-0.5	-0.5	-0.5	-0.5	-0.5	-0.5	-0.5	-0.5	-0.5	-0.5	-0.5	-0.5	-0.5	-0.5	-0.5	-0.5	-0.5	-0.5	-0.5	-0.5	-0.5	-0.5	-0.5	-0.5	-0.5	-0.5	-0.5	-0.5	-0.5	-0.5	-0.5
UPPER	0.5	0.5	0.5	0.5	0.5	0.5	0.5	0.5	0.5	0.5	0.5	0.5	0.5	0.5	0.5	0.5	0.5	0.5	0.5	0.5	0.5	0.5	0.5	0.5	0.5	0.5	0.5	0.5	0.5	0.5	0.5	0.5	0.5	0.5	0.5	0.5	0.5	0.5	0.5	0.5	0.5	0.5	0.5	0.5	0.5	0.5	0.5	0.5	0.5	0.5	0.5	0.5	0.5	0.5	0.5	0.5	0.5	0.5	0.5	0.5	0.5	0.5	0.5	0.5	0.5	0.5	0.5	0.5	0.5	0.5	0.5	0.5	0.5	0.5	0.5	0.5	0.5	0.5	0.5	0.5	0.5	0.5	0.5	0.5	0.5	0.5	0.5	0.5	0.5	0.5	0.5	0.5	0.5	0.5	0.5	0.5	0.5	0.5	0.5	0.5	0.5	0.5	0.5	0.5	0.5	0.5	0.5	0.5	0.5	0.5	0.5	0.5	0.5	0.5	0.5	0.5	0.5	0.5	0.5	0.5	0.5	0.5	0.5	0.5	0.5	0.5	0.5	0.5	0.5	0.5	0.5	0.5	0.5	0.5	0.5	0.5	0.5	0.5	0.5	0.5	0.5	0.5	0.5	0.5	0.5	0.5	0.5	0.5	0.5	0.5	0.5	0.5	0.5	0.5	0.5	0.5	0.5	0.5	0.5	0.5	0.5	0.5	0.5	0.5	0.5	0.5	0.5	0.5	0.5	0.5	0.5	0.5	0.5	0.5	0.5	0.5	0.5	0.5	0.5	0.5	0.5	0.5	0.5	0.5	0.5	0.5	0.5	0.5	0.5	0.5	0.5	0.5	0.5	0.5	0.5	0.5	0.5	0.5	0.5	0.5	0.5	0.5	0.5	0.5	0.5	0.5	0.5	0.5	0.5	0.5	0.5	0.5	0.5	0.5	0.5	0.5	0.5	0.5	0.5	0.5	0.5	0.5	0.5	0.5	0.5	0.5	0.5	0.5	0.5	0.5	0.5	0.5	0.5	0.5	0.5	0.5	0.5	0.5	0.5	0.5	0.5	0.5	0.5	0.5	0.5	0.5	0.5	0.5	0.5	0.5	0.5	0.5	0.5	0.5	0.5	0.5	0.5	0.5	0.5	0.5	0.5	0.5	0.5	0.5	0.5	0.5	0.5	0.5	0.5	0.5	0.5	0.5	0.5	0.5	0.5	0.5	0.5	0.5	0.5	0.5	0.5	0.5	0.5	0.5	0.5	0.5	0.5	0.5	0.5	0.5	0.5	0.5	0.5	0.5	0.5	0.5	0.5	0.5	0.5	0.5	0.5	0.5	0.5	0.5	0.5	0.5	0.5	0.5	0.5	0.5	0.5	0.5	0.5	0.5	0.5	0.5	0.5	0.5	0.5	0.5	0.5	0.5	0.5	0.5	0.5	0.5	0.5	0.5	0.5	0.5	0.5	0.5	0.5	0.5	0.5	0.5	0.5	0.5	0.5	0.5	0.5	0.5	0.5	0.5	0.5	0.5	0.5	0.5	0.5	0.5	0.5	0.5	0.5	0.5	0.5	0.5	0.5	0.5	0.5	0.5	0.5	0.5	0.5	0.5	0.5	0.5	0.5	0.5	0.5	0.5	0.5	0.5	0.5	0.5	0.5	0.5	0.5	0.5	0.5	0.5	0.5	0.5	0.5	0.5	0.5	0.5	0.5	0.5	0.5	0.5	0.5	0.5	0.5	0.5	0.5	0.5	0.5	0.5	0.5	0.5	0.5	0.5	0.5	0.5	0.5	0.5	0.5	0.5	0.5	0.5	0.5	0.5	0.5	0.5	0.5	0.5	0.5	0.5	0.5	0.5	0.5	0.5	0.5	0.5	0.5	0.5	0.5	0.5	0.5	0.5	0.5	0.5	0.5	0.5	0.5	0.5	0.5	0.5	0.5	0.5	0.5	0.5	0.5	0.5	0.5	0.5	0.5	0.5	0.5	0.5	0.5	0.5	0.5	0.5	0.5	0.5	0.5	0.5	0.5	0.5	0.5	0.5	0.5	0.5	0.5	0.5	0.5	0.5	0.5	0.5	0.5	0.5	0.5	0.5	0.5	0.5	0.5	0.5	0.5	0.5	0.5	0.5	0.5	0.5	0.5	0.5	0.5	0.5	0.5	0.5	0.5	0.5	0.5	0.5	0.5	0.5	0.5	0.5	0.5	0.5	0.5	0.5	0.5	0.5	0.5	0.5	0.5	0.5	0.5	0.5	0.5	0.5
END
CASE	box-rotated-32
X0	0	0	0	0	0	0	0	0	0	0	0	0	0	0	0	0	0	0	0	0	0	0	0	0	0	0	0	0	0	0	0	0
HESSIAN	68.80550550366209	-26.326859629895473	-18.703641753007041	18.262309323533476	-4.0830571816711636	20.13856585927633	-9.6897344370728575	-14.768907878593723	21.77817348049156	-24.01607947825428	-2.0964822304025477	-35.856908853045113	3.4253644330846256	20.980052512888474	-13.405549246571699	10.662389454664549	-12.540378506083286	9.5154336112224289	15.590033662981829	38.989139007808454	1.8701439101760877	-26.663288919912084	7.7038485363701561	-27.443808181450702	0.94761768288172155	7.0780792693669374	0.8506298036009452	23.498710116413939	12.62423257764296	8.1049633504707845	-25.34289239031213	-10.19017475837969	-26.326859629895477	173.27485917527673	-55.863820510254456	45.5880482051288	94.221115376228326	-102.33608758405452	-11.684360444197036	7.7120009224950898	-56.810915990043654	-12.051263849081124	33.59610346962333	36.899986809349372	3.9375570512263383	11.185389564761449	-50.853132517962401	-1.6296848365477177	30.615212914854336	45.788294638810804	48.762121341096581	-82.039959940296271	50.977742586958449	-39.726752376311012	-20.395082411318416	33.783320502043644	-97.439169636591842	63.055905038243338	-38.450198059642219	6.1176937058740357	-44.853395162178373	31.866854429694666	34.252802794825499	9.0420831247852949	-18.703641753007041	-55.86382051025447	103.00252444376939	-41.944843643644752	-83.798089863203003	13.761749162127487	32.064360275438418	-12.629712639120298	6.2830077127778248	61.067033514831664	-36.67246768112166	-43.967433179560189	17.748644961687393	-55.875276871717574	35.801008325116364	-35.236396163858423	-6.0525765851150428	-25.236071268475058	-41.955061340687195	6.3457084389479839	33.70276975777238	51.368411395717565	16.256936042815401	-4.5491672209564893	47.666233371417597	-41.873507071298953	25.656071967762603	-4.4260196482055632	-10.08664932542335	-57.738790725346142	-0.54693913835746955	-43.101735422969924	18.262309323533476	45.588048205128807	-41.944843643644752	164.86256439461707	114.83747797646701	-1.7375373378598429	-76.100561410016965	-24.100004218409172	-13.916191125890286	-115.64291134302286	25.275298778615628	-17.751382923110775	-10.779537262488848	35.483873697348621	-48.240312467028993	66.156939781583247	56.519956589125016	-8.6560908663014917	15.863868059944513	-20.023815132021337	-19.380479067264815	-36.754368551642784	76.580284402169028	-10.850017971204489	1.7174048189533102	39.723509143198065	-52.840950838556317	25.09938089526381	-14.462074465031804	16.127166582431908	28.515741376880545	-9.4931003048357052	-4.0830571816711636	94.22111537622834	-83.798089863203003	114.83747797646701	311.65210062824286	-52.305968569033297	-74.981567927319588	91.018199834918036	-53.331789241867789	-118.26849671698318	76.122287415750762	99.282021331011791	14.139766004715982	88.449448685238679	-98.823989423336471	53.93665514826089	69.589203003686038	45.708854358854722	118.23367217018341	-39.5613848651548	-47.112936023225963	-59.024116559262673	-25.36972439855731	-73.234164693241155	-29.704588193082902	48.379599356547828	-26.802648883083492	52.798074352675364	1.0818850690771928	75.391248529061372	-0.23525932024379786	-20.159252203398896	20.138565859276333	-102.33608758405454	13.761749162127488	-1.7375373378598313	-52.305968569033297	200.5842084510497	4.4540459065396023	-41.69648324636551	43.103793491519966	-85.7845808049113	13.781474803331761	-61.678055382239528	-85.958024603710214	11.573736324576986	38.959011800664172	33.913283189052422	-18.187969340679768	-90.345115808240095	-35.791831288679909	53.396538616116921	-62.188335998477946	-5.8618204386968689	3.2372934172621233	-21.202633366109588	34.471461384763472	-50.494764067167559	-34.01218560583343	-77.125327615638156	9.1941089599966794	-111.20651252719622	-55.695081976267815	18.136528642689914	-9.6897344370728575	-11.684360444197036	32.064360275438418	-76.100561410016965	-74.981567927319603	4.4540459065396059	138.56443445368066	-19.995907469855432	34.530638424529315	79.8605986162341	-28.055019459920331	37.923587398631909	3.6182627270130574	-52.088287616814497	53.654930053508004	-66.34275554865981	-7.0608620388287777	22.017616792949859	-12.910538382020558	-57.535754059395437	45.652119120236286	15.001371076362538	8.8037799568132673	22.836498499034171	11.047651113046239	-21.316217604755131	26.464146285919583	-50.185289396340714	-82.623231991020262	-82.473852100241388	-50.250577943715527	1.7018210910456582	-14.768907878593721	7.7120009224950978	-12.629712639120298	-24.100004218409168	91.01819983491805	-41.696483246365503	-19.995907469855435	161.10798173018961	-36.790019677612435	13.34374456776	16.642616149869575	51.480272222311392	-8.3754858460339516	33.252097382788726	-46.765785862999273	35.90008735693867	35.322087435773334	25.512227595038535	41.257917026612695	-56.217470570899657	61.188896526662148	-29.976815279343775	-55.423680571407679	-51.489558175039285	-81.536964023406995	17.97082425323087	73.229998812630754	47.759052817924072	-27.150902812797995	87.446313886878741	5.114166315741123	-8.7797817035764734	21.778173480491557	-56.810915990043654	6.2830077127778274	-13.91619112589029	-53.331789241867789	43.103793491519966	34.530638424529315	-36.790019677612435	112.29502934611227	19.118239875681223	-20.651999585888284	0.72020312534655329	25.412971781566718	-2.987270137446135	24.152279375279377	-0.80242159458352647	-17.53074512578138	1.3467978084877736	-23.891499394285528	28.472770938965919	-66.729918059170458	6.6865774501208239	42.372156229528123	2.891797963225518	70.920374518496743	-43.091555313191378	25.204643125127593	-39.506773740488171	-39.683274307271937	-59.477359190467077	-36.584278703480983	40.356272305713055	-24.01607947825428	-12.051263849081121	61.067033514831657	-115.64291134302286	-118.26849671698318	-85.7845808049113	79.8605986162341	13.343744567760004	19.118239875681219	205.78928792510339	-2.536900153515647	49.802194331454174	75.490493249803791	-32.007340214007613	25.313686466542915	-77.947157709793885	-39.927489169486577	46.102488763957361	-21.336096417596583	3.9885934627866271	15.004221987383964	46.886741673514841	-30.257026300547793	51.495973227098801	42.965914124099164	-38.678089111694121	65.310102875191248	22.235339070871433	-2.1488642760153525	-3.2924365782853258	11.073216281713822	-24.121422729884436	-2.0964822304025494	33.596103469623337	-36.67246768112166	25.275298778615632	76.122287415750762	13.781474803331768	-28.055019459920331	16.642616149869575	-20.65199958588828	-2.5369001535156483	115.92586377145683	70.782709451950311	-18.095069396955367	79.788502509548621	-41.289637217142754	-4.1913030070974262	0.70904671856532331	-0.94453895949150901	33.291153525856672	37.054266916435225	-69.926633636869042	-37.374809588125622	-56.665446567644167	16.424504051279914	-6.7318063086734856	1.0941077601655291	-13.976898691625777	-1.4264619455658596	47.496792863914834	-11.404984333432512	-3.3384602891012136	-26.239806039831834	-35.85690885304512	36.899986809349379	-43.967433179560189	-17.751382923110775	99.282021331011791	-61.678055382239521	37.923587398631931	51.480272222311392	0.72020312534655584	49.802194331454174	70.782709451950311	230.81065540930348	3.9750095355864388	70.238335440952653	-2.175436135547312	-56.527104995672488	39.779861616506032	32.227989305025027	52.228854925201269	-30.716873093336105	-72.09757913553328	-22.349588913126539	-59.096485178295296	31.693600922658064	-1.1588592105106517	15.875799769098851	45.502368229216309	-4.3316741586471359	-43.723160969625027	15.085324059424861	-19.753533226927058	13.749019055208358	3.4253644330846251	3.9375570512263387	17.748644961687393	-10.779537262488844	14.139766004715977	-85.958024603710214	3.6182627270130583	-8.3754858460339463	25.412971781566718	75.490493249803791	-18.095069396955367	3.9750095355864365	155.58208340246901	5.1875665472482551	-22.195379534812211	-6.8868238332467362	-22.916972477365054	49.031450668263979	17.435494041104239	58.509601191772049	-1.2469012887427213	12.020261989212061	18.084532980718627	-12.86179490327074	84.41970517600457	-25.433158749588152	44.556061633409719	52.288892949195578	56.797705497141791	64.723235861535926	-2.6293716642764573	-37.542234062387955	20.980052512888474	11.185389564761451	-55.875276871717574	35.483873697348621	88.449448685238679	11.573736324576995	-52.08828761681449	33.252097382788726	-2.9872701374461283	-32.007340214007613	79.788502509548621	70.238335440952639	5.1875665472482533	132.97272966285223	-35.89578024140863	-1.1290043693917606	6.5523700389251047	-2.020081716186517	42.95033676686981	84.772341621622289	-66.377952944210278	-55.87644832451609	-39.671418323255082	-16.487153231065527	0.33948923211238657	9.4709161487715274	17.859831604491191	23.948068862301024	84.954684709125644	51.376275281127832	-19.404877498232157	-19.561374610137701	-13.405549246571699	-50.853132517962401	35.801008325116356	-48.240312467028993	-98.823989423336471	38.959011800664172	53.654930053508004	-46.765785862999273	24.15227937527937	25.313686466542912	-41.289637217142754	-2.1754361355473111	-22.195379534812211	-35.895780241408637	81.889535127406944	-45.615293671268851	-16.96289973661306	-20.996073923557887	-32.276717655570785	20.713198833697898	-19.195756938804891	32.867664471127412	11.657084875708785	34.852301728149826	30.784108729118177	-18.478970786177747	0.19213007638826241	-55.75823452779084	-5.8092475982471949	-49.461069359259334	-18.497614289651562	20.899065186730166	10.662389454664547	-1.6296848365477155	-35.236396163858423	66.156939781583247	53.936655148260897	33.913283189052429	-66.34275554865981	35.90008735693867	-0.80242159458352391	-77.947157709793885	-4.1913030070974235	-56.527104995672474	-6.8868238332467442	-1.1290043693917597	-45.615293671268851	145.69290371995461	33.288142104254788	-16.778087120767523	6.1594026488136269	-32.778407578354262	5.4787845434778326	-36.037372673675307	15.957346944737679	-24.421581316854418	-62.891741016209984	0.45284873507922052	-16.654789294704642	-1.0408348646834642	-22.707462532200537	62.913760202067209	24.43579643630256	50.403613152226733	-12.540378506083286	30.615212914854336	-6.0525765851150455	56.519956589125016	69.589203003686038	-18.187969340679768	-7.0608620388287759	35.322087435773327	-17.530745125781376	-39.927489169486577	0.70904671856532353	39.779861616506032	-22.916972477365054	6.5523700389251074	-16.96289973661306	33.288142104254788	102.12064066721842	-10.28059766114391	20.122673578721503	-73.798003380024198	11.011978627476465	-24.500316594262411	20.405339217758264	-8.801887914377259	-52.487748285461443	34.925528618293519	-0.99743707001259896	-3.1841115821409454	-64.282221533960765	7.2371703147747368	7.435124497482045	14.591549037526768	9.5154336112224254	45.788294638810818	-25.236071268475062	-8.6560908663014882	45.70885435885473	-90.345115808240095	22.017616792949859	25.512227595038539	1.3467978084877736	46.102488763957361	-0.94453895949150879	32.227989305025019	49.031450668263972	-2.0200817161865148	-20.996073923557891	-16.77808712076752	-10.280597661143908	83.458918196321335	42.182826744024261	-22.837029485010255	14.194691154085076	-1.9444741331847952	-3.1426363865572426	5.6260097091309591	-8.2386022690449323	19.867749376404145	13.400760674641001	31.296930287608578	-17.198630217190747	48.097998992894482	4.448810427961269	-1.9824347579465165	15.590033662981831	48.762121341096588	-41.955061340687195	15.863868059944515	118.23367217018341	-35.791831288679909	-12.910538382020549	41.257917026612695	-23.891499394285528	-21.336096417596583	33.291153525856672	52.228854925201261	17.435494041104239	42.95033676686981	-32.276717655570785	6.1594026488136286	20.122673578721503	42.182826744024261	102.54426551689325	9.1203515138980542	-32.325300532126242	-44.300842600486135	-62.906205603734414	-22.428467575435327	-31.5625280955447	32.337368313788474	-12.638472074400003	21.120958693095453	8.1793520096886798	49.459036569956737	-32.190851600602194	-9.2270563148633755	38.989139007808447	-82.039959940296271	6.3457084389479865	-20.02381513202134	-39.561384865154807	53.396538616116921	-57.535754059395423	-56.21747057089965	28.472770938965915	3.9885934627866346	37.054266916435218	-30.716873093336098	58.509601191772035	84.772341621622274	20.713198833697902	-32.778407578354255	-73.798003380024198	-22.837029485010252	9.120351513898056	245.5326197782332	-114.37494166757264	-8.9946077656986123	-42.446682548207782	-15.310771851498219	99.248554161204353	-38.19782266424432	24.702777122966488	12.295571311162307	195.86731996136336	39.034397166407551	-40.869238743594657	-32.966360096664218	1.8701439101760877	50.977742586958449	33.702769757772387	-19.380479067264815	-47.112936023225963	-62.188335998477939	45.652119120236286	61.188896526662148	-66.729918059170458	15.00422198738397	-69.926633636869042	-72.097579135533266	-1.2469012887427224	-66.377952944210264	-19.195756938804895	5.4787845434778371	11.011978627476468	14.194691154085074	-32.325300532126242	-114.37494166757266	305.15512001334474	-25.463630107048978	20.961559346705901	-44.892422180112213	-156.57566169329624	46.353393929280152	87.634372260602248	54.450133082834981	-98.140406743647915	59.05133972768089	13.31772057335616	-49.353579087759222	-26.663288919912087	-39.726752376311012	51.368411395717565	-36.754368551642791	-59.024116559262673	-5.8618204386968635	15.001371076362537	-29.976815279343771	6.6865774501208177	46.886741673514841	-37.374809588125622	-22.349588913126539	12.020261989212059	-55.87644832451609	32.867664471127412	-36.037372673675307	-24.500316594262408	-1.9444741331847955	-44.300842600486135	-8.9946077656986123	-25.463630107048978	82.82352516957431	32.703886967818363	14.08027246851675	78.884368230818936	-28.991269162125466	-18.974562115568077	2.2006025049231766	6.01558902138704	-41.572921657529307	29.938528984984234	-6.2659254000927822	7.703848536370157	-20.39508241131842	16.256936042815401	76.580284402169028	-25.369724398557306	3.2372934172621166	8.8037799568132691	-55.423680571407679	42.372156229528123	-30.257026300547796	-56.665446567644167	-59.096485178295303	18.084532980718635	-39.671418323255082	11.657084875708785	15.957346944737681	20.405339217758261	-3.1426363865572444	-62.906205603734414	-42.446682548207782	20.961559346705901	32.70388696781837	154.2768031502514	2.9268803537219945	70.342928865434814	-14.747671488584157	-18.349201196777024	9.255606306751627	-46.045956006893881	-44.253292623952227	24.148490929033034	5.639187103112941	-27.443808181450702	33.783320502043644	-4.5491672209564884	-10.850017971204492	-73.234164693241155	-21.202633366109588	22.836498499034171	-51.489558175039285	2.891797963225518	51.495973227098808	16.424504051279914	31.693600922658057	-12.86179490327074	-16.48715323106553	34.852301728149826	-24.421581316854418	-8.8018879143772644	5.6260097091309573	-22.428467575435327	-15.310771851498217	-44.89242218011222	14.080272468516755	2.9268803537219945	106.80484500941961	1.0567819427877896	3.2603563166602667	-41.136222897083684	-49.309728217221441	-8.364864143948342	-32.363222819912622	27.89007904460215	27.466184520647097	0.94761768288172021	-97.439169636591842	47.66623337141759	1.7174048189533118	-29.704588193082884	34.471461384763451	11.047651113046234	-81.536964023406995	70.920374518496729	42.965914124099164	-6.7318063086734821	-1.1588592105106503	84.41970517600457	0.33948923211238641	30.784108729118174	-62.891741016209984	-52.487748285461443	-8.238602269044927	-31.562528095544689	99.248554161204368	-156.57566169329627	78.88436823081895	70.3429288654348	1.0567819427877929	256.2702470454235	-71.754221476530546	-34.23094704202498	16.433078969995758	84.444079254652479	-91.065156570640681	-17.314000552010569	-48.574854376892517	7.0780792693669374	63.055905038243345	-41.873507071298953	39.723509143198072	48.379599356547843	-50.494764067167566	-21.316217604755135	17.970824253230873	-43.091555313191378	-38.678089111694128	1.0941077601655298	15.875799769098855	-25.433158749588152	9.470916148771531	-18.478970786177751	0.45284873507922674	34.925528618293527	19.867749376404142	32.337368313788474	-38.19782266424432	46.353393929280152	-28.991269162125469	-14.747671488584158	3.2603563166602632	-71.754221476530546	83.423855233763717	-11.670635255646108	26.003187649632387	-25.042174511171776	43.011238485736747	19.025465708585166	-0.29547173751289874	0.85062980360094531	-38.450198059642219	25.656071967762607	-52.840950838556317	-26.802648883083492	-34.012185605833423	26.464146285919586	73.229998812630754	25.204643125127593	65.310102875191262	-13.976898691625777	45.502368229216309	44.556061633409719	17.859831604491191	0.19213007638826229	-16.654789294704642	-0.99743707001260251	13.400760674641004	-12.638472074399999	24.702777122966495	87.634372260602248	-18.97456211556808	-18.349201196777027	-41.136222897083684	-34.230947042024987	-11.670635255646108	143.41274731926987	29.79264787720702	-19.642712716807548	61.38680085383232	-22.276951201301692	-11.636139082094907	23.498710116413939	6.1176937058740357	-4.4260196482055614	25.099380895263806	52.798074352675357	-77.12532761563817	-50.185289396340714	47.759052817924072	-39.506773740488171	22.235339070871444	-1.4264619455658611	-4.3316741586471368	52.288892949195585	23.948068862301024	-55.75823452779084	-1.0408348646834686	-3.1841115821409454	31.296930287608582	21.120958693095449	12.295571311162314	54.450133082834981	2.2006025049231814	9.2556063067516217	-49.309728217221441	16.433078969995758	26.003187649632384	29.79264787720702	129.10438451923093	36.621922711591665	89.420661114151457	30.848042772618605	-61.707529691527895	12.62423257764296	-44.85339516217838	-10.08664932542335	-14.462074465031803	1.0818850690772017	9.1941089599966848	-82.623231991020262	-27.150902812797991	-39.683274307271937	-2.1488642760153516	47.496792863914834	-43.723160969625027	56.797705497141784	84.954684709125658	-5.8092475982471941	-22.707462532200537	-64.282221533960765	-17.198630217190747	8.1793520096886763	195.86731996136336	-98.140406743647915	6.0155890213870382	-46.045956006893881	-8.3648641439483455	84.444079254652479	-25.042174511171776	-19.642712716807551	36.621922711591658	261.5127659348438	86.28196680081362	8.5630136732860986	-54.814066275688731	8.1049633504707845	31.866854429694673	-57.738790725346142	16.127166582431919	75.391248529061386	-111.20651252719622	-82.473852100241388	87.446313886878755	-59.47735919046707	-3.292436578285328	-11.404984333432505	15.08532405942486	64.723235861535926	51.376275281127839	-49.461069359259341	62.913760202067216	7.2371703147747395	48.097998992894475	49.459036569956737	39.034397166407551	59.051339727680883	-41.572921657529307	-44.25329262395222	-32.363222819912622	-91.065156570640681	43.01123848573674	61.386800853832312	89.420661114151457	86.28196680081362	243.20609966147362	40.452153487359325	10.606949197433979	-25.342892390312127	34.252802794825506	-0.54693913835747054	28.515741376880548	-0.23525932024379057	-55.695081976267822	-50.250577943715527	5.1141663157411239	-36.584278703480983	11.073216281713819	-3.3384602891012136	-19.753533226927061	-2.629371664276448	-19.40487749823216	-18.497614289651565	24.435796436302564	7.4351244974820458	4.4488104279612699	-32.190851600602194	-40.869238743594657	13.31772057335616	29.938528984984231	24.148490929033038	27.89007904460215	-17.314000552010572	19.025465708585166	-22.276951201301692	30.848042772618605	8.5630136732861022	40.452153487359325	85.155272243685999	6.2095179953227992	-10.190174758379692	9.0420831247852931	-43.101735422969924	-9.4931003048357052	-20.159252203398893	18.136528642689914	1.7018210910456595	-8.7797817035764734	40.356272305713063	-24.12142272988444	-26.23980603983183	13.749019055208361	-37.542234062387955	-19.561374610137701	20.899065186730166	50.40361315222674	14.59154903752677	-1.9824347579465165	-9.2270563148633755	-32.966360096664218	-49.353579087759222	-6.2659254000927813	5.6391871031129464	27.466184520647094	-48.574854376892524	-0.29547173751289868	-11.636139082094903	-61.707529691527895	-54.814066275688738	10.606949197433975	6.2095179953227992	114.64289181618683
CENTER	0.41767137355617023	0.57746145447346575	0.72468783276500426	0.85498093982345946	0.96441153565516913	1.0496060798237044	1.1078466346519025	1.1371523884849613	1.1363404104168728	1.1050638408088629	1.0438263671577765	0.95397251386647286	0.83765396770843137	0.6977728483275526	0.53790349518973313	0.36219495994879725	0.17525694842383732	-0.017967566687209877	-0.21233945635910778	-0.40266638134066812	-0.58384751566988646	-0.75101593528174271	-0.89967462303581736	-1.0258222211818109	-1.1260649528866993	-1.1977115276495092	-1.2388483299594342	-1.2483927525142007	-1.2261231585849544	-1.1726846248049483	-1.0895703066367954	-0.97907896420384322
LOWER	-0.5	-0.5	-0.5	-0.5	-0.5	-0.5	-0.5	-0.5	-0.5	-0.5	-0.5	-0.5	-0.5	-0.5	-0.5	-0.5	-0.5	-0.5	-0.5	-0.5	-0.5	-0.5	-0.5	-0.5	-0.5	-0.5	-0.5	-0.5	-0.5	-0.5	-0.5	-0.5
UPPER	0.5	0.5	0.5	0.5	0.5	0.5	0.5	0.5	0.5	0.5	0.5	0.5	0.5	0.5	0.5	0.5	0.5	0.5	0.5	0.5	0.5	0.5	0.5	0.5	0.5	0.5	0.5	0.5	0.5	0.5	0.5	0.5
END
CASE	box-rosenbrock-2
X0	-1.2	1
LOWER	-2	-1
UPPER	0.80000000000000004	2
END
CASE	box-logistic-1024-16
X0	0	0	0	0	0	0	0	0	0	0	0	0	0	0	0	0
X	0.38787667930171021	-0.031105872578493284	0.15795463896485543	-0.14960836492158019	0.11488787139616559	-0.073887556369653065	0.083887120866066714	0.50826903260120171	0.48234352041437617	-0.034071494645774976	0.12562162017122902	-0.2559510684441319	-0.16284413639354531	-0.23658467959879587	0.11222329693955491	-0.24926795452831399	-0.1023480433520694	0.44957174518137055	0.067544004888975023	-0.45314540003368958	-0.3203428039079908	0.44447770081826316	0.31784191310677218	-0.12413244065886934	-0.060214831144155302	0.25140591387586309	-0.0016115556077311085	-0.7224698506801891	-0.23723946676658883	0.095508365245910609	-0.037660498704062038	0.00065552213584572081	0.41196587169508564	0.13655043982359946	-0.098960447144342018	-0.39411539794605782	0.037108879476231371	0.24441587650122487	-0.025037405495088833	-0.41979202216087319	-0.01209827721390158	-0.29066393750564445	0.073604407039316727	-0.56975054915470291	0.017542511990842592	0.15784356417417439	-0.098997543442540692	-0.10152976246937753	-0.10096081591750608	0.23848693007167876	-0.13916078133057838	0.30410253358057893	-0.24984996667973891	0.0015779913289280837	-0.041939038764927127	-0.31235891272559146	0.18956229483716863	0.045337589611045247	-0.23939269199840288	0.023711477088247088	-0.0012303665859396888	-0.28863103907795207	0.10518552108079592	-0.25165144359265096	-0.31572818666107	0.53472693538952099	-0.19972628784146501	-0.033807928021243688	0.10034227989909579	-0.046178598611328538	-0.15676410741505736	0.41283245487295839	0.094227450377770666	-0.31134246200852328	0.54661498759241156	-0.41220729638969694	0.34777197713994745	0.0013279788520451311	-0.15502988219978081	-0.16102472636833542	0.349937979891906	-0.10837004131019455	-0.079833044801328051	-0.28417710377228861	0.1089561348196951	0.13589229488426366	-0.26958912646084149	-0.13161972801009955	0.054655276967684831	0.19927970359986685	-0.0091043380740409938	-0.030477143873974072	0.10439694773819307	-0.13692686038543636	0.49409720665287227	-0.28251266950965692	-0.067856928038185424	-0.40112962913145406	-0.28744129043777461	-0.046201536588654356	0.085380570646666626	-0.039198601770412164	-0.19860008043641977	0.262721747908852	0.26816873501456318	0.13499678459462425	0.038585895533747375	-0.017936806312033527	0.072170201646790846	0.4278036627344991	-0.043839980663569283	0.27902673749437495	-0.54800172614315956	-0.36149874449489999	-0.13958415425699125	-0.024441811243646087	0.49800831515876176	0.21032966938614289	0.25169886956437393	0.044031758288297709	0.10125361289042559	-0.26036931444558314	-0.5591886521035252	-0.48848883565024609	-0.53217452517775843	-0.12117181866626563	-0.14460318442607334	0.046134397628906997	-0.055612956771780971	-0.037605545224925603	-0.17624273415832561	0.15608085978608913	-0.12468449412338475	0.36410109629430626	0.19051717874181134	-0.081944291990867571	0.14409557828485259	-0.27127135531603935	-0.24130254741396423	-0.3410755589247137	-0.20667365361325543	-0.12392134693454919	-0.10163861241866769	0.040208468492105791	-0.1043756582330405	-0.29473023388926989	0.22321100911525266	-0.33754189439046317	-0.11357283590529467	-0.020490730816176052	-0.0042806628507251416	0.31777947279221475	0.28811441430831858	-0.23743623260633398	-0.41949588261689136	-0.42664474317154244	-0.23979342119807703	0.31156135497282639	-0.52417604315359989	0.1693228482530334	0.024642095204983224	-0.33673384816406854	0.13413265181499426	0.18187454399271635	-0.13985618581119671	0.2581914201968557	-0.45677388390008455	-0.5867039483258798	0.1068459925076241	0.066850334850270199	-0.39615178693766567	0.048715076583272496	-0.14414946645651255	0.010924082949412831	0.22585097404873877	0.41765021722588491	0.059180470425783997	-0.06143216192714647	0.12534469267013165	0.12044000163025682	-0.57583990041794286	-0.18466207479137517	0.44870491663183437	0.040300875342129332	0.25605338570424391	-0.11118762191070301	0.015037183098579302	-0.53074194563470578	-0.45075808752704077	-0.36266293544652489	-0.28644484436188211	0.24404131791952377	0.12026173840967577	0.014942685749223949	0.35890320048523	-0.52624649226305042	-0.25722549686005403	0.066501961447565747	-0.6472322662483535	0.010826005929371049	-0.16821325833416612	0.040827052738187708	-0.0041880479615497342	-0.40740912695484538	0.19741970594648792	0.2448470471420407	0.29266717746419146	-0.62203744031587638	-0.083116360170983589	-0.22797048924873417	-0.20578196413802236	-0.0075830780371657002	-0.43984399138793068	-0.022576024557348438	0.088551438802393453	-0.40967015143025409	-0.10695353644409476	-0.16448204263381627	0.12146561362743785	0.48583174366083076	-0.10485800735410954	0.5202879726849553	-0.28396875733514954	0.049019847766698738	0.26043345799045847	0.19124296264651591	0.012667742858514561	-0.31685012114395844	-0.57981855498609336	-0.4142885942071029	0.15923886411203889	0.15216774231387381	0.24729606619570538	-0.20297365677230655	-0.22199622639325298	0.024501669575241022	0.16792152449505549	-0.27704577822109239	-0.029440125440361401	0.092914434800905152	0.054227317429473086	0.28988034639421528	-0.18499256182599466	-0.63213535027067347	-0.060421350896039339	-0.27531559656924282	-0.05322800162622697	0.022409891379452297	0.23802656456802559	0.040513939163620054	0.26057192392751838	-0.19021880843958405	0.17443343991927207	0.0091394552763609978	0.033857371348450009	0.11348869678283093	-0.39158299101580257	-0.18896454311919741	0.48408070313082951	-0.11756739250712236	0.006982975907497288	-0.59087096600034328	-0.051954667255761457	-0.23794959104412486	0.38747661970847735	0.2059376449993009	-0.018567624052718047	-0.01931220603434429	0.014911243257947687	0.38462370563242404	-0.17208536397867341	0.11264203599425431	-0.12941869070852452	0.0041679297069149371	-0.36085735316584183	0.069601953996893395	-0.11041138275627806	-0.0093397054791600886	0.23515032561225155	0.036133453062835559	0.021298064787924811	0.6158974985722635	-0.13169387569821195	-0.59244210097719041	0.51075114481850814	0.052040948975473629	0.026264737393182747	0.20478039739741336	-0.34388396131158444	-0.043001622818593252	0.34180415069384695	0.16464246430755841	-0.0024413765619817145	0.063108270691160484	0.11167031027835093	-0.23294100195539666	0.27799451455992302	-0.13018933959493964	0.090976575015177655	-0.32163632131911052	0.25628324429307714	-0.10590223967533802	-0.57469389388105774	-0.49172886032099622	0.065695299934544232	0.087277527497840596	-0.58896702713710347	0.19493174231342589	-0.33232167439769716	0.064113829601505745	-0.45093689327071207	0.076428158218480924	0.20592606567517774	0.36595622869718747	-0.17945260450789	0.18322217589579015	0.17310712944305176	-0.2463123126906033	-0.24165755943691897	0.070878720358926575	0.03853941989963966	-0.39664387926016909	0.015534125525663091	0.16157994697224878	0.4028800352717542	-0.32456488471151168	0.26512878719981603	-0.030584713600364775	-0.007186944679618423	0.1993053948825011	-0.16344922495894681	-0.013107559029087742	-0.22977561287942047	0.13620650229260772	-0.041912304315115348	-0.14389171167629294	0.063771823376757172	0.24165220547036564	-0.41992504391874508	0.39862505583238222	0.08957450414520246	0.4670556360637072	-0.15077530497846311	-0.23760862385813147	0.061437759003580658	-0.086334867557033887	0.20811523612544625	0.15069754794939547	0.025156254419347115	-0.092530929722552779	0.49099734135560308	0.16000108283734554	0.27623896110463836	-0.15143064772890563	0.30263253200278983	0.04563184547803633	-0.1677426141701012	-0.22489764785607766	0.29958103485018461	-0.023467654455516292	-0.064070173618486798	-0.099216291766438924	0.045603111152078143	-0.0521066810378044	-0.40315274526316613	-0.025436166200811315	-0.13222445213675132	0.47150109298549775	-0.11942245957047855	-0.071695476754579726	-0.35368262140929752	-0.36005747252762466	0.28254658298049612	0.062789833789444596	-0.17911034668140813	-0.28696113484037677	0.1519150447529683	-0.043984222148192233	0.35232845393734252	-0.67431330023704694	0.20474794124094078	0.19872487622781321	0.019534519465833851	-0.030970125654869632	-0.67694365026821179	0.07062330685719953	-0.07329313637396899	-0.30584708983192355	-0.29187982737421009	-0.16500167157500276	-0.18309046768208531	-0.0220660121823659	0.36072557646782605	-0.018539843716227754	0.052640305704515424	-0.22607130895369593	0.37388042154153933	0.28375218402461899	-0.050146676416865502	-0.16382034453653221	0.131277441512439	-0.24052731626046295	-0.076895307867587886	0.049526214551360546	0.31881731151499559	-0.15403589828433328	-0.040866072132035691	-0.22725914427041424	0.46628880936017664	0.10933043078198311	-0.060470681650862432	-0.27830761291616163	0.12189218216700082	0.076840254844750849	0.12969124539200266	-0.093019701580302566	-0.010760631491347769	-0.068893816540150143	-0.059571030402643776	-0.0085933929891008499	0.46215896776340309	0.37201826917279762	0.20248186645386657	0.25335391313510885	-0.092677540267739444	-0.1657577512853961	0.12623771754168225	-0.14775995128221589	-0.12080249955214338	-0.23760685000121975	-0.21453917811224432	0.19160804119091496	0.55665790231815848	-0.2915831091471297	-0.037134996324444364	-0.3916795489405574	-0.22370805036281335	0.57379200506016703	-0.3266459085313187	-0.31843689116770951	0.090955414562323311	0.013276083175692975	-0.26609435740313059	-0.043518579691099298	-0.36429222012753543	-0.59058315821165619	-0.070617992753699829	-0.18137787129843602	-0.3636298204415796	-0.062381064178889903	0.49904199517366798	0.42909985802126249	0.18273231742060084	-0.26190924764975887	-0.27956457125655881	0.024779723630084939	0.23421116953315127	-0.033789629713414038	-0.19252667870470022	0.33828144040047831	0.1673195538829691	-0.022965904918683791	0.33212772952257325	0.088568781034780233	0.024008900807771197	-0.20445798530274778	-0.20430272069258409	0.047125564740098221	0.28036204956607547	-0.29313154706994399	-0.20506101722584311	0.23094498267669611	-0.44537626539466896	-0.29872603145014448	0.010973323460058098	0.074811985814995693	-0.3530736844828915	0.06866281205116205	-0.16721070229614432	-0.00060855582239767155	0.30618890615515626	0.39974824132087966	-0.30483972987941493	-0.26562840820247635	0.083948593182940914	-0.55983123322878825	0.037934514260779879	0.17959355904067781	-0.56549523716380601	-0.2852861720053641	0.38819430001098398	0.15641668788865953	0.24106361887939701	-0.041082023336569684	0.20413806759972244	-0.52696306401496129	0.097323323422528155	-0.33751041531146103	0.14410462901443064	-0.14085765410868673	0.22297513678296846	-0.17886037211306302	-0.022914765878823625	0.071494385319414863	0.35868465938708272	0.11100115828110646	0.16449440606158386	-0.67478612079656974	-0.06526758070686367	-0.0085812129867812448	0.29518653590762539	-0.19585501729055896	-0.50086821276590476	0.12221475325459089	-0.060787571047539263	-0.17847971607564225	0.11392894994266076	-0.15665214817372994	-0.27934616108857147	0.031857173899717511	-0.042348386175861473	-0.049211964803240776	0.10009988900274391	0.28458315281006386	-0.23336895534321106	0.058692816025976868	0.16917843514403336	-0.49030899440486864	-0.16146597229959098	0.43820924623828028	0.16846241388554617	0.1399882159489296	0.21697709454762579	0.22892601572388216	0.12080624025673099	-0.15024591928647404	0.48192064975305166	-0.13515596493820642	-0.14094913749076624	-0.086765741594680229	-0.11526904731925275	0.16769178073917573	-0.11699525558959803	-0.015853842333359326	-0.11563816443351836	0.29270743722252529	-0.064204619995512288	0.16628329019934038	0.22845429315214652	0.01116220323818232	0.22263497614893096	0.22133172071990617	0.19896755927145912	-0.22301623256192363	0.23928660551727246	0.54664641466252206	-0.090357090026640718	0.022687835266270898	0.069193147142881897	0.32300635488137053	-0.076769777749773269	-0.33714607599032487	-0.090615723404724638	0.10317004686770004	-0.28366515480014853	0.22181179700080836	0.23179533062936675	-0.065614186379960429	-0.083153229694953201	-0.081631529462271549	0.014772457569073492	0.055773969198606749	0.21036056449342105	-0.21331813439992448	-0.11500872742464122	-0.25289354888847998	-0.33951142398648887	-0.11366292260039662	-0.12988310055016536	-0.045230377175045432	-0.1542764482595943	0.11534858743395623	0.13551876805248697	0.18814689613298496	0.097847917881933977	-0.088290982568901666	0.078452661308244409	-0.38732637643814133	-0.20394352420950715	-0.15636024642580551	0.085712931919877958	0.43716496098410407	-0.39866798355376715	0.34138548188117446	0.26822687169133336	-0.37555236794913882	-0.15421224623158711	0.35001137912687114	-0.27649179819012909	0.011376300123084417	0.46502672711325826	-0.21782965736895363	-0.10764879538239064	-0.00070985219358123922	-0.23700298930583272	0.16725411336298929	0.025340960629175971	-0.36015771220630249	-0.0025276545241008962	-0.076991764542206437	-0.46488891625543155	0.12373418443058279	0.16008323589990661	-0.28105776037134145	0.16092331289583656	0.16662204881173945	-0.14647564829243354	0.17145463125346652	-0.12076306056185129	-0.13006267271138428	-0.26666643439014748	-0.15880104488679617	0.20723979404748261	-0.13936042133768509	0.14131910184346189	-0.22600507808419357	-0.4305709169287904	0.0099602957563430048	0.11939938364695879	0.0081623750800640677	-0.28088852369138401	-0.57430917361169209	0.4536815428313159	-0.10612986926425945	0.00033977975151278539	0.14351848022289124	0.12649010017902229	-0.1181213149888484	-0.061594688885528499	-0.024618359913603765	-0.01912792473276681	-0.32329825238742177	-0.29268990299734587	0.0049722258094777377	0.14676032799328806	0.13408163175973839	0.18013309619689546	-0.024572053877483901	0.17797154137422022	0.14472550530206307	-0.064863755620394509	0.51696343842784598	-0.29883180333512432	-0.09009404200445903	0.084740977657837002	0.18937658877215166	0.30217517502035102	-0.11137941462038488	-0.093933162745994364	-0.061641640479786985	-0.18020375132848168	-0.015091716405423998	0.05206745020705919	-0.10437415104137369	0.051921390424048523	-0.38277501246219714	0.11564803768302721	-0.21119144411063304	0.022855589424784641	0.14265387013992822	-0.2502945844956434	-0.45839151531203443	-0.12794749934517716	0.16838270276780912	-0.06824397069649249	0.14487257636568729	-0.58501347393160097	-0.2336138767592231	-0.47286940799687194	0.20402138203163472	-0.21016134856466018	-0.37137896421705302	0.081191690190896865	-0.21224633548519795	-0.04515515298173732	-0.35185289375484946	0.16835518150210199	0.04365259527128109	0.3214971145680624	0.10304308031115254	0.35801525043658222	0.36876713855544013	-0.080374195289587766	0.19880805650689221	-0.42494263077336764	0.1527718462680204	0.24407745942217249	0.25200189288477476	-0.69649075241447078	-0.29406385679065461	-0.4865363110749637	0.23949405259184234	0.025844309021443756	-0.13027575339837577	0.054547813759514285	0.25592651641654146	-0.40615890889348255	0.27442631330093176	0.13451594252019086	0.094384490474899843	-0.072291246910568194	-0.58539569555906568	0.046791974249981813	-0.12232719359419267	0.20244581005845019	-0.28520011177265636	-0.10976045100598292	-0.43516540584123459	-0.11008382761041456	-0.034085306220178142	0.45714455003839038	-0.22036701996039404	0.12048422834528709	0.16793601198659552	0.16134815661443649	0.096329178423036441	0.039152370868270607	0.14660372155062695	-0.095625908539984705	0.39268518787698747	0.39083836391578164	0.15618425728152768	-0.11633132295143876	0.013028568560920882	0.36934890330043996	0.014444000118599294	-0.026084003119238919	-0.0087467579494991416	-0.1186645213411084	0.2898267157769277	-0.11542174250274878	0.03048704764484254	0.17005793585589199	-0.21674197643241275	0.32117147949423108	-0.15269889525654343	-0.17987884041530688	0.10655167450887348	0.0033401979458775014	0.1095003553859781	-0.03927686921489798	0.2994212905561876	-0.062975260172200745	-0.35749893549402023	-0.22779043968730828	-0.46034973181348188	0.13061148522407917	-0.057795271934841103	-0.2094085896912104	0.41211804115352357	-0.009237557848447011	-0.21188449864868053	-0.26560554291440192	-0.067321254611993786	0.00050056094823331418	-0.27916829410825927	-0.3312209083242546	0.31982780887294876	0.53042595417910199	-0.20185175523950483	0.35253121952941724	0.3199595825136376	-0.21671871678931398	0.29026661481023341	0.063101318699645068	-0.39267471159076434	-0.37007951999183797	-0.1039226306185678	-0.36894214427957378	0.40552928636684582	-0.33283487416656388	-0.19527437721411389	-0.12565788560032631	-0.03758958263337555	-0.20904042499513076	-0.11115757883378594	0.089764041511333784	0.12716689950793164	0.15863477371204054	-0.067211949076913829	0.43344448186407264	0.21113190510218607	0.45978224327366102	-0.10503201935480834	-0.38304231606931999	-0.12989058841823131	0.12588338828764417	-0.11180742108074902	-0.13425324691107296	-0.21731745188939033	-0.18525744721411674	-0.20390369249221027	-0.27117228756315859	-0.40653885932419354	-0.041623209143494398	0.16599203738086532	-0.46748833377205928	-0.63297717719548652	0.70581689658418445	-0.15068893683108889	-0.14563989228888058	0.15207078607168154	0.10775765817722796	-0.10998259869505536	0.13732041016796073	0.085946707307575781	-0.040283026891475907	0.2242606063239676	0.025014359053868413	0.31867217057088498	-0.063109121177523264	-0.26903383273237585	-0.085288379702096823	-0.46396059555308755	0.1582738037597792	-0.086826512483330898	0.0089427574206640773	0.017861892013091966	0.11707375500379498	-0.2543757474064095	-0.54049639187128018	0.3398439516849302	-0.20521082327032281	0.27294699267410633	0.23280067882229263	-0.57933971501958559	0.060326720840675994	-0.072998234486975566	0.060742639284673328	-0.29716491851203902	0.041193307262842628	0.22692610976976541	-0.17335528715627554	0.23947805855365811	-0.10381637584284698	-0.025559214100800472	0.40222142121610538	0.25829529250979061	0.0083375043791643275	-0.1572060363772072	0.35436034408331663	-0.25713494255792163	-0.11863150058841669	-0.13259655876836277	-0.079319162319611239	-0.10415049684569462	-0.039292008595564316	-0.49049366407063327	-0.032585825477731277	0.21212883982221467	0.32293490411791437	0.43132413162219357	0.11842716825842077	0.092321839716017123	-0.096710409677455353	0.024987110111755719	-0.3514161280229971	0.31882692491839559	0.11035316466250041	-0.064278131926423718	-0.15505460339106991	-0.053199968748122682	-0.017903439137676766	-0.27872981202220648	0.25373073366157295	-0.36149460421585017	-0.064289202988418434	-0.075688139784903102	-0.20683365196268036	0.095896042410918522	0.0029168997301525085	-0.098898622596586952	0.18202534863787975	-0.41415881841678348	0.060787077279944916	-0.21340605856702757	0.26769364302588522	0.35781031201640812	0.13395821560181234	0.36801712620023147	-0.27838389019845611	-0.050182347460218255	0.080600411053983884	-0.26022125646406874	-0.07269711012008051	-0.1633485635687042	-0.12882241252792434	0.029606878290029625	0.28869762585210196	-0.063574759048550422	0.0082008607553650179	-0.42666525021396295	-0.2806472076262192	0.019087628219418409	0.22992457382364434	0.067349495714501287	0.12697666888031117	0.11479028934051258	0.35346698387688147	-0.33528345072565563	-0.22799098575328117	-0.027311951836487713	-0.20552975112090027	0.12681683741777941	0.028366535196133774	0.045693983970118583	0.31336216651398158	0.098760262887917213	-0.23846771084623744	-0.1025968718513434	0.17726464508593501	-0.0008033435646666396	-0.1989071884009441	-0.20693737336670892	-0.10934032443706571	-0.1206084154067803	0.24493244942858167	0.26975819128248585	-0.26428618879127258	0.060636634636084659	0.07938193169197412	0.094326392830572647	-0.06093791491449229	-0.3885233372223203	-0.053357392328742988	-0.14505602987729577	0.13224938918604495	-0.030825112851001816	0.20414377190963076	0.36643631001492638	-0.28311274942052383	-0.01277257230063911	0.41676547203149655	0.10368144928125662	0.082602404705836685	-0.26191711563952963	-0.086932681900906805	0.18702129284145338	-0.016565986446684978	0.2026274534652768	-0.083134335264595807	0.35189875293656431	0.1278118824766874	0.17715795344311244	-0.24318279729608383	-0.083546821110333402	0.1150751691664401	0.19738558081505045	0.088414373173764799	-0.020989769834036505	0.5867678067126646	0.26609251621966612	0.46789438606123868	0.074736535246224117	-0.049064634513127398	0.042296895261908482	-0.16273043901044754	0.10055906755603596	0.27501634623856513	-0.099004975813553581	-0.073695007957567532	0.081340529425857094	0.22839250804552513	0.32212580414669706	-0.17836132152544756	0.22486546479970004	-0.0064400537237314552	-0.38172564590993052	0.11858921562963216	0.1167070895301254	0.055407257476929275	-0.093473206040740983	0.30349438998779599	-0.011499035293133338	0.5128270832860069	0.29294740973724032	-0.47711084693130568	0.23033434006720618	-0.12906511000221527	-0.3748131837074547	0.24618967999893909	0.13089757891770523	0.031344495716484573	-0.058823164470862187	0.14732009294644588	-0.10833203889436989	0.7275925822842122	-0.26815070645952249	-0.13127254906231584	-0.1537257420322643	0.14499039946714681	-0.28885256096200118	0.13941388810708297	-0.21686322423866039	-0.24794907031627419	0.39791832105552133	-0.042677020526666179	-0.097170869874838653	-0.25656976481393756	-0.18238239886269786	0.33758087362333206	0.25411644021575402	0.10975098242660115	-0.20828223290432893	-0.075788353807542744	0.081321783315196031	-0.25833404414361749	-0.0955918401810643	-0.29806911998791213	-0.040834830526368895	-0.15886538265586703	-0.14946311832154882	0.077403941086388081	-0.40135024982270529	0.54158493141353659	-0.13643690500334524	0.48414256232783276	-0.047423344073933664	-0.11389694644510867	0.040614062271770675	0.1734613331277344	-0.10630146709901316	0.14735497200093878	-0.056893276455702115	-0.043313416482046688	-0.0079688338814644117	0.039093715914883684	-0.1374193351933615	0.068745838599756026	-0.61010567701305518	0.33260171273967987	0.11290058672636609	0.44260963371551831	-0.15057471940089864	0.33244588613781056	0.31137630857888959	0.065897042086746141	-0.34436501974538247	-0.15848407207674295	-0.28383434217562281	0.009022486262960332	-0.060502759124626729	-0.21837906464504664	0.47335471931075324	0.059158809299843657	0.070616248115920655	0.26413177782469183	-0.30176168220411892	-0.10995541230455196	-0.19558725086512271	0.016133566415445555	-0.40409581883893941	-0.36146731900457579	0.14865097148498907	0.26569332859882838	0.046968551937337615	0.42061962271572156	0.047753625633972265	-0.07642131926173347	0.18805929799208176	-0.49281996850694587	-0.31079799675258446	-0.060087663683263036	0.0067158017770300605	-0.18702415120059329	-0.32785713009977457	-0.35018041477140371	0.092287227876116679	-0.015047357585495597	0.4076206041846141	0.019536030821835013	0.61426405134117479	0.64737279584954632	-0.025960845277772465	0.021764198576478724	0.035076779241916461	0.16739555984833496	0.19182241390094218	-0.17110614115861317	0.21708597332554458	-0.27427154485867972	-0.022225122622459303	-0.12686689184294053	0.49203188814467119	-0.056086901829815759	-0.18396418449963514	0.031212407718817683	0.10430592172990988	0.02152334191626901	-0.3084575513529198	-0.11542316262449165	-0.34123780328024478	0.36124913842388967	-0.12170979524605265	0.090615127776516355	-0.2826995086761287	-0.052936948488125864	-0.23626710382276439	-0.17802476998895864	0.16599204280905039	0.014504946043433289	0.33232522151529964	0.016872413415113377	-0.51171957223696851	0.4357986207650521	-0.10258411735522692	-0.034702464402249833	0.26083091374351813	0.092299080003686085	-0.33459246980490165	0.16072275065457844	0.40558378531195322	0.052921913854361638	0.063000648586574962	-0.035761595199090217	0.071183040788274601	0.63921327303571462	-0.081663176304601404	-0.34535246767913985	0.078524904518343513	0.22722007692925858	-0.18875753465350167	-0.10019314852608181	0.14179473566936407	0.1978969396587463	0.057269551219774548	-0.65687462291208409	0.12096282305610385	0.2972875414636223	0.16849779022502992	0.24932872548941526	0.25212808079713495	-0.17069629902786573	-0.027891108573340699	-0.27775339802074717	0.17188606246793015	0.23339844630324449	-0.18882280460954007	-0.010221425659093952	0.1814632769022696	-0.19106615959206996	0.055312000157190309	0.0067162689923028112	0.10951835682431628	-0.19625044962986218	-0.12375654850306295	0.1614430673527468	0.51677800707463661	0.40533521885102591	-0.26033474354913122	0.21763095069369451	0.012441045914415977	0.24102066642252218	-0.062507814533491121	0.55159180506934369	0.051613156596721513	0.17406086141354971	-0.17490011413009326	0.3610317367451889	0.22943592172160482	-0.0078644988468431903	-0.14862298401709753	-0.45995680298749653	-0.14673959169211354	-0.054633565137803271	0.14267075317505129	0.089621968100422916	-0.31671106203228411	-0.01510556119467724	0.37157913812124294	-0.016891792500266886	0.05621270439045143	-0.062137889490326691	0.41374228507418243	0.082598521754101664	-0.23967599306108658	0.21226023010212139	0.32244072620150022	-0.33880558938704031	-0.19917849739097265	0.37125632419232585	0.33355374196138715	-0.42839715917012439	-0.13638035695553544	-0.2774532000245849	-0.094543429835317383	0.023530709113419427	-0.70283704997590635	0.005284552400950231	0.089905989427938163	0.13154366011729079	0.27109010016718882	-0.18131119268108292	-0.34240802342222493	-0.54916955592733951	-0.064335537019445582	-0.13018210769111224	-0.26546057681054674	-0.0016417198042931356	-0.097006721182918074	-0.17464656840463427	0.17556517910457528	0.41914442640959937	0.11908276168693926	-0.17968812674130236	-0.3647381435128097	0.19806832368134011	0.46054309611635169	-0.045260657703946577	0.24777816244886763	-0.066764286539877482	-0.28459406306133067	0.25095465615319401	-0.28668990998273125	0.18903046656065314	0.082314336622626896	0.26266508832410262	-0.44638399574651894	-0.26945235553907304	0.27656549337697461	0.29180416246436858	-0.71405385219706508	-0.20855477976500703	-0.32568901067650391	0.0074989600107593863	-0.092129560606645677	-0.068110714877079023	0.10348314572098311	0.03856573099532358	0.062870605869411983	0.16356196877326165	-0.012466998615109418	-0.15551666874010894	0.24397405988075455	-0.045462664524849115	-0.011840938788859997	0.279569736279356	-0.15735307521607392	-0.28909840063400571	0.60882560454086598	0.048436865039251438	0.47242985426125789	-0.36540485218449331	-0.027876259756038028	0.013207594869237251	-0.14803691407741085	0.092966725270710593	0.01792824325168579	0.083776686413763055	-0.45552114191645515	0.27626272395667706	0.45603099506534239	-0.14316642193673754	-0.3625055188083674	-0.24974663638950381	-0.15454015752788913	-0.40604357622181098	-0.50965029841369769	0.31282982853910801	-0.4773001183129813	0.097573722534048404	-0.40548866836737657	0.013768447511262329	0.019935932059414681	-0.16577542803429515	-0.13189285499027451	0.19338137390412186	-0.084139750916849221	-0.10919698343828416	0.052003402282043684	0.52714142303419675	0.11509977925154144	0.081774529640748828	0.4321965771080854	0.0094320309262215761	0.13072358223378486	0.13524997985441212	0.011687299624224257	0.08446261999207208	0.26957486722654755	0.094910659120003391	0.059212970556883453	0.15552713774041527	-0.00030297702772118143	-0.21208729405045865	-0.069757926693085032	-0.12007246761820331	-0.099085103338615893	0.089972366701736028	0.16522310330872872	-0.1893549670369086	-0.11272255871837868	0.33391350182651508	-0.24622934431532786	-0.034699429839942113	-0.13605989975118543	-0.32463591601601921	-0.15799935087669009	0.17634732054568009	-0.39276718335377386	0.078641001033840724	-0.33852586994534245	0.1020344487846408	-0.081599910538582551	-0.17076823209429709	-0.034942615830472153	0.15922443328290406	0.30151114914889732	-0.17119686367788334	0.18499330365153627	-0.36002607542787191	-0.14794401617288147	-0.33528468514641663	-0.24393535201051553	-0.15732955127765511	0.072783639537023756	0.16398080228034576	-0.030296873564394106	0.28597661824845805	-0.34799348868166308	-0.19937634144118543	0.21103788300683154	-0.4600558306290396	0.1705416949692071	0.056373570926361194	-0.33683364596110815	0.41692499316590803	0.20548033856904138	0.016272140068573592	0.022089226199701384	0.0973936471824038	-0.26748028682539021	0.096824508261929537	-0.2725989835823574	0.25006541886967559	-0.2841524911126822	0.2810489769799126	0.2553516858084548	-0.021302412503220836	0.10313897954759026	-0.3216242854053637	-0.1857040822889949	-0.22603462918676492	-0.28183909500880905	-0.05297066039748817	-0.16190182800480357	0.32245309248033005	-0.044887532248791433	0.052091002566310982	-0.1019951662765488	-0.050917871782668225	0.068670675088007227	0.019515001828294444	0.31621256385521085	0.18630503794793157	-0.35268438114329292	-0.22648816224026408	0.23621140056756765	-0.077840378925444029	-0.31215475336076759	0.31717188059689522	0.50702186666454685	-0.23823070761567253	-0.14905194936334831	0.0088012049355315272	-0.042619389943649735	0.48782595058080175	-0.056605400596451173	0.16495879599697974	0.17533930214072246	0.17423534809327298	0.092593977584390641	0.096895527803567888	-0.11068605011177704	-0.099842215589380848	0.085994729529981981	0.14808503766636508	-0.2694717126890227	-0.40215962383352855	-0.48482570638704603	-0.0025329100703390959	-0.26640976140474032	-0.11927152950730703	0.19976292058363218	0.046959829921786059	0.023864924620310222	-0.16737925935629763	-0.20166210592818912	-0.3505423146759134	-0.19134783192017382	0.051081937133570052	-0.03926227465366261	-0.18767621747808483	0.17932247246570399	-0.022520100044313481	0.32435880951309554	-0.24687468719574937	-0.15623594790963086	-0.081102431165350028	-0.040004375580638407	0.34471547705381211	0.36951371783739417	0.0049129904838443664	0.32594368075708202	-0.3876989385848878	0.082772961148799146	0.012322313771461908	-0.042015626654070624	0.032632362735783786	0.152415429016732	-0.26904667865800075	-0.20442548673619332	-0.29393342564586822	0.28340312606708767	0.19422065897356378	-0.33885266832815225	-0.45227593222450291	0.20147410749678471	-0.32435755478186257	-0.091792763601136917	0.20741069124187458	-0.10065354704218678	0.0661979648252915	-0.051616600777190123	0.31772731429434203	0.29188306093318828	-0.18467872726258902	-0.091735342180277832	0.046914462954088701	-0.54947648924150316	-0.11569682413494134	-0.36722502353677444	-0.18937190275059246	0.63648948295047636	-0.26852011684214383	0.31812218766340361	0.16655326171758705	-0.24951075114568677	0.24280267467932856	-0.50120936296480212	0.30240410769036746	0.068472433516185177	0.13161286151943011	-0.13763820563242057	-0.087396985529852061	0.18547664638549791	-0.51207954074977446	0.12765795040240588	0.21888124267814973	-0.051015235963014334	-0.014764067310760035	-0.010388849608456353	0.22231183971892049	-0.10866185876722978	-0.27300238711610775	0.2686924241658647	0.23691138634448139	0.31903790969257984	0.29499318129193042	-0.063986426160379278	-0.33390785292896197	-0.15168646415541412	0.12668808127700557	-0.013271694291379282	0.057669012691222377	-0.22270599849968806	0.26665792405363908	-0.10620760913874377	-0.18099235480124296	-0.22729676003279337	0.33712701150694951	0.30989327271911787	-0.11787025189887076	-0.23738483672958408	-0.17801247525199657	-0.2255243657685202	-0.12451134487830756	0.057555476065122818	0.19064990389204328	-0.90041554341677432	-0.082801420291973529	0.13067267694797924	-0.042957531184794492	0.013059127876571673	-0.16751997103957453	0.24462654441298312	-0.36642400809434361	0.11893243161367205	0.24542841238900948	-0.29647701541391913	-0.0022800413836220239	-0.35243843340081277	-0.010870667918879024	-0.15350828387058127	0.090360055795863023	-0.35643737762261285	0.3751066318397463	0.37659811465766135	0.1446096808472051	-0.03870621790902419	-0.30070061244391166	0.041316010528400213	-0.2095901020365229	-0.086648982594116283	0.22927338601752145	-0.038729213661867816	-0.086471704179597347	0.14130039435480862	-0.129054397872643	-0.11148459128300039	0.30625032188252149	-0.4130806741981059	0.17271437536161352	-0.49006026964714211	0.092986029874878945	0.39589962049855892	0.24358656817856927	0.3164075020424606	-0.040381098488640722	-0.14174029749317107	0.072313683920962921	0.14536848263039484	-0.021975260691881014	0.13497831803255306	-0.32609330088448979	0.015151941189061503	0.052630531486808248	0.40699140883953999	-0.10560457500926713	0.073919874829127805	-0.21409418858323451	-0.42046091743168468	-0.26070453624381207	-0.21990255501193648	-0.062925497119308588	-0.30985215535766397	0.39458677817820093	0.055363924790205049	0.26031101737043177	-0.35814902168860868	0.26835520962193532	-0.16863694338179466	-0.18178598208451102	0.19275338233849845	0.20076999936517115	0.12217911954541645	0.21428744816094758	0.0054308026196284399	0.1009865889550514	0.083437638979672171	-0.022975500512211505	0.20490223800294796	-0.029937660462016683	-0.69639932941328064	-0.071062381021305618	-0.19193395641989142	-0.11229981096206927	0.23552732899309209	0.1397730368618316	-0.077164268968407349	-0.0065211634825041659	0.08956076771686361	0.34561287049115036	-0.21009017379931635	-0.18656852723400158	0.20619817805806026	0.81413657975127129	-0.047852859641457628	0.015111059791287821	-0.36353111264143584	-0.00066536293597320494	0.13392001896965722	0.64854460142847625	0.0019282123610098129	-0.11051872527495883	0.052205541950631748	0.082401772367813889	-0.50632363535921165	-0.37145419718796707	-0.4450984104161107	0.35276415191363408	-0.15097179695250282	0.39257856350679565	-0.094247069930842434	-0.68936083415714111	0.3117850630429212	0.073777277420262619	-0.26650629319786256	0.058659774073947082	-0.58176136405830658	0.16052854689264315	0.088028272324633797	-0.058699002774861342	0.283013052738882	0.30646671770137257	-0.54320857980575143	0.34841954604972836	-0.011545754337019673	0.064022356464578392	-0.35711081778448667	-0.22525144173965408	-0.12824540379662688	-0.30719738520923062	-0.24232735383205317	-0.32661480977958968	0.23817081715457977	0.67070191311324201	0.0024457729756553657	0.16719650602632899	0.13351485125238302	-0.50539313153705512	-0.07059763817907673	0.12889540823889359	-0.11849065426667679	-0.31708287782802103	0.090637239526654631	0.09071851468352575	-0.13508517591053254	0.38629957008767746	-0.086840889580664576	0.1177824498406424	-0.18109842677266647	0.44268373442783943	0.12716254345458949	-0.2098323580647713	-0.43745043947755513	-0.0060087523054433885	0.11792840706431923	0.16665441894902669	0.46402928694711926	-0.16110635102682297	0.23458385607403229	0.304233280406985	0.13725395601097623	-0.096082043201920403	-0.090556212485039783	-0.12135716452962102	0.13899220022496123	-0.020015217912962437	0.26834320501189418	-0.16270348442293747	-0.31320629728597099	0.32368818547079925	-0.20690256563994086	-0.00039179763951731442	0.026481102712049259	-0.45011506928320383	-0.23773156150417707	0.15108309800193565	-0.036788390994699639	0.41765655037310789	0.014393252522985284	-0.13344421068119933	0.092729581321425211	0.1989592926966296	0.18504116679559338	0.054153833860416639	-0.095034653837266683	-0.41360394646824489	-0.23506421637407618	0.029034126198359378	0.38929821302616696	0.06015183616209336	-0.433727526984378	-0.32600603504383208	-0.26969643267917892	0.20157515137407056	-0.05716928998612248	-0.1404607157829515	0.34030043780211788	-0.23673059880725125	-0.54132685692024085	0.32998022247138681	0.19303133387396201	0.022235566734822625	0.45996191314378032	-0.46872197247149627	-0.4824911398813021	0.24886098378987065	-0.2169820572316031	0.44797412232315237	-0.18571099188318313	-0.28806749506196894	0.12231070627857182	0.15830531662345365	-0.096555682537139281	0.35298486002538698	0.03113831464897393	0.018505298717673913	-0.079279317290691736	0.26204491658498574	-0.072913859237992429	0.0042235144826935755	0.031381548392278455	-0.11669253368047508	0.44307301189992038	-0.16939286056452871	-0.0093858132824417208	0.065787995225508142	0.45508982217247013	0.21312275552637114	-0.23492396542522309	-0.080340300572567261	0.16418354688047798	-0.49116922724834922	-0.13822368634386131	-0.002092604908871917	-0.33060666030956543	0.064928808743622557	0.085737154233158058	-0.067645434946586258	0.29867487735364845	-0.025138573342397826	-0.011491828315612155	-0.088335080669532662	0.23444237515921834	0.041501724904367474	-0.030057278198806048	-0.089203257397526145	0.30716664624892231	0.1434862662883109	0.0011372285448799629	-0.16065005585537884	0.24437177382457595	0.1952972008448999	-0.056967190687571133	-0.15517898867108734	-0.38124153579903686	0.15921811829111399	-0.074773917768094667	0.21588292016422822	0.25968627938888261	0.36021420859235992	0.0041200682057100767	-0.032361707854387224	-0.054083577781067406	-0.5339332642260578	-0.36519942965692365	0.26010010374694847	0.024335654246352409	0.41916417758588098	-0.41574565652817513	0.19458615456289322	0.056109059355434851	0.15638008628898376	-0.33554760832456104	-0.28145614713114181	-0.32679032841258793	-0.4912244561674014	-0.0062455059891089217	0.012947099353115252	-0.088819737206322386	0.085655263358668673	0.44394888498970458	-0.24471546584374357	-0.83697335500994341	-0.085565101187193335	0.24848495194555059	0.17994929161529885	0.098410503516658546	-0.23399465412571185	-0.18029959055558772	-0.31402958069250803	-0.079854836134338733	0.058495787361705402	-0.016475714816589559	-0.18460293885554305	-0.20956476017902553	-0.42160066287921183	-0.24701690403429835	-0.065381623418061779	-0.57142658109422151	0.36137023347223401	0.0053870646146609554	-0.056210829620561079	0.089537808362989788	-0.12631568633119786	-0.11002611975443044	0.08147331702366907	-0.15935469397533991	-0.041249911413070446	0.13483993077517187	0.146000451321081	-0.41788689731848572	0.2740201304302618	0.29166246047865935	-0.17666316047438588	-0.23243562472593879	0.45623185436398445	-0.11974000474315553	0.14148903791893541	-0.0086126768338806725	0.066009680417527153	-0.61446030674694563	-0.034652508333866669	-0.3838245992989936	-0.036439744594015833	0.10733986377864292	0.070514719700422349	-0.087676812286901218	0.2633201722824266	0.40162791364209965	-0.478590113636852	-0.00057544265481620626	-0.16480821938491341	0.15985011267688859	0.054209344017657493	-0.10431546000076636	0.028012303711691666	-0.010256394271769333	0.00072913391665974559	0.037228500775421648	0.36643598159518764	-0.10098327922619627	-0.021146558065006177	-0.53625122619390286	-0.12504071290785626	0.11855832898390907	-0.0053198735973973479	-0.12189321703335006	0.04087997443826083	-0.046128824106424583	0.12686534269501151	-0.10412389370688127	0.2605555517523509	-0.16551351854127797	-0.3419653017069525	0.034349240998530733	-0.066291860018550253	0.084113030849832654	0.29328021573007867	-0.06749469962318369	0.12701365671015008	-0.37849086316472635	-0.41689783059821289	0.15577616260421337	0.01622672677620705	0.25916062229689818	-0.09516950391202543	-0.095751857883451391	-0.34168922325593926	-0.083699178095462151	-0.67269245256037435	0.060259845349709462	-0.11336518349401367	0.51157588760769324	0.10329608286010042	-0.59202568313977366	-0.36484843627427932	-0.21347264821585318	0.088666760771344263	-0.2447349572496483	0.51159269429606136	0.28980392722025317	0.8441309124179821	-0.24014251982997745	-0.18609572969774155	-0.1694662531346586	0.067525745001266055	-0.03713462598094644	0.085976352109390849	0.096748706896417555	0.19466667526204465	0.063058642142597279	-0.31601183721696985	0.073330113909216454	-0.34639921097025644	0.072960354189677876	-0.24529790939015753	-0.51035614153635633	0.046052361995834866	-0.18941080347818395	0.0038475468096242625	-0.16911006888707544	-0.14636158085064538	-0.016979343642277375	0.19964013846074594	0.048983101873734912	0.23538788131288363	0.4042311797902271	-0.15025502853838951	0.1877948931971602	0.21207548336771123	-0.49188177769732339	-0.07558663511169128	-0.15481778732313436	-0.20612447735051309	-0.48846696069057172	-0.15187806730735812	-0.19622017716993903	0.16375478095055657	-0.0047360589515850725	0.36623503865246348	0.10151423087499829	-0.20351136345211618	0.094454398080515811	0.16092224022794771	-0.3982939499196963	0.027245403881671869	-0.10451011523921748	-0.096635612816522526	-0.33448636270886484	-0.63127240317722966	0.4897386031233133	-0.29261348954813687	0.054915706601542401	-0.20765913629842123	-0.26430071403964733	-0.21797648985368809	-0.11226931386870899	0.055744578002922221	0.24594945483132449	0.017605574546490841	-0.22443023333409087	-0.041647537711719203	0.14801682622391693	0.28977446492061931	0.32800886017910419	0.030552094144493822	0.26415383218704941	-0.0079448038862577827	-0.01046092777821464	0.21644833323316889	-0.074238117304086498	-0.36080848093569207	0.068428630911066476	0.42255895452783532	0.19286264116906493	-0.37560145091895042	0.025625171964730849	-0.5587871383604428	-0.17576151733412654	-0.17288980283754096	0.019872646753114238	0.065218994829837465	0.077485715611276568	0.14887852414673447	-0.039930789802878307	0.046221664086689221	0.022844421513594261	-0.019167083853465758	0.074656206736893438	-0.010078877403090403	0.30479618774429601	0.51299559974866615	0.51947119783738693	0.12889260395999166	0.16275109089043191	0.27483880883747663	0.0972528045259895	0.04752428947407087	-0.2271783633043846	0.18859339306172368	-0.17244683308626035	0.26790865363710908	0.61101830608903629	-0.19520006683528662	0.14766226734805987	0.27487275863103167	-0.11620816074366423	0.0036197903030531567	-0.015902003480232779	-0.034291787125812344	-0.046914866629151154	-0.15347565229082333	-0.1001892424834363	0.041205787970682889	-0.034568351822668521	-0.55708819441422575	-0.02767174949472103	0.14814976078956091	0.17573926140330653	0.010484785386194389	0.0023268881247337568	0.080447741566115866	0.12371789126876005	-0.25023798952233323	0.11919100230122136	-0.3770060675918005	0.20767417551151296	0.45345557710522899	0.34099958575387945	0.24904020331765966	0.054268503119305936	-0.24778235386229702	-0.016871036588665417	-0.32945766923735165	0.20357435830901102	0.083955976798694154	-0.16339493717744191	0.10911529650413289	-0.2979706353073634	-0.23151906991981244	0.046382747346553573	-0.32808103039587211	-0.18481319600405174	-0.024502764063557309	-0.15311661771691049	-0.52045865809105174	-0.19557421763196264	-0.00035576930681887562	0.031155949016324604	-0.10178044598582124	-0.42406950102194269	-0.13795847736049827	-0.28796178860888116	-0.45079832450155066	-0.034821279065063555	-0.18173206434805153	-0.30600984828722028	0.051581849258103177	-0.04247435382380798	0.24627577619698637	-0.26431385901539428	0.42830204621141571	0.27334707419497117	0.41463222643149777	0.071030990997666757	0.071471037961448922	-0.38282490216975668	-0.021414610762766691	-0.024331440154309235	-0.18800542030487333	-0.56530675670849162	0.042688283110580323	-0.054821650724994744	0.34749787397892112	-0.36552385990898234	0.033110575848889344	-0.49194255085463723	-0.014971669614981618	-0.17691991890832987	-0.095094294625123935	-0.29707891287717736	-0.15613117544250338	-0.1162443380007277	0.094357836921265606	-0.39388658673971777	-0.19204663106542708	-0.89234542882315837	-0.26885963837947996	0.17919468876982045	-0.32116184830414451	0.32842921395032992	0.10350868152704167	0.20386318573304935	-0.22754211556781187	0.24249500289001474	0.40859611639857601	-0.079799774921666275	0.25318867359787051	0.11699876354572121	-0.21263123646692075	-0.15509952553650896	0.011918632182362231	0.19117107495177665	-0.0079404745249219422	0.082665788167052848	-0.30342187387916397	0.072671622399691813	0.13376832339076788	0.61725413923229044	0.24733149919371775	-0.076648822804650421	0.19450759824741512	0.14372631482185597	-0.10642278514118435	-0.4029617297559504	0.16215198069092893	-0.080345790925808902	-0.12623681853570459	0.050120380024465012	0.74596619879280779	-0.46092453400608452	-0.033648648107024205	-0.060162096811596864	0.36481996670917771	0.036773278291186942	-0.43676304628034346	-0.037419724012182444	0.026673003449639961	-0.12678915211218203	0.19490256522163435	0.13587266994187699	-0.35139215062145746	0.073530733994406586	-0.075394179973216291	-0.52275508251818081	-0.037395341455278182	0.026986372118353186	-0.014477841194534196	0.10775664157257636	0.27567246444092164	0.077706538620397475	-0.0050377786960103749	0.25796311737450378	0.055956649254834331	-0.1521335204321482	0.093500184734513964	-0.28607825035477558	0.109658858249224	-0.24542524325798404	-0.28924408184550077	-0.19701223431835591	0.27385218059002808	0.35145772813649906	-0.075408630070610036	0.13277002512040717	-0.32322703752573179	0.1096796724076845	0.1103306115483958	0.14491766224704083	-0.13114243811098258	-0.0029358667269060593	0.059105917969274148	-0.17667107190789472	0.41707351789002717	-0.043268897097390499	-0.25836588616327688	0.24872385933599256	0.14212659795222918	-0.18318787713317228	0.14871746259236104	0.10815034851464675	0.42128244179498575	0.35170371710419335	0.41130472600037782	0.16265006033451104	0.52816786160097473	0.050743014569597178	0.16156227149215047	0.073453315333129238	0.082220966049383351	-0.10451862345245228	0.085351002393332279	-0.045108595216260046	-0.31007363554164991	-0.053077764908394616	-0.15289573399764028	0.66753906525675344	0.004448298618350683	0.20631292999022566	0.14650519825896077	0.032837825402370784	-0.16425528701691816	0.022528103090092639	0.3356065331195226	-0.044611469104673201	-0.1017541974235124	0.21621563909330002	-0.33232368158518616	0.25170405622305414	0.18595820870743976	0.26526274528967791	0.079073230069418757	0.060632423052126447	-0.040693321011699056	0.3129321276570961	-0.15590351729238819	-0.2934864292546609	-0.23138768288998016	0.33672154889549233	0.34624089091642479	0.082071013308778445	0.053651388774505621	0.18024038988155977	0.055161410861523555	-0.21201202116526233	-0.53217631940102039	0.10644961596172373	-0.29615357789957653	0.13745880059161444	0.21676970535356768	-0.074374510355294521	0.69871348711728076	-0.55743101758907876	-0.17049280409231476	0.15421088574874359	0.21442223848476977	-0.38468415747907408	-0.064388644572859977	-0.31100282575280025	0.0062552404620714762	-0.052106683700851017	-0.27257556568008157	-0.11808641122585305	0.36411354876392549	0.0010670748051550365	-0.16757206650639389	0.077466356221211813	0.48399045469036728	0.12140922990129044	-0.26093844001213584	-0.18683554850776332	-0.43555067617688653	-0.14810324169008018	0.16127707224512502	0.18804518842160933	0.33327723671570531	-0.013844927265040115	0.27378237165994523	0.2057839715253966	-0.39415856819794615	0.012142195793837187	0.076990986720320689	0.27846488110092654	-0.069460575785077042	-0.12557110372246699	0.25267066580552666	-0.32442262405386568	-0.13824262692597059	-0.11536707005228833	0.37017652525258682	0.51779732375048193	-0.02394572971114484	-0.14443189577058868	0.4232660748384976	0.26313779782861313	-0.090489443139962905	-0.36710001502379896	-0.22849847913560203	-0.12727700467847697	-0.20419741931510801	-0.26832146726719075	0.32745040929905572	0.031158886011575442	-0.62385959325459739	0.02596692599095848	0.24507469095239004	0.041616975061203453	0.38721558964913144	-0.23980245140413081	0.022903300553740662	-0.076023033895534539	-0.34856757595211973	-0.46756310477624313	-0.0095078313547997031	-0.037013082803261488	-0.19874696190616947	0.16403863477508066	-0.31538803696178791	-0.64512706624754856	-0.1403625491403642	0.12659011558137723	-0.39349910571509567	0.21789695614650939	0.14469940027121161	-0.14013287260099522	-0.24022394710614767	-0.3027583054941243	-0.35726675680042275	-0.32066201181808474	0.20335243816134774	0.16757004033862291	-0.066600970500926199	0.16845081780634025	0.048802506448396558	0.0073760086534353786	0.029837064248717241	-0.061104085848515816	0.031241107866255752	0.1133388349154322	0.0026366583375389305	-0.28979663763923919	0.20169608073816855	0.021799909166996086	-0.24795728544264747	0.1183783052969148	-0.11285989421330929	-0.075744516803480558	0.39942029022383041	-0.11284667979706901	0.355178548312304	0.053265551360700131	0.046066658959664657	-0.35388139515163414	0.032338126740952058	-0.0045025131060132022	-0.57357885766806527	0.19843381256393799	-0.23130997046112275	-0.037925165561513999	-0.10758781475631267	0.36966920794498059	-0.037823207085223187	0.28622348144011978	0.10813800218757716	-0.39646908890215782	-0.090893400503175431	-0.026738013055791741	-0.62758895706908557	0.023990289704020958	-0.11864857679277674	0.28984666255107533	0.053845865895625102	-0.57330639399392325	-0.25633866824061319	-0.30917135812882041	0.15675029037195282	-0.41081748298317583	0.13223767864025443	0.2817579407914203	0.058058282371522087	-0.071016350793983676	0.65484708004936165	0.12767554806908379	-0.56603746533702259	-0.048297652655194048	0.098459496211945427	0.11073840005978967	0.10465531655301473	0.33163466820211884	0.17394700795379028	-0.13971196753980089	-0.2622203318906306	-0.016586504156164375	0.096781437492592978	-0.47456444613858184	0.12286086561647053	0.29339258913519584	0.31610759907437264	0.14208490156827652	0.22094208590076947	-0.11255671356929577	0.054977634115893452	-0.003617601934982157	0.04341419936682623	0.30810135725081073	0.18364155036059174	0.25956261421662419	0.040602805206277813	-0.064282938459964439	0.20576452605448911	-0.12180902343565832	0.058801569998536675	-0.12069796944552494	-0.075962493837505446	0.034753445032459925	-0.13284322654162725	0.26364632959296386	0.12962562229403371	-0.1993312920852037	-0.12081479051704747	0.11228820816023211	0.38307311756683343	-0.050585209857186356	-0.11974778177511408	-0.2159066689061537	0.15352709194342196	-0.099342746716926389	0.31500345568776422	0.066979587168230881	-0.030729793111755558	-0.18682197952181398	0.34960306560216886	0.25462324025027655	-0.37237125673426463	-0.24527995243840445	0.27999487539548995	-0.065130916510336617	0.33810243911987625	-0.0773501934214961	0.20733127228509896	0.057775522603650889	0.25008692947967626	0.053687677476596835	0.23608814664722105	-0.31795443490911107	0.23732443491815766	0.25848465539821713	0.098369503664039126	0.37164522631399277	-0.23832544131716768	0.2256033511062033	0.34703316487994212	-0.059026386726796269	0.01291999574312442	-0.26096599303868923	0.30632314164798469	-0.23332665524941443	-0.35763522141158477	0.065045369288126917	-0.42194164623591457	-0.091671247794976943	-0.24091423933663358	-0.17675333897401752	0.025886234375125421	-0.22286752266352522	0.37434540479974859	0.13752754601130976	-0.077942735750874237	-0.4537468285596169	0.43047812536972269	-0.50712596720187064	-0.46300224361229542	0.18366040990105467	0.1265384733015083	0.0039541077573548846	-0.15258636094813147	0.2852162216571078	0.13747306503966156	0.072943775799483843	0.01165729150644396	-0.21130265014564606	-0.13132500760334603	0.14413334639567774	-0.059751207899284814	0.019803262949677242	0.075860729681403116	0.10016397263845951	-0.50078819144420816	0.078590959910558339	0.11185779303461453	0.084386240639961502	0.13192547918093347	0.070289988000041062	-0.12256174849388606	0.061507288735992698	-0.28038634574449084	-0.41627044670819618	0.25840344174241636	-0.0047700110109148673	0.050598741175137671	-0.048694945988467055	-0.10064327957680204	-0.058746380456943297	-0.30311093879419732	0.066419567088737086	0.16598555050493957	0.013860818051880303	0.23488830531786623	-0.30093832516058422	0.24351406373096643	-0.25470307136291531	-0.33165416317275825	-0.13521429924912604	0.16107774930498017	0.22915793212221702	-0.17807257527260978	-0.032643357013565272	-0.047402639624269542	0.031870987071075302	0.13591407553607751	-0.19334846436551087	0.18055797519389075	0.35300849869745626	0.024366222186101294	0.12126052108489158	-0.23018596531914232	-0.052016418140525399	-0.20019886945044876	0.08295530515195039	0.27943558315401335	-0.56112949281660662	-0.10629433272502671	0.2205259911041732	0.087582390998476381	-0.29998541498773373	0.1079640147284457	-0.028719580558700594	-0.11457437698302893	-0.23265378748619706	-0.3204159091131849	0.19387969290105755	0.11240782176711515	-0.013941802794021367	-0.092415656153830628	0.42819102513674839	0.061081263302676568	0.0040343160633536639	-0.18579397944085874	-0.4604362366061221	0.27719611606155303	0.30773272468353147	-0.32899766242231354	0.1223005495808227	-0.17600471187889064	-0.18120667187808945	0.18809940662419905	0.20496031980790638	0.24870887562651628	0.26918690990938932	-0.39906256123010631	-0.019583284323863852	0.16902938376904986	0.053117302890746371	-0.39353067829208649	0.4339740127228201	-0.37098573843658178	0.12661062655415992	0.028723393295101499	0.21427128325096573	0.055605615487262595	-0.15818271839159717	-0.31267915093818505	0.052951971405617165	-0.070787809856096034	-0.18424904845564197	-0.54372611677250693	-0.054286059956716107	-0.11849574561135827	0.099557063670408397	-0.047789247729373055	0.008413213041663984	-0.20260998431731489	-0.023049337982204664	-0.14790341318010303	0.096028355931377235	-0.05266522680663293	-0.24157968167053698	-0.40888817215525847	0.13728136087821238	0.001672082951147258	0.25203558453413499	-0.057359421343076256	0.21881644945064177	-0.26367761062617034	0.23413091473533115	0.28647051858044786	-0.025241357506210284	-0.18345748181025784	-0.03491341251986705	-0.11787217991748516	0.63996829153019441	-0.12367064880116807	-0.2139061829404611	-0.083066946480319967	-0.017037282779400292	-0.37997829978704378	0.22371429579156044	0.22954155211805252	0.46306082373432583	-0.24226202540608732	-0.29057654876353312	-0.18845777702070204	-0.074503725555702768	0.023924908307234066	0.20836164596259346	-0.09638156970560742	-0.275323019482414	-0.095981094452779095	0.34875974221518924	-0.20655630359263488	-0.071616477339874363	0.05159045817748982	0.2324304228409261	0.28462249534663786	0.037008172672533986	0.078687002075679816	0.22500248460320318	0.062152586913269768	0.23816466736682446	0.0027473092266368597	0.32044407523463619	0.66657442764946429	0.68006702677558362	0.094609206508408442	-0.12326879318072585	-0.037285426536809323	-0.63649410362462211	-0.16232566072031493	-0.23921474731212397	0.031581972247826738	-0.085937980686550813	0.21632620852848966	0.018887170570485147	-0.19632299783170953	-0.07614977424989941	0.77764790441995413	0.27770948240605919	0.054540870110632036	0.16419526615395011	-0.49686817587943949	0.30784883813258385	-0.34743438287875517	0.21299536932657293	-0.24428095355415594	0.44250383699049323	0.10367051644732411	-0.31724897205422964	-0.072787612198491058	-0.091787401226412574	-0.20890275211489767	-0.13319803419893692	-0.44328208432340627	-0.021408172423635623	-0.36121333831658392	-0.019770848056175509	0.16120011343187804	-0.16829113721458114	0.037304893615114632	0.031148007564900503	0.19007829414932859	-0.014485894489600392	0.19304902015252484	-0.24320661874490665	0.04958527676743614	-0.20477121501820683	0.40697086174642599	0.034215672815349291	-0.10779962980171677	-0.012061255242758591	-0.50091937802220798	0.3943867654759593	-0.0074616696354458528	-0.16658320802268817	-0.17109634077095578	-0.34034336989850467	-0.41878771236445345	-0.3529061100760762	0.47853970102933652	-0.2096763713721686	-0.0018263318779007268	-0.033976224289741008	-0.35383751619897164	0.23976654677331791	0.1887333089255166	-0.064112801739270878	0.066645198318665666	-0.092445795244843296	0.2345990207024152	-0.083541826360111079	-0.38860351041467722	0.22367567969723998	-0.24980486333172325	0.04046125560076122	-0.0072050674240636782	-0.020533985597868506	-0.34000492601653032	0.55347253854536071	-0.094492596267168036	0.053441981496854328	0.26426777937310758	-0.16785527716427986	-0.096637466124242025	-0.042914393909353775	-0.00031835379215776159	-0.19094019904159987	0.13000117418749291	0.50523628346770366	-0.02309693047424221	-0.14383192124748528	-0.084290192291899241	-0.39845096226269916	-0.16323138086046612	-0.33501184197546369	0.52425793356489869	0.068237879480451472	0.22453550386943871	0.45468187089006917	-0.055555030455309261	0.45188818262743685	-0.40395460547579715	-0.24260650704001385	-0.0072117299545489191	-0.071669886962658011	0.16188920578141322	0.21245716756036867	-0.08470521527393414	-0.22428092098479241	0.14814698277663044	-0.011937616267496549	-0.26746785851859728	0.12430226522339051	0.32557829131827043	-0.1910287608609619	-0.046021168249635445	-0.021960074443157826	0.14075000471815793	0.088036645284227527	0.19765512812684427	0.27266085269521179	-0.041540614596532625	0.43323507373795822	-0.037854172680976184	-0.24198384149261107	0.096758712901361052	-0.1883212295117376	0.11191499875817587	-0.60934519285104893	0.064493645830121515	-0.37702390389370483	-0.4984146014432021	0.22228905747572203	-0.40765758681041592	0.082349793796725912	-0.44895988112842744	0.0027137977970882565	0.0072093944585510782	-0.002147072001264406	-0.193960519018231	-0.071052152330929375	0.7270603992606286	-0.2342150063777457	-0.01482329427065212	-0.44206988615297299	-0.052386474706525035	-0.14987948337241444	0.22266809750322566	0.31053391994088791	-0.13348925176584384	-0.12615638652561303	0.20485026518420765	0.20281118469187137	-0.11749821685104313	0.16343612586128892	0.13554053840154259	-0.073031464011205971	0.30259736539295506	-0.23385356999022258	0.027714271746148364	-0.03133872124969974	-0.27915257376470476	0.052175064980049729	0.44556417397971587	0.26563982200519431	0.17083440194301125	-0.019236473980341118	-0.2481397656581579	-0.021416305132944728	0.17873790060009404	-0.061641540969737091	0.38705572320094556	0.096098469836036496	0.47439393710213607	-0.2443015053921731	-0.021146081738145084	-0.01314158590526158	0.0013930839599946032	0.13406248274080976	-0.1927061848346637	-0.28202555850616012	0.2327760267571303	-0.18926881625096173	0.52188063669689	0.050021282036374091	0.1788621835440346	-0.064219070831622899	0.36275075630116727	0.2689541718898249	0.22155494160926614	-0.0020835922826140086	-0.024025620628900474	-0.37783907716470222	-0.27670042984828791	-0.12259553888986542	0.25261921523258701	-0.19107713240173513	-0.19563688233836049	0.18526859561647493	0.2393403189940882	0.20014623240430968	-0.45604870774908279	0.31440486288538261	-0.11266526116419609	0.04245769034685596	0.086671710566795943	-0.0031076304005683334	0.099552665151182926	-0.41105672835907897	-0.22230775713721476	0.30017988463386192	-0.11445255372627308	0.22111847073413288	-0.71740533799588857	-0.059072177929659721	-0.21894452176118165	0.13787549388847983	0.18751912939880092	-0.59383705395589192	0.28232311347282596	-0.49164755688297052	-0.039436692069919572	-0.206498526108152	-0.0058491325116455791	0.035417454715099328	0.067793864267043619	0.45999995571218538	-0.42612893771829707	0.096726545789399154	-0.057092569641429745	0.11670629100958055	-0.17815703717183581	-0.067922470398625936	0.066843890854051069	-0.15371887937827328	-0.25077570295707002	-0.35868186766398907	0.062531821255339917	-0.1172096935750554	0.30874775941372223	0.039262473003194361	-0.31260403878833898	0.015539387796976433	-0.067956026602447622	-0.13705553246919036	-0.063128793876452399	-0.16387650623846126	-0.42455980056236192	0.26567330181498194	0.090955269834918653	0.42798342108799126	0.11462794163963518	0.22054876419798228	-0.27598366836510846	0.25928267823460416	-0.062931832721084838	0.32582595399010328	0.30801001078732537	0.18710105119002934	-0.092442858786271093	0.11549665351707647	0.24231317118207635	0.32255740780392361	-0.28707012828859335	-0.27172626740704303	-0.36317765322772055	-0.70287393261317865	-0.03299843004417264	-0.122809766661252	0.18737056188840787	-0.38234660692054201	0.011786331459380923	-0.017858148965487458	-0.11034724512135161	0.46500309996404204	0.2109685015713251	-0.14750686072685459	0.31005603351042765	-0.17927398710830703	-0.085890840671306479	0.066194457338847129	0.31974546457285186	0.10322481149999675	0.13378481222124058	0.2685041546502584	-0.046799169727715008	-0.019048926528614944	-0.18914625676700705	0.19584516777913086	0.18593719127453023	-0.2085322361066709	-0.50059301553129432	-0.031737720126711839	0.18265807391771546	-0.15311145786688984	-0.29008535473846475	0.13961454078201102	0.15456973276925759	0.10340741076447175	-0.0066755311503986572	-0.096963955578446573	0.15880988368175392	0.2333183253670722	-0.0073175671617669285	0.039691323779537026	-0.024204182254858386	-0.15809660459240785	0.0046568591708279813	-0.17407461712506278	0.023312870999583339	0.022641677141926178	-0.22653273984053149	0.094046765908731816	0.27849569598974494	-0.1578381613343886	-0.036816062683179496	0.27011596166922164	0.21959172902314331	0.095976124510008448	0.16051055233402611	-0.1479063242800881	0.18453037024584587	-0.17098957145707036	-0.17171785526649924	-0.13787086666840431	-0.069256573388038839	0.17492193400329747	-0.12835973311893387	0.11625610957305142	0.34214410223538438	0.35357560289231627	-0.0070265395484990396	-0.086271269510856369	0.24821332893011741	0.31171567240550635	0.064894091905725856	0.081461071073928304	-0.010111156575285248	-0.15378537347154403	0.35700079365752502	-0.28218536646555253	0.060782441736284436	0.17692459767673815	-0.21057692761498067	0.03966434003114102	-0.13479848935153696	0.16039833923250321	-0.050490209005972453	-0.014970338587996705	-0.024424703253850221	0.0062471673052019727	0.18825308606510729	-0.20730542875795249	0.047553495366833398	0.1543316334501959	-0.34221237130186311	0.084807955302570223	0.0073891622472730036	-0.60966820805716693	-0.038255386673661157	0.11400221231850634	0.092888476169337791	0.11944753915611588	-0.19807414448715632	-0.14943802863706043	-0.22937586684450828	-0.058174998352123343	-0.28287097209156109	-0.22827622054715838	0.18602320312263221	-0.11758845809911088	0.060169855656507613	-0.008929563737089849	-0.49544853167268138	0.397047892050433	0.14919051480815657	0.19136746764574336	-0.017957624812507494	0.58525358595125909	-0.091634388832646019	-0.15537981474816373	0.089754091841618505	-0.18909790568292698	0.36131893345525368	0.072850715221107018	0.11410983195076038	-0.038099824088389259	-0.29367939855020708	0.18413425395692426	-0.088820181074864502	-0.062215078761147805	-0.26311348444228821	-0.066606271155541491	0.0036387649553871284	-0.47482921555509816	-0.21282044635605141	0.28668510916131335	0.046341958380684403	-0.32529513827395273	0.25365301441653082	-0.12434152645435281	0.093741266616910679	0.009476351188202085	0.32734777993689657	0.39368001378115325	0.047459621128484925	-0.20630627470490553	-0.41924176692251874	0.36380421441069166	0.35721136121938335	0.58379791144515625	-0.28229206697192233	0.062608783567816254	-0.0010423528041739951	0.42717053813753109	-0.49413482422865335	0.027926094516312734	-0.2289392800520505	0.57934888832556131	0.28893864565312144	0.14243204793740699	0.3176882519441509	0.56577356155144864	-0.11878339978836243	0.090747561788178291	0.59806492873096739	-0.71104499426762158	0.050252947153308435	-0.021579268641080271	-0.17428961378308869	0.5958389599093058	-0.096248053449719623	-0.2793464566951826	0.041238212068610919	-0.11788002602322685	0.1809087976826346	0.042279053265254919	0.2529900930211969	0.81319987001778593	0.28769594209421084	-0.062892653212070826	0.04555992087498998	0.20350709035766643	-0.3808209445778073	0.44353329841453115	0.22417542678411925	-0.066529285068832766	0.26858968475912204	0.22872904445279119	-0.46303129726110753	0.39907902913728266	-0.1934635240923811	0.080181510160771602	-0.15104945883514626	0.50547024160827658	-0.21963788835336204	0.067821134125569574	0.053662668779770939	0.11126912122652075	0.15741285847063677	0.19745486239585658	-0.087115214759845239	-0.13138041080632909	-0.27535829128786671	0.34788205543562523	0.2233132400511196	-0.79391479286801736	0.38529182642527032	-0.10259809371420894	0.59638550430434201	-0.33570060310144506	-0.10753972949992535	-0.085497428027201644	-0.047137439914512046	0.022965869610416096	-0.3596045091162825	-0.39249850443796697	0.10104583155952664	-0.29333199290272871	-0.047368831524009163	-0.18696610126304708	0.13520843603844959	-0.1508586080890186	-0.07529082323989017	-0.38256699197294441	0.27020934950582903	0.25753879451754574	-0.055192481896682306	-0.066616461236020802	0.2516244509871074	-0.29487449949824762	0.10832330150390117	0.13589550730846184	-0.036306804293197908	0.097991138687916909	-0.2614581207517096	-0.30254271124767834	0.38002824573530758	0.10161563771382165	0.072669982207600417	-0.20282065266328331	-0.079434388331436193	-0.30384907536391331	-0.0039601404924015727	-0.31370174467855827	-0.056258183300416827	-0.16219554226778765	0.57220578015697698	-0.034527284855036297	0.19421727049706358	0.022726451497699966	-0.18342627122120059	0.38932704874947033	-0.027183769687990272	0.18011407248248457	-0.29302049043883011	-0.056443645333777569	-0.1396323623750072	-0.48121338123180551	-0.21945903726459148	-0.098443317120823562	-0.50492607928128785	-0.34023061938172666	-0.26411257647422526	0.043646206804175199	0.29670350080196473	-0.034921876412359346	0.054983121865701312	-0.28703428159490973	-0.1625585866640262	0.056056826229370769	-0.12014139088983435	0.089958674257631197	0.042613260590642625	0.47421005817952461	-0.062368988118535834	0.10047685457309519	0.20120995722607368	0.13753433154608272	0.15182660223051067	0.37233231652832277	0.096545660164014224	0.16393118238813195	0.25626249651229732	-0.25578248354495847	-0.087296593722281546	-0.20483659266914614	0.21940061258518576	-0.057450234371012432	-0.25547685059818181	-0.048240674327191743	-0.15890997900362805	-0.25944350379121073	0.28063223324006537	0.24169079123315493	0.01645461349078561	0.08646647883214327	-0.018644647646553655	0.33192033788640479	-0.44502553967071262	0.28287349134098855	-0.37389604916666747	0.2621052067755103	0.034608184373862663	0.51341994316220185	0.22451673914408579	-0.22116161192224223	-0.31556971191774508	0.51034190978060334	-0.032747895944341826	0.61343424499477894	0.065553989150054212	0.041342182283269503	-0.19880084239900397	-0.28776843155808557	0.24960815397800792	0.31328523833455318	0.27725617633098182	0.38662473933167457	-0.26449464690301183	0.19860757840618484	0.058103969650993091	0.0047519050870816438	0.048574307174885749	0.43572587467520169	0.088267077887321355	-0.1868733682990554	-0.32473455209601521	-0.48846779229768794	0.020286452430565566	-0.029404621938683703	-0.27080701663210255	0.013451707315503252	-0.12454340279711509	-0.10936090567688887	0.10029106529915308	-0.25910151112537316	0.11145610757270405	0.099759118182394454	0.072496255102462243	0.03606862951620516	-0.076303406369828478	-0.22628796772187007	-0.26974079585009408	0.37380971666576901	-0.074384708893618104	-0.12280724958070396	-0.11800205506935507	-0.31316537683784762	-0.040087950528577047	-0.15734669832851014	0.30407561267632516	0.19723152492200899	-0.044235373377217939	-0.25295200789880795	-0.14659645440357438	0.23290175476610264	0.070864577258184028	-0.067170042521083453	0.22365016019153347	0.0068982293650990843	-0.0092877863580699081	-0.079985913675674508	-0.20712298153237194	-0.1909334996544276	-0.032105205523311357	-0.089706592672524912	0.26620771487443923	0.030940927578178856	0.15750652927127712	-0.34599526898908628	-0.083685382700547997	-0.14037939671115179	0.19345047338508534	0.44712760114059874	-0.12166155897776751	0.035066565541356162	-0.088799954293121167	-0.15524769136881128	0.089795327739342221	-0.46481516339812617	0.051509295635626243	-0.13201820279747786	-0.20161255612991627	0.10093138919095304	0.15274324904413203	0.58669083293303936	-0.27705814609249935	-0.52625631588231903	-0.15768403945383483	-0.012805058247485785	-0.23239191668162343	0.3369082880614801	-0.17378590658582466	0.30046443066590167	0.3264780288329715	-0.35864408998780806	-0.59488760648528238	0.044200563029615718	0.23024200781966053	-0.074068864002506105	0.16497807086500726	-0.15500505216949453	0.060364096348060899	-0.46359866569786595	0.33529600860332343	0.36545653454984522	-0.024690545403941694	-0.44991216314176313	0.15270695258688724	0.10333459239456547	0.077031101802320048	0.026855984902995084	0.57129033929048445	-0.28517024035771321	-0.10638722826478178	-0.12503892381825132	-0.27414204076969434	-0.37257906670014496	-0.21114418512440508	-0.32376164874049307	-0.22702399261355719	0.056993352712862266	0.073670913704282415	0.21509052770982567	0.1828386602375042	0.54123354687571146	-0.026362630302927577	-0.22575940267891034	-0.36650706906464992	-0.4748714017709898	0.1453233912462755	0.29168431641956938	0.41900451816271944	-0.098290313176523647	0.0046442640720689154	0.28383813148699016	0.17827355672081641	-0.13248072472765204	0.32557595094164477	-0.18738326574134717	-0.33491405084552434	-0.19390246365249617	0.19792846717916626	0.036417541237318225	0.3147722482698852	0.037476689366783875	-0.15901003291165919	-0.42366600691131501	0.21687374694954192	-0.31517669425977562	0.42502169077561486	0.17696972564573005	-0.1055585674966607	0.3084097604219313	0.25274793299909953	-0.3926821852140015	-0.055324844382991324	-0.24885234747682608	0.10590274906548494	-0.032922332262895211	-0.10545784577803391	-0.27586122308077016	-0.40811501287164237	-0.085216669287677363	-0.060180387688808748	0.10664418084988579	0.061884034556536759	0.45085979056984549	0.041067427853669285	-0.14530058242524299	-0.83727135161360033	-0.29810393080364073	0.070656641700064943	-0.04795673512042959	-0.42234930145447896	0.19496699167861609	0.23695083242564435	0.10516636770314479	-0.23025312956304822	0.14498193567455861	0.094877994396689092	0.47453786551352123	0.053527537595077175	-0.35038646028155968	0.094808887090184937	0.39551534497033197	-0.17191578591271936	0.36720894753288275	0.45502095171932067	-0.27457103001087885	0.1944215963416018	0.51878399724191049	-0.20718572237735605	-0.23130647038971164	-0.01007135429111734	-0.31997051077820743	-0.12994633134711625	-0.088164920402562477	0.2059525628833028	0.46704737880843067	-0.091986761132514097	0.056034952339243445	-0.025976587345948682	0.034414249791029319	0.24500907634767338	-0.33834105949582655	0.019781683688161435	-0.23749677773749406	-0.16884175165575938	-0.4579329508703282	0.37171433650903019	-0.326031576473235	0.37303494222868688	-0.40315754462974279	0.3279701090731505	0.11277696160836322	0.070485042727455358	0.26286912322300882	0.073691061352411616	-0.052691381376782108	0.16525057884713187	-0.13654630571851753	0.22417587320729618	0.25944601810487905	-0.2699439533748455	-0.084003242413755397	-0.026314407377723732	0.31766621207814538	-0.20762746074771521	-0.076508201089785371	-0.022577807596462444	-0.14625882085024608	-0.06829294086958089	0.20137652858213367	0.066214253166024764	-0.10576828709830252	-0.41581448252957914	0.063647080723661223	0.16178572761314391	-0.29901600866400324	-0.28845861532980227	-0.058536860601213436	-0.25528173239289681	0.48444543224232711	0.21535217869349904	-0.09502674708783454	0.035348561720330123	-0.24429415057049589	-0.3385330903664705	-0.37955641484181768	-0.1708159968813896	0.4212850376994125	-0.030867648561544506	0.18861134489557579	-0.16897498725060831	-0.069902700941317994	-0.011967698480769494	0.14298329048132441	0.055791924112708273	0.3517409832123361	-0.16448685305101668	-0.26003726439586117	0.050367717434506971	0.19964070294195532	-0.18022288972356434	0.34605779572533651	0.11995952410298001	0.10833680035784873	0.17077450583039033	0.21677878613280657	-0.25100907160404262	-0.18744196663078166	-0.32590977265521781	-0.0075433799496328674	0.28731587807791703	-0.23440896640242995	-0.10396043577104266	-0.10977265535543587	0.070430794702744146	-0.37913614247061611	-0.056734748430671278	-0.13462353352446868	-0.03690684092657831	0.313918104233743	0.163275679148254	-0.11263116378858727	-0.049018394647874372	-0.053860955154116263	-0.74512546347661157	-0.311505364559509	-0.0039880414936945387	0.079713755176574072	-0.27481995943458459	-0.0086067688079844371	-0.12125009545780584	0.23714883936663092	-0.36785483824578902	-0.35753540874180567	-0.42063791723388627	-0.055316897829738552	0.18937490658519485	-0.33674701579927602	-0.31237475969767875	0.18673793880538214	-0.038316220256591968	-0.06431424298148615	0.0019147021487112309	-0.15892427518998026	-0.14064823426200906	0.008583396798036309	-0.36647968968352657	-0.33973830606775068	0.21725694044005839	0.30395565292076904	-0.33450280169443275	-0.043336520659236794	-0.011095234253502487	-0.033490826588848423	-0.34779222719268116	-0.13794381272294484	-0.35559115464497087	-0.55032519464361596	-0.053702001843917692	0.22050046374810495	-0.083003419611392182	0.33370888629831164	-0.058467197045716721	-0.29184997127443141	-0.53594907039135498	0.32763419756502654	-0.43684185353858124	-0.059278026041314977	-0.16541299418636693	0.034862022021777621	0.24035717621196326	0.39598029501404675	-0.33795781905620637	0.44843588444164867	-0.13097971921158388	0.57514271826237373	-0.075775270164194844	0.14672940762629255	-0.14707495737916385	0.17469241142456424	0.12619562524072359	0.10710775510286617	-0.56542480827539743	-0.34588984819526059	-0.36000875798798099	-0.31108001888954145	-0.38681014618642062	-0.14427047017112052	0.25724443389020329	-0.33938330415018675	-0.19508929123233931	0.024834719138986997	0.28736103411271108	-0.052409835512135329	-0.081960634103737301	0.05765316939399117	-0.027176968749070475	0.11549407614734651	0.38356590736800539	0.17053177308262504	0.42762414734967091	0.17787739150050938	0.014370934502078445	-0.486819135764267	0.36831291104884994	-0.17142218684029986	-0.2437111569413471	-0.48841600801526691	-0.021492580429158081	-0.03877848026517236	0.45084966503591589	-0.27256113487819611	-0.34542768989684886	0.17280465989883159	0.47406992021573985	-0.26008348905560291	-0.10286147999498534	0.40344275659962175	0.094460536893283015	-0.33850318909079263	-0.16537458790553086	-0.14924413719602489	-0.08418632860792033	-0.075494070816563646	0.41547385766019407	0.12185447570603818	-0.037171788703557071	-0.062103061068465741	-0.12002274753335826	-0.0048051677145326257	-0.074495741558067055	0.037151786889666333	-0.08848702145422814	-0.17011050906551831	-0.22221927535138045	-0.098336991232311849	0.27425638728463164	0.13997729154978703	-0.074976646611684017	-0.17394540218240181	0.090205026237566974	0.16638472379272948	0.1393561548693327	0.59177725793916647	0.57367405352723699	-0.16659629311852683	0.1071372356634402	0.12578320504281756	-0.14157111879017492	-0.18381255781511469	0.066629427141882039	0.12630757950350618	0.17579114455717562	0.4361406339334411	0.06543551486544795	-0.099617689758117495	-0.23428464910506988	-0.069785256049268787	-0.0084788696584908434	-0.13245286667007233	0.18268918988698746	0.0090888321050756303	0.47968081091177284	0.29087550896605696	0.33432147720423272	0.14649003006251723	0.081361092501225543	0.51034652913203071	-0.39731563565599975	0.32434273048620171	0.019027761351227048	0.095345499543446829	0.095191054458083763	-0.070052670041806459	0.068478446186073114	-0.10858818048205669	-0.34913129631657275	-0.041236154378175814	-0.15717273615012559	-0.034633311354904057	-0.23435812334457734	0.36131156363240396	-0.11554140587383997	0.18914693824193674	-0.31587722013582981	-0.042668181628287727	0.28943101920030651	-0.13451311495381793	0.10893408441072043	-0.14313402914699563	-0.0015450780822224772	-0.20999228709465192	-0.12652313676595217	0.028225503044666686	0.045919396916533954	-0.24412381105409062	-0.36461290687180015	-0.024649792866735992	-0.13721574928601529	-0.066932937684042862	-0.045692353385608689	-0.061428758016510189	-0.11690299944820613	-0.36545689336773263	0.098576686549279993	-0.43091108749621443	-0.16970500232722399	0.058854347035155873	0.0018403803122360777	0.35291045252286479	0.7089592765643763	-0.11587068660985846	-0.1187340676376016	0.24776521083934097	-0.15012011568777928	-0.13309227068636123	0.024918882009205261	-0.43312776412469683	0.14066078930206699	0.24101151482779185	-0.062654781151475505	-8.3020621698316879e-05	-0.097947184447573749	-0.091094669407466147	0.22134392462723909	0.09606421016061216	0.39610466501194086	0.030822992360092984	0.34513930182505664	-0.1373018978894143	0.19359753100635349	-0.094197548576007678	-0.033504245511851181	-0.24429995167513929	-0.1323873676605227	0.30355915033221786	-0.55813773590329419	0.16360684129407524	-0.22965134527672035	-0.16475295679979848	0.20806729181706107	-0.079087957813517518	-0.02483162695025317	-0.14194365516484869	0.11249115182397443	-0.2132219598284148	-0.13981027913229954	0.49832379083449446	0.17948463608054746	0.1291312636271045	-0.2498831049103632	-0.18193564841668014	-0.32727656796493043	0.078248171201810948	0.10658303064467428	0.2480749963078609	-0.1106126863102599	-0.047132013168713981	-0.1996854971490428	-0.058105087723848849	0.49951676437549097	0.25806792146475283	0.0039093803711327578	0.10949426657857252	-0.15660978320177588	-0.061279903432157189	0.332368216114588	0.029569294520725372	0.14576031561061459	0.25225878776726346	0.19772103823081905	-0.45262174666598742	0.16872968248275863	0.23634307871615343	0.15739830901431076	-0.36356658303031719	0.56163240279073245	-0.55596432036738874	-0.39627184793426867	0.0020849278449832885	-0.47094745845968555	-0.27118243622087446	-0.025878749711058573	-0.36587142384524451	-0.33116401794406186	0.09998532291606016	-0.10100214963155664	-0.099060227997592315	-0.14401989178771216	0.19167317897714642	-0.23753294706197806	0.10465793558920536	-0.11195135476403846	0.38282734826719916	0.0046455979766533324	-0.11408991148578967	0.27211575158223322	-0.41074741331511405	-0.32550368637227023	-0.15959912789532332	0.083027165010347598	-0.11094003528551886	-0.42167945993330685	0.057768548555095153	0.43596497763594549	-0.19033800452371483	0.19229358852625478	-0.25504463574819286	0.12897764461785591	0.047646483120945562	-0.10543055463785542	0.13894566716406703	-0.077394488309732792	0.056731695124684074	0.37629122542706595	0.34697151954136873	0.11536453617548059	0.011082467706688633	0.33400436982204496	0.40264768357630371	0.12103594340966216	0.65516653427383986	0.12856780632358539	0.24180947575723138	-0.32124102244429881	0.27399235539415806	-0.047610850748282918	0.23874281732168484	-0.35734788127066797	-0.38543122000875907	-0.017007778236683892	0.068029015202038967	0.19064162455319603	-0.015311619328046564	-0.012346732274472015	-0.033903172792779594	-0.1021086207676672	0.052864759151973841	0.0016522732060938493	-0.2580876266666387	0.058527427196129654	0.36943596921074651	0.15510679454443535	0.18326701415120189	-0.31237225942816277	-0.17087131461418492	-0.1578291216187761	0.34081291158567695	-0.11829333297559463	-0.050139869433322673	0.3498181126624289	-0.23428663453418586	-0.084566126395101207	-0.13090715224416938	-0.15576542085206072	-0.93154835700375793	-0.1759733807105299	0.30411182909982393	-0.43619900325599897	-0.079346685147024448	-0.14859681352527329	0.18703252112853627	0.074370135198738654	-0.015261746859506126	-0.045017841586956861	-0.34845165420400614	0.58217601005510367	-0.55908755857149761	-0.12376665349420991	-0.28664022133518335	0.135187521017123	0.00014855314741885189	-0.44973311991314874	0.026104543815361356	-0.16868264205017666	-0.19420983151225232	-0.2025227096261997	-0.12008413611583099	0.31124202878071783	-0.13977597309723966	-0.060561972916954844	0.12671109758777754	-0.19105254557740162	0.0027410535505842932	0.030821020778531754	-0.1973365266080212	0.028866786612868428	-0.066664798541188425	-0.33255115812921726	0.18172855723878487	0.23459031473073702	0.39515365693119919	-0.22178230656988338	0.16686912808406865	-0.31127939019559614	-0.34180728627202839	0.096312108227065665	0.30436944811595568	-0.78605836063575374	-0.20925555866613826	0.43084086952889755	-0.4171682640716794	0.50090246372304736	-0.080781925839869803	-0.29181848106151809	0.02311051211308314	0.4145322810711185	-0.024506596052818613	-0.11210160342761079	-0.017108353295710279	0.069079059808122886	0.023240628334616719	-0.20374299880978308	0.46695297909978162	-0.077248463082816216	-0.20735240616877093	0.019797223045468361	0.16090196143079	-0.22299852507565793	-0.20918655071532433	-0.26703204870337621	-0.27931350927527598	-0.058825098869730592	0.50031888905142663	-0.25997119205768082	-0.55752634173249138	-0.025429263188774399	-0.2775304491877697	0.3319157070025695	-0.42256472924278837	0.088285353575775605	-0.16201164725795436	0.17497056265046568	-0.31350786223075899	0.5705323487486762	0.12834811755906103	-0.079475153408452001	-0.19624937131029904	0.17899772435604525	0.4472875431969362	0.17442300319438664	0.22893717604765929	-0.51472151025137181	-0.081426982984347848	-0.2161217504916676	0.50047432296570982	0.42198318550492941	-0.51497623702968931	-0.12735471740800181	-0.26902184654319666	0.51955075754160085	-0.11137870463152173	-0.036238884124747718	-0.45849001124756122	-0.27453194741625381	-0.15994748924116275	0.16902855639333933	-0.41866385453753868	-0.062269421499794982	-0.12303819692744776	0.27810839017231126	0.0018208296493434459	0.16074021655298623	-0.20630403806071015	0.10653722027392751	-0.03989947633794326	-0.41086845074931583	0.11978953850687736	-0.090804147015835029	-0.066619598906401969	0.14074242445734858	0.16656801753387993	-0.31413401028967036	-0.17923319514240657	-0.19679586189344112	-0.52744995140253859	-0.50722525616291469	0.30241953172680686	-0.012566147443767292	0.013016605520418468	-0.032506200995857153	0.025571173339270541	-0.23942581493362947	-0.24048913618247167	-0.22720626582462444	-0.19267012446464912	-0.1888110566203976	0.10819174282267137	0.18794754335076683	-0.20060126701349246	-0.25806293705859046	0.0011248971380177675	-0.18694743372741868	-0.063271383035528636	-0.12541668589999097	0.061234672221168358	-0.11108017688225527	-0.5928710949481808	0.073509342973519881	-0.35849025281832825	-0.31383787478056108	-0.16524761065274166	0.16822540270644953	0.206012451981295	0.12037546439914856	-0.29605285534668763	-0.096870947161677837	-0.010842176335689393	0.34008977240573968	-0.11389111146256668	0.093597030630301947	0.0058136536331968988	-0.010470133875710046	-0.37732911220336923	0.19000540340322566	-0.3495641320434667	0.34270507272576334	-0.10585432259837621	-0.12494896741926725	-0.13332793267762136	-0.096229599543044386	-0.24332777981999307	-0.26227705546469121	-0.098777005403656526	0.28149333357996564	-0.1642144188652995	-0.10661996831547156	-0.14336217496025325	0.10966667102533481	-0.076160228468142202	-0.14046775043141752	0.028935049499080268	0.21183970859983692	-0.061214562050767106	0.23693119817591499	0.066513506553817769	-0.24454175361717914	-0.15170542884732111	0.052928307908625676	0.30522913399419616	-0.010216950342501991	0.037852534660338708	0.37827255120323644	-0.22838561458444795	0.072926877720863439	0.25407512454821712	0.24706470800437627	0.16811395839407337	0.061325128442013356	0.29749485068436071	0.031555504348765091	-0.107832660196179	0.3039547383100229	-0.0072944010624985166	0.3278736143796176	-0.1672509545788633	0.046436473411693678	-0.39051485096891214	-0.064362191399055108	-0.21724063112879197	0.3370786497332216	0.14807406708636428	-0.39823552344383834	-0.19254337776886365	0.15808445638164967	-0.044971366437173088	0.38646726835628165	0.20216156175115615	0.38758164382593474	0.16917527600535404	0.076160328315182296	0.043945831229153874	0.48613457576288299	-0.16625416839278168	0.06294711094607168	0.018991495442790975	-0.15383507866815077	-0.028885984118924003	0.21497824447611427	-0.0046859798504946008	0.021525129906162704	-0.28491111534765257	0.1018812476265154	0.17729954655241434	0.10479957647069203	0.38937007659606016	-0.16779110065650293	0.43334165519983869	-0.044121896734688533	0.29546092955051562	-0.25797558537433002	0.065891435885762614	0.062911008508399202	0.0047902969903953971	0.031877704504329987	0.27457518986077423	0.25405791162806801	0.43122617269979846	-0.28741302728679663	-0.53212227432409787	0.10625915598531499	0.34176297282468243	0.13026738299641116	-0.011224331867199568	-0.23626628834012831	-0.033699254640799765	0.25530020057294045	-0.067371012750399847	0.33574563973096594	-0.1361864306518854	-0.38327351431822632	0.072953140816425788	-0.35200839467132977	0.24230263958998505	-0.13668292688089551	0.1033960433289548	-0.16974476811587202	0.36174600786350103	0.11269390084551421	0.093436129822381059	0.17995991920334645	-0.090343961681381105	0.11800266096109398	0.15420039100656943	0.16450864079973779	0.16100788378700867	-0.078533227936818759	0.085698008224544625	-0.24893077936698485	-0.74577267240486556	0.064987041692842043	0.22480542732439981	0.06768535547642425	0.10208540453216701	-0.12978670413622229	0.45194742821569395	0.13352330821700464	-0.10777942667587895	0.011259011737850141	0.35009167058478596	-0.39846749036738138	0.08050527524991484	0.10854123865530477	0.28139119414331065	0.37629413497536268	-0.21689783738912946	-0.27018758963523787	0.39668409572048713	0.095104844882158632	0.47307989455914917	0.1340326843120942	-0.014987534567418023	0.078725074253092983	-0.012385577976704488	0.33519020897965518	0.034819710979808904	-0.054603874230403852	-0.020476360173210958	0.12344321909363053	-0.32979006840426511	0.11565898881334262	0.35933156026533186	0.45556991967334548	0.12290783813235893	0.30048911274735207	-0.032058839542740747	0.2003051383887717	0.08429683989700236	0.072659819915090101	0.42006041930200927	0.19761983007177183	-0.21206639081349854	0.38824370273857467	-0.093681514745878783	-0.10266373694023341	-0.06811920380188706	-0.074286468846927342	0.21330610170712505	-0.13746262803358053	-0.16227328248394338	0.5841190606101484	0.42958216214792272	0.0095800543658184356	0.17510440671793398	0.031965192813515918	0.31483694317561295	0.32769032781630891	-0.13273710565424782	0.22820752481336401	-0.094430193213460634	0.12195169745473623	0.24366166844290119	0.041958285709594589	-0.17051045909056345	-0.27319072256857413	-0.092241416050930461	0.065864153359639591	0.13838339598860674	0.17101167645334878	-0.13607548103686171	-0.18520054545145431	0.095133151188600829	-0.31829366071509224	0.013029872019155819	0.13104666652776503	0.087397150064372958	-0.24819380517638881	-0.57057057892701601	-0.4019993504845189	0.31333658246742829	0.050271576618607934	-0.10206547962660641	-0.24739217413402836	0.19383837738084969	-0.17507535453351533	0.17960187743020078	0.34890583344127035	0.02869306904642514	0.19650656435132929	0.25882319224403999	0.10582601490823343	-0.20520953950862475	-0.44842104531763749	0.24452975941905522	0.36635575033566942	-0.23740842679959168	-0.12256248924872246	0.30311105442426023	0.11867753894150521	-0.43113136443659772	-0.22277410121389973	-0.2138490057661013	0.10093202459373274	0.55343844571901291	0.29174768270584145	0.2605899487692524	-0.17884705644283419	-0.073877789996427121	0.35568151996712005	0.10193054007881605	-0.44348009117946019	-0.050658245246242101	-0.13503929316832028	-0.1258103867309576	-0.13469060608610203	0.17180927556061346	-0.24228221721689755	-0.10912006809329064	-0.18097571411446772	-0.24339752380678067	-0.075820259604548232	0.17733739015470706	0.083893034268281055	0.59930187903269794	-0.28136493723252654	0.56468203272333872	-0.2085695225473635	-0.41678798157849728	-0.23064596487165498	0.21453489200871823	0.067807793061135144	0.15979220336930886	-0.4803496620229436	0.10748787921317571	0.29172980991936298	-0.46295341697580367	-0.00469594217244154	0.27454585752925853	-0.17411595086762827	0.0398344478619619	0.28702903169765176	-0.30376503301368396	-0.043709214615952369	-0.6259372627363855	-0.15586124439186508	-0.22884779245021952	0.30961682039297633	0.061083953432810673	-0.27941662280057405	-0.030540915115884682	0.069418194865443761	-0.2363208664298076	-0.069967419585867094	0.16946680464090044	0.31186236453885557	0.22542765792541147	-0.19029849727153247	-0.18969082333758763	0.19018065988096836	0.14155582366941541	-0.08557310380794543	-0.27611490109799952	0.021780240811188099	-0.31790585723467474	0.088275094258125228	0.5023071085691988	0.099083445237530141	0.45420971822999667	0.33669471735427753	0.22156134002392761	-0.058632520587786459	-0.28832367011379573	0.16189776241571555	0.098043819972491827	-0.13368284223428112	-0.10935058494695592	0.068329507148530963	-0.054110801166576322	-0.14291738757640671	-0.12499387349967149	-0.015741754502692131	-0.71364873069337142	0.029201728918243634	0.4860076295135668	-0.099493191236689607	0.32635569458985947	-0.099211038808218577	-0.44904711352458992	-0.10573503031877773	0.1655366141040506	-0.036494948007471974	0.15739323111303033	0.017604943419292463	-0.76559446980967094	-0.0084095761678074019	-0.25625650847056369	-0.23066126390195993	-0.20220461471520995	0.051845342843147166	-0.010172081985536216	-0.11640672443767823	0.1230077574080622	-0.08472915850167069	-0.011558557798587324	0.056062710515504238	-0.29519408830011923	0.25956736922795987	-0.23703838102760638	0.11555672467443898	-0.2267327802531314	-0.38536393633570021	0.071290081577122383	0.092039157629863144	0.090042449677039157	-0.11566754335410134	0.36301927748362206	0.11098663148683897	-0.016922646146660392	-0.27302631613214168	0.29802237988289498	0.010266234323922013	-0.29892710276712597	0.19551993796326431	0.023902262649643822	-0.081831709098401942	-0.13606069313526351	0.1815302741541471	-0.13835297902306071	0.053364624932973795	-0.033782477603923715	0.15631633710181014	0.12313933746226224	0.028868916033677267	0.12920749315991698	-0.20377531433291607	-0.27712675733088521	-0.010444889306399882	-0.51467114466678576	-0.31313085598507595	0.0028741258187993547	-0.22735679633024197	0.1355811245679942	0.086598950068111205	0.51139396528382042	0.35529821662063521	0.18072536515775681	-0.026075540758083788	-0.10610255920575207	-0.019640548479851232	-0.028945673411564173	-0.3911545720771174	0.071690295278869318	-0.098721296429601618	0.33495084413260545	0.073461588405869582	-0.26572274240081217	-0.012397134035717612	0.52326626806104715	-0.15852266776840995	0.27783631518953739	-0.26823259805610367	0.3138859430993674	-0.070633983642617776	-0.26372852909041483	-0.050880973998562416	0.13363368561138952	-0.086806375026014945	-0.12355356428743786	0.27849740804097861	-0.24486530911772658	0.019429897862505461	0.14670769987262255	-0.42921930759096405	0.053237730459451973	-0.038005366770373701	-0.56688868009178939	-0.2706803138193975	0.075594721232966122	0.25866710581403884	-0.043836319426301902	-0.18800332554915353	-0.031341594258402085	0.41054236782607201	-0.064542547463968536	-0.31088636871553393	0.14169427890652508	0.013771456254021548	-0.21553280965237911	0.00038856916793147934	0.42523758003448892	-0.27124963894380766	-0.11602758747595988	0.27578967557692752	0.45904703665543889	0.28553460575570611	0.26789541735003253	0.24901536221452872	0.23083256634739055	-0.26310056616815547	-0.16249002540422564	-0.34401108154100818	-0.50433445921051046	0.14920110546768983	-0.18699326847810038	-0.12838705074305137	-0.093833539875981767	0.090342368850888491	-0.078927361470270907	0.034834648744405783	-0.15211037993681981	0.089440848822323255	-0.051917572699681891	-0.15145986791000712	-0.060850666497330293	0.02262408694255701	0.24782071222911256	-0.44836262143797845	-0.08334051757746716	0.10594407687632841	0.18226553796883513	-0.34427188993654434	-0.18260747202703673	-0.41997490857209507	0.093726432881301489	-0.27468877042522494	-0.21683356656235991	0.43943703736451911	-0.12301607342374289	-0.55845206305088546	-0.041584563683991382	0.12930041160523217	-0.3304723054732524	0.12586598485390771	0.15826068438707172	-0.13877405520870836	0.23799410485965924	0.21958070638076668	0.25031696081137306	-0.33787803745519501	-0.087721584595423605	0.0786488523028539	-0.42894974140325998	0.1420145967211163	0.13660064798419574	0.0095636560751630375	-0.19424142023095337	0.40126129836676028	-0.032723602405746934	0.26857260820058609	0.11983194771916469	0.42984202520401343	-0.3077353108712701	-0.18168972075494155	0.028311256435722392	-0.39810465275985518	-0.01378817182788126	-0.094925100905710824	0.20987895326410791	0.46412928040839618	0.10236244638481293	0.48930098766063507	0.46869214240652401	-0.30456777618508812	0.15586948294111494	0.15451955219297653	-0.070116927872273041	0.4793960289695085	0.58149676083028223	-0.065335158559409176	0.10556953918613338	-0.35556499554145943	0.45576822536723327	0.1444179229002312	0.35452324345841046	0.010315617756735822	-0.10830790862900228	0.17097735960484303	0.19976507593556814	-0.14292974793408145	0.34525724897684479	-0.077279815975741059	-0.2837442532719695	0.1484546065675928	0.088052553318898566	-0.10335420296569031	-0.11915420413561724	0.41670975135177885	0.1632980997531483	0.11122763334664061	0.076382268465392117	-0.34480358534588318	0.053137538325932814	0.81318740827520797	0.019330328746462799	-0.25234510023561613	-0.0071481185073829414	-0.61101547085050711	-0.04532011599122094	-0.032429327105983403	0.073457339875830543	-0.021223133944749551	-0.21275975305139683	-0.28037907547285496	-0.14267901749590176	0.16929279105361231	-0.11420190604131079	0.36677396789424294	0.1707131610569354	0.043987104315106121	0.13179871759005377	0.39836362229146699	-0.23904071124202669	-0.19699252561697697	-0.064027633741011739	0.28590640129211237	0.34081501968955136	-0.12928583063136198	0.14459227882509326	0.17909955564797367	0.25513616098289466	0.11943872127805406	0.29390619470405477	0.4292459912390299	0.36397194691084794	0.014118482881595951	-0.17538879473473371	0.26848343115756829	0.091093078696021332	0.025479422578181046	-0.12923193634069108	0.049264760561703029	0.21254812259097655	0.058082967228020789	0.18994860388781665	-0.19872121496525988	0.12213080250112161	-0.16152693704427964	-0.40487516095760723	0.28592541801066035	0.23771375221862887	-0.16359150428095476	-0.11806016400437795	0.22671317603674734	0.095205085111761248	0.14368818812928247	0.34286579558382901	-0.11793532629160583	0.028550791836826746	-0.099162730453711129	-0.035031634853071106	-0.16140574682106346	-0.59496534177779015	-0.28489790069654652	-0.35280579107884374	0.20744537584322878	-0.2594915424216121	0.0078636597864130894	-0.071430886624268775	0.33749383164583652	0.21584287713512038	0.099643453596109766	0.36377964016521247	0.11867719610338889	0.39326379732717709	-0.062761860983580303	0.073837237474939588	-0.054996626581426164	-0.047935644573513424	-0.023168047863919877	0.36654137965056705	-0.29663729495073393	-0.33733253964476678	-0.026738466828596725	-0.14971575854617913	0.00033398792384014875	-0.023184858997717606	-0.40011094652309476	-0.080702528840387755	-0.25817343328544873	-0.21129717146107357	-0.12216556676636973	0.21759506338618093	0.17176089733483615	0.06132254826954834	-0.44522790251514804	-0.19024974758748706	0.25719814495227711	-0.0076260749052487874	-0.091150759891548389	0.240035140301116	0.24867750433042482	0.15316486637979998	-0.24586473382130281	-0.10283791837862966	-0.036981680073989838	0.23975882722743255	0.093790016032095261	0.19070846259696148	0.2280106624701434	-0.10571255942052704	-0.17961077219311899	-0.015591674313891284	-0.24842395117438112	0.12346489800157896	-0.27686505696195823	0.0368723118940186	-0.10395156248379418	-0.31970863199431143	0.022246356659594162	0.095450510109878386	0.28762779492021162	0.1495858796839121	0.33269034426826205	-0.41383000705285361	0.29622210278679767	-0.62307739826742015	0.053723406352643208	0.014062295862002304	-0.04824715911689751	0.063956074417997041	0.13536967457229968	-0.032851430065804293	-0.016990200852978508	0.23175499057973942	-0.053400438113683474	0.3461899097387372	-0.037316816721248536	0.15490270481332893	0.13360677754410966	0.21463321160633858	0.094422900616733405	0.23937294639986809	-0.07836798882757412	-0.057829758869220642	-0.16628829465453082	0.35094717591811181	-0.13200796062360451	0.37187923404789508	-0.17039113605713649	-0.41716459376248549	0.52639363539913164	-0.5371188145109741	0.3847206063926667	0.17010196649216339	0.61175016995975717	0.30271552964517462	0.0093099189586264269	-0.012221931836381851	0.31192540559568915	-0.0059658598766984998	0.40844795878409385	-0.2697249587670153	0.00065682125882731194	-0.173353493983643	-0.16005806940762038	-0.049532616023099107	-0.019305793863439932	-0.23491473987242337	0.18939679551905633	0.028562704873515848	0.46189703683300809	0.33816454143732461	-0.14109284093791	-0.18756923916711193	-0.69558585512116833	-0.1115645072484608	0.15592961401947461	0.10060386590519788	-0.21863440138671658	0.012666485623099593	0.25317796762298334	-0.4345979113017438	0.11280618531477569	0.17919118790882366	-0.012308931859933805	0.018140030855466106	-0.58252050047636228	-0.17774077997601195	0.044173622483947232	0.39633520448187692	0.26338984672483173	-0.2225029065283225	0.17075577093295852	0.1249495920687653	0.15506154967303126	-0.034446935415653961	0.34860535490544092	0.20010800787289365	-0.2646257109657828	-0.19995367902316766	-0.31791057475961054	-0.085218317267515803	0.19889761183324525	0.18686852085957165	-0.2321163610140973	-0.14342886581524963	0.0064906767225760302	-0.37512705484283637	-0.3368720955230658	0.29373134102388976	-0.019328972268421649	0.30893718898616457	-0.16495026927073486	-0.094482253288650869	-0.1384361754385865	0.18807303986158436	-0.1577226601270528	0.0029258490777848366	0.26669948230844803	-0.16344594315775063	-0.39700797277581901	0.40549633986861711	-0.32900671424444061	-0.55103289192064164	0.059021099815782817	-0.30395838588530694	-0.024147689438950518	-0.12106373533222489	-0.063915233094406748	-0.3546258530331633	0.28442230767755045	-0.01050312595615883	0.23037070417896843	-0.14809527835115441	-0.097258148283294099	0.37206871611946385	-0.36607403534284494	0.17583579753601136	-0.04780994614012226	0.26927267198674643	-0.014678320134535705	0.48829333565357536	-0.13336835582594433	-0.22731313706867323	0.21913102479012764	-0.097531910008482575	0.085336774453946926	-0.13768493200758458	0.019582127282162819	-0.034339376276000776	0.085613228461012839	0.17721022687853444	-0.38109022321252239	-0.51986023322503971	-0.21743990567538304	0.077326083764717335	-0.28640350685482985	-0.3951861063560384	-0.14590819846784112	-0.47873599401129013	-0.29403263097804666	-0.38089198965390475	-0.17042954458120599	-0.36256177238676146	0.32358449548841639	-0.042313374961379761	-0.1939764633534366	-0.35357429084848974	-0.056423520233000214	0.1046688947553788	-0.037252134123486241	-0.21183744095456222	-0.22694477764541005	0.18061960450952091	0.094782839328932875	-0.074493545257658972	0.18733707251781381	0.025771222298134902	0.13670256865855529	-0.0061896336065281965	-0.0081453538540558808	0.19333822265550604	-0.00075855030935935322	0.51127055831408519	-0.4566464786230594	0.072454778416186819	-0.15319995545754447	0.43355241252811799	-0.23194848072015778	-0.3214173466805274	-0.14662763171993434	0.31407120893506796	-0.42373600083860502	0.054547550282306838	-0.22565865043690733	-0.050517987356574846	-0.33509214455453712	-0.22209319548811723	0.087082024206614803	0.087842773989038753	-0.093926310982732533	-0.30048370563713755	-0.21825042910372178	0.039684193606787287	0.083787752528473314	0.0086845530409198641	0.00012069410842323458	-0.016902214452630862	-0.066460787928166717	0.17027206136374037	-0.040004276369631879	-0.082317795200389648	0.015761182596963647	0.22791285887991547	0.12653485355602992	0.57008183469102103	0.281723603711934	0.082447050958535453	-0.038767342821806959	0.33372811716792672	0.10528067822240925	0.31453851969307456	0.33842621798820166	-0.052521171959296488	-0.08727185236354712	0.056875009105707287	-0.098525274424414236	0.021021858926701303	0.024419906877645489	0.026559697102216808	-0.01857415384916216	0.11445128623530608	0.2409075912832857	0.010209612657083401	0.048661724112149411	-0.040513237776207425	-0.3120233311627873	-0.21252483968152969	0.21533951233378482	0.080192484163291042	-0.053431513125060455	-0.35817042904714647	-0.094685014183405414	0.22772712228874009	0.2299261226938156	-0.10521684995218725	-0.18485672480116161	0.084205354846488403	0.20091553504857418	0.26606861080857741	0.26417420514885748	0.31482325021388546	0.21768271670360448	-0.021344540109328264	-0.26624750527439112	-0.27203972340360782	0.11464710436790519	-0.18061407502334612	-0.039788950997566755	0.23070465976218579	0.059696569274285155	-0.26443205715732271	0.21535017572172899	-0.17876657608399141	-0.0020956619066904514	0.3888231618747684	-0.12757951126589664	0.45537802643759168	0.12324916673964939	0.078940313051482427	-0.10815161602474846	-0.19240492672815829	0.30627722589851042	0.24273529250701764	0.0060560032090683372	-0.24235189111320599	-0.3353132384130969	0.038179664085772204	-0.095236472520248527	0.12198402804695868	0.2923858004096373	0.54450570913539709	-0.19433290108011797	-0.14108526728029433	-0.10781616053660674	0.25163668695145924	-0.1195195930684007	-0.088682690703491468	0.16332618710846791	0.54422028546791856	-0.094326534504885234	-0.15773676908229911	0.30522530245137552	-0.33990414560682147	0.38899827253786895	-0.34842929255204502	-0.093807082229944688	0.024220458023099606	0.080433347996519758	0.15635894347134566	0.27861931272107743	-0.025809533657282373	-0.29515998547425343	-0.31776021740341936	0.12523742605394148	0.017824742101441152	-0.17149910671076971	0.25719534929611731	-0.00022430069656871138	0.20952481617271948	0.48649178603802795	-0.13736679007208191	0.031693263848598344	-0.13334148055727527	-0.21754568136580399	0.076933986324433087	0.068771049699660372	-0.098981838487863558	-0.54876455886864817	-0.02157027874378804	0.018333509724280474	-0.13433744270278608	0.31016029875715839	-0.42949433776518336	0.2328667386024057	-0.47436189017379848	0.34517106970121436	0.14472500823327666	0.30480355248406288	0.45498253017275497	0.1208813372133926	0.11472295626365701	-0.098618239375773104	0.35972934801849288	0.51863829707699272	0.18573893321320123	0.73303566197682424	-0.0089581723736396196	-0.113117288487733	-0.16975168699771295	-0.29307632606768114	0.22594794542113419	0.14930538086504416	-0.17876903751649181	0.17521166093510621	0.020593060516011511	0.045347980966699113	0.17771605936522916	-0.17133580617935226	-0.24854787067788939	0.27736163200179947	-0.17072035566626614	-0.20129440271997576	0.21562370797298588	-0.30634649233101374	-0.2914979340258384	-0.40153442685144425	-0.12812126898712187	-0.46851876805276993	-0.22194147147756885	-0.38230565659608406	0.26060234161869728	-0.24408374717683343	-0.27726742147644545	0.043951135615423999	-0.028192799611767246	0.52973475091136146	-0.11836444065184601	-0.042023941556193697	-0.3077476974477264	-0.46459019352246406	-0.038112959747614902	-0.086461987362979456	0.047587535063874614	-0.1597641498914463	0.090694106616110645	0.1336104350485674	0.26174029910367763	0.37380135025718197	0.091679359515309714	0.0838677796445466	0.090854116909338672	-0.41804098537447976	0.16769990947577443	0.087783831751824401	-0.10114500848432301	0.25235002859732036	0.032620013410821463	-0.11172495908035773	-0.13442406499673618	0.067281482012799806	-0.03381977352510486	-0.48905912089452175	0.44992406928341505	-0.45926799203947416	0.22817802226839293	-0.10681685273344418	0.062078376287469247	0.17519844490095238	-0.34652255171535351	-0.22753722264278342	0.14150685125355822	-0.6019222315705699	-0.076475783187759994	-0.29613575961037797	0.043935236921182098	0.37380148247447903	0.15367265557422513	0.0559831784312433	0.018996130855674118	-0.042340727942632612	0.35572061462023041	-0.044431184873409454	-0.17396506647323287	0.024028252197613266	0.10134342538826523	0.061977672076820041	-0.18098957448781361	-0.29818865210564771	0.057710766337805586	-0.32357274007138387	-0.37250706579365922	-0.23572183404880867	0.031114596476143255	0.05526403132068184	-0.084316021224681195	0.039533804884149586	-0.26827737516382505	0.55198356908996971	-0.20558546347046444	0.16047018714776898	0.61648247801519718	0.1780147644406665	-0.19261411113220361	0.054205078919560903	-0.20218500668167505	0.020246926920088785	0.033926885943416925	0.07321414933595051	-0.33427154880655652	-0.065203449048315182	-0.12752318367491108	-0.21347134777131768	-0.092241437611996907	0.32042381020130867	-0.83345007561953077	-0.17872678850753948	0.40791410601204986	-0.38814593133878983	0.13903108120063426	-0.0013913261261436498	0.247727891419353	-0.5327791585437518	0.37998305189982623	0.087406126069663262	0.1635160897741563	-0.043532504092617462	0.074879845581619364	-0.19184633041001334	0.080984111734747996	-0.13339913131245512	0.51698426088392746	0.096407697275270474	-0.46152331079070241	-0.070604068937351272	0.17750115708831207	-0.4266278135219157	-0.18247414300903908	0.29699857524604117	-0.24446395095881121	0.25110962127878456	0.20715071492781861	-0.10223019149407325	0.037804560116841836	-0.026228686719915278	0.097869120033437215	-0.063700969063163457	0.0070814739845330979	0.23187879105425729	0.32621074842729808	-0.27991837862003482	-0.10202355337755974	-0.43343022456341895	-0.050720855886901353	0.077922286302400903	-0.49984864845001181	0.11437521446694263	-0.31622123009445913	0.26475624596156433	-0.060052546534107708	-0.15158845359810866	-0.13051569376309535	0.15103385834606653	0.0083566601940727771	0.00098357646525288646	-0.21138712750873676	0.14970251530759263	-0.043882681495391873	-0.059098113857142968	-0.11838692087349764	0.075086404332778717	0.016823310815779272	-0.37071454569023271	-0.23618079028739197	-0.16851537949934359	0.22812792843811688	0.22800740516297074	0.0011434732729223079	-0.39046499899868259	-0.53309945461728692	0.14159920945725596	-0.16437462316294366	-0.19781789954790158	0.073725580401735685	-0.066975044633347317	-0.23404994542268617	0.31014271595839543	0.02274422864549186	0.16015727841786367	0.14818361807226349	0.0028641318702425683	0.12370036774174839	0.2756842585543966	-0.32310227395819852	0.43737076344588471	-0.35979506369153796	-0.26850848979165071	-0.23181012222661823	0.35849364533723521	-0.29000296485138055	-0.11101640623948232	0.04583534085415529	0.063275628098464001	0.35308215799741516	0.1475457028735615	-0.081427162108577422	0.32896459558109425	0.32125346502887886	0.27505872543397109	0.51028442802831098	-0.23350569001307928	0.053412304191018958	-0.19693117312468214	-0.19832976426664006	0.22461985536062923	0.10686077381520526	-0.12799465820665265	-0.30821597585656074	-0.050580173360890011	0.25077634636934815	0.39357025699018827	-0.23118072339247672	0.089941160159998992	0.22650216292615857	-0.13645735153965396	-0.10866907053407614	0.23714967119811398	0.020718003872495484	0.0068808482294876547	-0.21770885246133262	0.20895596043796194	-0.095505896527487574	0.24905023768737106	0.11628370685702769	-0.04212207828653864	-0.25825590510126112	0.20200690570798965	0.097228363533294795	0.19879812104776029	0.15076724287838866	0.14181176020287481	-0.072445015569858398	0.15155335612084914	-0.29978935674802099	-0.15476124492599408	0.23347461530470701	0.043006754709592608	0.035813523188492409	-0.11631289150381872	-0.32718264073342146	0.34235350885086252	-0.42886470996899351	0.17383052827195519	0.069312374360765011	-0.032391989397729318	-0.32496288322822209	-0.0053873268348556252	-0.27224773335705621	-0.18841264301807539	-0.25243059877020191	-0.085177749719298534	-0.3656041821917182	0.15619525230066611	-0.45422407871215936	0.22691717849154133	-0.29546235136363852	-0.16051235947425957	-0.31343670609257884	-0.061603238352938225	0.29519468981518865	0.21836356487760517	-0.20111233612161936	0.035153905172364774	-0.0088050717413676299	0.33069160289532246	-0.19428805540011204	-0.22322245106363442	0.568527842008551	0.21684602025083066	-0.20591293440747852	-0.47610044487873926	-0.18779115790255252	-0.12460142674499192	0.34879990074445172	-0.25618511722484338	0.034483861840373407	0.18361266714187024	-0.021104258160863462	-0.47553457480887629	-0.056513661309111916	-0.088557239388450476	-0.079038265993381915	-0.27051061590482206	0.23568886480656592	0.061064607564841382	0.12238396942738369	0.08291939264221862	0.30289608899739051	-0.48861421126582433	0.39880517997446507	-0.44866563974431867	0.18884519512713985	0.13524086112635852	0.11323218941675903	0.077992637543889493	-0.40578137483774612	0.042125049956884368	0.22449386678965458	-0.0028224386716738156	0.082500617481027827	0.043325188017201303	-0.062418700593738337	-0.041988163443828136	-0.068828495967044739	0.21853354062848351	0.045626850394776305	0.16735609727847245	0.012360184706143586	0.17674077711610636	0.12885704644675272	-0.27995230133309584	-0.013894442630313419	-0.047992783659697003	-0.27589073387316443	-0.18944634191390591	0.37337951980837925	-0.361684225829771	0.040096155262115615	0.13025221299611253	0.33710733375887236	0.030300809803832381	-0.39893507745543622	-0.24132637257470638	0.35917354060353618	-0.16672544533261058	0.20689388039969989	-0.30863678598362293	-0.28672277874638391	-0.26749552521113434	-0.057114403596430663	-0.35504495874368286	0.46110766029969319	-0.15246964295756404	0.40361121806541927	-0.072393210882048378	-0.35973480310475758	0.19359454354795338	-0.076305939174069526	-0.46259483366405402	0.060117835516828984	-0.071592064656284704	-0.15316047666350274	-0.013245720564172008	-0.27173198755356004	-0.033154808260355849	-0.23453836518604598	-0.090439451743289656	-0.4455625663987407	-0.0062814687285114223	-0.23634646035830195	0.21047903127528766	0.18239343890251342	0.030608516105728709	0.05774640976663882	-0.22794091745347761	-0.020525925425246064	-0.079569906942552587	0.077736518432902052	0.36890172418215017	0.12893695561340274	0.3650770481892765	0.52286128659206033	0.41758797655407909	-0.19385221716811593	0.27791296694075662	-0.60932378181085145	0.67715299669857965	-0.14368629648266504	0.15121520181868309	0.21831561890026782	-0.50534515742983477	0.1006142258894511	0.2273421403459718	0.23100937932279608	0.11959954842927022	0.13690345364098228	-0.10663720544268963	0.055275756851975784	-0.048823499358040486	-0.16286815078742661	-0.51179199132436559	0.0041378931691952951	-0.28311646339561591	0.29843345085157824	0.12151052897048738	-0.038942953419455383	-0.0024995268735176655	-0.14374428970822201	-0.06468385520806462	-0.18274517139607624	0.23246796515118501	0.22022432016410079	0.04803698616360591	-0.22705391584660528	0.060360034138776851	0.30151770437673037	0.0017350851725447963	-0.13529469045207743	-0.35450020189765935	0.43548441848637248	0.027718846664309838	-0.32896760376869227	-0.33005302483540916	0.10941828100271779	0.11178432169709832	0.060409944692756685	0.37915239930605399	-0.38839727133410901	-0.3074327073205485	-0.52013654877987447	0.22178970017678662	-0.20508671215867325	-0.21196173669691842	0.22243798678659304	-0.048576970543514425	0.52849634961906478	0.19938769535546413	0.25620753386535722	-0.18639668961933314	-0.0038814539724643478	-0.016458015495834311	-0.57088666072303207	0.048953324135853633	0.15071451148336207	-0.60633730806967034	0.068842010820370322	0.18928632526657208	-0.27147895520646737	0.5462036955882783	0.24792600248318059	0.17315528621315926	0.13063761140353009	-0.037711869285442921	0.0032899263736835757	-0.013595027667569565	0.03297181464140464	0.20340564092941854	-0.20163218654504869	-0.13102154892012405	-0.44661804375290443	0.072946665335983957	0.058769971369177651	-0.036419998921082851	-0.047238633389928023	-0.29732687671295871	-0.093349443066181773	-0.060212910698683515	-0.220003563443398	0.21491483455479066	0.12181239458304988	-0.23278262403553196	0.090915504259117319	0.050330343914752843	0.32107882863564358	-0.014134629850155598	-0.23957657143795072	0.063724505696355363	-0.079072097748562387	0.25341480325326321	0.29649909806484048	0.28459473562770465	-0.12609720072189323	0.31891875336702047	-0.11426348509970422	0.048656663008335363	-0.091423072766877084	0.34743088736542493	-0.26768918445722328	-0.03048939577454467	-0.043271555434634693	-0.14833743155845783	-0.043956764986825547	0.2309895754836849	-0.00050328967094026718	-0.20276727633168956	-0.13052111497124319	-0.2478419477661026	-0.52018549550287663	0.17123598235084919	0.10801460107417596	-0.10508538269460778	0.048532112313288474	0.34381968409299607	-0.28734625739602487	-0.36567910402141995	-0.018154093256647404	0.35589825820534376	0.21717509704382942	-0.15797175031150584	-0.22289447824618747	-0.2525684803146277	0.034073365788144648	0.3829612135777834	0.16337942091580368	0.14809397125167412	-0.0052158734603217774	-0.066888803539185859	-0.4352812544133296	0.31278178370015219	-0.25992920281440329	-0.28570048798167547	-0.065080790635488911	-0.005714647764722228	-0.62056592714362535	0.13549797128560254	0.39809128940495303	0.21618946670824091	0.060457712690038343	0.081533853782396276	-0.19989367366236052	0.24940406677130678	0.34671933560733109	-0.53757022007170807	0.42045804789481916	-0.16598447526243268	0.10386154925692412	-0.034102011877594318	-0.020191520813279271	0.41067101180790933	0.047006073195062822	0.092976433098061695	-0.1172155871405854	0.22854709925853017	0.40141431556866841	-0.30622898984190011	0.31953764736325874	-0.17395458015158058	0.25819829303178693	-0.52030348415767413	-0.19846209386081429	-0.24021369323471245	-0.30886495336162245	-0.41325682156146304	0.060921917082586	-0.28709868387343634	-0.22168121707717173	0.013297607816683323	-0.59127281639517515	0.32441450878451711	0.19316467074793359	0.29952159888340546	-0.20561060891562749	0.049794673742135344	0.22213403109861871	-0.069175811379902058	-0.36491095722857497	-0.38357115189268243	0.08593663841215668	0.25742149212502907	0.3454103235816573	0.011335073417689433	0.21719600359783287	0.29737158413348108	-0.087215513114524607	-0.21020559829812452	0.15146711164578427	0.37722956658141532	-0.37096611789275713	0.19647720131404775	0.1076647153909959	0.059265981817574101	-0.032049263994123139	-0.46331621565869585	0.11126412758146334	-0.26696175534998101	-0.013218067021797213	0.22743867875478094	0.39804889600177584	-0.2112708273933441	-0.049369021525989966	0.20661247273788608	-0.02326371181563994	0.013788667383656254	0.16969687591094362	0.45654122580839129	0.13774452211245383	0.012943756498228225	0.042475566668475344	-0.17101412199840213	0.14525462098947156	0.35420465055773448	0.032668883681876183	-0.16737855429138196	0.28535973143134996	-0.31117939994270671	0.06607705919449948	0.25779093377174067	0.28896089181678997	0.22792902224706854	-0.3551187400121899	0.050740877222372964	-0.28404218326690456	0.36237764049680676	0.17976248962075944	-0.1333618039626796	-0.18903493445813221	-0.012408871302715672	0.25387029373992365	-0.11461451848567944	0.20996041425792794	0.54498842773974099	0.1038057799535177	-0.246312614107385	-0.4040997750455681	-0.33771552808815547	-0.12338092950564467	0.26686594760108201	0.29522107712152823	-0.044801538195724369	0.076259876553156788	0.040787863854094573	0.10519426342458844	0.085962263347697146	0.22106197167916614	-0.14487146442591262	-0.062576153915602603	-0.35843653426314342	0.079123488150353777	-0.45397696489817313	0.26029933031567715	-0.50219556452523839	-0.11221295704782248	-0.13303928905856527	0.37999778134286977	-0.14489329189432962	-0.23333825857735788	0.22413163514821477	-0.46928087624924542	0.37334448533285008	0.04753496783605763	-0.30543263149911803	0.01792232879501756	-0.15389378568027171	0.22829564447467457	0.068483012337001978	-0.14196539483640808	0.35485333503804983	0.11968118896428227	0.037020877156469269	-0.042033320548719215	-0.070669206525549241	0.065890068214509212	0.163348824086056	0.031067504761234488	-0.17278809233064227	-0.0078237654895641825	0.26725104516473924	0.072743736132739212	0.097483972916769537	0.18470393002325641	0.10444502880012055	0.073177021821519125	-0.059848342551280721	0.13720656473492518	-0.23272019486424528	0.063633177923172704	-0.39031017354003023	-0.043691194447296376	0.28693142884205708	0.47376685553699438	-0.53896009199438255	0.08191344474417056	0.13204874366616451	-0.28815322634452478	0.83887233886640511	0.051317875124626711	0.19066577758742678	-0.088398895819036871	0.074126169175500634	0.042929485358559165	-0.28509684080120623	-0.20242729808521137	0.13289754687949601	-0.23361712653003835	0.18726257711288541	-0.2016594184471503	0.18554026593228251	0.23627937318387573	0.29635826227349454	0.015268120731835588	-0.53694075944711195	0.068635575015213932	-0.026741037269541867	0.11767223602796689	-0.098479229405150998	0.071367177874397336	-0.38113808734508225	0.10384644101065672	-0.22382843976869815	-0.1918056668165134	0.23949781560284153	0.10666401500882083	0.66505251581959135	-0.35286895996572809	-0.0067757281797045047	0.30315006059896149	0.26155935102213229	0.0031464073782636495	0.090027042314685252	-0.16713060137578284	0.017359498253318947	0.016821806293096039	-0.35011552898965603	0.0021436794065012839	-0.065615456666826721	0.19421297218109029	-0.021382803815227783	-0.20646078337821158	0.20681422247213813	0.13041666362815144	-0.15998828038748467	-0.034497771296963776	0.18875161573287089	-0.23813104238572497	-0.023965849345919402	-0.14951434697743915	0.34813470741160757	0.063249482792576348	-0.13368232278393916	-0.035884328098242581	-0.26405111551186455	-0.39658661071457235	0.35406258167613164	-0.052310045264680673	-0.043817187762524017	-0.069729493190801697	-0.16655781800212688	0.037027019393084858	0.27148556711628569	0.35238973122251749	-0.40149334460695607	0.10095041114755501	-0.21729754267384033	0.026525847335217526	0.25590686171257421	-0.12496576652886757	-0.46646426495436222	0.034054324696411217	0.13845130512045875	-0.24217343133406613	-0.29211510597583495	-0.058414053391617121	-0.32658833118861519	0.32306107113383103	0.1726962482871407	-0.4467290727106531	-0.38817680126273812	0.043253278037899863	-0.060818553370923373	-0.0025803832707665428	-0.37268786597109987	0.014241114878462677	-0.071461241955760993	0.19769173153646694	-0.50039989790556605	-0.17474937027897028	-0.029498226823470763	-0.099656549266248312	0.087536118424792767	0.14637972974317615	0.029665999368025463	-0.44119148027338073	-0.26649032397514816	0.1118064399749383	-0.061514704153227517	0.061195608990149454	-0.004753805527247512	0.15094976145899139	-0.13877506114685939	0.17791227780143593	-0.12433492443387222	0.11744276605873075	-0.19711312840874831	0.021891217278142892	-0.27032517536668332	-0.097241706626879545	-0.36416063757978867	0.16096487242029606	-0.1168106870463706	-0.29313972783275299	0.076271060503379923	-0.045484455083916096	-0.29708886564175246	0.096034213671994717	0.072807286342426766	0.17259617235956903	0.031943564928496058	0.23031873482365642	-0.021089730683331531	-0.11487572139591957	-0.47381034826652774	0.22891679908059059	0.073301057179754908	-0.23736357566925353	-0.21200895061264194	-0.18408864991716783	-0.1066621718411027	0.22049754409826355	-0.099531972476126024	-0.22725105607526475	0.039252769316954095	0.17906846139166607	-0.24887922398072115	-0.05554656324353785	-0.21396823499546277	0.38309764777537259	-0.24194370828286385	-0.12361788511039885	0.037049768587312834	-0.088976548482762333	0.44478136643907873	-0.029443765453353872	0.22165160538078821	0.17171268805896156	0.50877458450581325	-0.033150457372606919	-0.36546951332331734	0.48539421380071585	0.027180819691496973	-0.2091996260577943	-0.16771820188624087	-0.40462464407405402	-0.038526897200783575	0.56533713977230304	0.78608423754374768	0.4988919196892464	0.072424658695856944	0.011699436149090555	-0.047096860430832325	0.1364120618525278	0.14659165192810544	-0.24669768491693697	0.099355769378655784	0.086434956451231448	-0.0527761503916893	-0.14959934599788841	-0.35289762809373881	0.29176164616074118	-0.35288576448277353	-0.052758655800926292	-0.1665069273672273	-0.33314163114821821	0.10855523271191174	-0.33693848987552188	-0.36969802064680918	0.04142327389144413	0.17255872648719367	-0.23111269961573666	0.26519798950378132	0.47062720083955134	0.14330201910642498	-0.17462035135397946	0.21621307594591327	-0.010419348371670342	-0.37173244237321368	0.096453338310925785	0.23451132862207796	0.04782660357165968	0.18893942337658801	0.56543596607384727	-0.2267459192074463	0.10631937701364021	-0.25457629785810226	-0.63799175052640156	-0.32149835670075566	-0.044882386953863304	-0.46255561668833545	-0.44392298142915387	-0.22502920303959081	0.003669895628114202	-0.24123948383858843	-0.00083743339581551465	-0.40507343996497702	0.087583425478871962	-0.34978256908141214	0.38837840066198814	-0.12084631329369482	-0.7336549533764597	-0.085606152001850178	-0.072448454976862198	0.092752846727885127	0.18862184811788335	0.35776609289423805	0.26770285697615848	0.057391481822210752	0.29669275433855397	0.40594586364341972	0.031196417340873802	0.19934975604623914	-0.25791435082304587	-0.085655577793093587	0.18405368478241296	-0.199907873139655	0.082710360441219238	0.10519507272267854	0.23150683717836132	-0.31127320259670332	-0.063781749891797981	-0.10467507294142514	0.074299534455294663	0.28825361423088836	0.21170381459036378	0.01729085459115887	-0.11758047552686865	-0.017952988342516133	0.024503361616972651	-0.34359268287495864	0.056344488893244359	-0.35688325479699395	-0.10392215557676354	-0.36172578277288669	-0.18053152417299373	0.024794191507285443	0.30951813668750011	-0.52225158927450022	0.21852679822474036	-0.058230265939371986	-0.31356356972867816	-0.071410339091440386	0.58522706458167639	0.39852559681988853	0.07211751863355241	-0.011200085716625235	-0.025507585866348808	0.2997963184138222	-0.1520747309661028	-0.28351663025339985	-0.45164354167999071	0.0085199268484326164	-0.16669591324813463	0.16334329004302303	-0.275447675865373	0.40671562247134851	0.12063487060942962	0.22926978129394987	-0.11511701108610643	-0.078764905603328605	0.29414661611339898	0.13580872911158903	0.054962096727164601	-0.26718605167823523	-0.35093298170585213	-0.044828861380439906	-0.040247032017334129	0.0063173789413373789	-0.37165632131815551	-0.13383002011863626	-0.40321271075642001	0.37213186168038442	-0.081085424033517595	0.25440291263250747	0.042661948967837628	-0.12753747842259311	-0.12507300056787535	-0.028225678451988163	-0.32424226644055709	-0.033165301103551308	-0.01861531790021289	-0.32791502135403316	0.1816218987527321	-0.1199869168890568	-0.010032864787675455	-0.21361796613420281	0.031015704723493274	0.054283572572035976	0.30794203055324521	0.029496764318681028	0.25752423606378816	-0.13751152057133387	0.31485543990718279	0.1252174311786047	-0.018435748739940395	0.085538710916238547	-0.035861962884213644	0.040055951841377009	-0.41179693208368251	0.025050616216397491	0.22748848770176996	0.072804846925571487	-0.066099530920915098	-0.19218707380558989	0.069791841355882442	-0.13995908160058793	-0.092188457821141448	-0.083829525889361836	0.11856110674160453	-0.43103730648419303	0.027672137924692385	0.10850303462940766	0.029338773609842533	-0.093686738209359452	-0.37189987980862749	0.14779159555648497	-0.19672194798863499	0.19016776692520984	0.15019513962180156	-0.026503163396145019	0.29694559687158623	0.10847147411050546	0.16247970274487364	0.095032790068420261	0.17108917512502694	0.52661895302595008	-0.24063416612059746	0.33213644431432809	0.047439919265324704	-0.12417508601229077	-0.17021163784815574	0.32382246805449538	0.42128851589157412	0.074062335753219299	-0.19763209297711468	-0.4280534985072561	-0.22137364520513078	-0.13229282178148846	-0.30045035298388184	0.23287573433962896	0.10658218381781982	-0.24580210256100804	-0.0013850462178855414	0.14784563600410486	-0.015631508922569464	0.25565355950952928	-0.0292895787422543	0.086152510043043917	0.1865424064538049	0.13264991062593814	0.44496378940048276	0.1242994290796663	-0.18925130104429261	-0.17683033048078764	0.16358997311352649	0.21538732180916106	0.22233591735260719	0.031081561919471631	-0.071204119816471664	0.059300048784001497	-0.10977256009671103	0.032281506149509087	0.054602854302701585	0.31838568018501595	-0.16102905758266753	0.27053059062184787	0.17240200232929806	0.13828939699016715	-0.027962167060824654	-0.32892680547828063	0.21681738848148499	-0.13842615082976426	-0.39751380543414433	-0.39568380225168204	0.29348064800935802	-0.21558201122063905	0.37162289356788947	0.18467056064115714	-0.1008239484469162	-0.24202348444741256	-0.15208533488904838	0.11605743463412342	-0.36087253865321056	0.22952026021178337	-0.31365794774959871	0.50202261627249978	-0.52925906444255866	-0.32392206305589616	-0.20128589267182098	0.084498722651014088	-0.21850543664610994	0.20631830749127286	0.29459859900032737	-0.12999738193705895	-0.12293027491947771	0.21978763166729823	0.039494450270026522	-0.073976007184627796	0.071880978728047079	0.44206635384469389	-0.26404265088016987	-0.47010406337852284	-0.30611890597557473	-0.36867466032461776	-0.24530103690978466	0.42486454288832942	-0.12484582537470515	-0.83008262755910089	-0.17117088127291372	-0.081494444923576576	0.059424490999861163	0.056385878844298486	-0.68807650094481632	-0.088029581473891061	0.37994804527858617	0.34690815135857211	0.23907588858074344	0.20684868642032503	-0.13863756275160416	0.14717333110682429	-0.41247621638810572	0.04940445461124103	0.47532589215262055	-0.085222098630079263	-0.083633711352107787	-0.076119156116930681	-0.3158586886546077	0.075542706533359857	-0.084107720859745466	-0.030952691734622721	0.2489574148469649	-0.18542270158900478	0.7717383897470379	-0.042627004172741879	0.264417606149073	0.54039430367052121	0.10803423581025343	0.018470360420389575	-0.11875829941372992	-0.24711999979184465	-0.12734213044914405	0.05678542029167187	0.58774933306467958	-0.27066843328899498	-0.31914114098908392	-0.2462357171953907	0.67037213588677524	-0.10521349614806869	-0.1174814297260018	-0.47371766708090435	0.2246745741751805	-0.31687272988215553	0.15558303664394094	0.152036849337364	-0.011167348842739401	0.29654166921587555	-0.25208711466155737	-0.55743159570732459	-0.044681893285956717	-0.11992661631859761	-0.056835984951499864	-0.31436780200516612	0.080054532663626402	0.13816778990405376	-0.13723118754351671	0.22014600617033364	-0.27495299512838284	-0.523246166146901	0.51463251375246732	-0.067437571154790293	0.02794388559034695	0.035639049293036962	0.21362910764254794	-0.040197979425171788	-0.35985637831562517	0.21823434521432597	0.27593517860371408	-0.014804148145540992	-0.0060336213710930134	0.010804326231105048	-0.23087330921153257	0.22728614246182474	-0.38082870771616173	-0.20022253770851681	-0.031752684170329115	-0.16430586362860558	0.15750819264355562	-0.074321338620193994	0.12559161202123043	0.15677815332408682	-0.27853012258649756	0.1995101783529499	0.18354845782216989	0.25089995641644353	0.062890509293722821	-0.28787582905552261	-0.025056963290101104	0.20037049840056717	0.30507983892287149	0.0067192296560633644	0.48417582367672812	0.31708419732298776	-0.063526564378054942	-0.085781823245059022	0.074027320195003909	-0.31024385612342581	-0.42846373526981152	0.16320949681812275	0.0058376735911440988	-0.10502944594822561	-0.077282236159525772	0.20798928253218024	0.071902769438710296	-0.0067636016562065346	0.16721628776565717	-0.20818063469271925	-0.49891418798514897	0.40792165795369084	0.23385002301295438	-0.10931240389375023	-0.079284293822025828	0.089829687032962041	0.16434800109763098	-0.020185043911706193	-0.16917691516820144	-0.41661549692345579	0.036602521669367512	0.21324964840780178	-0.048666905517597836	-0.019769331620417885	0.21622277308907251	-0.073086188966523608	-0.42176479433983666	0.40121390491213593	-0.10179687935831812	0.37868382429292885	-0.13739746784722917	-0.24756467447598213	0.16993242709683146	0.064651926496605366	0.02484029414092161	0.54714017395305747	0.61571344736440836	-0.054696804590159645	0.32341223677615255	0.23451400083641366	-0.34018433813825083	-0.030926624473486396	0.14811309442459014	-0.1653304091151116	-0.47992078131158028	0.35029823967973833	0.18484686948123735	0.078579191512634011	0.063246608031733015	-0.14321236745546562	0.068868788259440192	0.145698372954357	0.053927972009642042	0.24481259747397704	0.056916559487348049	-0.48101617166836952	0.6773150195422829	0.19931045758510274	0.20639393239794782	-0.016706209594047956	-0.096441348351591974	-0.75930300639030635	0.1082344403878522	-0.44916870079642163	0.11387028917720195	-0.27833753420542318	0.29284517455175224	-0.30308592459869599	0.10160442280755153	-0.35092974055555481	-0.29296527666705441	0.18744397426358503	-0.13489233155417521	0.089796073406792729	0.030905156309304724	-0.010424255020266258	0.011370034803188142	0.21394449142383345	0.12258459808418354	0.013987863965558036	-0.18907742799123525	0.0121228105376697	0.33406159973395988	-0.032887784043889375	-0.080965154208179485	0.16414251334534941	0.29416346415012101	-0.24909179036832846	-0.13393148226809401	-0.22521888384125302	0.042768938097930219	0.02696695608837224	-0.088139429899172422	0.0087292588393767905	-0.072292524864493335	0.26962146966873302	0.090901432046759406	-0.1167487109183635	-0.3904148997721103	-0.1838057221205297	-0.49294199619841755	0.02091435153673887	0.091985169829478935	-0.19945951304549298	0.16562941482793572	-0.24880978761211076	-0.043077343426761755	-0.28531517724130662	-0.36552401955034758	-0.042417980933371707	-0.019953971949045204	-0.09758633051245276	-0.063087670445393804	0.4020684501431443	0.13471766279442735	0.25081728869850345	0.18401569027479142	0.10234746459582164	0.36577730674971765	-0.091867811665102869	-0.32297647935079643	0.085142494058656884	-0.077904151966687679	-0.16292183947968664	-0.29319091435321842	0.37142149577338035	-0.10042422819595967	0.03595515263417752	-0.33539259465052068	0.11811005861997211	0.16740459143853778	-0.089188247420305386	0.46730823399297539	-0.19339678488399245	-0.084342716772008247	-0.38561713737315884	0.16071525955807844	-0.13698866784308575	-0.064338625113189676	-0.27260154875687365	0.26220564849454359	0.15646507849303257	0.10789577003699355	0.12733795462663308	-0.7056503746858942	0.64167070058350784	-0.038436902455612071	0.19307347355473584	0.10720608752520022	-0.4365539445330181	-0.11006557645000951	0.088803099202566863	0.0054164093852777269	0.09140118340254641	0.0699604000394283	-0.023171864022257634	0.40652176959722447	0.21365769804592688	-0.26166244534959893	-0.067462687334830906	-0.035252748419577276	0.080784715888990957	0.035921215550078586	-0.058929039046303582	-0.10835040677250755	-0.30045860950405351	-0.20420290423589618	0.25761208893296833	0.47777290418748453	0.17235736199900087	0.1790341381837261	-0.19122568658474559	-0.078707572444275287	-0.28558177931583451	0.10889537244201353	-0.079618358290859434	0.2502353849191451	0.29479422113139087	-0.053368998154352157	-0.050631476711246647	0.010625062651866666	-0.23635256990660206	-0.59780185596454538	-0.23264970380640593	-0.12211312919181345	-0.26112038400000848	-0.11334515032513898	-0.28426490775174995	0.5997817809999948	-0.16863613076069922	-0.063294645691581761	-0.29368356704662735	0.12484864531134028	-0.030986315798023644	0.38947751598777619	0.023292071435612679	-0.18300107286364428	0.21856880180370383	0.35825487966891134	0.29257125278552709	0.13595953889765766	0.57180711382069382	0.12537463869865992	0.20165647421800717	-0.051693043487829361	-0.41026631996881152	0.27344968569049322	-0.19406480518107277	-0.13944584167235513	0.21017246368828818	0.10704883907463117	0.027516189104048842	0.23079753067725728	0.16162329461284014	-0.023567396778853462	-0.13856717331329182	-0.26391438614755514	-0.307125716013394	0.17906604949546268	-0.11698164625230854	0.2666161629971569	0.072461175302120942	0.091977431330458298	0.062970570245826293	0.15298871300741962	-0.283847544184123	-0.097869653081805022	0.3728397300864576	-0.083339116711242806	-0.2421517608582997	0.12169449852572398	-0.37870518904345263	0.01505389405078277	-0.11530697453716997	0.3413594815119862	-0.10203482898702433	0.061480667128191155	-0.15893467613864187	0.34484070792544402	-0.20686447950380343	-0.17611950809351895	0.05588842525201318	0.13540927273344253	-0.030375141498146199	-0.31774714566304957	-0.070932285931917027	0.39480314758639479	0.10244880213962483	-0.02577569798529776	-0.051101694955495609	-0.51996687335490144	-0.095844419134299849	0.34908862862769652	0.58011847789679971	0.35840899549669974	-0.30119347019257126	-0.20220460886822708	0.25735749175535566	-0.20083681901018949	-0.10446114305019982	0.021539446081852907	-0.23871512680074491	-0.23700911983998701	-0.071239155934448642	0.10242693443198814	-0.085321446040404578	-0.09450007980747939	-0.25626811547145967	0.31262033605471201	0.36627724172818937	0.046112840289613849	-0.083814300911508544	0.19406137050517897	0.37769553036739373	0.15467446167763058	-0.35663479258262415	0.18359488655145376	-0.28805505670499421	-0.045616652446955772	0.19123530451648169	0.32307124344094312	0.099988383037087833	0.21540833856388719	-0.1848642811147595	0.21136727780253445	0.1317750342120578	-0.18933431274123877	-0.016650183407125072	0.20723123235659641	-0.17199493405091487	-0.30749076154036487	0.20010160111725914	0.11719862256292202	-0.4022583951366267	-0.63549439970994981	-0.19269025638245646	-0.31161538069644551	0.25335924558380779	0.047762654036328456	-0.064800270496214604	-0.58560627482027761	-0.069676880364371516	-0.13679060638978296	-0.34997895393804196	-0.26046768414260413	0.34176599040534622	-0.13311508888997839	-0.34485880386205842	0.0059432462442469787	-0.089788247941011423	-0.32749959047363675	-0.088147636467954704	0.084530097000382415	-0.022113020245449328	0.27734990462676307	-0.13095927862100701	-0.10298821547215289	-0.029173228384731274	0.015776298203187163	0.097689660943746176	-0.23134967153279018	-0.034811968993667328	-0.18847593268207533	-0.0021416537430637458	-0.61574789800234797	-0.14480832998478041	-0.28063830189974198	-0.22607653020834076	-0.16539398357498458	-0.056737814099901043	0.58190000526163022	-0.0071295824731137623	0.011021832297609009	-0.27080913565706893	0.088178714768201383	0.18312046377147337	-0.38106707765874881	-0.13074872934828127	0.17923649107980191	-0.050873868082937805	0.30502965611922944	0.018636025301516482	0.31683839267711505	-0.21604388469353078	-0.42094527974661666	-0.22271915017153071	-0.31841697757246568	-0.16025487656823717	-0.20594215685190428	0.029801345102894269	0.11788564868118466	0.0063603029079663202	-0.48683257217629	-0.059782843984996108	-0.16633246821616215	0.20865576931398924	-0.027604281125535732	0.079875891095118917	-0.13811783275494366	0.43674135591308288	-0.2474005663246466	0.057029272714760049	0.25106194629790207	0.30053738632572291	-0.29346167667899625	0.11659934261975469	0.22585879880568185	-0.33047697670212622	0.44763590144396542	-0.22162119033851002	-0.1741114777622832	0.073174933968473896	-0.24167086443072569	0.15674101188373413	-0.003640735456771048	-0.31784315213852371	-0.25857676020824671	0.42695849767068139	-0.34841162154000432	0.18331667301656701	0.021287739549150562	0.30540298933945992	-0.19121051095763719	0.42943187361426871	0.012159753236846215	-0.04262208739671848	0.038004504638887986	0.26579719920205919	-0.34012784272737534	0.14637932376392676	-0.27219033758224148	0.10696810572679055	-0.18131478639661242	0.015825108805680079	-0.14090798844042529	-0.4062860572659292	-0.12244678388417245	0.29337091196915271	-0.089124271185451742	-0.32445690627730739	0.15676878029174818	0.48897823960650477	0.4204372554195514	0.28372735149816691	-0.25950861148644661	-0.0060962585771584437	-0.10991670208137895	-0.14115331845953108	-0.27618532363509429	0.76673668824325725	-0.11431983431474831	-0.35826338211578951	-0.15275477143030769	-0.054671395626200901	-0.11222019546944324	0.20014693117832263	0.075294368311681764	-0.45706322117061343	0.4259645494076475	0.19571522355562901	-0.13230754905475087	-0.45072607395179409	-0.19512364629577994	-0.2736608147641923	-0.170934065082996	-0.022917003343158295	-0.080433598179553603	0.037080068123734343	-0.050106044569420582	0.033830248690448241	0.0054223964891023692	0.24463617663763765	0.46112423878062309	-0.054768716747164471	0.030061057122511097	0.36035812141292467	-0.14608177215860355	0.14940206265903272	-0.079133700252611752	0.50703831710545644	0.34131561331389793	-0.28277782665412832	-0.1492182640860536	0.28549755412957906	0.46948456876011158	0.10348365969587538	-0.43285485222420489	0.29897873999471036	-0.035501341278813367	0.072682138386567133	-0.21573459362584155	0.20165359053283097	-0.068547776146383854	0.18271555471876638	-0.3117435709621062	-0.16926987563986148	-0.2467193855646464	0.22897135118106074	-0.45474789827757112	0.3601334221552201	-0.018228634807071833	-0.29198260591702346	-0.23759288528137826	-0.39607412013183307	-0.18603569872034975	0.0044102490267341381	0.25801334151318794	0.41788766251708109	-0.023230366934549201	0.33727915932759006	-0.4272529594096981	-0.18411409934215878	0.089327385385802885	0.44077580214003192	0.083048194982934781	-0.026681155157591261	-0.017398868922890571	0.15647357687533431	-0.25742879744379871	-0.34538959525870128	0.37313376231337869	0.19538241306123241	-0.27113584319158585	-0.45930272891187801	-0.17400430622986671	0.51505231568578336	-0.026351516409988777	-0.093641183715955256	0.49164936792570013	0.0080904464311893267	0.056959459142365582	-0.090046351449870957	-0.14236010841795285	-0.25485379367893024	0.077954419722645107	-0.23143410079379476	0.389964569290497	-0.32512622007109604	-0.06941865687358538	0.14787470218889731	-0.38828096096599446	0.11457110801693769	-0.024125701037048156	0.15803597810198583	-0.054355876921696543	0.38286343369524573	-0.010886206804254331	0.46509002437807956	-0.11941037964757427	0.069294092182342948	0.41660808688750106	-0.46205103684971061	0.076659749933950014	0.098007366191205994	0.2377615995355265	-0.15402766091717565	-0.11325749250794853	0.47953800386668471	-0.21221477826454527	-0.38805938852346683	0.096736686941067199	0.23053911142860981	-0.37424379251596668	0.18101491829448058	0.18257062174037011	-0.015745943418110163	0.14663892166779152	0.097349783868358644	0.60688735171076291	-0.15247027818588102	0.24991327017236731	-0.49514668427276304	-0.1033138586067886	-0.16364206814559071	0.37365482862296856	-0.078551342809686397	0.42120948774414191	0.18082446487665946	0.095774537617825534	0.23880176281980262	0.3584271993282967	0.31729093644783252	0.023658076059715247	-0.23495737195197652	0.12346522884646886	-0.38696473830398487	0.06588362612296278	-0.13166998526193491	-0.65568852771071984	0.12494949106808716	-0.044121048048835987	-0.092930743504207103	-0.071798708531521052	0.18363272571168779	0.55256449201051816	0.22244560781921804	0.16006979800436413	0.073106216885498884	0.05027708789528279	0.31372144259390394	-0.20710488621951792	0.22807031167128841	0.35369654438933834	-0.15488574927207396	0.3329672932311305	-0.22935539621900825	0.30883009953724094	0.39729769832169121	-0.10645252954866972	0.010898018436544995	0.098641894176559927	-0.20757363155003178	0.074373677092001655	0.13612569560976659	-0.083585435527653643	0.036780299540548719	-0.081646656950505381	0.12592008651187667	-0.12326980934032941	-0.32433558497601989	0.24978728814040085	0.19834296110277122	0.1390159967514546	0.0039440120834548448	-0.056840028653981342	-0.083917443694878566	-0.1538473326500048	-0.27308288259137475	0.046909031158386322	0.088189109958164258	-0.18063224280032758	0.27987094818126834	-0.042639619338568954	-0.16934257551452689	-0.10780004577992601	-0.0034865989224308028	0.3143520279890113	-0.021122934007048393	-0.18819229408191951	-0.26623124175177876	0.018440500997840649	-0.032822790461161114	-0.46481321806098536	-0.3912241257929569	-0.0039986840681235005	0.69079754119183612	-0.19088426093661576	0.023497379877293983	0.46951724736353578	0.23923094568075198	0.2670600731984708	-0.14110958477313687	-0.048074239676699548	0.15605729959359771	0.346063840855447	0.33882298127879257	0.10217601954866214	0.12292218492561879	0.14296949000466477	-0.23158457489845999	-0.080290276252504594	0.075521257152924071	0.09706142786261579	-0.35493349464316892	0.12822354951517939	0.40657740064025666	0.11299876581752999	0.41088030800829639	0.11988054424509945	0.1145946714227795	-0.11966752324604774	0.19816612455974897	-0.11004118670109078	-0.233998567491179	0.059544959810119501	-0.25551767333405778	0.18991692759117718	-0.23791255775845921	-0.062473473981760036	0.067448619391903386	-0.29729337950463636	0.034930310187497482	-0.077849938135209185	-0.079659288150889393	-0.38808969472426413	0.14743306934186146	0.32879797460366	-0.061686796811005265	-0.12044561871123252	-0.13897416090740966	0.079412064982145564	-0.1495593597667387	0.12503020909345305	0.10089123100428629	0.1733401360814317	0.071115078475899568	-0.24988486624752368	0.091880099182731448	0.094798105378941594	0.10761942213586505	0.10142236500154517	-0.033711744189889717	0.29489161581291623	0.14191301321668401	0.35749600119342734	-0.44826828756379167	-0.074358882149842598	0.31668685803645913	-0.5347359166846809	0.02415332857695493	-0.3293157212883166	-0.26637028943413921	0.16011692656833504	0.13280885207366719	-0.37899184819265253	0.16026992833205378	-0.067605579809917507	-0.28107774011016334	-0.014978710827951068	0.21060429786557863	-0.1690080197777637	-0.13559584052413975	0.32492596318612965	-0.039079654626717537	0.24376357392063733	0.22730674574982845	-0.078844284287624702	-0.11292341040349164	-0.066680965878899531	-0.10890695608176684	-0.23933677736237402	0.030532766569107299	0.34318151157250526	-0.017735374816594363	0.41184883312325815	-0.11033736718330631	0.057284050328673085	-0.064891861772024037	0.022791711148988942	-0.35836320179144632	-0.62674278793210814	0.15964122329247857	-0.42866277413306708	0.37873627810726368	-0.086583501470250443	0.29157771096501106	-0.15862102412011703	-0.065254323675562914	0.2187354929628737	0.2899639040109307	0.049513768697785419	0.059148148919312145	0.43099371910613227	-0.0026160709834244316	0.59417650113583564	0.26183214514001418	0.36023449836261018	0.17009483732240749	0.023357288988462687	-0.44614211816773308	-0.046695881356555134	-0.30850962987588876	-0.43413999965825384	0.35980019592842466	-0.41757496981633635	0.11226114194118846	0.35857306228422936	-0.10953500986471401	0.40751091603283807	-0.026666023397699613	-0.1170781731545433	-0.27143120861395298	-0.093985320001255562	0.010685920732738914	-0.052259529664373458	-0.057682870663514872	-0.015206777822728513	-0.054381087297329239	-0.29634481124666873	-0.17550909522529506	0.26957219743953881	-0.15413890092321098	-0.26348530333580389	0.42640975829921746	0.47922873014447442	-0.38370015997391854	-0.41707908485378631	0.018387768505584462	0.037741346786765072	0.42714872099405782	-0.0016280464354636948	0.35583774817300567	0.25883530268001304	-0.28949833972089578	0.15615510899557075	0.030928659542587361	0.044854740030267723	-0.012821187438696209	-0.35077604502342158	0.021295399836910596	-0.0068331884165172916	-0.084131060612926079	-0.21731475602525457	-0.27555759459237794	-0.060043491347104128	-0.44626207872851931	-0.26710894091071724	0.0030335655691439501	0.13457221409706538	-0.11345090443951628	0.011455652676280832	-0.13561823887128788	-0.1661421087254891	0.10051375969011654	-0.11159152703387454	0.19043064189394482	0.14641441508569422	0.020358827605174466	0.22787466341070114	-0.12018392856280287	0.23477225176713673	-0.22504532254198401	-0.12035514129094867	-0.1257690082467795	-0.049745894753850238	-0.1723868851351438	0.17216198536495339	-0.10962904148348772	0.15061364726475704	-0.15485397092713515	-0.1588167404103499	-0.066433079873290654	0.56787775835170551	0.043832282416290835	-0.11817749368252804	-0.31485702395338322	-0.052480621117116932	-0.22551042089535644	0.43456931067488713	-0.48810166532160115	-0.26825548241208752	-0.65703689609891713	-0.14707966550619336	-0.38897177301679792	-0.23948021557589577	0.14996720728580049	0.28877934419909262	-0.16029318171493839	0.2003858140377387	-0.21628760960900856	0.076243227017550347	0.016313405877131277	0.17365237525801291	-0.25932026520669643	-0.1682955319008714	0.18046196153616748	-0.15648415588894413	0.27733835739336471	-0.01348859030720728	0.14864848970483635	-0.2228247173101221	-0.17436412982501365	0.065876720100087369	0.27602984367401917	0.0066672280408397984	0.17390255962284867	0.054680440143114191	-0.23066167483267899	-0.098086824960841562	0.10774445120749847	-0.048336856943909955	0.094921673353229194	0.17754887903260497	0.40042424122409909	0.16415325810719603	0.13734446885867468	0.068221923247494404	0.27403489444344514	0.072620171207173165	0.19038317962394996	-0.59149693575081386	0.15498596901134837	0.17581525532089201	-0.22463633799473642	0.3261727871783926	-0.046941162983703939	-0.084386378004342164	-0.052886233916761956	0.022020543842732967	0.26583216778071567	-0.16049347679107009	-0.54637261691415706	0.23527322319739624	0.0030400682751054067	-0.06172501697111725	0.1028762316369346	-0.4639507599414226	-0.113318633085434	0.31473982105746012	0.71290797739708545	0.22709641545363446	0.33112651514504587	-0.11380015585941905	-0.23000138808215456	0.12826677926137767	-0.070698054762162982	-0.045281943047656245	0.098450758106991818	-0.23540596547667114	0.15398557508883898	0.07340654922401646	-0.35880560832093777	0.19175542064783793	0.45116110833937539	0.015615000389645771	0.21820747883291672	-0.27890934461177552	-0.20876910448575778	-0.23544124089006038	-0.069002460172116573	0.02204291677905729	-0.20930320909361649	0.31503055614968262	0.085765011866455035	0.48258221531267509	-0.12574539805030244	-0.28965374817707551	0.11617657239697175	-0.13535391422468063	0.14073207704808668	-0.015098413936022384	0.022739662570583952	0.22702386859036999	0.31824716615832455	0.26442514528704542	0.097850716154343556	0.17406132005723929	0.087092745777568606	-0.49709171889767867	0.035989841070946021	0.097919380690793006	-0.15469972023464348	0.00099931216794979516	-0.11610549373142276	0.14162942845674284	0.20808527040257313	0.19513616848947668	0.06892768536607527	0.31726738403280164	0.056667832770310282	-0.22243170741539015	-0.07042353265108782	-0.58978697050288931	0.086428618474871585	0.10733364890754897	0.2304448079378939	0.1505962485760238	0.10579174146362214	0.024107946896805489	0.083767082815244434	-0.058676361783157105	0.014860747669269881	0.48417212262468601	-0.070562045303015117	0.10896379671139562	-0.089575823245013786	-0.20484511336724306	-0.0027651156718011102	-0.3079377056146288	-0.076660322434528513	0.14224663113475497	-0.28902652382094285	-0.19653371702407377	0.060582990581010278	-0.41775972311271214	-0.091993873672964563	-0.2683345465948766	-0.22777092063802323	0.026121952160795197	0.074466467667576114	0.10760677078913471	-0.08105280777404697	-0.30766925102737197	-0.21740622670991816	0.1322185521454235	0.17293128698726745	0.33288028008782883	0.34502044421089229	0.17994009348891987	-0.0037991369640662008	0.012672081316245068	-0.31763157233067152	-0.53270219871974123	-0.15015206716105745	-0.17225564486345873	0.14399317640925199	-0.071199975145911601	-0.061893524848327802	-0.10442084393280611	-0.046770315446902723	-0.049803228494390429	-0.15292072342326291	0.48120906763981086	-0.13078210042632452	0.16797091197279043	0.024700032933838659	0.26065776001645141	-0.4246839130874146	0.16816040568086149	0.27113487412599652	-0.019115472367616074	-0.26299973028486973	0.2729089882270162	0.5584567409777077	-0.09944891542288159	0.15256872819393705	-0.12377752013155048	-0.45304876994932469	0.039583370056586333	-0.14318052522185676	0.11856747170730676	0.30550534549058189	-0.22414163942173526	0.34610557824816107	-0.040721998264418191	0.013691361461088441	-0.010164396464365445	-0.18973475508215318	0.24533781974503535	-0.2029022329458853	0.4284760098785817	-0.088892892564962023	-0.20236976368557164	0.060608878219741008	-0.16400427317667368	-0.36151111556014393	0.15010346762513063	0.53201046535590912	-0.11763845134951972	0.17141367151157944	0.22282747378232209	-0.13223720023056079	0.15303667718093794	0.19676040304659084	-0.0492664573589068	0.051944902137963357	0.3747193995072991	0.086590675717379662	-0.39873323617240924	0.25342712491361824	0.16117008674867062	0.024159801291832202	-0.075537845050198185	0.2336790521452998	0.14545000098228378	-0.10205680652740583	-0.41046451370469988	-0.13371345243246088	-0.25221484537992123	-0.22539621487859796	-0.3907763795271626	-0.085906329233674861	-0.066992084011223738	-0.45728625414316482	-0.086061055846714252	0.13391649974157671	-0.12012973856395315	0.07363478141789262	-0.37355061550260954	0.17215645545033165	0.054615456762586306	0.090401390352595687	0.14443930573825636	0.12177994331324291	0.052282957370516414	-0.13998716239437856	0.39906647556560959	-0.31993052109478992	0.24599421346830444	-0.25877337354719793	-0.1556946365416729	-0.13824089485767321	0.33501197121339005	0.043409498416958951	0.042585764909624242	0.34975404789274461	-0.038197633332745111	-0.17139966200623946	-0.023426817058048041	0.26724926958002465	-0.13033948736964565	0.0057808553091305516	-0.0076015171922626428	0.096249664070489266	-0.28877206441473091	-0.038294315804819734	-0.044074972306414932	0.70303785055579848	-0.015201388262327383	-0.065092335598193038	-0.03758680417979917	0.053667448860782799	0.30476975888148217	-0.27050850393486603	-0.30106410547995072	0.24412906666654985	0.089524879472806629	-0.23721423118449822	-0.59349593048231453	-0.24725885623708746	0.2317113932667377	0.067806913965161544	-0.41277110333865796	0.27214744311256067	0.32088655707064007	0.52518757200920074	0.076828797253522721	0.12993713086048619	-0.11286175397712166	-0.25624963338504153	0.028466505063801092	0.12354486122586003	-0.056422810284175597	-0.2472777720993902	-0.080616929466276285	-0.63228505640425459	-0.2133167656007306	-0.24328561330781509	-0.048393566743524428	0.13504722940371927	0.039984293523033843	0.29580886561081493	0.098713827676990759	0.30511524941878948	0.25571871542331609	-0.2157670614301464	-0.05246808025060664	0.24962142080733521	-0.31963221512866558	-0.09089570525172426	-0.033752703662209997	-0.42141934840331702	0.12860878675305079	-0.06116496984849476	0.4716173413409383	0.043260119107464148	0.2101157190900764	0.03857167730266501	0.45052931588769229	-0.24691414736690928	0.13097302120935311	-0.094353381804704359	0.55992953907217491	0.25887126300856711	-0.043073123179959809	-0.42459282512964708	-0.11089146100892526	-0.099758970164250838	0.56451527196819229	0.078492910474238523	-0.21133667864587571	-0.22029450300645081	-0.32474860117560617	0.30389560071255928	-0.087365633215272659	-0.098067674999061452	-0.088739261260741664	-0.36291441435091254	-0.56587387027615776	0.12884727309933289	-0.25483117749721385	0.056725398860481877	-0.2573393810354635	0.27543918577967136	-0.20909805489222702	0.40702319008192056	-0.11459893745108156	0.30573836376222674	0.26718883578924985	0.048429064135933945	-0.048828905251397443	-0.075189103781487257	0.19951102453505776	0.0049276989960691615	0.021932023680002109	-0.10613798937373534	0.32956109497048053	-0.57428937578132822	0.1403116869455581	-0.35615845253060224	0.063028362678860098	0.037026391788987062	0.17192856215083449	0.17565968509100069	0.11622769026601622	-0.046659970429009469	0.19190196517400415	0.077384130621210398	-0.29159646175993009	0.44577151169249091	0.29351037733313556	0.23477062239186447	0.29929443027849711	-0.13601064309241392	0.034639122710898716	0.57867641446564599	-0.062202732846952873	-0.023321673144713461	0.20817814247763453	-0.11860009528924406	0.15401189788532313	0.31725539932441166	0.10926899925109107	0.087728292002262856	-0.03079517277880852	-0.16965058475583825	0.015868205407035589	-0.36509293571654267	0.032691577023921184	0.27620095143545725	0.024376123718523122	0.091114766487707236	0.45615840761774606	-0.2982491903698512	-0.24195253550107576	-0.1124328379235906	0.086989260280352657	-0.76821256599655496	-0.051788274321184338	-0.19141950250177267	-0.055755034499182142	-0.25293711370106992	-0.011732458482494532	0.11105031463372719	0.015228157127421609	0.11758152185777453	-0.14284155860776659	0.0812340263953856	0.1625833773244196	-0.19950181871839426	-0.064718112230849181	-0.06144050733857867	-0.63546723868517152	0.15229676014959923	-0.39492316475191741	-0.17523645782649516	0.09421396040655812	-0.31675762208144959	0.08523996880726363	0.32388623579425324	-0.13915342435316708	-0.092949472471079958	0.13407889438863974	-0.16375420080064801	-0.021263769019290033	-0.023928851493239874	0.20884482835565796	-0.017555295100946385	0.10746541613805746	0.19906155860690711	-0.056231432300438859	0.3154410104653369	0.012811818618559939	0.047890522707539941	0.10034802547399996	-0.10234978935699376	-0.10805473477901158	-0.15103649747420009	0.33544930958799074	-0.23966559487415787	-0.10935162080637931	0.19498365070531434	-0.01627329941760786	-0.085705351216186804	-0.31251360276480272	-0.37538923498678178	0.26908083093930363	-0.41930990772042404	0.60216485240770934	0.42180106683945329	0.10993932147066529	0.092682181214069945	0.037775564022831082	-0.21612508603010841	-0.047381077471660517	0.071604922478940819	-0.045576582345170875	0.15863172537524525	0.090689105588663527	0.17555570592821737	0.34844233791616003	-0.30113494237708521	-0.0036221850610193749	0.25793240466870537	0.15452660044814848	-0.084592160383919812	-0.45927261225709981	0.26103321204592972	0.3426726747972762	0.07211135619173091	0.0075463566281141438	-0.082448299959788571	-0.16685534200307747	0.10159569380316037	0.1863285874741534	0.08988144693863985	-0.11330168656353137	-0.52032538383582627	-0.23351033248419728	0.001291019024519926	-0.14571287072694078	-0.063020617723229977	-0.022326183444170884	-0.45444104901138943	0.38362378298434369	-0.19438427993654192	0.28826107864923062	-0.32299017127589436	-0.079135057898249442	-0.36398662806048743	-0.11424343795377091	-0.39679882435440139	0.33266804611605855	-0.13075103527561735	0.28249354505025021	-0.25132915984755877	0.34824372611782778	-0.026016375098787643	0.20831360339823046	0.021040731463396647	0.047902388993520319	-0.048727971935410765	-0.20820965536111596	0.2000890490595075	-0.54565948706577561	-0.69959355784457078	0.55093660219068452	-0.238601502777503	-0.048046744222068435	-0.19028495320129857	-0.23895700415938215	-0.29953839224334777	-0.14978266152679831	-0.4179984012705345	0.053360229019606249	-0.516049205971992	0.39965978182092993	0.26749133272529024	-0.11638684237095438	0.011497403792787632	0.32474973943331281	-0.22152941609184756	0.12727913965306809	-0.25525114818347433	0.39224985111767618	-0.06120915242379079	0.26205138785575388	0.30534454701526365	-0.18711197854486353	0.028938697225458703	0.33096950505211276	0.33445682252017012	0.21980953435720393	-0.017412022532637895	0.42827368398386867	0.22261471668989644	0.11657456254834489	-0.12586949016895732	0.20282369519062027	0.15829629724350963	-0.25545835583445847	-0.59460997658134174	0.30193554320408972	0.035303987796515793	0.14058823952935018	-0.02090490932398829	0.044925053844362156	0.22161381070780031	0.1587084530296341	0.25832167681041174	-0.41937783683631608	-0.07941043204329655	0.20065800744657492	-0.0042089883336600938	0.27459038486875148	-0.027931472675946176	0.12893998060078191	0.33181860493869542	-0.22551446112766832	-0.061108447944173638	-0.14669643535811133	-0.05841653879945867	0.0064556290659064201	0.029894783662806325	0.23246250137914837	-0.20252511766105913	-0.095120861399351206	-0.09090920613975785	-0.37788356140411455	-0.14361779643564779	-0.12704533940069254	0.052000504637450241	0.015736479796934748	-0.025275374590248423	-0.13655947555415665	-0.13187264530370135	0.20401497417117481	-0.44763408627823198	0.2004375727763727	-0.32411440446993839	-0.24208356840419615	0.041250686662443962	0.22985977614466316	0.04126865996030258	-0.070302404748493613	0.10315484729421981	-0.6370601961166984	0.31625200350151067	0.0063720674809126529	-0.042436994694655235	-0.072455096848193887	0.22943849084587734	0.39967911289578278	0.12411636634017387	-0.0015357572447400453	-0.082553912502005708	-0.19406165607756928	-0.19579595607401404	-0.070584975881051087	-0.11776360199196376	0.3096734249646117	0.19807890653955559	-0.2060696372380007	-0.13719257461668599	0.25256200365742959	0.47614737608897734	0.20650448263410853	-0.035503878976254954	-0.22895872710055012	0.16259584089958337	-0.4780085867377134	-0.19054108234830425	-0.34297786801704122	0.059172591640737932	-0.13650614942276154	0.050233626776788526	0.051753361121094126	0.24009596004632863	-0.39876928598241645	-0.13965392017722611	0.13040857383504634	0.28864133133517561	-0.027489941407649654	-0.41164999832615795	-0.042856913264815263	-0.17208453670536147	-0.075031903179697088	0.12836760438195838	-0.23736086635492554	0.21532716228003487	-0.033387281697009538	-0.094776894841400741	0.046922523396609885	0.17401322096881083	0.047690665320990734	0.0060985007390703116	0.05422586593612734	0.32929083369163004	0.42025029873235697	0.4179079877970166	0.014809721142324704	0.1405827405861941	0.33323244716114381	0.31100492448295203	0.080623678415708416	-0.32639744619854516	0.049733029184346932	-0.46321096034559828	-0.45052416780035948	0.15469152691725357	0.28821652532244568	-0.32403178546690775	-0.17446220279362604	0.10620279487225864	-0.063147845716912857	0.51649976973268208	0.13443200646749637	0.25706090522073777	-0.086815281851760018	-0.15855552182848942	0.077993161848209383	0.023691000372628692	-0.091689561829856131	-0.2329502616391867	0.44898010012789902	0.23179447216129265	-0.12986685742537343	0.12884606235423782	-0.21938438222706194	-0.079182825226889866	-0.04586835880677851	-0.20543007784591755	-0.026956672921059119	-0.036209367658336225	0.15001219920602565	-0.29582518149890225	-0.18045068073234038	-0.28043942849899595	-0.23151128188313358	-0.053529809687184286	0.50921098914340956	-0.12713380058502644	-0.24819875416151696	0.090149405560243687	0.17119449107816095	-0.40503594246873309	-0.11630650974909675	0.18661252456591404	-0.12232195463756064	-0.48916682479116308	0.15635940771086612	-0.005144963243293119	0.029930258880051748	-0.37227865881996119	-0.10104947959338191	-0.028233644256418462	0.26595632071813952	-0.13101396553687261	0.67365257362829378	0.23751717543975062	0.011714665835840505	-0.3089560543805539	-0.34457085722674025	-0.1248930178090407	-0.19508020458404424	-0.16436665992916541	0.46417545737401888	-0.18159788573080654	-0.50267344548094506	0.28787008991483598	0.1525089469891997	-0.44855070802715563	0.18356347312068697	0.10484744045436194	0.34055517121854029	0.61147544193987979	-0.44112100941850629	-0.063064481397771946	-0.22938181401177946	-0.28256785751187785	0.35660591198362562	-0.11583197834854519	-0.079702886337139067	0.16746100846862147	-0.228501621306088	0.066712918648148073	0.32519771393334412	-0.46689917940465897	-0.24968521270552291	0.014065817828195215	-0.44889403048159038	0.00027931083825946131	0.36230567198651875	-0.0068932633292518508	-0.14679574202231344	0.097832268605516332	0.12823000958870567	0.10589233087114529	0.1145455069119494	-0.0095121209388497416	-0.018549467250787367	0.26150333657085784	0.64226164978277789	-0.0092566342065712633	0.29895886289241674	0.018745097560461318	-0.020341605250937096	-0.2342004921656978	-0.52613714578983994	-0.28827037538189315	-0.19705415978685678	-0.10595494942709065	0.24136948439004979	-0.028690290011120462	0.41153815818060235	-0.12653893497490162	0.11370064058088543	0.12268929859296256	-0.1310451381187327	0.17933992924957584	0.38862946862384212	0.47516176194501175	0.36392524517517899	-0.0077429191764511072	0.056559874870254399	0.117090642609939	-0.087021119120421875	0.15224411309036021	0.56304281778791077	0.0076441681951319954	-0.28313890251390872	0.071331148245604353	-0.046573589565932001	0.35994309911947819	-0.38636817375109411	-0.2402130776519952	-0.22295662090233848	-0.45088340580021535	0.10776043397901885	0.27288810478924369	-0.17635173528404924	-0.15087915969564772	0.02061646903936586	0.10056066973682901	0.15872156006214494	0.1489362823808292	-0.046978601730064073	0.08280303565667356	-0.064541064502604384	0.052487196672800218	0.59058484223413243	0.15885723817627503	-0.35407988878146629	-0.49961110757306221	-0.15848905479118858	0.26628288689109469	0.2270579464939716	-0.25665175648903149	0.12445960663206669	0.11008287799161039	-0.014413377846190293	0.32289657640658614	-0.20684741187086678	0.099219927710215192	-0.18520754762363797	0.24815326578285454	-0.059805360343763395	-0.019778041840109069	0.041630851747750851	-0.044181777045744268	-0.28570614000652406	-0.28446081045093646	0.139515721368904	-0.33747530634149964	0.1084255578779879	-0.036411376344655778	-0.54033126681642285	0.002678790457198646	-0.44258868833899634	0.051194648477995722	-0.20547391574246437	0.16966372210697162	-0.19671573279873208	0.4520667849254581	0.26640633984001216	-0.3287711137185686	-0.066984140744147477	-0.23358833272431914	0.052830971396003547	0.10478643522970187	0.00089226919199792592	-0.2111450448280825	-0.31231189267060211	0.3105880102561393	-0.18559363193792849	0.060464854570273466	0.15526541858204052	-0.026394075220866925	-0.12448644584281701	0.048278739583640325	-0.37369251890665567	0.014184173085517058	0.19264413090720439	0.20117312560567124	0.2861546386979345	-0.090953327984600693	0.1253659182520209	-0.38089598088034832	-0.23209691996270077	-0.32765250206560664	0.80716960395817183	0.48374648288201222	0.15233405845614809	-0.22189555793961444	0.18044246252207233	0.11664968522809967	0.1681162820156594	-0.043854689855902414	0.2704631263314618	0.20514174008783703	0.25890361553157953	-0.44440362627797642	0.18066373933331359	0.13458234837670124	0.067456374558185553	-0.01348657795861812	-0.017886564431364098	0.17280864462155404	0.031856250238751431	-0.56229249714870233	0.15878133167669026	0.054091382947914782	-0.092239906869609964	-0.17718380169819686	-0.3561070778842183	-0.40705234066564389	-0.26229816449793592	0.17013771728965688	0.38391910826297149	-0.083094609876136621	0.31904953192529567	0.013674705440525192	0.033553132427626094	-0.30930597322698594	-0.22445949094853296	-0.033900215053314149	-0.23188653748279567	-0.065509002503739575	-0.10045826036009031	-0.30344779123568544	0.054924406193202491	0.16594876318197138	-0.17851448606146325	-0.029899008171538663	-0.57262042089758691	-0.45042287633962247	0.41028929296513394	-0.22142308054635276	0.39059506679943257	-0.056712206976285665	-0.11926283283583451	-0.075675791229351072	-0.097342179645060159	0.22642048034938889	0.16813010346777185	0.10624385249988352	0.20027003172728414	-0.054022080841290003	-0.33196957027642859	0.12429481840346343	0.045585443084141815	-0.053820666989914979	-0.36771463771889451	-0.19666839463951591	0.33268311835725667	-0.11071976607421079	-0.25046775567268503	0.17284151662783473	-0.18261841701128692	-0.077460111907342144	0.18892080986497603	0.084719237772565917	-0.14233578033853908	0.40060127648277949	-0.028281292610071531	-0.38385149782984251	-0.40399370991914679	0.017215401093043585	0.028350173090881284	-0.083736821376123025	0.26359144711874183	0.088981804310876378	0.23902407613348498	-0.10012127494693457	0.092579026882568735	0.2359509751649756	0.013794426188596769	-0.054262773791582279	-0.26751225188129574	0.18064168049952911	0.049209518745837677	-0.15700689692294192	-0.10097169366807585	0.10726130583063249	0.29820119956067642	0.47485036026612859	0.18150077138258472	0.1083044080219662	-0.29131728744939539	0.32521500729137531	-0.38659867148203142	-0.55127476939416187	0.53471186876141963	0.047651653885507364	0.39693559030770909	-0.81329716582845313	-0.24681095718753487	-0.1091420954332384	-0.43887889250742229	0.24190068023712208	-0.24001033122979945	0.28508351528045056	-0.27683690290084673	0.20043287992750278	-0.55887687214339532	0.12926130266123168	0.21028290866638422	0.0017096335494655363	0.17325655078598062	0.19185656318654287	0.032299487972560673	-0.056124120552296174	0.1952518296286162	0.44333504767457688	0.021085736551499236	0.05021720811200716	-0.38633116558136243	-0.026608834172380913	-0.026003174768369719	0.2070450832078656	0.15333449872476126	-0.33364053997099324	-0.32591756171700442	0.50427916457923294	0.13362514709265375	0.1958594223076027	0.077987237916028754	-0.49430029493613226	-0.22127748314005122	0.066420239865778608	-0.065409634633196614	0.32042453133070403	-0.24103572754693794	-0.041982225693513953	0.044548825047611228	0.03219831290734422	0.31359845417265636	0.065991337816131257	-0.39085448569081105	0.096615752599276017	-0.34097759933421623	0.22113191160033963	-0.28274273135558964	0.2224107713667885	-0.28985932967313877	-0.071726315474098593	-0.016657781266150612	0.17778800270509379	-0.22871773289364569	-0.36917459090570215	-0.15393918969358403	0.43038469881903663	-0.13137260023135638	0.27198069084072385	0.045966894751181202	0.1209119090380211	0.020152489389564276	-0.011749837123593274	-0.00059632628222618057	0.1381471143137582	0.15814783059482235	0.10691400068860363	0.14892413126650517	0.0544292717811551	0.034425043178765616	-0.12879160822594662	-0.14619687792799493	0.179787101755182	0.017910488248517743	-0.29238218379429787	0.21047360231218326	0.72715766968889062	0.19787820779600021	-0.23256403617581908	-0.28022675678037257	-0.16543162006957965	-0.098745651817471941	0.3995622869528766	0.11074062663714339	-0.24872722807736966	0.16820052619544731	-0.028739125838223377	0.015613004617511637	-0.25586015594942063	0.013023169777304758	-0.38515731616282517	-0.01950181293095013	-0.082374395087786503	-0.063012249338946447	-0.28806855694793593	0.29302807531980379	-0.036272195087812084	0.01216655449743697	-0.064566533312554547	0.32229928155070198	0.11129721778024762	-0.41807437243693668	-0.56568301165560808	0.22151910735907535	0.097586398746213582	-0.12486809518949907	-0.65639404757916053	0.29305655732008179	-0.8226114743334072	-0.20867239443347518	-0.22102138437106847	-0.042540514842023931	0.15059669873607265	0.10380716506121676	0.368321592135122	0.22702630130358709	0.46028955808379723	-0.17205933230748532	-0.24274865409004209	-0.089889213550270269	-0.29014336248747213	-0.40178699591128164	0.23360852023448939	-0.12253096952606087	-0.22268818237591295	-0.31444367020460551	-0.17115153749843259	0.041048016533470177	-0.16946545007842165	-0.30488355527892569	0.065757711033444646	-0.19954098698473152	0.027872759997042782	0.23525002470502465	-0.2731301944895364	-0.12599874761220081	0.10293001982115176	0.11291308513143421	0.029501885951146629	0.25935579965893341	0.049599998201366235	0.29195265513504065	0.19447922405240375	0.10545566576041894	0.13087164288844702	0.20445342863550142	0.2734023260186359	-0.008705901608329009	-0.075457052651894105	-0.063639475406309792	-0.74092594800476985	-0.13496334154746981	0.45283666467484213	0.19078833456317287	0.37114715995300168	0.11230017299591225	-0.018730449699126697	0.14830489300776384	-0.011793768216403495	-0.26479987383774639	0.48465924901956792	0.25396873313328505	0.21359322713819823	0.31055873488784008	0.056212575364269372	0.0087116174688107329	0.028953918535117758	-0.092958232039304617	-0.10788093489064644	-0.30625695064332337	0.56858524192114446	-0.43309399014433969	0.28102891839940941	-0.5612202309444535	-0.23659649533807531	-0.37983772735226218	0.428000165732354	-0.16399425184310934	0.1307394998269607	-0.034696248733014974	-0.16816360106156394	-0.091448391326105632	-0.19073205822025127	0.19887088287204568	0.045907600921688406	0.23121555942993255	0.40256744319056498	-0.4284671641505684	-0.17003201336370685	0.16121918828254217	-0.056092569958781556	-0.024754477126176393	0.18012694268539031	-0.14250974323204013	0.45417736377373708	-0.22654037668237864	-0.40746473057382426	0.27159674089436525	-0.37288234852655056	0.23419165935499406	-0.33281314743248808	-0.027657712521964029	0.006256536385362936	-0.030863548910662647	-0.074079451852612277	-0.22766496510109566	-0.13419538522984334	-0.081342978302590602	0.034908160383428033	0.12309529482649986	-0.20922958597320793	-0.080146239726272897	0.061702382343273833	-0.15452979854727339	0.19395736562049393	-0.34123831220279227	-0.0056695303867423186	0.020878403953119171	-0.024209436230445948	0.34515276009869672	0.14951567731759532	-0.55804497647962403	-0.37536689574335991	-0.096651498865151425	-0.53065661969688804	0.042202221520581902	-0.001839073641819837	0.39705267131565708	-0.024317736068653707	0.21633991663245025	-0.01652650760439172	0.1266448239615906	0.044595033437112394	-0.25469578955221278	-0.044294282519299309	-0.046500424188915722	-0.086415177418792982	0.058731221193814326	0.12300560295282034	0.17806016523563259	-0.10896218111280788	-0.21923893108540002	-0.51884970428710597	-0.16833993836888628	0.19898384856172371	-0.22032539892487063	-0.31762372234014286	-0.0082815473359091913	-0.078975106090686212	0.062534931720391443	-0.15149142535492371	-0.23814093859106836	-0.16201499785514978	0.18102088035541453	-0.18145066055364345	-0.43787973957338716	-0.42954802949168769	-0.0068997543811635748	-0.089912963812128266	0.1407888148466645	-0.13416224166971952	0.033692102012640737	0.028137131915195613	-0.29123430119342442	0.011106380846633282	-0.085719087711417993	-0.25584094297853766	-0.43762082967261112	0.10531253518347894	0.36007279297431988	-0.54833581771745987	-0.041125466913202964	0.22571473479004589	0.43534948809990459	-0.10747530278612503	-0.29998547952983345	0.0416109767105367	-0.0043374010245557171	-0.11230932485697874	-0.012385851413053317	0.24003480442859265	-0.027798619064314269	-0.034143949515662769	-0.23755200843203178	0.094044371943434818	-0.081968366905166123	0.026138630918883014	-0.19259690863297566	0.030038383213424242	-0.16144507445792144	-0.11339718703306978	0.04206913257084529	0.32143408907946763	0.31893893102941484	-0.085204574575368175	-0.18532773033199046	-0.047319498686605191	0.37818215934650395	0.052082633025043262	-0.25443865184519554	0.23140555199194443	0.078587140885358731	-0.053261112765898289	-0.15310927475776479	0.21732060052811888	0.055519018148325633	-0.14823145608579952	0.18357489281763728	0.28589344801769767	0.18014392068709895	-0.12548605461778625	-0.23838999867303284	0.10778374689601401	0.013065439267320534	-0.36657089854604602	-0.17921597096558925	0.35398575065633242	-0.21959275512969464	0.12937650635073358	0.59647935067178859	-0.40503401678898004	-0.010732758550401796	0.15177534918942981	-0.033810581764364717	-0.2904225368673396	0.13259295237915056	0.24330214211558754	0.35340105793113646	-0.25257172086937724	0.33388333764374306	0.4337946816392792	0.12025710479794721	-0.063022756697402718	0.29880214648485398	0.22155787113146078	-0.26055926217294839	0.19876849155906051	0.1112530933917355	-0.091621523566944529	0.055211121656862872	-0.071985195149173606	-0.1226632383473629	-0.072603137493685868	-0.11312241965025412	0.00075433697435110304	0.06940243330074472	0.13282349121057097	0.058685269970622789	-0.27757181995374869	-0.45488885457140404	-0.073838272267431129	-0.12229421862276947	0.16501455393300477	-0.096049765630187453	0.25633916662292067	-0.032827168848454144	-0.10487524857171843	0.24420238914209577	0.065975623787277865	0.25193779617629147	-0.38241399284420424	0.31929385188878134	0.075556344269934933	0.076101260554289257	-0.18454235093905097	-0.17556167399314837	0.37117577640619798	-0.069272810422257414	-0.31993869234449085	-0.10121073978786786	0.10875670884430191	0.31945727307792726	-0.058329102450262293	-0.079167910068098868	0.013059236302700729	0.25037087787796919	0.10312305495711771	-0.27661691972876035	0.20196724776621272	-0.032285638215595477	0.096102707925997219	-0.23845085472530098	0.19215181012520899	-0.16480010768524148	-0.27511107633615373	0.090512864301223198	-0.055408956379819269	-0.030810456265447466	0.022352435705126385	0.34509253831362668	-0.055106480382275794	-0.14928022191114892	-0.40347639300352234	-0.3843860068599701	-0.04984221428168939	0.26659199300478587	-0.34183845062854423	0.13009433046282146	0.44538198625792763	-0.30393347356956396	0.059670091698300509	-0.10691876738051541	-0.18725520945478075	0.40337911182306468	0.24610730011132265	-0.35981410377348355	0.2979561533711324	-0.15012340021470857	0.16173761836620895	-0.21174657076919579	0.26819923251730143	0.084812489222867243	-0.17693637863643066	-0.14497642134865166	-0.061770246006002089	0.030369944030156141	-0.21672479994794477	0.047601446529036112	-0.052248863600250411	-0.17476289253983054	0.20801993075022548	0.15702388870661929	0.57171164945873909	-0.21145036539686252	0.19268709227655575	-0.1076861869828792	-0.0045321777216324076	0.18853920020062304	-0.12595962978065037	0.12924508438373883	-0.18161486082758305	-0.21148517699827907	-0.27637782703373981	0.254892767230678	0.10740618753194284	0.016846531713802865	-0.2832320221182803	-0.11703053082129818	-0.11955127107082245	-0.077785150086434135	-0.33055490223531631	-0.015122624303511845	-0.34793727491832521	0.037366152419557548	-0.0071511014993755773	-0.0087935554924243684	-0.0045556223489182307	0.028138476124161926	-0.53523420683551581	-0.19051447689369522	0.083414853556875015	0.16613672018555042	0.16501072703888239	0.062809039991185506	0.022502214631526227	-0.15426031027505974	0.20013570981766834	-0.095434063277410275	-0.31768501106881336	-0.72870271094610062	0.01773542330331512	-0.11205610911943539	0.24674194075445136	-0.097901942363479835	-0.34091917659853177	0.074283967844304896	-0.28388832965072991	-0.085559887453789257	-0.29104121823269213	-0.12657855023830469	0.13859884146072626	-0.22821011036219288	-0.24265152763191056	-0.01994487035942584	0.029811032119939122	-0.12648541292110094	0.27977811663976093	-0.16628829529578093	0.046492631136486544	-0.26431692076869251	0.069879112884825137	-0.10301849418707466	0.018851392982094713	-0.048973247986179309	-0.0046614517205547726	0.17111521233056226	0.69954431978868481	-0.11068213798260615	0.1316639305083748	-0.15303020261529171	-0.085029667906709225	-0.15289348701343861	0.273301798933831	0.51785524627087198	-0.013946327488898635	0.031419930438050026	-0.1504350347381935	-0.06014218322666022	-0.047589748019883998	-0.16012801365717957	0.31843518857958042	0.18449888685744056	-0.012147869185001931	0.39702009727556131	-0.04026074141199306	0.059409082533769163	-0.32857520799390094	-0.1520886300680353	0.11759159214135351	0.34452267817508286	-0.0072908770887703022	-0.12554611496589352	-0.34306924449624648	0.0034718234798503953	0.20473409601995346	0.0029975118796982231	0.086274573086986356	0.34433675393606888	-0.081285064980119226	0.2764337570525488	-0.0086741808122272994	0.012069747982286589	-0.018696933487581075	0.15167563930864242	-0.20899074249252722	-0.21221640937485056	0.17360649455252009	0.31487239390112626	0.022106965905404796	0.017733587888631445	-0.092871935897540683	0.13792604691860166	-0.0049980439183498898	0.28989506928898701	0.10966125626322389	0.0053578378467480257	0.078377476247700431	-0.14530565285117639	0.12812904054584404	-0.062217388817209743	-0.46364860630957716	0.0091299677982391407	0.13439381860220823	-0.03183757899548658	-0.39838735129854147	0.19058676808278338	-0.18773814609341463	0.18050506221561746	0.043907948609678497	0.15388979172805037	-0.26777829254701052	-0.036291442203438731	0.16964864711734773	-0.26803749835569984	0.29889440930327227	-0.056635228258011913	0.27169626907059408	0.077761556276319796	0.30503438376911896	-0.6502756666280356	0.19705465530383373	0.014882108328901087	0.013911266951121293	0.29312513493603287	-0.023751200164734608	0.050478042949734903	0.43100024586444768	-0.16769307884798682	-0.10893904285571625	-0.056250957537577848	0.12650512623230722	0.2020475207706269	0.064031802662495682	-0.25395667868703981	0.258679418338079	0.25968209534322934	-0.063813562416829908	-0.28624010749452639	0.16123533772332194	0.17565243945620465	-0.1987142729351512	0.0022105756765832606	-0.094797438120524491	0.3049080899993592	0.0013713987361770098	-0.17641819824980048	0.070029553557131627	0.0027023827830102705	0.053437695689174766	0.49948504256721038	0.026905995866244436	0.10433849457098449	-0.15946931635579104	-0.079470620960312321	0.128902104046759	0.12356127392623721	-0.39963390253993103	0.35712314133401929	-0.062154736446900977	0.38903626405037295	-0.15299892887881505	-0.11369078174182422	-0.11029208615829596	0.063339159352277893	-0.17343534122365231	-0.030766513321830485	-0.41771134555951761	-0.1594592116641248	-0.32734456940136619	-0.44237672373563491	-0.1219462841113696	-0.091882586790578757	-0.16376134315180077	0.29785960329885447	0.11496677475455527	0.23013664028144762	0.10702405199053175	-0.074057977622443247	-0.04950122559977662	0.16166357117509836	-0.3155779700623989	0.024283200168460247	-0.34225651945070712	0.16888725269284274	0.029341176417854681	-0.12836051073995722	-0.14228033666317896	0.58933818907846613	0.085972911415279338	0.062242963086742119	0.22910191327142546	-0.055104609580522004	0.7174438173076999	0.41206066468270852	-0.17511985316522272	-0.35691120790322561	-0.15016267406308997	-0.042963840120506996	0.028009674655901096	-0.41587277431079239	0.48559802127082746	-0.11304846582872816	-0.085799060831303717	-0.18800492065289803	0.016632474820607559	-0.11995947158109974	-0.29364442844399274	-0.53728179414688593	0.01594697242251733	-0.1523634912037487	0.12159383320632805	-0.058439018790009206	-0.32287575449168282	-0.21002751250420684	-0.22737810865684641	-0.12598138825311969	0.1978988656379034	0.020112273381340535	-0.10469790189526421	-0.26409894023376701	-0.01819770715824363	-0.21933378485871657	0.12514310233642084	0.046256580554164373	0.034326711280354597	-0.18414518395447865	-0.2160160546922463	0.050543140719459138	0.56877195856924379	0.28805121840605147	-0.41569357722299982	-0.13531260440310913	-0.55162950152659973	-0.27495850617771445	-0.60609266340039847	-0.030793137003198398	-0.15333260939355306	0.32255860073922726	0.091831330939889544	-0.27988120164810248	0.18691251700400749	0.33146479362905185	-0.34013419136855511	-0.18489983873386129	0.29147274852767047	0.027778039598231514	-0.17501639397006782	-0.23571870065278769	-0.10400361038227871	-0.053587006022702846	0.2109700579127069	-0.21635790354830997	0.16151999550449847	-0.18125119927983102	0.063636852081169301	-0.20251146363189476	0.30819659687358802	0.27896688985250051	0.099623970533325695	-0.041504912778662875	-0.19270469077882049	-0.6020958814516767	0.29629969309588156	-0.47985424680436173	0.39004137443780074	0.037220994681087721	0.015471953136332588	-0.19586233727145727	-0.18034967327438323	0.021940487776166525	0.091582130299125167	0.048981550562385782	0.17128196385666633	-0.15749599162427669	-0.2041245014308285	0.55681586037631658	0.054019366419214586	-0.31092085134140235	-0.13440844862281179	0.63264498820002435	0.036418052541789155	0.088022498479453107	0.13613535633196283	-0.052084286552805434	0.17360273079399888	-0.10951058891071855	-0.037812986471423747	-0.18825946047130884	-0.42348272622741762	0.19777295545619641	-0.21930407461499868	-0.30095145996743772	0.018628999550781046	0.29956824017673395	0.16390721041424453	0.012870689620405683	0.029670163591338942	0.058887887501413896	0.1045444311310451	0.030573361182324277	0.0023572640394786751	-0.059508334701884928	0.48182903963499241	0.23249031226259831	0.15201229909314279	-0.48198974274254008	0.025106361926492692	0.27571850254570829	-0.4570107602071749	-0.30540155799744362	0.28717776507281201	0.34615599113270251	-0.39815877857615839	-0.42493285721963148	-0.3931407102659476	-0.050830392303232254	0.11328595780807819	0.15856328937807271	-0.054430112655483753	-0.033306403109451821	-0.059345805460586043	-0.099312105253345093	-0.17091948474001767	-0.2360816922579963	-0.22872512323033825	-0.05334485650253798	0.28867046185758111	-0.23343779915500315	-0.38527819147230119	-0.65310887044871602	-0.1867905641987071	0.27347396149401904	-0.47009859395061537	-0.20634211994037754	-0.23450170313040222	0.34493019417318754	-0.16443501492893356	-0.12842843042295438	0.38394164769988998	-0.0056664446909618906	-0.5001021939798872	0.34150672927638809	-0.23482461092192819	-0.042309512092195786	-0.73388513534083277	0.15416092313764412	-0.11059342095745973	0.21430878931460909	-0.21191996763746809	0.15807932891867688	0.30246118127921823	-0.056772010336704995	-0.093118271350303344	-0.13455892812987755	0.10447959022525621	-0.17882065336995842	-0.016326150234570892	-0.1927707071523308	0.10496540232686179	0.22417462547133607	-0.040583842468128649	0.38761090870023968	-0.20585888758902263	-0.46556710888405023	-0.050135872776730782	0.25962511210433414	0.37223562483371353	0.13244803929296836	0.17892943495957855	0.12514571861264748	0.32809012466794929	-0.25752247352440172	0.24034324437178958	0.38120676719292784	-0.096395149078721307	-0.021699138723914786	-0.34450536521426572	0.26571076013506884	0.085871913890853871	-0.049926966853488554	0.44967436074859984	0.020220703599390787	-0.18563458251089646	-0.22584482823661567	0.069122136886795998	-0.31594489045160401	0.010318558821270011	0.19142788476982953	-0.032357524127991692	0.14833667480746865	0.14370754203836889	0.10868242775979436	0.19211837436206261	0.061511225493184087	-0.085184658940861857	0.16081392600735259	-0.057805577491561476	0.40752726181683657	-0.28749551341302793	-0.0088221347542016687	-0.1544256694780724	0.29331272276957032	-0.16030873365364087	0.078058204120055139	0.25482162064463254	0.20900412409084154	-0.0088545855785743602	0.23154703552769956	0.86996123368050615	0.025397829648025703	-0.44205503507744165	-0.27188183056332399	0.10265834080709095	0.24568878550926751	-0.29685482368804023	-0.065723546467453958	-0.031175210755345909	-0.18102651776681028	0.031452984890578115	-0.43314124944252375	-0.1188777560494564	0.080809063096881517	-0.20580483802467547	0.29263258119781599	-0.21157716299622975	-0.55651676632294877	0.23993338399683881	-0.16002079832136787	0.11064876496665986	-0.29537762076439888	0.022386212988825011	-0.18989314238169067	-0.020919748542842165	-0.18256575107837311	-0.36728755482349607	0.38104454332350846	-0.22605485304664236	0.054938205582770627	-0.31404424703921846	0.029656591552277602	-0.0056265793081745792	0.37531755664728622	-0.032982471754222482	0.53109751427953045	0.43449156989820159	-0.35505024268841268	0.052363726984033618	-0.36462190749661755	-0.038312920904209367	0.21375506165589614	-0.042329506993364435	-0.39116678779957781	-0.43513296351584468	-0.38992172030586975	0.0017693855018897384	-0.085817857266135403	0.53771064650665767	-0.11594619661681259	0.23496258681091731	-0.15066734656139141	0.23150236963272439	-0.40979889440836326	0.19707238841345512	-0.3304908947543615	-0.24847551920011654	0.54276810964759536	0.019276006261080544	-0.056561704000802598	0.46344254398240115	-0.01674050548889152	-0.10601494193096454	0.21167905371536144	0.30157731525139231	-0.039777732456437176	-0.31723548942902086	0.10468897428050253	0.015197621980611819	0.36204608910646369	0.27490817559144476	-0.18467193351701292	0.55708323313888897	-0.6083196743186885	-0.634696816273845	-0.28187516409486091	0.19552595480519336	-0.22662247061996135	0.20082416102590436	-0.19879837066832773	-0.14025886854210146	-0.26756561979272664	0.38557829016773293	0.71686249459055473	0.58825655533797006	0.011710710110343676	-0.21623890531268747	-0.2669337415296909	-0.47623656432087591	0.12180192841479247	-0.21951723491656849	-0.23121814328359516	-0.3395385967920978	0.066750232858809683	-0.35626123344451444	-0.16230769046849206	0.12565462231430574	0.050412704353854781	0.1722275256001865	-0.62948542550551867	0.22532977494437401	0.1901368953430225	0.34065976950842786	0.027461825582831983	0.070141187185891324	0.31448062020271728	-0.3716016519372049	0.15236997311734615	0.25571032300750779	-0.042692408720695928	-0.090502009234577005	0.2942388453009937	-0.089468000509824119	0.66466697393878349	-0.087498956880732073	-0.25132123734664685	-0.58899459161308687	0.026428035279171178	0.19614059472323186	0.35593565620628609	0.21123873433273838	-0.37776375435645093	-0.19894840699779606	-0.19803822025188933	-0.43101223036124725	-0.019742392992818457	-0.098750826449473361	0.23031703617818311	-0.51817773812141987	0.39482161620507039	-0.15704001543599078	0.19642891304121146	0.30574979194413637	0.37636909932883883	-0.15950867477647468	-0.21808507779676808	-0.27019058531734697	-0.065351172158635187	0.084476128115316379	0.28841134651608863	-0.092027352328284115	0.26639912156486895	0.00024185288648976284	-0.33058753920107448	-0.20440870600841851	-0.046876290356580572	-0.39281389501227565	0.18314649512359679	-0.20830431428869556	-0.17524505303777929	0.39426711050725566	0.019777372179196503	-0.45331914083320002	0.061079338385926191	-0.39699204906614222	-0.5643334073923697	-0.035392288828044814	-0.078084821955140341	0.1443548889555879	-0.31214416666693551	0.29316789960339307	-0.016093124180057015	-0.21801885723133074	-0.069973791354439402	0.10228780218562433	0.10702061006859787	0.20405767648169007	-0.082004134008797427	-0.27107937247209518	0.031890896284147645	-0.18863046102161216	-0.25425648441668941	-0.12018793860348363	-0.038349345777568579	-0.4444764615215252	0.10363522071291822	0.49177997062915491	-0.49901252573213195	0.172276271846626	-0.064906783649298042	-0.63010904096827458	0.23057292695793052	0.21291033033421128	0.005731207038034725	0.31485252784993306	0.12333161358023007	0.065992636357577752	0.28228389690324068	-0.15067755445128267	0.079617648244463421	-0.021264702500870813	-0.52628138804926261	0.55090622408906853	0.06985859057771629	-0.13419608056382568	0.25995874411305742	0.27531871756154347	0.014263085715085227	0.1244033565563149	0.013176844774713642	-0.030320310169063353	-0.58201799189419445	0.45335555265171795	0.026265946263878515	-0.2664845555076088	0.44994273001579693	-0.030530261961801371	-0.27359019024820552	-0.34176078910489627	0.12082065697207262	0.18519698901833043	0.039730793274909602	-0.057656104005360004	0.0081884739961721967	0.048451701212976463	-0.10211622033802846	0.19040690476106759	-0.21001347083435998	-0.048548083840975635	0.46307085444459356	0.081324839445859845	-0.085978327807693961	-0.14612399588936159	0.13131194553033104	-0.13173501902636892	-0.18834164082998889	0.33986964130966241	0.30463717426961301	0.24319436081274895	0.42484367432273279	-0.13682351753303579	0.094559211842487639	0.20909463101928555	0.46994818319536341	-0.12759306399527867	0.14979574802412854	-0.013133738629952403	0.12720850616386753	-0.013926185623340954	-0.32754857605797627	0.40307571580817902	0.03144286486061372	-0.48149005004904716	0.077199462764076091	0.2518960087766775	0.18229440356036006	-0.27324819321221799	0.15362579259900536	-0.21968245766505967	-0.27261924729681264	-0.14753676466992097	-0.15546373096758009	-0.16921725305648011	0.15603145702456134	0.53582078058895177	-0.31650162890591188	-0.096703521831537576	0.063298955710080151	-0.27636572600164666	0.17699583101879893	-0.011204088288361128	0.071498059620545742	-0.34203473443028309	0.09782469001792457	0.33421257865891518	0.54774635549548645	-0.08509612104779278	-0.0067761430712701912	-0.10655685704594615	0.21851609312157996	0.06460575383768212	0.15635060301383472	-0.096300920592364336	-0.39980143040741933	0.0094571724377532917	-0.038514200180630974	0.3522594990144598	-0.34395679884425706	0.41860239688165635	0.54989686681295458	-0.1738569579333186	0.053928721602148115	0.23830706474440774	0.58631677843813124	0.41550139056656377	-0.15853974775155871	0.51861592183028282	0.10374868152021266	-0.19488778330679721	0.13119176376652616	-0.16398598365215519	-0.4985549422958635	-0.39437887432760149	0.17062008505201468	-0.29892334004671678	-0.0017243157046352218	0.24850764620651694	0.23911323728676978	0.21084318942424535	0.2979086147372344	-0.093995749922827915	-0.28974557908106696	0.054797140337376891	0.34352414205276766	-0.35872829399500245	0.087740757501381286	-0.052695381744083454	-0.091848603348162153	-0.11058466281949959	-0.08540982208713245	0.023337975941208691	-0.40941490314411993	-0.091079515868250666	-0.2783722681943368	0.17742607461923315	-0.32919489250544792	-0.34022070900418772	-0.19470322765729314	0.4345127013067076	-0.01176083841279516	0.62927023930486181	0.031708538836778405	0.53628527071419851	-0.013735245519142696	0.20823564448831267	-0.2029088233534749	-0.37584591381515564	0.21283965888052231	0.54658936074586839	0.37956957428031574	0.18568904246461962	-0.084488911431662386	0.1486805039061799	0.26433150855309012	0.0064756773551023356	0.049654237870291169	-0.049182427583647971	0.29835072820284592	-0.24451987374992185	-0.18893032198633192	0.086197220741300137	0.42723383607127918	-0.29634083906350694	-0.39108603619221066	0.31029170585731269	-0.033940767811037074	-0.039082746013998922	-0.034200469675941488	0.014193169611916598	-0.024966955842461253	-0.10978802898793945	0.037171177003092165	-0.089104356645172425	-0.17532391935017358	-0.25875902825895775	-0.085873235876127663	0.15849028567343951	0.1511114909932009	-0.29208335028045418	0.40857558638056846	0.46820403490992607	-0.26362174931404669	-0.091322761046655446	0.15201870424294561	0.34699253390418866	0.022357162497448829	0.02415851494077878	0.12701442768952609	-0.48739118024667388	-0.2357712354452077	0.19593853311778214	0.039262879477791009	0.25529007180216984	-0.040929977253351006	0.38740096653919898	-0.15256054389092394	0.59610642218388277	0.10400633954110078	0.094112547966423529	-0.051383713840911005	0.20302640732992056	0.25605226474870074	-0.13562275077867891	-0.16469303615055653	0.10885975208645547	0.21294747107293543	0.008287332953611606	-0.05938525626124757	-0.17693295471308276	-0.070909071101444954	-0.21998461037328018	-0.17871921896718934	-0.19942763610666667	0.30357191689724172	-0.16466523307869377	0.042577810826106774	-0.15503106748092704	-0.68604019813524941	0.039682382487095616	0.018568686497631982	0.2254924925864594	-0.47065093482185533	-0.11330930525137718	0.12045167988151907	-0.2933442796089788	-0.42748637010153168	-0.0040100460802883148	0.14932230361513207	0.010565003593924132	0.052536914598398994	0.11977566428908137	-0.091814857887105597	0.10631234952808392	-0.38068402164850029	0.21663758199220839	-0.39182761695474794	-0.010404031441656371	0.08207000123267584	0.22031414036792107	0.037794948455116252	0.090725256937033247	-0.026166443121626588	0.015366693331161056	-0.21107427970368886	0.071926514173636949	0.34614518648022341	-0.05124757208827839	-0.096058091865284481	-0.31336016169098219	0.15235472403595493	0.14693264953742891	-0.16067901020860045	-0.2746407877690637	-0.41108889504875301	-0.25800724867463287	-0.096903902674605719	-0.061510349646745135	0.089344165740075254	0.053076925252776803	-0.17919079193917212	-0.065747962777066349	-0.31068989577972878	0.11938386017106799	-0.46189201469762697	-0.063885533987227974	-0.54002508797325144	-0.17971294648942068	0.15930474293625008	-0.16125415159713044	0.080077151287931012	-0.13234263255391845	0.054024146729234376	0.4404902808491839	0.44052329995751399	0.005586472595720161	-0.21834968032077193	0.078321166564520039	-0.053866930908768804	0.090447352880868026	-0.020125454653103853	-0.6096218377346363	-0.096469469848767087	0.11837660592750011	0.3039371845430015	0.18661071889553393	-0.31920681675927459	-0.070306840997120507	-0.12680787716080247	-0.015317132194882729	0.45885812211540838	-0.20931519809244489	0.015177793237996468	-0.089746863031401836	-0.29479133059162399	0.054763028711684716	0.32896507356258425	-0.20954280604985556	-0.69799464780082454	0.04243627110560913	-0.056398956065357914	-0.26875314673739203	-0.3281797872263077	-0.1834926985229873	0.22314612524038663	-0.18697972517738085	0.22777587136274016	0.03059057087217424	0.21398538730633168	0.64280335844865011	-0.36594307647976765	-0.42395994256948799	-0.1222993194703665	-0.4645054924182111	-0.38715954187700408	0.2824157529440971	0.14123766845528052	0.45792902059963497	-0.29681701350983564	-0.1721304013972467	-0.028783840934844263	-0.13665455993487613	-0.03394584445219756	0.11811870440682497	-0.21243996109604699	-0.015001944599495297	-0.27474526090804652	0.25186489951089935	-0.29527420465399856	-0.20565800258610892	0.085501533348827707	0.082221978204815208	0.28981774155422202	0.085506997442539645	0.3092249391814873	0.20831750782216188	-0.22500675323991451	-0.42798705677866983	-0.44295172002777539	0.26119571643756068	-0.021491854001512715	0.23236934853467731	0.24518375501584713	-0.2394122296074617	0.086913580886617936	-0.38155191540318012	0.28102435482611926	0.25681484261709925	0.23068008953193231	0.67646359361948161	0.064225064082352207	0.19720857691893048	0.095086122698744391	0.19372940713681433	-0.046960041760205427	-0.020738440425779096	-0.0046548792446550703	0.050050563501625171	0.16559419518935894	-0.11877256473093779	0.19855402411991213	-0.27761916779944673	0.28735233139885419	0.33915016580939333	0.12484648257151559	-0.15408964567779002	0.51839432826717935	0.17254014507529014	0.17500833710533373	-0.1821112229277122	-0.36324940662626259	0.67225383651257498	-0.56049603249840896	-0.052593590332090559	0.31384897383866994	0.2269245735112459	0.044433386427321711	0.38457036012592388	0.13339344963151001	-0.14898919346890671	-0.38490674470648806	0.49444786901828269	0.12297615300184768	0.34819148666864036	0.13995455836830728	-0.13946011749113463	0.24767711760839831	-0.21512987070966602	-0.045981882864800143	-0.22002145277808258	0.28864145734628771	-0.2091028719069381	-0.089839352202030862	0.03018364033180022	-0.14209580986720302	0.30521466768736183	0.34041667050811042	-0.20717823135637781	0.027681605588549322	0.25916750987374837	0.11416921679227812	0.0095400654914059996	0.039505839365653793	-0.32747399365691404	0.090290432264754167	0.063626710103416542	0.24862557442214603	-0.427160026266728	0.026714717551952382	0.18247628084131526	-0.58995569948999527	0.07037569097846974	0.09225408625970824	-0.27562988664921517	0.38083977233102778	-0.1935451552815407	-0.25754664365334101	-0.15566281880796123	-0.0015535061848211268	-0.1131399398964039	0.0028087613001608314	0.62247513074790861	0.4245904449130728	-0.040702656354678519	0.075742211930057729	-0.12958997409067766	0.34654659019758377	0.37586023265096669	-0.22085710289431493	0.38306647517794329	0.46930046057819547	0.11047563951007992	-0.38813754730907513	0.035084769408069386	0.15964403637457772	-0.37880198399955134	-0.11515935096242308	0.27677266506610321	-0.14056290274328173	-0.03583280337644254	0.53224046685305071	0.4249928784800156	0.18011963147656154	-0.042994759069297853	0.21338403754143137	0.067229821675045612	-0.012584090152367198	-0.39888190055913142	-0.084187049836762076	0.26210085104326786	-0.047344520702380634	-0.018587306108933166	0.23874673456682174	0.085966385939923354	0.31768226636077468	0.34637891384129021	0.22045235557071302	0.32085317216416764	0.0049557563439248586	0.22304266825595095	0.14848670695287097	-0.35424061784313438	0.53006776095227759	0.20718611192800246	-0.45742776963381676	-0.29162462583313126	-0.010583038593822624	-0.1552218973896885	0.18030521488496482	0.20938912147972016	0.31640489363630842	-0.092992722402195263	-0.15803154818721249	-0.12373246662954113	0.091926784196758274	0.18481228880369158	0.12347519154366754	-0.15803940720766851	-0.085898420685701554	0.045562436301788078	-0.3225964299447856	-0.065643355368025222	0.023157243333738441	-0.051298792581358707	-0.090373174223505173	-0.16339415029725998	0.039107026673694124	-0.28319655201993782	0.080056103710758761	-0.50620996514952221	-0.23923029865497161	-0.12595046824427925	0.19381935540326828	0.2877510258034266	0.029598665911259241	-0.20667429828077927	-0.42259463197895419	0.24891370113444861	0.17509805321026506	-0.019208055535998563	-0.23686215041789047	-0.083258876873148979	0.051176116447589307	0.10764608222778531	0.24081673969386189	-0.10095695575591236	-0.22059621313817146	0.18074535028208424	0.08560159513921517	-0.12212457168322814	0.31810347340269768	0.17741271557425276	-0.04592077611335995	0.058632903948555769	0.1648433904870461	0.003277449742707893	-0.0094262822251098798	-0.40209311065284919	0.67872174167254173	0.38564307254723934	0.32594384450664488	0.17865908762039157	0.49291238698479967	0.30230533968208684	-0.019299470502418155	-0.40617523555847479	0.12216846071891076	0.51205075883847939	-0.021277306194725523	0.31235467424475377	-0.089706668374402998	0.46368437617746716	-0.58229671174119269	0.32711752356292984	0.10858739448011692	0.19391790309248333	0.21434984267575971	0.18793748472996047	0.34176297431625219	0.20281434072076715	-0.21572774287558297	-0.019003513279886555	-0.45885136311962527	0.34098115086586867	-0.38095625558622004	-0.024471897709045086	-0.046088870605085444	0.19038291332142332	0.22470951484244958	0.15161572444108565	-0.039039772624320609	-0.076100313194364916	-0.29295371251343449	0.05398766142284285	-0.110497148999252	-0.088917541273965173	-0.43263012238501619	0.37078454104656566	-0.2490468352250069	0.21886394913937196	-0.062467035055773348	-0.12254177050508515	-0.20832934049637511	0.099263872624116345	0.084616437600251518	-0.074393423958049751	-0.32299180027474267	-0.052190248819296924	0.40038812646252725	0.066985115827241662	-0.31137359220250316	0.21472114277626697	0.23665235420947472	0.0058151185862761806	-0.015972675778248062	-0.067997633278101627	0.46844324804002607	-0.078918327174391997	0.16078839989541277	-0.1159816335893038	-0.043148183673805324	-0.14964724938781498	-0.19616728203513265	0.2770220262277896	0.091256219971355634	-0.11834858660087694	-0.024957630971386948	0.52530666522532021	0.4212265060395759	0.44214080432327713	-0.10678182720363989	0.075570696310394078	-0.26920306424466056	-0.63238276285390227	0.083026728376006664	0.077806187508721911	-0.61933236806522429	-0.37680196408966427	0.76398480166450078	-0.16539614876123546	-0.55176509666977003	0.10061166994438783	-0.12258399464138998	0.16016720120481007	-0.08415467756982617	-0.1317089274511313	0.3813308441205886	0.51248365618185843	0.15354346548260181	-0.067702982600390871	0.032863140812839364	-0.24653173636038081	-0.40727779578269663	0.30677146608275813	-0.29504610615326415	0.049891690554651896	0.22734748949122061	0.28835414860910635	-0.085614499934088664	-0.10612780474813503	0.037974066917684332	0.24418044275939899	0.27410934860680264	-0.14113283786657341	-0.17343983213515751	-0.094294160151045386	-0.025552052234868835	-0.41080208993522055	0.42154734676720662	-0.072493900504041836	0.63243696079470579	0.10113212629202092	0.30262356605858287	-0.19551968174416762	0.082991028995947333	-0.29043029107440199	-0.37723018761694227	0.014594528705793777	-0.023818786570874516	-0.06389167328445175	-0.027517616482043296	-0.28269686151574164	-0.22353811283128677	0.03278949722281551	-0.35447760425352359	-0.45768435901303051	-0.094623672374484602	0.046899777786174372	-0.16269093851397556	-0.24133197758986596	-0.4494746107735319	-0.22314483399119375	-0.14768968654150968	-0.15564029519191644	-0.0092048772580229938	-0.078363120263798117	-0.36388605825149301	-0.65441256116935309	-0.14058564309234231	0.26249863838906601	-0.14213277261252266	0.18773916082587688	0.34301657175626799	-0.3998574754578762	-0.011710827230306451	0.17531000117473666	0.17422070483092858	0.31923324103364825	0.63664002454584201	0.0038162569140330659	0.53648057869824661	0.18837000797922679	0.015846898614756775	-0.1007784858618356	0.32245854332274532	-0.047987804763767072	-0.25958539812124648	0.39994498133132816	-0.11785015278321627	0.090591149454580383	0.12194593703196768	0.34975030394662815	-0.25579422241575483	0.21428833027592631	-0.23064718059542821	0.28708808222355542	0.17547736784376308	-0.01040801983729126	0.21357732097912294	0.25103846863830898	0.023611889370879734	0.43284847533533566	0.0033780458004442938	0.27521470534783415	0.064444280353941272	-0.47266279318721466	-0.12790889936750482	-0.13592451663448726	-0.034662352759653486	-0.50612509627173863	0.13646885863976002	0.35174986604332115	-0.29596381590287968	0.0725267049779377	-0.1547147590221746	0.061927944457891279	0.18502383846018017	0.19955821268935775	-0.23426181167955734	-0.21287502147697993	-0.043495333076841017	0.087689951345403236	-0.10579725548452339	-0.49301531796053116	-0.00057998681124531105	0.029796357191219952	-0.12615693145109266	0.61432345022182111	0.018617199449714128	-0.2361066777499827	-0.41342086608000606	-0.080930592496584186	-0.40579273393766552	0.15087733099166015	0.43302054504777909	0.19989608286505142	-0.26999982681554641	0.59579661995196875	0.30770435257104511	-0.0002179891604065903	0.17237848433467839	0.22373173424645754	0.35563716023885011	0.12513378573914435	0.3966692507247343	0.14961031230946373	0.28975466640496683	-0.26147229339455341	0.11671215384763954	0.13025766578924597	-0.0091546573587803683	0.39513085859782876	-0.052677916468198603	0.087616692066269916	-0.1905651228715235	-0.22577166101767893	0.13623522685833858	0.19328150402385449	0.0078664852078385566	0.33118246298661363	0.129439983339867	0.40530051722440014	0.13460637161700303	-0.041476607495531052	-0.054087467401323884	0.054978124561119029	0.076640927863371469	0.45355790687020187	-0.0030062548699697745	-0.095535068570267848	-0.099844966501643664	-0.001811279858219703	-0.12571593234974127	0.72839237982689498	-0.23607151566854356	0.088109604493187749	0.28804678866267197	0.0090228796312754704	0.26879417242126458	0.040479432723610403	-0.12834044106338868	-0.37446296979972904	0.38550600683227848	0.25637640732691097	0.081181935600661087	0.15856619214313242	0.091294085934134711	0.12711866875989256	-0.15649904181604948	-0.11531442100245612	0.11923145730528126	0.024135957537543776	0.21848207856760721	0.063906531303878689	0.30908884259648178	0.47554777977959878	-0.21618497008542875	-0.17728710682192633	0.26308519233176703	0.33840898279018222	-0.11888681812043982	-0.11661168187426608	-0.0021665657089213414	0.4079710378209479	0.052412906126356851	-0.15513309170022949	-0.17455059953720498	0.13488957986277961	-0.32429410844334278	-0.48683077955366971	-0.052569912499895087	-0.2791782296043665	-0.40390566082780505	0.37846972282742897	0.31182127195854947	-0.38359095831847762	-0.31420128069043551	-0.053420228302122591	0.071082343517556434	0.044447406728965168	-0.45242480138721097	-0.11960062328369918	-0.095567009905516351	-0.10002806298929764	-0.1203990954489942	0.10689655747681541	-0.13348607166824769	0.18318318165353564	-0.036683579987446618	-0.080856642989045352	-0.042135103162740044	0.040441220457938867	-0.17464814749943205	-0.124920139341662	-0.10976397903826404	0.51412196258987264	-0.36823051761171427	0.19696242004742048	-0.46465941916784359	0.3383717836449659	0.14811045534743142	0.16594208857138179	0.14267466626395095	-0.14456900481094409	-0.39944398368485762	-0.40246732771396987	-0.30967502796838819	0.091157609910881718	0.32163510910043769	0.40776769017983788	-0.39398955792818918	0.1362377911029489	-0.46309891150089821	0.36971573893074416	0.38724998137028943	0.2690816938066834	-0.15181602360160756	-0.70339114589342022	-0.21031770118223836	-0.13725356757770821	0.27686999136317991	-0.35750148274603538	0.26656878205366114	-0.054408916617582501	-0.18984166156231416	0.27232269358803057	-0.13482036243249659	-0.28139949072192572	0.38245811978080241	-0.19891105607090107	-0.24310079711700028	0.18475827565213851	0.27426362483579092	0.246560637847341	0.19530734520450502	0.25269815371625948	-0.1345185756351287	-0.53020722522571695	0.061463255662702554	0.15097618164002927	-0.20727972206761577	0.12417750780148017	-0.10133544440451651	-0.19819044064256094	-0.18418422683365404	0.15950276196473187	-0.07527550744343986	-0.25814329104874822	0.13611408125717156	0.29080484304180965	0.37556214243191954	0.025558533564060393	0.32335005595405125	0.07898834121455163	0.13889982426047914	0.010522196684868248	0.33634171165163917	0.036432029416344693	-0.16972570913318344	-0.019530998569953429	-0.73219876229581626	-0.30094173217275555	0.36172013064404784	-0.1994499156214109	0.21252522461299567	-0.080881820201224627	0.26347259203248696	0.07824607977200454	-0.16865115757665208	-0.52708547925531357	-0.01704914046338132	0.14570355984312552	-0.18683241758727448	0.083201313942317182	-0.055933596521266275	0.31876967017707664	-0.33134914146391653	0.038604725804015402	-0.36161439433241743	-0.17764517584701051	0.16766762237702149	0.074081472437517185	-0.3159267610238522	0.33647539235349105	0.36509112614139594	-0.090598987251302276	0.090911901086900157	0.18000898295146364	0.055407571616972226	0.0021444103668531726	-0.26055179512112242	-0.41253857742433525	0.17439120625683396	-0.12504177559426791	-0.064782240588737716	-0.10816124916965116	0.24224455348941482	0.38431522128156098	0.19473089259052692	0.20773637704205439	0.20511487628143651	-0.34020125705227577	0.20688477673983149	-0.32869143305306586	0.20423767011155206	-0.022674165008850895	-0.42327684062436383	0.15087095879950321	0.41258383625611739	-0.20683731516745327	-0.18762218123479799	-0.25723684071237701	-0.37832446522041369	-0.57257710888404978	0.015094506120832161	-0.017560883653755719	-0.29122282786040288	0.086174119756501397	0.058682738783794743	-0.20605301431735204	0.13824764441945778	0.05459656642201817	-0.049064505169188352	0.0502281915660827	-0.053563818308117482	-0.063955694720707126	0.12180350857402514	0.0051088012716519584	-0.036027569618636603	-0.068669282217100336	0.48999560823539756	0.091737085118636374	0.62771729002179011	0.16235145144336566	0.32086408394134269	-0.087314463303460085	-0.0064629694378618716	-0.0060606190862219122	-0.14701121139980505	0.2251035458146575	-0.040837102379343369	0.45781525796092676	0.040349891182148476	0.58002323930770006	0.4159716558477789	-0.077758689623644101	-0.24560410205101346	0.43981010198664094	-0.17036361890038756	0.36302247447699343	0.031970624804166209	-0.29972077617040405	0.051477844736039474	0.30630755526878861	0.0018634362578500777	0.30851287496487201	0.50235594000286921	0.36157097647177944	0.44682040883266794	-0.27651534120687687	0.10241926881700589	0.30347033565336562	0.31403184477310886	-0.1569999095914838	-0.42672949521750131	-0.055198698568432202	-0.24863336586495885	-0.35780781652386889	-0.057307155195801505	0.35711927378218822	-0.012771262543886818	0.039605907144604616	0.28745944474520468	-0.055333163950815951	-0.27114965905512139	-0.040411556075474246	-0.17595238565453222	0.11641092642777509	0.33912052640862539	0.23451526525722141	0.041869654972119592	-0.1030432464634421	-0.47411276657808049	0.3219977057381766	-0.18678668841037385	0.37048558139936522	-0.22426661130038744	-0.16739535498596822	-0.72858221345125107	-0.39725424153018118	0.083613135574427094	0.2017631753868922	-0.20085781374336545	0.16766792471052888	-0.027694451568618515	-0.076426297825806219	-0.17410322093873359	-0.18722374725528457	-0.053938748080770871	0.083533158168035554	0.064927134334886186	-0.25118196038273055	0.0082378145173031964	-0.081046732860996784	-0.28525186943902464	0.036491646171734456	-0.030636753422569003	-0.52483425017517471	-0.60938256020393744	0.21915226131067811	0.25810690303639616	-0.31166064327276555	0.23612934346258702	-0.063661168443356564	-0.053531429959521329	0.48410622848859286	-0.046176844688814667	0.17029838392059699	-0.62888798418203207	-0.072387969373047756	0.13770227398240037	-0.059681536235203066	-0.11915586088489226	-0.099923053849653276	0.15785584893931542	-0.10788761605532116	-0.11110593239567888	0.13106195338255583	-0.15407696654604841	0.14715964147267016	0.15905638052102306	0.34297691860358903	-0.22418572349714908	0.1288213149851781	0.15472959743733089	0.20774621770849824	-0.1710162401513424	-0.45674162522565176	0.28235713026128506	0.38778921122900084	-0.31793701261374652	0.077610270828245342	0.39357782392441198	-0.24303316808414999	0.072078323318624626	0.0052670304986776164	-0.34056801069397075	-0.059843985880021773	0.12677936407298601	0.38890778900515743	-0.074771712806573812	0.002990899995318084	-0.10758053988204197	0.67148470160548335	-0.11361587446640847	-0.042344368716170949	0.49854964595163953	-0.44601618731104442	0.037763774035638645	-0.10010242841440928	-0.15514921480339111	0.47975101213172233	-0.16791083913484128	-0.48880045104453618	-0.30819042684528369	-0.2606183143887994	0.034422833711961455	0.074583168960215648	-0.15510145601267797	-0.039403170946425606	0.028226292278474844	-0.33190598873503929	-0.30980660489586576	0.27360759480800556	0.49251539748931861	-0.21434643607784359	0.048591124137059627	0.13076614017600643	-0.047875583626315533	0.031388252147545932	0.51116523619969856	0.25137858644272715	-0.17772251156394031	-0.26533965359983985	-0.085747110583258984	0.11088256058684419	-0.13641538569442604	-0.31868824716143518	0.1198332032953925	-0.099950436349088428	-0.31618108258442468	0.18051509434852364	0.21607924552846505	-0.09150408195043086	-0.056920948928875663	0.0028671424772671599	-0.17016183628406639	-0.15849053393063234	-0.27319436202074032	-0.21806025872047416	0.46293859934191539	-0.38532962721710246	-0.23071547076094559	-0.22519611804713716	-0.40507819190978239	0.073009274858459081	-0.38231838137866242	0.49681812906922107	-0.20906249458093748	0.082122626327540235	0.19816730172729149	0.2569557405293435	0.11928655549206614	-0.23575862520677229	-0.66491049026076976	0.42619494699264471	0.042478551239197297	0.26857663924873831	0.073707000120747032	0.028784469133859812	-0.020288935552998568	-0.00083840778963705908	0.6563388945131019	-0.20458139221319374	0.21386311214149903	-0.15560315921481044	-0.31476520488106186	-0.11106208184283881	0.31702984186184818	0.045623042008508752	-0.26243119973101181	0.08839057519972425	-0.38720717397999782	0.069149264370189353	0.23610514466794821	0.11873934796290896	0.01486428488222049	-0.19436255545142145	-0.038030823687422166	-0.32919587168681375	0.1211540126617722	0.27407062300475449	0.11759898709282911	0.41679769683067969	0.050913651122932925	0.028630739395629962	0.00033094877817565934	0.45194476795245775	-0.12269187514127572	0.0095249211170896353	0.39667804838744325	-0.16024570091660972	-0.52376112177820233	0.12097433467718753	-0.17395854596210369	-0.10779255958702437	-0.01093449978821625	0.23485550010783593	0.32855604068893468	0.032286154061312307	0.14923513843076852	0.16729219362825865	0.037766211440821387	0.61365141707893922	0.35218166147173119	0.076456004047969359	0.22506952570486011	0.40444536627151439	-0.36413795329104431	-0.25715031810754413	0.43738539056723003	0.19237331709331271	-0.085061133360635338	-0.16226062106678588	-0.54536309672407823	0.036385500690817051	-0.083069491898809078	0.17646884273425659	0.42842653362652455	0.26679428595236387	-0.030120649290009602	0.24907591743989935	-0.46936535625163744	0.15696616785907472	0.29223744363203497	-0.34815132901554535	0.32850880110905173	-0.020510870072518912	0.0029279034634579438	-0.09894499782173008	0.31359278875173008	-0.17028648354749226	-0.29713147317658561	-0.35399860890892199	0.080213930085323459	0.19928666618382831	-0.2454115286063619	-0.16286861691547722	-0.22511923642820031	-0.10258630768275881	0.1812574589186782	-0.29104380635214666	0.16224405816135767	-0.25302937815721005	0.1027291935936604	-0.1178024521176332	-0.39175669525321455	-0.36357042553559055	-0.046720914823997185	-0.20885545751510665	0.097455990187869199	-0.11430032361577513	0.11205495868960835	-0.037089191314504541	0.10387342623163434	-0.12531126511493548	0.01158693756792277	-0.045721085644434778	0.15152629115998964	0.11246752590667744	-0.2311638883197055	0.22968583897407258	-0.1245998519641459	0.015649049681208956	0.025166012142236883	0.040567674874438547	-0.32684054870038942	-0.38339338587052435	-0.090514589771912943	-0.069684011644651558	0.027653056613136273	-0.15366554272054386	-0.22642830082740559	-0.14504863703584678	0.079420206715279981	-0.09663112652703143	0.018089102791139181	-0.088935695489891109	-0.012744762471843439	0.27389193258614425	0.40689505238460311	-0.20028910372666892	-0.46225781456009757	-0.25258746942854848	0.37056341520506986	-0.099875657194075762	0.081656452838444235	0.17097900280241179	-0.091805593421669093	-0.42534016932286151	-0.090050991975497749	0.014336059883227581	0.29561414298545735	-0.19156561227832833	0.44592340368846001	-0.094377708488875695	-0.38543176526602785	-0.027774420607285338	-0.014574379611404885	0.056805281091902859	0.14610694827376786	-0.23618750696909033	-0.20500811424031123	0.18021357651955527	0.30525450838659424	-0.066732161233187898	-0.11560005551360218	0.12239531746053217	0.1071275616866133	-0.1741423878330495	0.21818698498816952	-0.078136529427097215	0.21098013694732665	-0.45395802412766062	-0.29943020265313586	-0.441773160066396	-0.14382010379999421	-0.24949808138119867	0.19581717341388533	-0.21922953224294109	0.13556150728616775	0.2493888796500893	0.018188826691673165	0.081016820467869982	0.31193852291365826	0.25106181882176348	0.32381823150242223	0.057534191409827913	0.27252947498126301	-0.088564493597734911	0.38998464362110608	0.1114280849619789	0.49312928246367932	-0.20343512485213378	0.14552630489696294	0.50195937022921622	0.16322279033588702	-0.1534812123223874	0.11620777678406619	0.11750433849076486	0.062721781225275441	-0.43486006618803857	0.18600143006127368	-0.0038467915380626669	-0.18374867113681909	-0.24166569581583566	-0.29261958249000697	0.134813988468405	-0.17113456144608244	0.052057754524903535	-0.36996205609993704	0.17190420372692702	-0.1011698214926104	0.025031559499490475	-0.17519686895069286	-0.018522440070646403	-0.036341692092924517	-0.63996462556015354	-0.27252148638720725	0.091143641145779442	0.38428327814198643	-0.012608535590928092	0.35167124909623299	0.55285495630100312	0.1157051570615787	0.012968837753139815	-0.22411136793807185	-0.12665267072347114	-0.53490733278250091	0.070370457891393345	-0.15549766949673755	0.53798101234651841	0.17280172102819277	0.21156576449013834	0.34847126926756139	-0.20615149681194772	0.16477661881079947	-0.016993740076209338	-0.20729736733243448	0.0034656778667224112	-0.23605655301337752	-0.30808296463304358	-0.016407064224973858	0.15580810222231586	-0.26561657844648395	0.1439712609546383	0.09738454304759693	0.12818437632401875	-0.10650967176272895	0.15554807717516264	0.45907655472030084	-0.019122758094743342	0.16719357272429666	-0.21248076204916894	-0.087262247995284287	0.13400717935741954	-0.18135279906447996	-0.17372560393221795	-0.3275217642536245	-0.11944741433525649	0.30546814934764716	-0.066579146150749141	0.020282140152314748	0.11510541999670261	-0.10103024918056448	-0.019441716320734177	-0.32829547413541843	0.18879008446948967	0.32641823382292623	0.067293919439918568	-0.58318053350841836	-0.29333526247780395	-0.14527483086186016	-0.12021997743205647	-0.01231153601815165	0.13403843272950797	-0.063890588320888217	-0.23328656347630797	-0.11326976916124411	0.10556674431868052	0.01430464695753279	0.023065382042515438	-0.13052238216728423	-0.40005204554768004	0.05440415335011501	-0.24059695626196057	-0.14541367478148551	-0.4292531927146408	-0.40470196659172014	-0.1858326129652885	0.38454550926780645	-0.080370014489207983	0.0098001550809764925	0.58103890988233453	0.2030880716012135	0.16317807528844341	-0.22382275726726553	-0.10837374624293182	-0.083602485350595002	0.18820944790974406	-0.0012126705573604537	0.49671644847975777	0.32495985296964519	0.22664152693470929	0.51879703391795839	-0.11526190995022749	0.29000046606386665	-0.025244877653140273	-0.36644744100643972	0.00090814144434560437	0.28536128078049888	0.45434688382687244	-0.35764259191164488	0.15393971504428902	0.02866434352580971	-0.12422330324196056	-0.12235306567910395	0.32424590606603271	0.00094945771290371784	-0.12005992774593502	-0.46481822524842281	-0.58251352073119367	0.52062025461869199	0.078186670046415496	0.22427870240154335	-0.059424884300514277	-0.32125717629854178	0.054602640623163501	-0.058117515051311207	0.07538402273744832	0.28842759839225462	-0.15180767931852451	0.027120613491529683	-0.32043530002395221	-0.25612414103491643	-0.074044779059695948	-0.29905000226449358	-0.078897009220325415	-0.2037427418892028	-0.10931259188198883	-0.49325614971707676	-0.055308614808826116	0.02092466881823803	-0.075283999822411532	-0.0043149172530891249	0.13052552000174097	-0.50619715833333445	0.050653981318545649	-0.12611138040770126	-0.021387079026679107	-0.00248174740881669	-0.23209795225644639	-0.42838504573685809	0.21349493145910797	0.16297471560851107	0.20010358135643555	-0.073204696059222557	-0.1394783191616393	0.24069148762842857	0.44913691895996838	0.33059843975022501	-0.037933782656500908	0.16723145848699242	0.38015214415640014	-0.1454524498065117	-0.065372313081910147	-0.013907558611573858	-0.10217324314072908	-0.26385112491668067	-0.20408276847622545	-0.13993122446435338	0.12973153632151191	-0.064469028817525365	-0.19745090997975101	0.042214949150365465	0.34717746198724392	-0.4451698877943196	0.22927230519031983	-0.075896730737089468	0.34218131215463043	-0.55948779617169764	-0.50982583884627142	0.36820335539246452	-0.46175596055299195	-0.4396860107719851	0.01650712326864915	-0.076594559189784361	-0.022596353739578939	0.45760032315836746	-0.10453937155313521	0.44234127179831245	-0.16353443209087706	-0.31310636209528581	-0.11507760949900836	0.10578988878886431	-0.23881774254711824	-0.16948467464021261	0.052325762020043805	0.13010582118581221	-0.061388065026530256	0.072738881620597523	-0.17227674423267414	0.028577249057602967	0.080867185248476275	0.098162881189596582	0.29425867571536446	0.021059969240252444	-0.15541916220955757	-0.16360940673190236	0.36487787051823017	-0.19587578845980474	-0.47945411508284219	-0.055077158143803345	0.24167535066218737	-0.23169942443795533	-0.22726463533076455	0.38035645086507641	-0.083618339257630542	0.059155346411549493	0.24333850172177227	-0.16904560058711432	0.35665415518171867	-0.23769662534585603	0.17664866819369324	-0.16531251131240812	0.074400758435026956	-0.085116376373290184	-0.40609083985079009	-0.16476026898699556	-0.47948118533774392	-0.024994135095570663	-0.22900527988323058	-0.041065324099817037	0.068947276987927894	0.52865966105741302	0.030920271306468895	0.12120282471733385	-0.46430733485864134	0.41507866568185248	-0.16359071627763896	0.070150177021788024	0.12927535668207085	-0.081916418094794843	0.051776531422207131	-0.029970996470099043	0.016907330532881182	-0.13818638668304256	-0.078821184570855379	0.25314700680924207	-0.45388709244443098	0.023717709591667309	0.47781392476051371	-0.10541500453345207	0.10787811075420622	0.19502010231732866	0.26659440578949234	0.16247468733874615	0.46937611541420121	-0.17095691892440687	0.26405085891027108	0.043120759668491097	0.14016536284335587	-0.13723439226627776	0.17388095497035341	0.30725863872272774	-0.16515585446075229	-0.24113904269619535	-0.15381751567187457	0.016912151010276807	-0.021511138616234809	0.05081185001823528	0.30267690990513629	-0.12642883002668701	-0.45556836521203697	0.16745980683565384	-0.27540343226498837	0.20800175776000851	-0.10500785561776885	0.05310193341404798	-0.012143202229921107	-0.044740493690361476	0.20191251432643564	-0.23619709453713092	0.20985674164057935	0.44993230811436824	-0.17333907639088586	0.27623689499494897	-0.20370686737520544	0.099018188513451511	-0.19765436258645006	0.076724533263809014	-0.06962046774283745	0.10458262746680362	-0.2110040761814386	-0.14254446993414641	-0.1799267098299035	0.39238618075757653	0.30737232375229168	-0.36051375183736195	-0.25135820211748855	-0.1015227312128274	0.058072005395414426	0.12690616684722769	-0.16018283010518181	-0.17227200044829138	0.40688295949348086	0.14945984646551586	0.14787956714259598	0.2369811189157201	0.26380293167435032	0.060579430615872107	0.10511215311504708	0.33747980391593652	0.30680296291399473	0.24255228063259091	-0.076061802527272945	-0.067813779204315541	-0.013913509886077844	-0.35893428109570641	0.20881928084194931	-0.091295642614260625	-0.20133636812928224	0.20578537145710832	-0.37832660206915397	0.045455054773762389	-0.047280480695577033	-0.23993166403300797	-0.3703463866750818	-0.11249430401564729	0.34063744771952575	-0.32113479219578261	0.15569898468383583	-0.015770580289321681	0.067356583745546289	-0.040963583717006917	0.064476780631415986	0.031495019305740779	0.065378828182848084	0.22821457284552499	0.042147309346379669	0.37737522905014792	-0.17561320364796651	0.085882385562057018	0.1333605998722743	-0.12993810530218192	-0.10844090084472968	-0.1624106838221927	0.17737516659570693	-0.38584951675252238	-0.395901852416363	-0.10250539810211015	-0.43019599168211559	-0.05994717230542114	-0.027212771432974174	-0.17739394010204093	-0.25309046770718557	-0.053381057690129546	0.24656568336817375	-0.17231835005172444	0.26331677247329521	-0.0086328950710552015	0.3615332227920669	-0.053507489046648815	-0.11271786584179028	0.11694929005771301	-0.47512541942120984	-0.18671845714085564	0.018036257388431343	-0.15690795065227151	-0.25422620742824475	-0.87207193328795629	0.015983425594712358	0.21094689387246562	0.28283602098165428	-0.020443330130490267	-0.024570181583932874	0.024930172906197406	0.06884820229126172	0.122529172349291	-0.34113673711763787	-0.037807028814105949	-0.24756017517906398	0.16772441502627655	-0.035257531115238015	-0.0005222483971208373	-0.055833648220220605	0.41540255808125276	-0.075315408742834766	-0.061782106022136817	-0.069417943602866933	-0.12105969266802956	0.19467984917118045	0.43085488558660584	-0.58018589678057886	-0.02154724447598735	-0.06702028826875818	0.34138043410599456	0.047692882919442285	0.33838815442225384	0.034404549405166927	-0.17199166238282834	-0.1287289091711018	-0.1332555368202179	0.62466564881056297	-0.013061234215957484	-0.24260167814233263	0.39703611963052082	-0.068588117651107075	0.33796711473604413	-0.072141759407849199	0.076426301675324937	0.30577908623705985	0.052885499550336661	-0.1483090072412506	0.26108620452273346	-0.15825300546851459	0.23023733342482011	-0.014385950168865215	-0.30132551021810838	0.057644257598474143	-0.22645542912602629	0.07632086848607425	-0.48177558561603029	-0.20727416068222057	-0.088627145190547249	-0.11155578561265443	0.19906175057743863	0.04896792697261991	-0.13572767589524468	0.035090185391509404	0.093265885569078735	-0.15562358695838344	0.03539359061531145	0.048755062830616341	0.011122042959459937	-0.0451962105078079	0.10623035733670384	0.069654095470558813	0.33876723799260988	0.3860640500378168	0.10750072935731123	0.36858982601013268	-0.21213323467752382	0.20248469171000211	0.39381149766935669	0.40729503491566565	0.12965120013010548	-0.25597666636711491	-0.012687575117637415	0.26984382191042539	-0.74860875956699036	-0.13039148740726494	0.28754271883009697	-0.014314911248571854	-0.18614245091426923	0.0081667759401357603	-0.17856827890642335	-0.91911559642231511	-0.34511003512238603	-0.0023249835114031426	-0.061094332501719979	-0.032390749575543359	-0.12167157966600317	0.15585166219864874	-0.097169860057755908	-0.36567482218233927	0.1930644993846361	-0.0043025935353854534	0.23617684545740766	0.026363313000910625	-0.13332522019417209	0.38935689122882716	0.14844971257157974	-0.12404929761139287	-0.15678287287786211	0.21520547930212797	0.49536600374151346	-0.040183239030204078	0.064010476329255619	0.20896518328313898	-0.074577425233121691	-0.14230437202887752	-0.53442241108667399	-0.34859297177496068	-0.053160425451890966	0.71787748280813268	-0.097973841090795835	0.096594537785530066	0.41851852684646601	0.19902405141764667	-0.20502038825478827	0.044255900405605453	0.14127735856320961	0.021447675848404162	-0.28073532515081701	0.023333638903542873	-0.35727837108534666	-0.024999047803042403	0.42064657986550541	0.12220509315661218	-0.11510735749885909	0.073855490658777181	-0.14953245312667174	0.12426339454704748	0.12021649386183957	-0.11550591652890076	-0.48567674061520621	0.12327125327574243	0.030750160672598663	-0.07068610618270886	-0.082395861532448891	0.49353452539079989	0.044438700225168402	0.21537758212559463	-0.14349566440125941	0.69711816480337419	-0.2123649418310834	-0.18189600223896044	0.35197321502285456	-0.29622940629572425	0.26412773281626811	0.084868580662299048	-0.65296382555295351	0.28078274901362332	-0.28290245074800052	-0.092761405528615323	0.19028012481891302	0.091254984599682079	0.13508900063456764	-0.42978934437752986	-0.19027721024114	0.39687207472134062	0.11830801151304739	-0.10779839908250163	-0.050812251395818388	0.04270260708026781	0.30654335606157496	-0.23928354421360792	-0.30712662391803575	-0.26036419921154497	-0.044561829544874587	0.0063713116307017965	-0.13018903959519984	-0.46107876382505109	-0.040217320984840897	-0.38510851862019058	0.021449453008513187	0.26586195199993823	0.28432688749975982	0.28963195338590519	-0.71509814320545584	-0.15716448307425601	-0.32302679760327269	-0.20691404127505761	0.18252164046409816	-0.29825742346054335	0.23314708486984054	0.14075700558143023	-0.20254543321659235	-0.15177672473427481	-0.21403043064396721	0.24254679756647149	-0.11223725955674074	-0.33396853729505577	-0.19887229658736444	0.001732555117939575	0.1867192247574207	-0.16732060300428112	-0.0016074135874086541	0.0073293198246826199	0.13266147621312208	0.075577531580515181	-0.18163710164509167	-0.15046315490123766	-0.45500350044553939	0.12132396669337459	-0.0076592404304288812	0.071417078423132399	0.010950969276284707	-0.59522570347831916	0.34187469218206029	0.37691536602669551	-0.026425503150283063	0.26307937589961994	-0.14300986451738912	-0.003591844913913836	0.560023301006631	0.061756020085966805	0.5823469054209921	-0.21896140071975914	0.0081339455862156455	0.012706631640705707	-0.028398885228072428	-0.023141524184578904	-0.18177017946771842	-0.21976337732974646	-0.2123450921833461	-0.13478799722890625	-0.1259273057956494	-0.087678068414547311	-0.28360819968071943	0.60458879665851517	-0.2293611799024288	-0.15092325791878575	-0.065541279226071406	0.00086828186441238991	-0.20090881202274044	-0.42121293068560783	-0.015807492205118515	-0.26691447235413335	-0.67988491193915834	0.089238212531731156	-0.098182499001490231	-0.18518388596046809	0.091768200803098623	-0.0018414369788971063	0.056426658705484523	0.16939470831710809	-0.1454112037026275	0.45154000607823186	-0.043211168543750615	0.94118509993881061	0.1587108162835156	0.29786615975538355	0.42205354709257342	0.38003970532237946	-0.057174435108379947	0.082125137022807423	0.33988096324831163	-0.075947623602646647	-0.35993853584454299	0.13869988953046269	0.15428598085768555	-0.36968693670486186	-0.1529443217564872	-0.008337893696981586	-0.011695110210532659	-0.055156411457684476	0.12720578207743863	0.21424219574366976	-0.28329494658539545	-0.35921981897720062	-0.25717188547346959	0.18077938358050716	-0.20497936447746593	0.066604035726039013	-0.39741980879810401	-0.29846986335754555	-0.21374078582845144	0.55406548967211644	-0.16239621101941762	-0.39611219196410685	0.32160976256617291	0.050889245761523268	-0.30882920035525785	0.45111760415285412	-0.025537344204014656	0.14191298605243532	-0.088068346167197206	-0.6908451197158918	0.14835889124447985	0.69763777263197901	-0.097430518481044531	-0.30332109938963653	0.24420883196906751	-0.023621933046688724	-0.32244390336391215	0.25296881390997505	0.22896472803620499	-0.2252235974895645	-0.13478672926756591	0.060616340392476341	-0.0012706937199546639	0.054069324886383663	0.048743062408648237	0.3297973530360146	-0.10098092024456536	0.5770087854812973	0.22060289225376484	0.28705962474494612	0.081373909486542093	-0.16873630291020369	-0.32762720255046457	-0.15762142598661358	-0.12769506199661187	0.51117465811405816	0.1054075766983129	-0.16698174108302127	0.19535454389467169	-0.083827694663771254	0.10658597712131222	0.58305151682415746	-0.31414669667041312	-0.21642585766663411	-0.12430428652339447	0.41015163158597617	-0.26413429181434117	-0.19691941477477928	0.17068231477943033	-0.13211956192323784	0.20881303606718057	-0.10867003022010571	0.080370624710502936	-0.47338616269623079	-0.25900586478121279	0.011353654164378141	-0.094748087005439352	-0.47559413874493822	0.22178277822780665	-0.097564527769771592	0.18436079330709693	-0.096788047227283097	0.10443498326141458	-0.53261317449021583	-0.081574703192510284	-0.34283815081891605	-0.023994025632868694	0.014551358685034885	-0.048404642367303609	0.3421920226525243	-0.027023669844294069	0.1863042897432329	0.18833775584844542	-0.43305643778096536	-0.099176614240509817	0.028023574843985467	0.16499380704953281	-0.046867598025893867	0.23981607953875356	0.11731557680283718	-0.061422327541668639	0.020758965691185464	0.26280914641991215	0.57348202482134047	0.24119312986785629	0.14387921882426793	-0.29422936544390488	0.062419509761234865	-0.049118522478435844	0.13726536047215934	-0.13731850122382586	-0.052370638871881953	-0.057055576290394934	-0.0076838456105894999	-0.16808932841786048	0.1069860251156718	-0.33571743335814985	-0.20485824223353494	0.062739435811180161	0.48058970475100138	-0.17457690603762363	0.14770022445606273	-0.27817004315469723	-0.054895559634554822	0.32957688436980392	0.00082596597842430101	0.36053702896627898	0.18511991524835128	-0.38052969126628883	-0.28530744209224179	-0.30408952739337464	-0.12836633203203918	-0.35283742811276175	0.70651365737071881	0.42436122141723737	-0.16988897745707465	-0.15811084531014541	0.021533833330696899	-0.12712606606726565	0.057030542167728487	-0.12397638499112026	0.39588585736721138	-0.11251566298946605	0.012965817166270995	-0.41694097137218961	-0.16511984735243909	-0.22578445366954616	0.016028785851592748	-0.28956510574273292	-0.0024264017567983509	-0.0011783818949723998	0.061111863077141157	0.062150309453980687	0.017085198333657719	-0.090065548435609197	-0.26389196943130772	0.12690105518340516	-0.53408169373363745	-0.055604474960552423	0.1110098155403179	0.29804888324329459	0.10370340545023896	-0.091929460924432119	-0.086701598718908812	-0.3213924119281108	-0.20135231629966582	0.0040004795328308779	0.072142863201523161	0.56226210434206936	0.23279025151089641	0.042575220782340065	-0.14538884616229153	-0.48962737121381356	-0.17452942484257322	0.231626072812217	0.26591615563046761	-0.12474919759425949	-0.14109634220907358	-0.19178185648274113	0.19455158253422214	-0.10226748992969507	0.28961494801165694	-0.069249779485216781	-0.016083698255507227	0.22772366182051071	0.081376948723447751	-0.42344942043297756	-0.12835023822951219	-0.37543428287173425	0.30909262791844694	-0.50158458256145511	0.071787386313424878	-0.10209291996871701	-0.26453699413163345	-0.080350413438735002	-0.075849547483679863	-0.25944908773489705	-0.20253884892557342	-0.13683490321374947	0.070104950916548059	-0.20238044173225428	0.011978525986744037	-0.48109129435840997	-0.21032851099372937	-0.35677458365547338	-0.34123830780425451	0.12363302573133163	-0.31429638232370577	-0.027742825049036357	-0.38458137029885581	-0.27044370295163128	0.15867282231535068	0.18622788036662327	0.19398113616624396	0.0053862300074543588	-0.08150366304766056	-0.33607271349313916	-0.33974763983920964	-0.022764740219945036	0.11672028066308987	-0.65444003594901379	0.10365841428258554	0.41275838645461915	0.19432157727878405	0.098550302988598446	0.007493625390993951	-0.058749965989758582	-0.041973985851068714	0.66913812333354983	0.31089771850082448	-0.034213958698275586	0.37446615508300685	0.042369826965391925	0.16399381016092007	0.24973179198067388	0.22736271253448725	-0.12315003487297851	0.27069069094505377	-0.26510222711360859	0.44060849371455163	-0.40283310249698528	-0.22626637028032978	0.10622658630681071	-0.35271674524957225	0.16605044401903749	-0.020477799574223389	0.44072351149333289	-0.31329451390170271	-0.067632790043180097	-0.12069962295698489	0.0049243613877673351	-0.088018958333679564	-0.30681804748373448	-0.03487791745495656	-0.22291288766298764	0.1629662253171138	-0.09082082628879902	-0.085433356360402737	-0.18675641590470005	0.035064695542251695	-0.12729516529355511	-0.082689681225876888	-0.34521682259546005	0.010756747622005944	-0.086855305039766045	0.4629981368629712	0.37606889063810317	-0.056789380910917925	-0.10841966727431263	0.46299867731088246	0.30887701955032737	-0.34976357311411549	-0.17689847293461922	0.48417804180865504	-0.12454238227575788	0.10323358844799896	0.48116497806032521	-0.0066208798360361297	-0.080207640214659121	0.017946936244150311	0.034513906192230284	0.28785865326862531	-0.12366803295484095	0.34293404488314327	0.3309374639733354	0.061273195358682517	-0.50787228086017855	0.3256260651082919	0.28985543888613274	-0.037168040994314644	0.23080549202279535	-0.079680308700229269	-0.033289617795269136	0.25533940994896681	0.35047363581683671	0.016968782006133491	-0.31594962397476267	0.24811020490364513	0.58905073117687934	0.094058309735030626	-0.10544907829281176	0.053578176143133822	0.22003133959836624	-0.20535631947156191	0.029373437546790178	-0.023933581508329138	-0.11155906698854481	-0.15678291549449938	0.070770438103320926	-0.13818013239311849	0.057778296792057593	-0.12207272153803862	-0.42961800055731908	-0.21323355447018805	-0.25804255191543324	0.064857410000895357	0.3868146094696725	0.39268343023045665	0.0023755226337814064	0.22443056302358183	0.28166575375361036	-0.0052739230296861041	0.16921331181252866	0.14883972766580567	-0.35934195110911255	-0.15172500217848348	0.18226236014317465	0.33579098721133172	0.034445318127368389	0.12976287061180847	0.32023501312548824	0.15169862877902626	-0.35113978227277942	-0.13441290301469208	0.46629640236698833	-0.20371371445143038	0.07197870048260735	-0.13495850281667984	-0.1149454667904504	-0.42371090000379646	-0.018301171960972612	-0.0084479302361736269	0.10437510940116496	-0.13939961335940187	0.43253804362318066	0.19436563747131447	-0.20039386910558935	-0.13748656789239758	0.2022754813214605	-0.0087201769066081857	-0.082700955819535807	-0.11124058076278102	0.019895890586982021	-0.33148142994659097	-0.16273519434024	0.27394175820711875	0.0028116211670796199	0.46439193000186807	0.23924756366267469	0.21935907536414703	-0.02648260996324572	-0.43820116387285007	0.33586678805467712	-0.086633342698873142	-0.28790779310585418	0.31887504173582687	0.20585784312700808	-0.13659207655229585	0.058848091853405997	0.12226274280371227	-0.17661717994859213	-0.1823499782862944	0.36523278935031306	0.036226574109339285	-0.12529444346310947	-0.080144576581213656	-0.19585766459931814	-0.51601827353152663	-0.23473540488111966	-0.027302359256801773	0.18692522930675293	-0.00062569809656172807	0.19688800594707839	0.40812748856826231	0.071104133412514328	-0.00067330513597259453	-0.019236319820853255	0.8042699763855119	-0.13126414026026073	-0.26149593218585049	-0.18203045856772349	-0.019269376048920074	0.25880682480751149	-0.35195500010986119	-0.008022616237597726	-0.34239640392693688	-0.14751194553135996	0.010218820391408442	-0.051068909980438199	0.24392455788146875	0.22950146750838804	-0.50705899582824809	0.26254774793524877	0.063650963141360095	-0.057814152773972796	-0.23603024632782071	-0.38731490947412156	0.049728310030613142	-0.21333478047497548	-0.076381989798186084	-0.13307226579282763	0.084850276690112622	0.088710559955989768	-0.14074694232400936	0.13288498331602738	0.032614869210817667	0.39140701761694302	0.32119758022976053	0.38546891228091568	-0.15479727556504161	0.26530365906510195	-0.020530925196307451	-0.092787120123355465	0.081877329365514812	0.26512453085361259	0.011871544679412401	-0.30524612502442117	0.39097535467245315	-0.089741658369440147	0.1128618230780765	0.17586297210289797	-0.2024599888659662	-0.092219352333466328	-0.14277656722335383	-0.059810621682004919	-0.12896061131977093	-0.23612629354966602	0.35969098246659253	0.25624507553665021	-0.13724088248823793	0.028496903262695057	-0.013520923606787104	0.20342409640104456	0.33605653205123853	0.45800073060638374	0.30699393929047109	0.22408256247588881	-0.049592878230024777	0.015204915521724812	-0.14953269923034379	-0.13555793523560244	-0.0057960158208437106	0.17289064984200983	0.070815176217594755	0.026073182581035376	0.17810813217672539	-0.090517633876976158	0.16123459373408366	-0.035671183240411214	-0.42261047964774423	-0.16466739270078021	-0.098104186852497069	-0.42594092172150111	0.15834264859605549	0.16091123835096996	-0.28793709812378288	-0.026813003166580227	0.13547867614292786	-0.47312769172822738	-0.027515744294136814	-0.063010639132748653	-0.13313302512182371	-0.15933919702428379	0.12668609874070952	0.14510671868906905	0.17300384828584503	0.33491647723636037	-0.052303026389128524	-0.11721525542443628	0.019657566336894562	0.1577634825128893	0.22209146859169432	0.24734245667022592	-0.091412760802523432	0.0010128477229766578	0.0090684575423718473	-0.20778154412254646	-0.60891201148046525	0.11774712297653915	0.045719176103712331	0.038469553698022803	-0.09653795584245059	-0.051859909044797793	0.11433857287194447	-0.18368787796601696	-0.10879341328179466	0.19137152907358063	-0.040626947996477994	0.49547308410391205	0.12363789640992304	-0.63440639193141668	-0.33488329883780277	-0.17168379817179369	0.17993413437909256	-0.3619284232998608	-0.14258526078241696	-0.39806685701401912	-0.61566929429972117	-0.091230267996373474	0.16649738303797787	0.16894239548544304	-0.11846506183450481	-0.012823609570476926	0.5198624531506304	-0.10960108367915788	-0.19601557439744866	0.17604992185755791	-0.099138254322305219	-0.15326173270303495	-0.18727441111021051	-0.066165415761042956	-0.51051139993896766	-0.31259082547424766	0.083171120871873852	-0.28770771424180375	0.21556654570621434	-0.14148338427881213	-0.12058379771652233	-0.35258908290430413	0.26837354898450927	0.16399060977699348	0.15285887039177545	-0.35098050319171248	-0.25328275900805419	0.15316065325564382	-0.31855343666578617	-0.32884963024707831	-0.056724605937809362	-0.16308575134349673	0.094574561606787275	-0.024268396188743244	0.13611554392244637	-0.3742617923769429	-0.39080036061025919	-0.36140812799960992	-0.026940924474888991	-0.096944276631860962	0.24198066495581705	0.376433915259478	-0.16529300661404486	0.15295801794865585	0.025561117696822535	0.40413949217716777	0.2795990015540939	0.042545013869502553	0.065285689112019207	0.58237431525083327	0.11439395676321941	-0.40142558864246441	-0.35820213285983799	-0.043186364561187268	0.28373336719740166	-0.32244131559512329	0.1425081805463578	0.35385616541474735	0.12203538387527407	0.017396775966827566	-0.16003729730856445	-0.056477926482054644	0.069326783843684431	-0.37341648108141057	0.07931657930955488	-0.22710614095434759	0.12266747599640644	0.37930208473714677	-0.092324369781403223	0.15532152316684952	-0.13434309925292734	0.04777896166190012	-0.16429853860403584	0.31087059337912587	0.1860649045889568	0.023978372089072601	-0.087242080762225782	-0.2309940197553205	0.26220785255749823	0.12985236341912129	0.10370850425304634	-0.13801085238649499	0.061725653092361214	0.0031613331018552722	-0.025276520799374251	0.21070285623193105	-0.46424592353957295	0.53614489606587612	0.136605586439525	0.040904053779218651	-0.22675949506890042	0.07057949184180877	0.10457630674370826	0.033729850623225102	-0.11259647934331726	-0.14058821963050633	-0.18303389527311653	-0.085804635865213974	0.24306911529246461	-0.10909165839570453	0.14427587559457156	0.23914837768040362	-0.15519836867508544	0.36173765168522998	0.55502404104745084	-0.57142989320992144	0.34332736349080112	0.30474940831511427	-0.21328664463004388	0.066610674324641669	0.36025201040845289	0.023569777349759454	-0.14950242601779712	0.016028283608012815	-0.4167125645226758	0.12461634405915467	0.65919915511060323	-0.66096148018437462	-0.14777536664143393	-0.015508520199565645	-0.097177359001409766	-0.098634110851397977	-0.30642001566064253	-0.16542688847953499	-0.36107852092360576	0.55979222254143224	0.082275254913545481	-0.11508619536996929	0.37959107419832067	0.064966658118384923	-0.0065639317556577502	-0.079528180529225334	-0.49976223444712004	-0.56299743152363335	0.10931085702781802	-0.058759342716038179	-0.081775213717793102	-0.0032490645472862366	-0.13791323157148283	0.38355734866792746	0.22060937054201651	0.11732606647901142	-0.27074897932366954	0.37527089002617153	-0.096062959168618137	0.41419753765908163	0.056834549597253356	-0.062835518409072838	0.26106145664281594	-0.085730298209385325	-0.11568936424885616	0.07637476381245871	-0.2161803139922778	0.37584024489617218	-0.38565031723649973	-0.012500112274285607	0.21274052885279687	-0.017530218634882615	-0.28700815625808362	-0.13128036085536987	-0.077329690454276262	0.30546447698244139	-0.0013287502594324318	-0.063364350342708597	-0.31018276270494771	-0.30029248178660539	0.12239943602689519	-0.12427199994263004	-0.15424102443821061	0.017383247357779543	-0.26480907599256998	-0.18818851828985622	0.10144635877563221	-0.42265391736406516	-0.061520402117254368	0.15277758616181358	-0.064987512067365097	-0.28990491867430807	0.077089655474778154	-0.057513420480852832	0.069122360700255209	0.42629541430337903	0.12858948301550757	-0.080391937842613351	0.1201227706775542	-0.24971040466817016	0.025943416707380429	0.19213555918276212	-0.057291945690036108	0.36109379422534776	0.19373227259792708	0.18667276274193245	-0.22610464980207998	-0.47339201742757331	0.51455834323483829	-0.00057939132272183489	-0.060020250902168795	-0.13251464686961958	0.3796796265396522	0.25597276924805529	0.16419466808184321	-0.18341838396744312	0.20215520241369636	0.15536821546370472	-0.019162329879704888	0.3514025425057431	0.44308411446730772	0.25755222665096322	-0.087243029554450943	0.010214597618715807	-0.032222855454818067	-0.60232202981740102	0.21568564764626583	0.19419779203515278	-0.076870582887782687	0.034675456139610046	0.25285965237557939	-0.26613607171662962	0.33600337759712129	-0.24904402919645752	-0.05620049330971031	-0.52340423434869876	0.10410291070688027	0.13028273658311409	0.61810615647600609	-0.51747474396817494	0.15029222355052113	-0.031696478136362463	0.14389924289312006	0.12100626747445173	0.039650633459817716	0.02136928713942365	-0.24003990876216835	0.22013677211350219	-0.091225265546757792	-0.47887546393069458	-0.25232241560198149	0.6864158502754717	-0.14053569598127874	0.31618065898062625	-0.050400424797953487	-0.055872266790962501	0.67377747233910845	0.15825225737489507	0.061877798046393873	0.068390505669031751	-0.22945398676492912	-0.033297069382952606	0.20821569660789643	0.048571854666646687	-0.61870041958790412	-0.13098429010932211	0.027040433588865438	0.36212575362350791	0.099178344798920334	0.10906262090053429	0.15200994081182323	-0.36893265153087007	0.44241914074220251	0.046160078725672835	0.3085893572766481	-0.033232761742957931	0.20719350749216944	0.1284283652650714	-0.11829275048358287	0.20018245759574829	-0.40711850181851017	0.18902460476746336	0.071038367395685004	-0.22301423316965005	0.062468196015221758	0.11659630103838498	0.38242055266267722	-0.12991678164856271	-0.24296452070305455	0.54195366313924642	-0.2019429843144252	0.61797554914037611	-0.22640957271080553	-0.030166931445961581	0.18811155037919913	0.38199739395005572	0.11967474936632203	0.15325278855155602	-0.10674356522605598	-0.34236729668297639	0.21956752821673123	0.32523194673273648	0.17422452671503597	0.18104503138865985	0.16054666694193576	0.11607573004104045	-0.34614460017013576	-0.058162181220062344	0.26823257907291898	-0.2389089080349425	0.077384219029066337	0.091736341586755435	0.39507130600360613	0.23309977766655365	-0.024777351695356397	0.15190322863979175	0.014026685954283483	0.12968286939547419	-0.056626503874558615	0.086539874452859586	-0.28153296161483798	-0.17885874899404511	-0.0056826115352697076	0.07963608599168219	0.2580968161644619	0.024755009039899887	-0.24800004088011393	-0.17497767297063599	-0.23199528702290637	0.021778209208251978	0.30492030946459442	0.27095513316235659	-0.059172043891356677	-0.048654332741488324	-0.062971292266527604	-0.17637876433412153	-0.24115828560387217	0.1955056240389399	-0.35160921811516227	0.45818510562495401	0.09712646058900852	-0.012124435289692216	-0.27893491244889007	-0.17730192682459273	-0.61498481403678695	-0.51598296087048823	-0.16461691092135561	-0.2862924405103725	0.035428261554052348	0.092976952364253948	-0.52314467703968193	0.29798552219483487	0.093759531386469058	-0.24073717396325248	0.11818950030034796	0.032025263172501144	0.3112314487355532	-0.013207760541661489	0.36575570588669454	-0.0076585328327884077	-0.1131729162073816	0.04830108603779034	0.15138883494941138	-0.46335007311565335	-0.22376403452743077	0.057786067591189129	0.16499370191561546	-0.1590410858635477	-0.17446026886295257	-0.0092109023525504246	-0.019808539533971294	-0.1651113567350046	-0.20575443431070534	0.00039975440108011497	0.36697819006542387	-0.31365404670996611	-0.098246283344704866	-0.19762478486034046	-0.10428476431141871	-0.094701042654797007	0.13103205924079708	0.31352947880055876	-0.10124483287685052	0.08581854963874315	0.46523163530389861	-0.042833394318973032	0.054193503016079905	0.2785208194405242	0.18170913243470402	-0.25249568778888881	0.071853687598761429	0.18011514046442251	-0.081426321959377823	0.32568229304069546	-0.17526329492381959	0.32221600974796694	0.055093904484157644	-0.041568991993821136	-0.060526516600081182	0.16159971427306846	-0.38420558024464507	-0.21920189704474774	-0.35799532885873858	-0.57430435137739921	0.09082022928166493	-0.16860019934436754	0.014592201444361595	0.13021449110865926	-0.19693152896158928	0.21999790097509742	0.24459497529677798	0.34238218734865311	0.24755511022819895	-0.024458807738027045	0.091341616522536279	0.026794883413179798	0.51230837879092161	0.074597589827365945	-0.16883263292343939	0.41262072876663036	-0.004580117307291607	0.027458169708616482	0.12113973218693572	0.16656415759079388	-0.29619552888100625	0.1730575367282487	-0.054658838130775003	0.34765994019375002	-0.074331197224610471	0.016360449062189177	0.020746030701261766	0.012978295426504761	0.23528902836395615	0.28805385293128632	-0.23745862699899956	-0.044140261530587116	-0.12117388089657734	-0.016409926239088882	-0.20108144020544691	0.2144848287284789	-0.49238888397978325	-0.14888414643990933	-0.13015960665234577	0.0081993794368282105	0.2942069749671265	-0.15798880068289708	-0.42258015878080069	-0.157816043996929	-0.33859672283263698	0.32439588352149878	0.22812641953706461	0.19278907191256422	-0.083611978547241866	-0.22484524090480607	-0.068647920452479777	0.14196599111779273	-0.012482005277706295	-0.088803461529108244	0.10417540622846037	-0.099891544702565047	0.14150676959911301	-0.44615505698071167	0.20919305451491116	-0.026513982408042258	-0.33890669419181102	-0.22856887527080749	0.29613700243340046	0.05107094521456633	-0.12896924361524673	0.29978853142517325	0.74546618542980347	-0.0077139169917105586	0.03445995899843611	0.10962775803613142	0.11743533545578207	-0.17117190566681065	-0.071159085553986673	-0.10961814863382191	-0.053896504937287301	0.1202093896528231	0.18637971233963976	-0.016131787736216891	0.048390474302508778	0.19598827856502252	-0.26135537614137661	-0.047919201278626047	0.071428352208189022	0.07602732506116322	-0.3326449244202076	0.11261378232817097	-0.020233253403969038	-0.17492489554072174	0.22548406094282603	-0.055636349436106562	0.3418401939250113	-0.22944458845479312	0.053886273358408551	-0.06140929668149505	-0.147455826528193	0.29873844092360746	0.0025131701121299771	-0.007546947384595752	0.046992082010125995	-0.27818594117042406	0.26400771892914388	0.58776723431325761	-0.35955279261140272	0.030974483762825342	0.10103171956351586	0.15547792037318953	-0.41266820015709432	0.19497130448611324	0.29431778806169046	-0.20285295530989619	-0.12871245087157776	0.085840796797380242	0.28193803300974785	0.085887200349490933	0.69451842301225131	0.074055498209566417	-0.22194107052206885	0.12205386616568034	-0.02009311106119218	-0.18418089371388288	-0.041707161604688653	0.21489260666270188	0.36084360850139213	0.52951393082373521	0.025168439279994549	0.13017497885237664	-0.13271903782754832	-0.035269776609360634	-0.23827322358350331	-0.016551944680226041	0.29022405841124377	0.10517846745872324	0.12546632148945031	0.08550311257671861	0.22480459155881832	0.16384842243343289	0.28831370502876852	-0.161785833059371	-0.12147887556180707	-0.049383537672083692	-0.39032599268217433	-0.12865863910287992	-0.050541379654709118	0.19164623433390462	-0.26095552798621363	-0.0034247260897359872	-0.21460337773081481	0.31741675231517219	-0.010271335989860754	0.11167200422349316	-0.62576291382406246	-0.056778239757317293	0.56783897037838327	-0.082165253123653803	-0.0041248821177308345	-0.57373297867678885	-0.02657806127152143	0.079232819177420394	-0.17870655723058218	0.084302354469730376	-0.43032426687030428	-0.38843775798498614	0.45013963269738116	0.43015182309815886	-0.12104936513090751	-0.111904556068969	0.20900896911638814	0.22801604284241367	0.160504840429082	-0.026210970055239109	-0.13383072174135727	0.38728194737188687	0.28377843779777417	0.32848199752081958	0.34644904145951727	0.0138353435308581	0.0042922858828452846	-0.14566183879907188	0.34839107763282362	0.041378618047027166	-0.22054447184930392	0.094187439874393292	-0.1271014114586409	0.41748614713181353	0.13882364859298918	-0.4019256470328208	-0.028097257905328459	-0.2081527289946852	0.14204529552350484	-0.40098781340793621	0.74203464135303687	0.11408786456805123	-0.092647296117162242	-0.13102914109246361	-0.16235954666709385	0.0044735794266941228	-0.098202844433007891	-0.33991419672524287	-0.042817784255006625	0.12073957195419442	0.23521333163703603	0.13277339139778713	0.15396063947996327	-0.25819171022311954	0.17484244051334871	-0.19260582771779183	0.18038544987800831	0.096468655465533251	-0.049246753740045002	-0.37275898586892936	-0.3090855499950857	-0.074091717003830035	0.05095836722379362	0.11107080206256817	0.19583785812570662	-0.27553216613195369	0.23209298603623404	-0.25251344225265493	-0.079935533110799803	0.0074205285158301729	0.053367154607490357	-0.013389110429600318	-0.021390341955026131	0.095217947789672602	-0.1310118249112755	0.34450098781260308	0.014547893709864455	0.24321280293147179	-0.0224186100966129	0.031658321893828049	-0.15217594692668723	-0.16768011485102843	0.19903096994250311	-0.1274750944353569	-0.26072681981507984	-0.29049234636174148	0.51210346181418209	0.080714413745355346	0.25896012934574136	0.38574188636843498	0.1007811066235529	0.50297352900634118	0.81775177749383909	0.24021987936661682	0.022253869898202071	0.064008101710728155	0.1228218806500419	0.30814720924243189	0.14926034598438684	-0.10269018316039324	0.050179000824016079	0.1676760333569432	-0.34301918353281913	0.2774030458040927	-0.1473611964497763	0.0031321254917362979	-0.31311980135065431	-0.16537571738874529	-0.016944908941140154	-0.078358815920730698	-0.075635093129469963	0.16735243431808641	-0.15556115167179327	-0.1180588064346586	-0.22988258101089129	-0.22469877360720092	0.028521988542065814	-0.43876642034730562	-0.08354651535689693	-0.34656138237532869	-0.23013557227793924	-0.13332890136310907	-0.067404689111792454	0.17037992678026576	-0.28686212679736783	-0.050298762199392326	0.084065543423226044	-0.39001267411557361	0.40862621923361586	-0.039086588151848144	0.07779792959838816	0.66760006425383966	-0.3793352825204625	0.074366621861487389	-0.28743742158010888	0.18077352619130571	0.20434211437887154	0.25275623601771546	0.05218179777712055	-0.32610643130740558	0.40249883371083306	-0.088705256614687575	0.12839458206435736	0.34578746145856981	-0.11089884919037736	0.07516664626539632	-0.23987248701339256	-0.12735824581251265	0.3008019862816424	0.23984186554828316	-0.062443171544074388	0.043459677318375689	0.23340789838366061	0.50312067586287423	0.097941846221318823	-0.093211844504739197	0.35383462265412996	0.16843953775509107	0.19337596032262247	0.18964824546522679	0.11664501860672383	0.049280328378569799	0.15350499074674029	0.47571056825595481	0.13264198622850912	0.19982602831075383	-0.14389863205303194	0.59677762210118057	-0.041225572246905866	0.11498112443439651	0.1237635050847872	-0.010574778744496775	0.19997888738847813	0.28560065138649882	-0.12095639392962811	0.37887530539436498	0.16619401459630509	-0.074898712765188738	0.25187598654414473	-0.26344069920924928	-0.092976309575028587	-0.23787448189179336	-0.070256673015356125	0.11401225716355294	0.069578215681087158	0.53910668166269804	0.18727622937691288	0.24898518759166399	-0.1561128593522042	0.39736893024442776	-0.12603731733113094	0.35189383994852841	-0.062966950350339779	-0.077281588700272005	0.024704075870146714	0.0070004436225051519	0.24666281080984423	-0.33349610872076979	-0.40559500344398614	-0.051140320559131452	0.34709349773594161	0.18425164569530092	0.50767543849154362	-0.34235400680056505	-0.087009519366430685	0.31796243935272855	-0.15279355396468761	-0.022413128520205682	0.29729532676543852	0.16450831395807744	0.39316802225453912	-0.34868880758344378	0.027722619495041834	-0.10669534180698355	0.25171123535043838	0.36194276234973216	0.015117023132246979	-0.077368212689015253	0.041056466416985328	-0.11135429667347473	0.032585320005480312	0.041979541331480262	0.14117617959143636	-0.24561293924292049	-0.12358468560884749	-0.017340682343591464	-0.10074930530404876	-0.3813455579466461	-0.010100266563040347	-0.072727781791196128	0.21166950346155528	0.027930350784760759	-0.11504545587889313	-0.095630043932330086	-0.11998471305625537	-0.4066863793910015	-0.21267551264265183	0.047848722389487688	-0.1553262869479588	0.042887191443243711	-0.59526776152247751	-0.33845001858383827	0.64127332905013512	0.064657004591563941	0.22199798957232153	0.37648855026814615	-0.16443724729225892	-0.11428811275180635	0.39916909252484578	0.33189055887521252	0.010088540074611912	0.44353597116048654	0.30738661262629385	0.22376813830069944	-0.020067061463814789	-0.14865645046061826	0.28648915402136421	-0.090195150323125889	-0.011086799670416174	-0.78689398429438195	-0.34580483292083347	0.030136549492995587	0.089270770630366619	-0.081317527863215028	0.27639676171404937	-0.67366983616974485	-0.22726405512477915	-0.073856766552270067	0.1225546983510384	-0.030306566798906698	0.309007002145614	-0.085423798020825475	-0.142050204439749	-0.014161818586801284	0.09926363816679433	-0.094271489242613929	-0.15629808380699542	0.05149540870069233	0.07848507826057681	0.27075252329639743	0.1091283957951838	-0.52832685036032478	0.42824538275409102	-0.084407109547726095	-0.094354402287354353	-0.26585755942421718	-0.38019483881411137	-0.13722215371641253	-0.32892727050403692	-0.19158021705837586	-0.17518329274283628	-0.068065669754367522	-0.31750800929368578	0.011624728735762646	0.1505822491090168	-0.084795809923811763	0.15824360331537687	0.16106620564702701	0.49288128680412485	-0.095748548696605235	-0.11061961916003832	-0.057151830610588254	-0.30861688623932282	-0.21732580301576376	0.20442743212335518	-0.021550497741434312	-0.1063287458303159	0.14112246116929478	0.077789434469789517	0.048417766692114762	-0.41108109705400075	0.47067983415509979	-0.084948005979513352	0.16297507837795835	-0.11240690855357437	0.14449880786600902	0.059809117350017302	0.35525921362383461	0.39115419706271098	-0.20626472710632429	0.014276277976017828	0.052855655097347638	-0.060392798332098069	0.44054009264930322	-0.054828688754994248	0.19398656798563715	-0.012812471699352177	0.21117204709975518	0.25109979103655228	0.18238127127697029	0.21569759677336764	0.047427357109095535	0.085013057858817159	0.10711881469562443	-0.061621034191549691	-0.16164457683370284	0.045566671966486019	0.022733933950407244	-0.36223133551776932	0.14767567248816107	-0.32382111413264264	-0.049074807860547305	0.17282504611686245	-0.22472367236407584	0.14198049802173879	-0.51095009183894624	-0.070876060564218066	-0.32070598230133618	-0.42748740237420524	-0.1411536417134541	0.019175170705717115	-0.096072968306620668	-0.13546860449481204	0.22642915237130792	-0.29433573927442924	0.17184508197177412	-0.48552586003027454	0.079699277991519352	-0.026357148393201781	0.062383711224025369	-0.41434999575566356	-0.43422335650647892	0.06873509339479314	0.1278703998379104	-0.35648549282916064	-0.096740990301934948	-0.073358003887005876	-0.255887506932852	0.00949160500345771	-0.054063829073660481	0.19744585355937838	-0.17214424767280251	0.0032519269140288093	0.29086009130320611	0.24308694699985298	0.13269402367668828	-0.2443197611672461	-0.064742307268068885	-0.4137161909049466	0.54171597307757824	0.18336972202065394	-0.13311964865572742	0.5539846537512163	-0.071014131492964996	-0.0027419225976867477	-0.1870983128017438	0.27318207567292624	0.081263457952842635	0.50680625915607036	0.28095493108152003	-0.17690225727546938	0.11938368377480679	-0.089895169518927925	-0.37011009593678229	-0.15865219716272211	-0.13705878457404949	0.11394132535438077	0.13284476485710781	0.095645408072917715	0.11870476636934604	0.028392796013036518	-0.045189973061270004	-0.28037758030181081	0.21257240907965122	0.26203641628832441	0.02805691659257966	-0.029885915371071433	0.11388514263824398	0.29573877751867811	-0.39064111290060105	-0.49714335290391437	-0.099076086109360806	-0.014033093789901056	-0.38463489523389022	0.10274798933635208	-0.19730155380811612	-0.06131532766042827	-0.094615960170713539	-0.30209958838238349	0.32162300178761266	0.14062509215946631	-0.043571025733702459	0.021165788330214128	-0.1895514518791391	0.1640058675932155	1.0756950353741659	0.028533604583423106	-0.25105592958330952	-0.25885707746142095	-0.2427042070573952	-0.17523851447708413	0.086929345291647656	0.099007379320085104	-0.40508614654271569	-0.032113990923051394	-0.34439903367410807	-0.72664994727192	-0.10675356589653959	-0.030448905347708041	-0.19958193609884442	0.2675132787019211	0.22607535203154938	-0.057412091689729723	0.19835886297554153	0.25351445315202342	0.33453906977802089	0.035834667962026216	0.23933331312146791	-0.079624586628386215	0.1188969583320978	0.26700684119174889	0.067727101005261983	-0.06645133002597213	-0.074535145196991129	0.26870279260275015	-0.00049812026018225617	0.18746300420151199	0.25247355076951977	-0.32243289734867386	-0.125211519870468	0.32902539617856402	-0.13052503438623	0.023818617206360249	0.12354172892063897	-0.14720566311732486	0.36320898397160711	0.60501432026761115	-0.23542773886002191	-0.11293256958855877	0.08497877604631153	0.13206718184102037	0.06397020418415951	0.057757089220405906	-0.34943894056855163	-0.24669362984692225	0.038932540465298912	-0.45971844694897274	-0.31713114897889022	0.042740980821319281	-0.32566509906314106	-0.030906131293738422	0.065463442355016027	0.22334895319190756	0.24461034308346782	0.47160542664120209	0.24089642852081908	-0.54462141831921673	0.23411661428342403	0.057958450931609645	0.22013406062066304	-0.13711783225311408	0.081269754665101182	-0.42650055783225121	0.0048503903027073804	-0.46564875378204035	-0.34205887963403964	0.016511614108108575	-0.34451858149048137	-0.081524961212846317	-0.095925267649031143	0.1498935774851872	0.030948682406349893	0.37051947445716299	0.36440039823115694	-0.20575575230585447	0.34317129195077195	-0.25688809720142791	0.10036065358103705	-0.025925290841444248	0.24707216078604058	0.15979543713634425	-0.25753061841734082	0.42353637954051571	-0.23008929121179703	0.032498352852535078	-0.20170403422201111	-0.10553308023718312	-0.6852417700940574	0.23665731935190662	0.1773463435133952	-0.2184350770086913	0.021964487027495018	0.037725624375326991	-0.27438969248422207	0.045017916435990298	0.18431031803798045	0.19381905968653695	-0.12005469893551397	-0.06305642094158681	0.13763947782363814	-0.065329068013203664	-0.12602592966266996	-0.14970317693943624	-0.027766745139619988	0.48768424005531447	-0.33491427816659231	-0.28737724471206744	-0.39555072152891491	0.098231004552059617	0.19591342306233428	-0.1123399892129395	-0.56194780226672181	-0.022054427947440083	-0.35002905338663631	0.32617965877713223	0.22796337555555135	-0.47399438954012652	0.0025646480538806917	0.004814620627019402	0.17163119366990814	0.4427123516521474	-0.44742863900100022	-0.021471306359866812	0.19511432020186298	-0.18264137563626451	0.29828303476592322	0.017256584280078261	0.052765906788814841	-0.028906876217246275	0.18907153486676251	-0.53993181587488193	0.42374920300822372	0.21720573441176111	0.18066032128125045	-0.22171264725871848	0.18801737994349335	0.13837144884403899	1.6942662551254096e-05	0.11963507515822604	-0.15296509960573798	0.28095813759565152	0.21772241256392738	0.16031157505368895	-0.14717009991536181	0.70098466556047667	-0.36939057235103046	0.093338047225123927	0.38161678164972718	0.35521958838741124	0.14094102734261604	0.25012788945047798	-0.1148460323036944	0.35356021717941277	-0.087465145428856	0.49747248244089315	-0.020752553141633975	0.23493914771969995	-0.33821391883661095	-0.029980052041429381	-0.15025720430917569	-0.032897310467261159	-0.03787904265341871	-0.19094409390284431	0.076346747241902296	0.59924293683436403	-0.43784971763578429	-0.26566307624934249	-0.025279642003873014	0.042948624133180874	-0.053650510583539118	-0.20451213371972904	-0.13706811667246072	0.1953739665686432	0.79186300291547707	0.22049416358712537	-0.18697040295613956	-0.47139116639663914	0.13294558127031367	-0.28914712764834705	-0.11894735053543058	0.20467829601367366	-0.29427302785033044	0.21748444951936013	0.5846327493524307	0.25181480778106935	-0.32038176840239974	-0.057521368115777988	0.35646018531500823	0.21046118754848969	0.15919532466754399	-0.31557726200977704	-0.015051142644413401	0.39211809491422411	0.35742816316490239	-0.30520805522889338	0.17570158080272053	0.21927867971654971	-0.012025451882361812	-0.11104351178701252	0.14012853844073797	0.1357492758400182	-0.23098632441090908	0.46616967260223563	-0.095944354764835912	-0.11876666612137922	0.31407124516477608	0.26136888549893594	-0.26582086413350492	0.0067850813285950228	0.040330370704490595	-0.062080947003441689	-0.023181952726290429	-0.73385560176347331	-0.026382717405342603	-0.091527775374555795	-0.063474683058733938	-0.084041387777918544	0.15607914040986592	0.28281522988077024	0.37326798731263938	-0.098315218974100796	0.2394352235992773	0.16299173459823965	0.4598856042789658	0.35088062821520871	0.19080527931641847	-0.23372663922418377	-0.13587535163456033	0.09674982966216597	0.32509791953001321	0.10454752306130786	0.058110727234998723	0.59863920833398465	0.072226225842593375	0.40564654019518015	-0.27439264453057394	0.26917904849760366	0.24469815178356941	0.25675098690246767	0.055479945331796121	-0.31220558870240978	0.06704643609962356	-0.070536207434425555	-0.1956146799551805	0.4441490697279713	-0.10179037524964843	0.084913649907810501	0.2123132804788497	0.19537169821761236	-0.14796960345189783	-0.10085726033018738	0.2922279138785569	-0.16901465169862129	-0.43960276743533244	-0.35673622354446016	-0.12363885810001653	0.21423264166397807	0.28575451296646326	-0.0024383071371130338	0.13655433474750453	-0.25710987485715686	0.063878724700940998	-0.2892126660663295	-0.31018251915262085	0.24191870720009867	-0.20624943584944305	0.22358450148785183	-0.10502517320671814	0.047719298562119462	0.11562968442599425	-0.1684444652393903	0.054618366372251065	-0.11427035020725802	-0.51664493530692723	0.55340798294947524	-0.040414109747211983	0.11231321387292571	0.058503802948266681	0.26777950889327851	-0.29331759179182049	0.12779009254244975	-0.050399409471990092	-0.2085768162996835	0.31736143163388025	-0.28079269845075105	0.15299633760964926	-0.0017654179949477386	-0.14157017747985773	0.19737415480765727	-0.12615335771951289	0.37232987762315267	0.24163951356120209	0.16855972348765808	0.096943830512464524	-0.031642056425168132	0.29303232110531291	0.022858729728341975	-0.058794797754514391	-0.11056033874575592	-0.16619634983528508	0.11230741781889421	-0.2481329789855837	-0.10515871034027555	0.040977992783258706	0.1587750363480209	0.20195104680082382	-0.092730415818838299	-0.042187757031984387	0.3327812587138399	0.074506191944974737	0.072206329571695885	0.13768593554985001	-0.076948805092239406	0.0016744644559561509	0.15578427364034172	-0.00059812405599011175	-0.24608559797929791	-0.27057930196644375	-0.34269389156991753	0.38306190114997957	-0.1563459375842568	-0.18201520525546522	0.1397459712882636	-0.30589250957185488	0.45608724300588155	-0.027226117229719415	0.79167852848116427	-0.109478206816375	-0.029060029887671823	0.090754212617221164	0.14485529579984804	0.31209442443671803	-0.5929550024996717	0.37834483311941208	-0.13584927348463194	0.093248888184417497	-0.090662458886390102	-0.12951875867265097	0.18303636565649184	-0.16298662796359711	0.024249625825449862	-0.14968874296954746	0.14124465593105409	-0.24350630718398014	0.16884000383566949	-0.078608583805230198	0.014807930671202058	0.37437707291686678	-0.090004344644910916	-0.30836408475956145	-0.1127955267436669	0.38024915779987362	0.16508283918867972	0.13435851290112022	0.023502880001964779	-0.032924000660084364	0.11809732045720416	-0.61898451305703062	0.12109182948436892	-0.20350134797750249	-0.31782400821476176	-0.25888888029392038	0.016089752449721852	0.14484864675474687	-0.080281782526288564	-0.1470799558469249	-0.36521092536760574	0.25539834466823969	-0.018813747438689139	-0.036130322874862258	0.45816565827399675	0.10576421108864345	0.69648301060022177	0.068562599261753718	-0.58714313911339178	0.094763891314346607	0.083435088185107004	-0.12743930749478816	-0.076208656857260235	-0.22777268210882923	-0.15431520135665985	0.011733325983107841	-0.57688631749773478	0.35457681669713476	-0.19870868817502155	0.04519233684073836	-0.21292806076900911	0.023583856040577646	0.33219564608100582	-0.39228509076923318	-0.20179815411724952	0.15803923687415267	-0.61640299876081606	0.25560593095118478	0.052223775640049527	0.042882322219950267	-0.2342151677254562	0.088304356722723784	-0.17977849572569524	0.22015675273538729	0.20632044942768851	0.12347156611023732	-0.34000517345756892	-0.19177007812612593	-0.28558389355269792	0.088920453635616736	-0.69537074669871457	0.34932398517728103	0.10671590695542847	-0.080241165849157511	-0.12175569397751448	-0.02534444752679086	0.26682993480754663	0.20782906647726013	0.036743960815914481	0.035231863311056558	-0.22277847195037384	0.26308803445331236	0.3118505032685352	-0.41316655698302679	-0.0049085597267113316	0.15883541580406524	-0.11250555089921606	0.15160122323159586	-0.045423406966925664	0.25251494573967048	0.22332138519754607	0.12884850885703178	0.016936899249959524	0.23767309065142286	0.19645547776392072	-0.16609514957197175	0.39001154607263305	-0.28655985916451354	-0.34522757609539451	-0.031422407869534014	0.059813307493585023	0.14477071267273312	0.28170125598472062	0.06609960162750915	0.12139247032859031	0.081505508531768717	0.026341442321323794	-0.025904533089972842	0.016054399092530529	-0.19090659982677305	-0.19383445925188178	0.02069393389293793	-0.39896975052839101	0.092503457792337276	-0.018201721850295251	-0.19294453844904136	0.37652379592694418	0.11466251977441935	0.13022168573475235	0.17603370728514986	0.11850641690934895	0.19073138523724878	0.14764175174996125	0.26015534232170168	-0.025252455982607547	-0.060414091327208298	-0.23937897103106981	-0.23405016107826376	0.19164216608150575	0.031852014182757765	0.16856614054971614	-0.14925454609939495	-0.10616512785377985	0.38977302377263584	0.09914630112343141	0.22506904034714109	0.10162640845566318	-0.013970411766567497	0.46785249030196896	0.25323057759744688	0.056056497861124814	-0.051223790080724446	-0.38451020074028203	-0.26778487017335678	-0.36783534240530413	0.11880999902335611	0.14246698909751698	0.2414106737478611	-0.11578616154593036	-0.38496794477559615	0.20575331822481591	-0.038652348049514264	-0.16051246729268429	-0.1450656590204554	0.344077812913263	-0.3737646296997732	0.033236754861208355	0.28367734602850103	0.29073507945681482	-0.63977392627625818	-0.17542783232866835	-0.11751861898448969	0.39373848576673037	-0.4675492422506059	-0.34885679590638802	-0.29415034115205158	-0.14820125848178059	-0.32970892498391702	-0.55608355516730312	0.62792484622278077	-0.34503250432690757	0.24588408659303573	0.23794179091063697	-0.078744699360898826	-0.079807145686312086	0.54042639316923713	0.025374651553932856	-0.17478119394309533	-9.6338813725809063e-05	-0.33867855268702751	0.22694908794615518	-0.20608741903145167	0.38198930708401724	0.22001426530947593	0.10508491931225031	-0.23376019019623634	0.076994614779126891	0.097616533450747556	0.14606241401173098	-0.049019821253039927	-0.22171531169842251	-0.030147459804762345	0.35162371734435849	0.050316623020284015	-0.12443179795417171	-0.20214430979337106	0.10578713874514102	-0.0018899925220422999	-0.049905547536623351	-0.46079034403636621	0.2438106285782915	0.24718313836794401	0.20079975267310654	-0.22208231693755454	-0.03546675661030925	-0.20802826621352716	0.39579849762498359	-0.2537489675458417	-0.15309094390796746	0.25458937120990388	0.31850068041151813	-0.18617132599078595	-0.16691017342395992	0.050438055252861644	-0.12404935757358326	0.088900563502785912	-0.013438938335117502	-0.3848146128924792	0.09737675645480981	-0.092149232779898491	-0.012300038934446955	0.70499806787941566	-0.14789146534343212	-0.12270966594611489	-0.54202711821320215	0.19173667967637986	-0.08688434779801299	0.23416337748274327	0.052969171041004577	-0.18134276551532708	0.21895310257068568	0.27449888700174513	0.33924518609075249	-0.34111618298452517	-0.29750506840598201	0.52600343918776093	-0.12809336406839233	0.03121087218278586	-0.018316181556196149	-0.29690751101107221	0.20233954087229969	0.13912780445264911	0.33713282070621403	0.045108042059490115	-0.061299666019583768	-0.053943217581364861	-0.051265276727746098	-0.37438292602567763	0.32812200791117907	0.027623695797395674	0.21002368828235432	-0.040978023589536026	0.37504974463849156	-0.035060583248904563	0.16749934661729024	-0.32698671726895356	0.16292579757102585	0.39020387669528189	0.021843394619527605	0.0167243538937717	-0.064206283497904998	-0.14624978508165087	-0.22585937487825128	-0.12412763920098481	-0.24742040589782507	0.29714380895925219	-0.124773143305498	0.26422888412296319	-0.38660259836190491	0.027327581080306671	0.00060779230019399543	-0.091518825988867916	-0.086152935848569451	-0.41245134730368543	0.077052046332890867	0.0076387837382108923	0.2342416893007048	-0.23821180806988174	0.080765468744759872	0.31959697399830445	-0.03434288473571126	0.11875933878454994	0.17293545415274264	-0.068982304882247214	0.17243425294559211	0.83708764600557828	0.34060666124044903	0.13125204942765892	0.15070535258178591	0.15931514017207624	0.17444525748157683	-0.13186690397207523	0.21594368387869808	0.0069177370581892028	-0.2032599272945354	0.039844155219119624	0.42494023823009708	-0.08305896570792401	0.20164538468610407	0.40382983717966414	-0.047612159987590358	0.059489678967552938	0.045714836866973592	0.2149347392652404	-0.15084028094359317	0.10303601587827216	-0.23071523283505266	-0.022768116130427542	0.27993941031761638	-0.21635495297674376	-0.076390122713674416	0.1045572836661562	0.15880191832329105	0.040569027279306662	0.12890142604588042	-0.16248406694563733	0.041341542174724494	0.10770859362166973	0.28130786133897018	0.18521511692929668	0.12579585463107792	0.28991170417272805	-0.18463757538032113	0.07276987471246564	-0.4248805558357317	0.011010198917582372	-0.17562240320550918	0.13982545479072228	0.059194138114599906	0.15705685816078435	0.04052370060919662	-0.18630853731436045	-0.16735271057699808	-0.27089532637812785	0.28412356360998842	-0.046448065971637684	0.15489792896156387	0.04677378087338014	-0.14287897401176505	-0.047264949018501375	-0.19807845575042668	0.51058319448675604	0.10557220354409674	-0.099531302383768491	-0.19249706338613637	0.019581726693955744	-0.15573058442297702	-0.10640263691094044	-0.060277771191138321	-0.18785827292335089	-0.025044472783232352	-0.16126375392841036	0.14823512070044478	0.057340474978239651	-0.18841052973542222	0.27620777969258237	-0.13374117059510043	-0.18394902798962343	-0.18794871743973257	-0.10206394185209562	0.005495878688869236	0.45066405065660264	-0.24674312747238988	-0.081293971590987946	0.015321819774258089	-0.24449768250806483	0.45140094606326542	-0.082880410782934177	-0.099296384654094572	0.032842192513620833	0.13128735254397816	0.22184418239571263	0.20452481660655708	0.017552604402501289	0.23912593842916771	-0.16465114061179931	0.08640760458848061	0.19069856894108181	-0.13052775907085012	-0.29527497208584425	0.31127880051688778	0.069887358391808971	-0.42329074377885728	0.020227989420037389	0.20110356390646086	0.060340452758257467	-0.086138445953479331	-0.44736078027221299	0.39511253603180746	0.13260340198214751	-0.13662225716139587	-0.19307112394209019	-0.24579378882821873	-0.043173778177505874	0.19558560152203633	-0.30774459911515584	0.36635423975155545	0.30770636164476178	0.023143813096996677	0.034645883162792254	-0.04058622487021913	0.382240244926011	0.14997878262457714	-0.357809110452803	-0.016706959422332354	0.16821859372587181	0.17483013487632149	-0.073587696366872277	0.1234640844641323	-0.24506908652388887	0.025103105791308096	0.1303115176361147	0.1555828855076167	0.13464124408441644	0.14750284451502441	0.1076062427556788	-0.0016011244543712132	0.43470200846917079	-0.072242972068684366	-0.36650395591962071	0.035437727115559821	0.05817511606315319	0.10090838636249296	0.58931041914944438	0.1555182399383826	-0.073342053119833342	-0.13629884663929553	0.0028863525273671114	-0.034658866557675853	-0.1012423621191923	-0.094236390732604244	0.12570000367424108	0.45339737373740568	0.22724706035645587	0.2285159273653686	-0.18924084814964551	-0.18704534731755482	-0.34788359678566411	0.049425426949908952	0.080056482582559152	-0.16573017589243116	-0.12302914194113143	0.30458129092223091	-0.25288544665514795	-0.13029722521185969	-0.0054069618111364567	-0.13282342817658727	-0.096335016522155051	-0.3412490086470843	-0.50167674399070039	-0.03827685107548974	0.14163073337393353	-0.33475252079894346	0.24371586893084243	0.43945728589268634	-0.41970518579062205	-0.010314839004792496	0.061730715120397378	-0.12123653541618903	0.066320306217352104	-0.25147413153186865	-0.14542524891923672	0.047450191029756165	0.16166783266455564	-0.073971910103603863	-0.1489817063165626	0.14444279757407735	0.094168736907562098	-0.21071522621050087	-0.058951076486632656	0.14073832977551273	-0.15261287893143341	-0.09294645376313608	-0.24876392533284897	0.16718213348278288	-0.14681985998475261	0.076339677651793406	0.080274183545988531	0.22641486572631178	-0.19911043169950987	0.29087841612098853	-0.21259765398516672	0.19589557020446632	0.010071662000215399	0.062157883549225294	0.085292001184428201	-0.21220051195164422	-0.066748174410132879	-0.12721271460306649	0.12273887156739348	0.19712683760752103	0.46349447227826446	0.14778990412335849	-0.39051928232301475	-0.15409176879821423	0.29498763325343258	-0.07391282236221261	0.07286326406357492	-0.067987228444628428	-0.66078174569612713	0.12145267278413742	0.27558054149697797	0.11225460834383852	-0.1055617009644642	0.13303663659860104	0.39334903012735112	-0.14621165156609389	-0.029772011141276842	0.015235393325378875	0.076022143677626858	0.23179279092215768	0.21503131680234688	0.022566107549992259	0.045235364346594094	0.22339081617577738	0.35349310630234165	0.36627676253822467	0.28954544253798747	-0.21133168975198871	-0.13535826518060637	0.037588285582942492	0.019264415348861447	-0.02056025858103825	0.58919634912215957	0.11005606092702012	-0.0075736181497925515	0.32591339295098015	-0.03244898146055275	0.013444797897852453	0.087819215666603778	-0.38539854110473526	-0.021314908197352701	0.026082072733201993	-0.011773467780452278	-0.45500178784415146	0.17042326606007849	0.10419764594661254	0.32950778770352829	-0.075127554544705613	-0.14029611615110379	-0.3086071269892155	-0.064930184689697232	0.27472061826070476	0.056409191175980374	-0.151189764306185	0.063422478434507032	0.16763106600065703	-0.18974941469434109	0.065772291316686327	-0.45690652207564669	-0.17167711369848718	0.11177015375935404	-0.26636371859743968	-0.0021611902357623202	0.092121663437124246	-0.49464535239257656	-0.28612992906885359	0.22547679010818023	-0.057605570493614811	0.27819447822247195	0.18514249731089971	-0.1931404423758091	-0.15375826252497687	0.067630758680329597	-0.2010682559136229	0.10540449409420527	0.017299619286694521	-0.21805627606621333	-0.047453074144359078	-0.22688269984324488	-0.34346697589991343	-0.16009918214576432	-0.14827030330773128	-0.11604938083848286	-0.077189616854109341	0.14560898166031555	0.061013616288942009	0.46296261371385072	0.15685154744408725	0.45126854357551899	-0.25489215903585882	0.33959804133710941	-0.24592089561617173	-0.06543911531308183	0.10422484016479669	0.33850591397783658	0.035316566990535189	-0.23002661892026904	0.15196037963173389	-0.17002751010680128	-0.021911217944390399	-0.27887877418719736	0.0053538165814696259	0.11342985078287005	-0.097101659221345324	-0.0021772384216813558	-0.37045954388043867	0.093740173118596698	0.052243832578283647	0.19351997196579337	0.23943768885021532	-0.06857191052861332	0.098285766565546745	0.061097270669662855	-0.21528683202132895	0.15121971412550367	0.0012515811590823522	0.21997545690408812	0.45763074773680057	-0.11374353099639486	0.39708385483011704	0.54258115350299574	0.20927368394115897	0.13655543392009373	-0.40255102881646587	0.22718733476638509	0.28991948741437412	-0.13673908292071926	0.15863186005033442	-0.60986669529748894	-0.065534563427226675	-0.1946969247153244	-0.42118318469685062	0.13078164968885644	0.31838620336296264	0.46644480041302389	0.013394096088999902	-0.10394806432036829	-0.39227611872505663	-0.16283214034913698	0.082559725779986035	0.13241558283645474	0.58455344939013798	0.28212353533723816	0.010590053948140965	0.15490258762940773	-0.10208397787346647	0.40716723941952027	0.1803533338220269	-0.45331894328593753	-0.15754345794131355	-0.23832783113794095	-0.10151071387372493	-0.57970726113927051	-0.081592253951231639	0.11418419956755228	-0.20101526512343829	0.76396715007085081	0.37883725673964896	-0.56708749579227125	-0.027437813102878236	0.054349404159141926	0.5822549795612505	-0.24196748354617723	-0.11149681520086351	0.20614079939477045	-0.035611232086515336	0.5487808012037636	0.058359540617044667	-0.3906583233447013	0.37445140578683239	0.14416891756350717	0.16824371203586086	0.19915825107198482	-0.052264793711840923	0.44981592831472733	-0.33158186309328186	0.34475735785882688	-0.18274322385016306	-0.24926428325938424	-0.22423112960523586	-0.12622003337907153	-0.26488715173032701	0.13826600513583345	0.39195643973329719	0.39271753456461966	-0.090350655708824737	-0.48403208812096421	-0.18907129461630318	0.091661605909104035	-0.050977110542590187	-0.33461982114951772	0.065674476178630814	0.12413562731576372	-0.36125852944136083	0.51079206958313705	-0.10483323158008838	-0.28920170949770119	-0.23645105158981655	-0.059316015121952274	-0.41130570825894669	0.28376089351064021	0.42131494133873004	0.31161807040991152	-0.066292798649332435	0.22184703476282644	-0.10352484786670861	-0.075590923315001529	0.19320498698663188	-0.13510295047592299	-0.29834655548888933	0.42500875213497774	0.12529280831910228	-0.09843924240974404	0.099055346271797781	0.0031037582370661431	-0.3137006383910716	0.33958916899177471	0.28896304476780199	0.13207891951375483	0.017644411094371589	0.17018142006253631	0.23590298942962504	-0.27019082050351029	-0.10633848355769182	0.076249445372024188	-0.088215794599277933	-0.12237995634311247	-0.087012882366996613	-0.047888738204384294	-0.16046393676400128	-0.24659401995213256	0.32243372564219125	-0.045143631265037017	-0.13856130289579835	-0.36300341420810961	-0.18787617782061308	-0.2638753564073274	-0.076843954373110354	-0.28381749703824122	0.16193850346971231	-0.36936329395676282	0.38903059287763736	-0.46116518292013425	0.0024834808660940031	-0.38159411696526968	0.16133534021289889	0.061047641261234478	-0.11363389978802528	0.6054834177071875	-0.14871655749977958	0.27039624237124965	0.38408389225156808	-0.091602859441837561	0.15303342396004282	0.17034910376340731	-0.1714662037464473	0.14975968008265611	-0.16820023814340487	-0.10373130090483355	-0.48962287485431571	-0.44622657451039871	-0.1813838420750141	0.15981305967964637	0.10904621293894115	-0.25842084494026896	-0.2178351348652969	-0.21077973469200778	-0.14396344171588035	0.08298568323391714	-0.060916381835037656	-0.27812831705389884	0.059472703170612984	0.12774539940492069	0.56567258054017566	-0.17667746165364268	-0.00056994174513505351	0.10212434138360463	-0.40444114901517841	0.074867023715015954	-0.12139521105292547	0.05254651374251007	-0.033830250411829729	-0.21579690756175587	0.15759805145404054	-0.055891089432699818	0.10264703321507386	-0.12822857918016212	-0.22127834416704034	0.12443563550322932	0.46116376070137421	0.18665746102826392	-0.20117245688121368	0.12670801693517722	0.27319140355095561	0.02124906605039157	-0.20731879983905491	0.23363207725856372	-0.18530954133449737	-0.13170671896729363	0.57373240328114405	-0.38229306413101138	-0.026345958356924073	0.20332660907045219	-0.029500043918393747	-0.23148946761087122	0.18517160725681925	-0.35402598496617438	0.4362306763135958	0.15784485114793803	0.28842886087044256	-0.33911206611148065	-0.14593429217119833	-0.64056879891752327	0.34156043397986413	-0.41790076066396947	0.050075737864250167	-0.19609602880298474	0.2041286803186334	-0.070268317648906994	-0.061673756843720881	0.22882254991055598	-0.071059937723040797	-0.24720347077324648	0.0048342036978341156	-0.33050863018223764	0.28501606900757143	0.19958132644357782	-0.0078689835248739581	-0.43625308415345515	0.10740924533042137	-0.17168953650015473	-0.13712800745057685	-0.070705834761129793	-0.30745349484675305	-0.0051916182016739582	-0.13336089101591417	0.083008016617679287	0.2087366899567018	0.25776371293251055	0.41277565335200772	0.18564863243319724	-0.14545375662503282	0.084651324147623844	0.10819168295399526	-0.20525922352763801	0.40111989381637592	-0.460734563929517	-0.24156074125972593	-0.071714311280925966	-0.19902096794021895	-0.026428139217683489	0.029025817789350438	-0.1325565538322698	-0.10433641633919076	-0.1496649169860573	-0.49527435477390896	0.0011957960618558772	0.26096809793078007	-0.23091966279584192	0.0011068572885780936	-0.21440440727654558	0.00027874631200542358	0.06402451517308097	0.17940865662929353	0.29641613936961708	-0.24212365373994099	0.10160306524203146	0.28000745815498373	-0.0068360290355806569	-0.28828969554437284	-0.47006126677733462	-0.1882366843327718	0.21166323474742663	-0.08694214549859669	-0.21796056712469139	0.1602896679062871	-0.42125185622565142	0.35077853340990928	0.069615830638757051	-0.090855279973534875	-0.20887261712377783	0.29664375031707269	-0.12296027675019915	0.12915704423256616	0.23798298216088748	0.03039173475165776	0.091268518014138558	-0.058078860285170252	0.58807167710967301	0.16699860127185359	0.037288738616676684	-0.003792162532347904	-0.20196962899834642	0.2266764273437053	-0.055790700391318469	0.18898338148652036	-0.2510534210600418	-0.092596830957073176	-0.13822414628099103	-0.066015361060448904	-0.49152723422531847	-0.42761363858727736	0.21712413834970631	-0.051597502657482572	0.29959005994160642	0.12805064516205578	0.36019309363980817	0.034695084632993055	-0.031489287452900167	0.0086517770478946078	-0.20055329612259887	-0.18210519872798983	0.4782196307940188	-0.051047355972709582	-0.19440464286072903	0.14710958000124552	-0.35250948183245784	-0.079909127992425125	-0.16571571282966324	0.1393636387262106	0.0031646192126371293	-0.029081623059853453	0.22390018876791901	-0.066766857322934428	-0.0088071918452759836	-0.20416806927104705	-0.02684683344109693	-0.055986293951686916	-0.10244383800076724	0.10728777059273484	0.020630730465697404	-0.14177240542367317	-0.15288598471093942	-0.29904246613588625	0.25004488859762608	0.33334400354332788	0.45083425860941456	0.2391166010525671	-0.081142354644737902	-0.58466298186614762	0.32647442926491432	0.53435599964608027	-0.041319665425350073	-0.36237290830535801	-0.22502950721190648	-0.10071100319419531	0.16120385333635159	-0.40450506540488051	0.12006284157201574	0.10748938995754737	-0.22272040878143567	0.32821249000036073	0.19019917957774027	0.18406042603000902	-0.25903946013053714	-0.0044993964386134712	0.20468192289196804	0.28841821381275728	-0.090155379392975785	0.20462141938527689	0.07907693665997341	-0.018005912443950282	-0.27843190488338448	-0.22704702104584248	0.59318155660318916	-0.41364031209137969	0.36365932493527381	0.098088440242206726	-0.041173084917760061	-0.30361216773423455	0.081768015215238563	0.17833467117228333	0.23385785060295861	0.6804753890294255	-0.37884801257345413	-0.27201295891412364	-0.24328221390518212	0.055154159260359423	-0.10545492618284209	-0.14940893180837247	-0.19711837255141013	-0.008076469978990676	0.22325390953062868	-0.12685703585113725	-0.18712946033847538	0.17321382462935056	0.15552722407777197	-0.50422161101407359	-0.21565412732609174	-0.14352380295514658	-0.082684712012965109	-0.44297729425296978	-0.079517175691714528	0.25066871302752008	0.50527581742203997	-0.37280984228942604	-0.1544591295240568	-0.058190483448532476	-0.33631606962744592	-0.17796728689000668	-0.2607011393641569	-0.23624475968463809	0.0049762875446441564	0.3090148438681849	0.21641518402921467	0.070131295040830613	-0.077201777053023335	0.20426610295322287	0.059097675630377502	0.17212279209851297	0.28211823619468102	0.56413008317524915	0.12284435974970202	0.24369994376224433	0.47691114359187714	-0.55124476540610379	-0.045044024137348697	-0.25515175549022484	-0.26611773820040968	-0.60308885150871194	-0.28307253005685762	-0.27378996887773965	0.22791812583146664	0.12794272546397506	-0.15436119476126062	-0.13559406401577165	0.35854297111586086	-0.50704546526274497	0.12286994964716424	0.11947279017294869	0.48633326795619636	-0.077143089731300074	0.35432956439384444	-0.078874260647496905	0.11439484738523888	-0.16317544419208196	0.09545071810729984	0.14418757406048188	0.019694886315030569	-0.32615651658722494	0.28348552375701441	0.11282871788807704	0.39662948070269516	-0.012011010422228968	-0.12550308344839925	-0.22320429574306611	-0.055254966444891897	0.21304432787138325	-0.30372881894389647	-0.2933081741188569	0.2686497552415662	0.1927693397316291	0.043238369927822755	0.56300942043139157	0.079014483978773406	0.12653010238736848	-0.28553372705021784	-0.19729657381986604	0.25958452563054324	0.32273116518819256	-0.20898014866226192	0.17335607528226452	-0.017063442044085782	0.1045494368678301	-0.30707764825637912	-0.14556251261886902	-0.16786463689494194	-0.051163888759662914	-0.25581863029678537	0.11994007564756133	0.47574599687654867	0.45615352655436175	-0.065415266858078802	0.16540334797440603	-0.70989899896234632	-0.080956929480377346	0.039396363891707198	-0.52751561277420422	0.1840566138363223	-0.0094364575557375988	-0.19578586804448644	-0.54252484670097356	-0.16318874881465908	0.55652220058107782	0.67565803139163438	-0.13739598236242737	0.2868092205653851	0.042215140906305806	0.63862528180118028	0.6753465618492045	0.26027840563291127	0.20189828099845569	0.09016507517558417	-0.22054596991591546	0.36430383675667277	-0.10579190813239962	0.1921347512701381	-0.23722791670776963	-0.39004685904217978	0.11499687243009735	0.24229183699825277	-0.055965518986880562	-0.20970020151599944	0.44442089704322779	0.25664955283987123	-0.093705433116042236	-0.05356254145476743	0.20984756526044432	-0.27015714715112926	0.037582361814353031	0.384247721127007	-0.058925047312254064	-0.13888664461142478	0.32764219096042946	0.026920156407290074	-0.59521317817824915	-0.26629535836753132	0.42427328190844882	0.2501903850147309	0.24346395013705915	-0.054432055912795867	-0.092312741963155559	0.13622629307034378	-0.056665137504141483	-0.17478062225825425	0.5933045702583094	0.28137801903172976	-0.12288554598770096	-0.17104899066551782	0.12636419236563551	-0.47946980612693713	-0.40323190963388106	-0.47510856226014569	-0.40151081216055023	-0.21966412216422987	0.34463168814046702	-0.071440042171267995	-0.49273710280962318	-0.014389318868710824	0.049193950184180921	0.07856233432532081	0.33747857737133269	0.16119573434726725	0.073491714417276574	0.34251350313928941	0.1690637087050143	-0.1420964385242037	-0.14309541660806716	-0.14591843017686365	0.070250639143397298	-0.049275946618313762	-0.28180912256263524	-0.15542177074184316	-0.20132737663661585	0.42001404674038362	-0.22010802660589576	-0.11092266311424348	0.027134769307973899	0.30776417051554883	-0.0035262972485658683	-0.30768488292619245	-0.26728077294965552	-0.083544198977133846	0.23458591524761943	0.22759182881053466	0.44659411625619516	0.01433060003108662	-0.37411538522774723	-0.020064464293794469	-0.43547098427394076	-0.30603988428812373	0.13915119967317471	0.001075360150092434	0.22777712804700787	-0.38801645409720592	-0.01142242644091666	-0.18144073751532813	0.2684605858841082	0.10980810028568862	-0.096849776062388426	0.42090394426276756	0.10743247734010149	0.094502266019297038	-0.14134648656111146	-0.28908316066534073	-0.0022206964339419022	-0.34532259907034285	0.015418734571154627	-0.32336071676662892	-0.35558915756779824	-0.07405653144686998	0.25391388893027766	0.58751838332558659	0.14516328886941968	0.40270452108420834	-0.22477325565818046	-0.15203309530515918	0.15501420349344922	0.11428046222867762	-0.22378205414291408	0.1517658567525999	0.17210203096186563	0.029788130659715691	0.32155306441500697	0.5726649490035991	0.47038276225016601	0.29685779738102175	-0.31952062287174998	0.039164097417999526	0.033418412595088771	0.03251799149393822	0.019173867828907679	-0.01697407095118381	-0.12406030573646785	0.085019165662084437	0.0014380108862363434	0.088773590616717912	-0.32871981152704088	0.053978893316494934	0.23069244435371672	-0.23869713021248801	-0.10332368116313731	-0.2616346521277324	0.38492631358620122	-0.0054410490227822733	-0.033411049164037129	-0.40231965816105453	0.1439654389903729	0.11542389882625646	-0.35419792024931374	0.30383868400870939	0.071605362043384219	0.35041252741343165	-0.16206224155595944	-0.14697152124570592	-0.084218401404880572	-0.2482709378973913	0.15108913204015187	-0.061217028483843819	0.1077970353022645	0.23142756321295965	-0.01531438904380388	0.27560581849011395	-0.18431190061373048	0.25036708474516334	0.0056216686106319823	0.50434846030705005	0.43784946350393916	0.070369632682234437	-0.29007488765975037	0.26894749978799648	0.30590446651136355	0.37628782165102403	0.35036305834506948	-0.049229086042027123	-0.012561918512586194	-0.12562900960765552	0.032135670914213092	-0.014055609221783795	0.21857345926315325	0.11066991813440827	-0.65524081478686858	-0.23870683453072336	0.1278973043307271	0.34487442992726636	-0.38705858819067929	0.097080210378350199	0.35943440871547405	-0.22415767528126665	0.044161700979348593	0.19423637298505564	0.1957296843666253	-0.35176362391050103	0.44172226905348705	-0.050358941051808617	0.112563838968989	0.53741322678077841	-0.48818297625196522	0.1951097767070378	-0.10917855261531983	-0.063647846350092158	0.25727454938818778	0.11050274959763273	-0.24741016958355999	0.14717997502438324	-0.37051153991050362	-0.047729789769764247	-0.34096394362019644	-0.046666926491143415	0.025672062715029694	-0.20598247659397234	0.04825061525228732	-0.30658426069381806	-0.32762179780177553	0.24502860773484297	0.14316881147085819	0.19157883015584451	-0.037309037229533028	0.010536007794614144	0.2025285460598831	0.099575722979965545	0.1188641932896361	0.53107602748256566	-0.29824336685495406	0.15079046996530238	0.10024449821795985	-0.05825861938927248	0.19772891179188518	-0.069975599352028323	-0.0024580872978918413	-0.066257306000536711	-0.053100839831514389	0.26192063483836076	-0.097985716142747953	-0.09863504648375665	0.41170337651349981	-0.30349513955223417	0.14327013776752462	0.11512795233462665	0.15473955924553628	0.22265151187780918	-0.0026613663797495904	0.080665547548078628	0.13774621674441578	0.29917394163427269	-0.23475525952705284	-0.022839337340835042	-0.11101207367772899	-0.11095164280520053	0.43702814886792024	-0.054110143363633852	0.019290218164882932	0.060122622483613629	-0.38677345156920306	-0.53342871210727283	-0.062642950724133326	0.33626979285008524	-0.097022408447194869	-0.56261634098671887	-0.19556342905002441	0.057021090501842051	-0.25435745933200282	-0.23628923810751004	-0.01857174957464381	0.17439336530991503	-0.16362414437854578	-0.12895154273819082	0.23428221254000964	-0.077612823590796604	0.071889713124169974	0.15086184829313209	-0.081044476132675874	0.030025761039777176	-0.17814463440891914	-0.11379277251883591	-0.33276239803572172	0.10998772243307656	0.27305977442159124	0.28978036730793183	0.10369818279290674	0.1477443648703087	0.13369720687784453	0.30445612936393435	-0.1013284832178268	0.053317027166509434	-0.15729076328458674	-0.32436246591740897	-0.19134015516699759	-0.18183096969803106	-0.080476052617105026	-0.21132836176248526	0.031190981671850943	0.20861450310311769	-0.12751918260141273	-0.20685605448450281	0.03044699648453341	0.058830151438955661	-0.22829846643477938	-0.18605336690605878	0.12916660757271745	0.27969418449751732	-0.16813708226029098	0.1939057428693875	0.22536043547013326	0.41046079084532022	-0.23987811107327719	0.20385597605357328	0.55654332538166984	0.021227640501270694	0.49417086111187303	-0.12423837329598422	0.2895714975915894	-0.21849901703013799	-0.08719312001029543	0.29024078139530718	-0.38060101590234519	-0.11416609787355657	-0.25138164487429149	-0.40755137678252606	-0.058621075975140088	-0.16878158267382723	-0.29661912755331776	0.022760874742768	-0.044298567495161846	-0.23136506288424338	-0.63374046912342974	-0.17742402332499768	-0.053959313037338211	0.4772624936875034	-0.26649782549882939	0.24431707265987859	0.13955030683737579	0.41735669413209103	0.25931069052403655	0.054622706878805695	-0.25596942415942869	0.012395972726529059	-0.31724170827435161	0.044374269350449233	0.26519193615110687	-0.25452124542766663	-0.40361118860699519	-0.015857755799249806	-0.16981764765542273	0.079429804617489219	0.27447407340950264	-0.09804265950202648	-0.031975683674814258	-0.22499783329067768	-0.24185698210589951	0.26087770920552844	0.37530723726596338	-0.14012014735833267	-0.46580223027332457	0.080498693619342226	0.16686621835595633	0.013114773515511945	-0.3505708563057493	-0.24662283736683188	0.12501230476258274	-0.0029729794033036493	0.19934961047972211	0.32186156484988515	0.037182515212203164	-0.14759314375376498	-0.11093643448091237	-0.10003700547502567	0.18091683591986218	-0.13755713621953145	-0.0084482760420516844	0.16769196355749713	-0.3200706246802329	-0.03316752272431818	-0.28398568920783229	0.17098408917338925	0.021776448555976973	-0.43144141832848903	0.17056599137627995	-0.11927120691025449	0.25223429884393533	-0.52101254382004658	-0.15989440994170312	-0.097829873701770667	0.00036942335621351552	-0.049823258763309973	0.043425430142910983	0.22885369242430084	0.057194574493857051	-0.26664604847613654	0.32893683193168827	0.20588392279792539	0.17931423409092134	-0.40818480879091867	-0.48099551975251637	-0.20805662164418084	-0.13441965422893479	0.01565844307707024	-0.2158711619656247	-0.39306732762529983	-0.20965448627771932	-0.12706453508331716	-0.0054657493240731769	-0.22532800660822325	0.14940465102027939	-0.35928411203938521	0.010974995615499614	0.1535271581145301	0.2476787362306879	0.3643472295889314	0.64319475696637474	-0.18787551329086838	0.091716674613402813	0.19220397826115709	0.13551977072004229	0.03839031898277432	0.083504821601255358	-0.066618489777025613	-0.074721117850030397	0.23218753011619531	0.42653498875811374	0.44996455463609586	-0.36871948521712455	0.18949730836552114	-0.27154466693969503	0.51944384810125865	-0.20923349533684457	-0.40234526085847566	-0.24080499216058782	-0.15719065363237941	-0.65093199762984533	-0.21402714941525727	0.12110789491362996	-0.58304864478576912	0.21303286427732393	-0.31189038378288986	-0.33805882284282046	-0.14303515919582188	0.16073749467347859	0.30622101424676801	-0.74965148120037883	-0.41085121101621158	-0.13160850323715678	0.15886909280137565	0.12335542915075164	0.22412424868502936	0.17623133805096444	0.089037057230090935	-0.059645932242153261	-0.17124050767349205	-0.16036914798720531	-0.17057575839192765	-0.48332273324185482	-0.153189453091438	-0.099621648065910867	-0.19600939117770669	0.085171495918381288	0.18308181945006879	-0.006904523951558896	-0.21036120853992044	-0.093041666269430001	-0.90048152763613343	0.067340835926796655	-0.23537535769183904	-0.20834127124750157	-0.21142534610040281	-0.19684671610951526	-0.20297596439513169	0.072444227124934882	0.31354472627569085	-0.11713008297606686	0.37258362778965481	-0.12388623325523677	-0.03124347519534804	-0.026613441667615513	-0.10733625363044011	-0.16604941684907384	-0.11178707103618205	0.1093846490554303	-0.35229999778255255	0.35160159492579546	0.13197613908481209	0.41088049978957736	0.23148963242633386	-0.30708351280099566	-0.019928960837872087	0.25422651759781639	0.029618786489707716	0.16590897888068609	-0.26276761025780598	0.10739658019297016	-0.043405796532043343	-0.081787764015873121	0.27284055191495099	-0.19195030932643858	-0.13775150291867042	-0.1348308277648822	-0.14861268176779321	0.035470222350427814	-0.22576071020540261	0.064375994978020212	-0.11373807461135302	-0.25828094793298023	0.0066774837760362844	0.10953509804584138	-0.060884107717269653	-0.42932507811873805	-0.088759218239760185	-0.020803493246355123	0.42817692738954016	-0.33446256194995688	-0.10167645828742189	-0.17542970325023466	-0.028840450771351601	0.36443880999490441	0.088606596115404834	-0.026249395975967232	0.67572089991972839	0.13930823608543214	0.41698647522496263	0.12049502233363366	0.032246717715301437	-0.17617297647045371	0.094003402370028674	-0.30385387747952086	-0.29645504125036026	0.060543351148460101	-0.062486600062176184	-0.1857758149964277	-0.010626165452823001	-0.28604437279173145	-0.29553914185210067	0.13874564020524385	0.041534429291822668	0.02257923240255599	0.068549659479924405	-0.020796337023895134	-0.13643166162515472	-0.27750886913117084	-0.39753331362979982	0.094460624053447698	0.072520241963646356	-0.30049596293184461	0.057546054675350074	0.10235725711337376	0.061296928332989768	0.072014938903686709	-0.51984409962364708	-0.46791172411659382	0.10902545741951949	-0.10811956418041185	-0.52684651113354541	0.28689808406375833	0.34256946338940863	0.0047449329286621007	-0.10405591630069262	0.63793775193271296	0.0027408373334723212	-0.37913679520868709	-0.1196425655644785	-0.22630037249174254	-0.32617433563045573	0.15655607602110455	-0.07105728133756696	0.26841578116200143	-0.24963781160495899	0.25842586675179102	-0.01606191351355242	-0.23606569655076046	0.22426826782649834	0.38078901441871582	-0.19306769163765236	0.13138217705331734	-0.40080141951421944	0.29844899190428198	-0.35586104901838805	-0.33806043503324718	0.26646234063096175	-0.3105515972201971	0.018907836150473596	-0.34240270324647715	0.60881746633195777	0.092498496559629731	-0.27427054776190846	0.020654584495298226	-0.073094023355814233	-0.27427623249781896	0.057993402685760018	0.15916690027117644	0.042265977735304425	-0.18222086521761369	0.34915127144268016	-0.65122915415340921	0.14410759239436918	-0.21093940864485131	0.099454691279579621	-0.072096768553674265	0.02312707448755431	-0.091116875650716342	0.03595671942677911	-0.10912930725562581	0.19993421993695018	-0.14975652728139047	-0.42404211349776239	-0.36604061378001507	-0.094869278430843529	-0.26314695476363636	-0.6926069789664826	-0.34781283470710939	0.2168485476280628	0.090032394385482578	0.3255945288621252	0.40595292960096924	-0.30585212560569941	0.2254604847320244	0.47103143510363082	-0.068792694948382693	0.094740637708124353	-0.035048509611188439	0.34871535082434801	0.48449001336870939	-0.022612716029096289	0.32409549430754209	0.3275715863878827	0.11027640131527579	0.1448295367899827	0.02907159259704771	-0.25492258345535851	0.38284532996060283	0.046101036039384209	-0.12659751468080371	-0.33871390369674581	0.28571248058300247	-0.34280740047822272	-0.097980857066621505	-0.095380550369406861	-0.074656685248591911	0.43284428214769638	-0.1003338464227	0.051767439928098596	0.64758256475270659	0.36486916783565559	0.27386116033651975	-0.14436370601000292	0.25062818586896368	0.27953341643424973	0.1757989699503463	0.27379904766952562	-0.35081980408106461	-0.050059185467220789	-0.1030392413211873	0.027284599936398608	-0.28009135092781673	0.087655588108393218	0.14027701975570914	0.42065032679602671	0.064541499606953531	0.22060333490966053	-0.32972251249863532	-0.1657306571517585	0.17528838554982232	-0.29172851014763679	-0.078680752942046878	-0.301661899045919	0.050703260828407051	-0.29798374365653624	-0.40988299646687448	-0.17132829744826128	-0.031447096248049658	-0.34513479385658496	-0.19241979264136336	0.25791292996206983	-0.063905358203090817	0.12893180149637409	-0.35980959015307795	0.38535452930012853	-0.37567445352434004	-0.15079310596222745	-0.26161301098116407	-0.39450692684800681	-0.13109114305859471	0.03322875881786528	-0.36803527238111211	-0.33187439901620414	-0.062548607289629007	0.84130181395065606	-0.18685310838055927	-0.12649822495178606	0.3677073739058383	0.10993264594613118	-0.40402305984571535	0.30907306141052515	0.15266096172256319	-0.40733915989125319	0.084304597264286449	-0.1388392035917928	0.13874149313384415	-0.0083570734354681698	0.043568124231585251	-0.24385556103281117	-0.18419482668139883	0.086608942642273506	0.33606998619734468	-0.077620943024684738	-0.45218287602367657	-0.029479982460581637	0.070258706323143516	-0.23322054953442706	0.10192419347559646	0.19347086734109736	0.18658264974679517	0.25434018905681061	0.021521170377268847	-0.32812507709510985	0.036944116341867554	0.042082586948274901	-0.10546745957183055	-0.045779563765911205	-0.14364748244528561	0.25132296805255749	0.25143082711263021	0.52756004872418272	0.02124224137441064	0.050948270050188052	0.045807317767112082	-0.41177828458068155	-0.33226413569831964	0.1001393365353607	0.0088042277388449951	0.24557349087309444	0.012936055150193304	0.2187733256120363	-0.15487091801774616	-0.14407153042037205	0.13971191714097503	0.015020318172216829	-0.25023249922392599	0.12042590274208231	-0.053927202819281914	-0.63664670582856675	-0.060089898564284372	0.11000190957703697	-0.12315512082955245	-0.25021198353047996	-0.052094403984218308	-0.16229631619991364	-0.13959637925162274	-0.45346967249894399	0.12753607278614654	-0.13561567247356363	-0.34502621126873001	0.16473500809403208	0.2330237555384867	-0.29534916205350764	-0.21733226293777783	-0.025135757341551119	-0.056148511891842508	-0.12287270915150557	0.27039236244216985	0.57593179726709098	0.27399262421010462	0.10491321214732803	-0.59522252965622602	-0.14798018942871868	-0.10590702556731435	-0.039129347988781524	-0.25396397418541011	0.069846938180646953	0.029539619461736354	-0.070229407780498188	0.4061146848677718	0.48189834878025656	0.065680393467351952	0.16151119199613884	-0.3552356574558117	-0.10275379203668406	0.041669096561336237	0.17531287567193338	-0.21839111263507141	0.13401489764701655	-0.023446617269391446	-0.076436553273913285	0.2046971836002521	0.1578658405526748	-0.090886699925639899	-0.0054107504364613104	-0.14379617459498484	0.41953152535919858	-0.073364696381833919	0.022197613522698643	-0.50617469234613854	0.29075896739196005	0.58600419488131461	0.050684203750340662	-0.32210380448848791	0.084003752627089159	-0.090363492429972339	-0.021367489330488994	0.19625981311946528	-0.063457003034026058	0.26896988074001205	0.12868761729268147	-0.028426055087413447	0.27419153922325423	-0.50786575227559794	-0.0090502184826293346	-0.5290819903554439	0.48315712801461125	-0.014329194365420624	-0.16002567407123811	0.085211265529431993	-0.053243395683933735	-0.24982283699615826	-0.12663871937036553	0.56122060607758861	0.045352879193746615	0.41400696410071985	0.30945434632010238	-0.23878070096992121	0.18433228902426935	-0.18645384749032229	0.091624539251133078	-0.084473105554687664	-0.55012421749779516	0.18594586824748502	-0.078849360978772501	0.066325346648685737	0.30625016404577293	-0.048546684241688641	0.26041944379602128	-0.038808834991409587	0.10297636454836782	0.12424045466671628	0.057338732435476179	-0.010051369690236381	0.19992505133605831	-0.20275986977941279	-0.044277438119571189	0.66892813938414686	0.091394872381796971	-0.045940371104990274	-0.13824001763202926	-0.21365898190905874	-0.31027278548282444	-0.0053256975146945915	-0.20032892335362368	-0.062221761174494565	0.41244249948960421	0.12712686187999109	-0.41929276431119145	-0.01129300933131069	0.49529883451211992	-0.3769785345908509	0.21758288470565351	0.37256845068805061	-0.48069313780052503	0.11653007226327083	0.21617660855027193	-0.26934373951515583	0.27411806308916165	0.49981395526110928	0.011169778296423493	0.0028011713587663759	-0.32991597771170572	-0.25971981110285802	-0.17152940155328933	0.16317642753618491	0.14379854505657882	-0.142349430658819	0.1556586000630733	-0.080301624383766201	0.035327134173991408	0.057459483130588067	0.35521092786226854	-0.1469730466336848	-0.23886264244620542	-0.089010030530122908	-0.13099295713867079	-0.037628285564783599	0.37272521430857858	-0.1863474742598587	-0.40449747814319426	0.1101281848828066	-0.17169471232616626	-0.053242241952152734	0.12032482754359539	0.25992625068465264	0.04499734640935505	-0.12538075128836262	0.34963412371985159	-0.079224098163588649	-0.36059662494478711	0.036292335189373574	0.56074310264452565	-0.014322324500025505	0.37955193975699875	0.042423246955044611	0.15338648443325104	-0.17506681656810946	0.22140182473436421	0.061913671706863765	-0.66226666243735666	-0.31076442938320858	-0.19658358833718786	0.3497550572502568	0.37620373789432149	0.40723301830643294	-0.1574919195682426	-0.16022827174339044	0.1019917542358917	0.011246031828985913	-0.13581914025164052	-0.32690847085374153	-0.17604874037306861	-0.24661262412320303	0.014066666394067473	0.12859119776485561	0.26234755868115278	-0.034184113656179342	0.23553575377264338	0.11739375861699979	0.056132729099840149	-0.14406995989950711	-3.4425750546905072e-05	0.060281624524417203	0.11537915790266999	-0.4766312469696804	0.070239032497936393	0.25750992017940016	0.072621037511094222	-0.072494026976393192	0.26256962574699916	-0.038899611140068339	0.084152863124674376	-0.25683592654982818	0.00498027326724273	0.020318555668608289	-0.014025184170858492	-0.19085793150317665	0.28469185325078861	0.63320195212444341	-0.060067872877705611	-0.14618729495180735	0.24214957838829618	0.067518936388885148	0.44963901541251766	0.3421861574683539	-0.16377136167819825	0.32545120888564538	0.27694238308578345	0.1448532664109248	0.057568764831689059	0.10393527239294896	-0.34559042495097275	0.056700152245132092	-0.58082301382253332	0.093788591841514182	0.083514508320503847	0.14191637086450143	0.18519438784822395	-0.29814606052380405	0.25392618887298068	-0.19697372528086288	-0.334984888148877	0.39221108094789214	0.28160167596342561	-0.38901330544641716	-0.25239656309228825	0.15260484078693701	-0.027374376366466266	0.10343973383188164	0.24533706333270677	0.36223928226380558	-0.069247246619829367	0.33055882004384507	-0.17096906842729656	-0.32736392151958094	0.10682180113766664	0.35939447687706411	0.22196966734077467	-0.55199476135062953	0.36827576336076956	0.37379724454242791	0.29517234586803359	-0.080283141402474154	-0.07665062999864837	-0.085903005203183461	0.11909388557933029	-0.49623892665492875	0.25541375601920546	-0.38237510511370487	0.32698542392391255	-0.26571218074211167	0.28505465703278582	0.35248961187415567	-0.0066738952040049284	-0.18054366073698183	0.63583395291785882	-0.33958607549422815	0.14966501394036233	-0.14209727216715803	-0.10249590576150365	0.046624433024199677	0.022663305939715286	-0.22259554141731225	-0.11492435191265679	-0.47076862403421676	-0.016142467651775769	0.43137435007887875	0.01536658040814869	-0.3606585596184263	0.0082972679507675642	-0.0205196822736134	0.057188748012511254	-0.10186245577466931	-0.4452984429879755	0.10826809288464852	-0.4192007799759	0.26694850797047015	-0.17004229565463094	-0.32212529678886215	-0.26525153829316706	0.22626628794646259	0.045501105628503603	-0.033411008121353489	-0.01349711172603362	0.22331817449234423	-0.18955022815870326	0.12915872325910679	-0.0098211403169870294	-0.091167902509749821	0.31175904602878923	0.056884224493687567	-0.099120446026560477	0.2128950109503587	0.050440561281968672	-0.2808322703501539	0.00025521449865131417	0.27764323000493296	-0.10669538952551537	0.27277668598851795	0.31611651532718726	-0.20841423444765808	0.11220376334629877	0.1247932731925807	-0.042358851582171897	-0.12075457671289959	-0.054506589283958476	-0.017663396283144929	0.57772477478597128	0.017861619608240988	-0.39285611366894535	-0.031818512538389798	-0.13317355367171135	-0.30570149846640732	-0.12925979989053693	-0.067085245453754286	0.13050865929746994	0.075045652613909747	-0.28260801327468132	0.097312393651927093	-0.18631807250782931	-0.093808942928793757	-0.20287013593198489	0.28930229233396187	0.17173231594239555	0.30266581374737783	0.0068870392511269441	-0.18837449941808379	-0.27951998469825368	-0.33867661267223137	-0.10250186679409293	0.11876154045953512	-0.18423348613121868	-0.043750058625573046	0.068925129800989776	-0.1121457219028906	0.11679188315803311	0.093791900054507438	0.074115839713219819	0.10705460831833333	0.18323852766623855	-0.22021606820247352	0.033647246330837918	0.10227408939985604	0.26316205031301881	0.31954282171024256	-0.20292202114950461	0.13161307028489025	0.3298737903009672	-0.13578597637788389	-0.012644587417406435	0.17898928892625673	-0.18068498289258811	0.11738336803147355	0.27592626409154591	0.30313739239947057	-0.053473727207477145	-0.18554361365630767	-0.23214936627445279	0.36832169781392909	-0.13272175497725833	0.13849747251569355	-0.10882905870051893	0.1044015486519589	-0.4727720448958263	0.089370603705823198	0.30594030626416818	0.22393896966620802	0.045718665880271299	0.1532830654647637	-0.16147299269374671	0.041191875321943607	-0.15021585777442856	-0.51813668327601481	0.23080293439562291	0.028774862187782163	0.28178442453560038	0.17480290942388776	0.32740967115073533	-0.3681335086919158	0.14513889723639337	-0.074338298897217173	-0.18325436017590283	0.43570757411228306	0.087253433231325131	0.5304479822636442	-0.08567022797194257	-0.18552349369800605	-0.07033091087777478	0.23440395098752717	-0.045842892659159411	-0.14162819933694512	0.038565711921407737	0.42493346288677475	0.13012578237074013	0.088275403300171251	-0.0696501590317046	-0.18697332640403433	-0.14060900034396623	-0.21709118241370873	0.26778019968480887	-0.12607015291086288	0.54191313574786282	-0.24474042448369157	-0.086020927069638126	0.071435333201316897	0.36482407699198799	0.27476708839665304	0.63063644309790845	0.18517528782753989	0.28453377411386394	0.24685306608260624	0.038076148452650539	-0.19250941710986477	0.38574008929976872	-0.17276145682107188	-0.30830959296217159	0.42151070588931577	-0.7071959486734084	-0.19307055241674131	-0.25672594202011201	0.24211249632712212	0.55262072425667086	0.19633144318756637	0.29353204187286086	0.038329440626981022	-0.16491369751725327	0.030578562873815714	0.13164073287731695	0.062353514909574213	-0.013313271969851402	0.19100804362401322	0.14682847169404001	-0.11826251937397882	0.075782704068721368	-0.062182974609060963	-0.69517328785537047	-0.0012257036013700803	-0.89779179718141822	-0.2960627088439271	-0.14408679604398808	-0.20036017037702042	-0.3275449823243351	-0.012070472914349591	-0.041249884445524833	-0.20477927360303866	0.10137548629369694	0.1292894272522207	0.21907385938358215	-0.11281025412063622	0.098204745715681885	0.14510854931763562	-0.39871334678517961	0.20451335426824413	-0.1222261713620984	0.012820838810586132	0.059273609893706329	0.31977717676087408	-0.28801222843966845	-0.023350450710270969	0.51208238103228709	0.068518536694589335	-0.1004729881762239	-0.017504936010612066	-0.067147061327059665	0.22128846160692167	-0.00073578290151595025	-0.35067862681164369	-0.45670617466361108	-0.094969816231270557	-0.065701493876421282	0.051600824595558363	0.12063691322375146	0.27775146506951098	0.25527318973464835	-0.24265931856345466	0.4518462912539874	0.30115622683959531	-0.19197316234573852	0.47871862683759936	0.22914353855651792	0.016415727948049231	-0.01719739655510286	0.03674344381779826	0.2446864141546545	0.047321212143683365	0.13270750814646773	0.3490811201478316	-0.0095702291702452029	-0.019613689739660174	0.044204375332576637	-0.23345067899045602	0.20687133146359757	0.22211351289918882	0.24285817760072809	-0.10959464215392921	0.35360708943289137	0.029349389530205921	0.17029437878734702	-0.078102567456838884	0.028329013893484158	0.72194744976789427	0.45286309142954922	-0.17012548207100997	0.17980612409611268	-0.24534477452247716	-0.32933214066646888	-0.25257357800660896	0.06535206052354163	0.19853129482996734	0.13639390488325101	-0.066636687985119514	0.25388227043805256	0.081293287439347425	-0.21016582072489526	-0.33936544823012915	-0.029995649753372083	0.078792038636355533	-0.38430961412908832	0.19463319442110444	-0.40732250530177871	-0.24365032430911171	0.51389320826028162	0.010958704815405503	-0.22049435205274712	0.017085953493478009	0.034617519208951286	0.27458292849077015	-0.1690469109921369	-0.43805744570862371	0.10294507237031429	-0.088767208008651205	0.43447853590509505	0.52504655187542348	-0.12779652901013927	-0.34533131584783622	0.25010885604608241	-0.0315660005845163	-0.081033806295239666	0.043560900877654234	-0.025500468955171877	-0.076366354600749156	0.25952121138864381	-0.045271903980521	0.0095100603527182841	-0.027839469308014342	-0.35129743769392879	-0.11602450297981012	-0.39346167604040699	-0.41527088861041461	-0.2273723460723468	0.074266554516981692	-0.41987433670122837	-0.30262255648569042	-0.042394596946583304	0.0285898645792316	-0.096860358668287613	0.33392677819090449	0.58500332870224303	0.5126543623474703	-0.18154219734732255	0.096077148967403658	-0.4236705500282178	0.42599217526322702	-0.31626096778746826	-0.27191347798856563	0.0067927881270438296	0.055793254981742618	0.042872538723689083	-0.12149513017899818	0.190384935201759	-0.20633985478720543	0.035636167148357142	-0.27415451555272152	-0.046283141352782907	-0.069491028748314448	0.090382703333792266	-0.24524592644907861	-0.17036477408628223	-0.27820944374399659	-0.053625288815592309	-0.028168262115552792	-0.097814518753608914	-0.013001064675489305	-0.063260148938948865	0.54247840728748264	0.10498615583228793	0.342636116663177	-0.012547558338922507	-0.096238542020410753	0.078771021575462341	-0.35370898706203091	-0.1509296609853773	0.23292706546052591	-0.038621148760581779	0.32724133579327874	-0.025133782803720008	0.07427827094531006	0.039803084049376741	-0.34320098609955096	0.16455978630878773	-0.20406097352957039	0.018498593365091118	0.34947978889619336	0.28525864956094843	-0.46738301563985774	0.28252139667092929	0.17283987050402616	-0.019445040421610119	0.037594698591543192	-0.29955355504803599	0.012067972385864786	0.10961995790423675	0.25562675829414849	-0.082377198384218794	-0.02839455752560768	-0.33352422020553762	0.16871396158390423	0.03085894801336217	-0.13692923678466745	-0.154979231344818	0.17498667235565563	0.39017372278813833	0.10532379195526072	0.18407194541182115	-0.535091165127351	0.38583783524720877	0.16091967105939253	0.33975189725389005	-0.085410891714636575	0.37630941688154745	0.023355879005394164	0.36122299636177824	-0.073788041340813779	-0.2181504798957104	0.12975018363414936	0.12647365989923251	-0.040369711555933593	0.26131309598717167	0.52700829881316802	0.090836508344210351	0.21633996238673811	0.021583838733804487	-0.4902205380378446	-0.13528909525598032	0.38091307234464988	-0.22611768653948888	-0.27465578910228011	0.055228152799081921	0.16725967747305862	0.18386676055885642	-0.33920175450832579	0.21966346631929579	-0.49103866421673159	-0.0054933921957986739	0.33102391275672249	-0.24898866073163145	-0.33797056439332229	-0.27039657145371715	0.10097872422737134	0.36248956499671287	-0.39796388322548498	-0.058803234330710219	-0.25233869532047998	-0.27043601040558601	0.23984683804541723	-0.061593540345686613	-0.43888300959067156	-0.3642919387501265	0.06518291006049598	-0.27063253160244	-0.010442709295278043	0.032229049652177891	0.10240186481921885	-0.034924021648495902	-0.3537616250370279	0.18894376033667559	-0.3191641558567046	-0.65370687282339901	0.1277082861057536	0.29390819528008089	-0.48350223394177139	0.087293370789938984	0.070086097379245912	0.19509876372050952	-0.26579009129476533	-0.16837345802162235	-0.29426608977983698	0.258387868542795	-0.25197202049623363	0.16640165796188425	-0.020850908609890931	0.20879044666251068	0.35565144864209702	0.34026000392457134	-0.24803968065817206	0.0028818018901934266	-0.18460830557155136	-0.10245975031453873	0.16507612274816871	0.12007167986491363	0.08327253159215367	-0.26345905959877725	0.037798676540834943	-0.28700328033564204	-0.058237403073686037	-0.16081202911269332	0.23912640149992997	-0.38095684026054616	0.041885133698148884	-0.51351095668872648	0.078273165104747994	0.4433570016555714	-0.20250885323274292	0.21482463759421219	-0.10735023698663104	-0.15603562070089289	0.54322269230251241	0.020071645885935557	-0.094768312605635549	0.4518278843545247	-0.29535962684311329	-0.075871439745323496	0.2200015329715572	-0.0010678394152933595	0.50629880737198296	0.13464465375849308	-0.031340065013324897	0.0098384743889758618	0.081456734254154534	0.18219016702176788	-0.17768647295123993	0.41259176833879535	0.10579419224765656	0.17029137712488882	0.34353729157819518	-0.038046714173477089	-0.092997855682117228	-0.023549661663524943	-0.10580371885057231	-0.038171440145454968	0.24747902258232152	0.033676186571798772	-0.15703491967067595	0.5483507188735105	0.082783453249830635	0.1099934291587998	0.28835514323241346	0.010546635751191871	-0.27170902249906254	0.34476463160378201	-0.20085259576382383	0.098891995708807551	0.19770364697977921	0.49062227174262713	-0.26651733276657774	-0.13943661470813026	0.29086008855459872	0.1496346848485369	-0.20117159330007692	-0.25307464264707308	-0.23610464921758068	-0.2299385709778892	-0.22863142851745064	0.03860438804418747	-0.14265128121650578	0.38528224419011364	0.083223817232654096	0.25121262587097687	-0.35351767158238712	-0.25435124210638138	-0.17464694881850468	-0.24708708821474015	-0.15470695053324857	0.28711459661187838	-0.033544848341363176	0.19863644751800752	0.16843620457240913	0.10293662468878449	-0.004749440336229138	0.47474319694165018	-0.4472679345145904	-0.25789605699937829	-0.17744932781919853	-0.099000146264878283	0.25567481486150517	-0.15624979513807247	-0.35507488085934891	0.083162476763744414	0.24221819531586306	0.37677771911190583	-0.19812542163833063	-0.13886955372827048	-0.3212932039077116	-0.32748831706098591	-0.11172617315730993	-0.019847394704652556	0.35788706274331994	-0.44716346352318032	-0.18075550084717851	0.1491412572455299	0.59624146882563944	0.14135106311440485	-0.020983120628705616	-0.16100968547197686	-0.042212695617292496	-0.28462540457513708	0.18952635812413809	0.25361296895166074	0.35077708807185526	0.38567878600468308	-0.21686709442945673	-0.24985090844832766	0.14723819840529895	-0.059503233886548434	0.12712658576556363	-0.13390816775602107	-0.13744183643175684	0.26893433308294806	0.10719279670789215	0.21407371147725751	-0.038161742019186554	-0.08162064895639444	-0.40452449883153663	-0.17830763483914039	-0.061323962778197065	-0.13393674091067354	-0.0022441270771373419	-0.018742006130574137	-0.074051441298402895	-0.35857007215998088	-0.20120362289307381	-0.11910705017561507	0.0064220133732128476	-0.10236816168488783	-0.52042153839751915	0.086000002014518948	0.050119632932070259	0.22282679122164881	-0.29086123329152058	0.44321190060600069	-0.049155329021693644	0.04726083942029205	-0.04488602982596622	0.36280509714781928	-0.21647611031819428	0.25510112722315959	0.47467699280913717	-0.081384828679441579	0.081789053080947111	0.33235639166251701	0.099252476052532165	-0.20986425444189125	-0.39907077449049838	-0.0023610119076776875	-0.2700227684048061	-0.10644740938264477	0.46211298032698678	-0.0060451025198489895	-0.059593236736483743	-0.26225391641670709	-0.44956308214714397	-0.14582795902176829	-0.40812430689332735	0.39514054673034815	0.11293954416732048	0.10729872999338973	0.11273042397850572	0.005890202549464393	-0.1260700108777823	0.071857653230980451	0.045666960245593788	-0.1462180672409259	-0.22776283022204186	-0.49770648465099016	0.58874987614714158	-0.53769979558372549	0.19692275582277441	-0.07553094339898285	0.32410053481097484	0.10952943912812865	0.095644385138623292	-0.21714583597599985	0.27912346047961534	-0.046094831838920214	0.25895348296453508	-0.2376661148652251	0.21113626199069419	-0.022359482534072744	0.13391474129563408	-0.26829130908145771	0.23969237972257415	0.086320019171047035	-0.44053931149343811	-0.14460192620586362	0.084384920449275383	-0.096349548712553648	-0.60248184190002174	-0.10328103185016958	-0.58093919817575213	-0.041857161096861779	-0.10449998540528212	0.012043990963799066	-0.4606887021752733	0.29766969489742284	-0.20104954853884399	-0.19312023918213458	0.014932027832075185	0.27385141556436898	-0.57461149116753452	-0.35460692960765261	-0.24299844705425117	0.15192864381261073	-0.019243730239539156	-0.0068259305464926914	0.14998549313987414	0.15904144960852978	-0.039833356929569484	-0.17507412032678468	-0.088382420407580861	0.11452765414796383	0.44363469040651099	-0.10293340876250101	0.10113362226084027	0.22498159359318762	0.54898248595416665	0.32521359025422791	-0.20945117234887495	-0.13096906726142557	-0.095230799248745307	0.17248573519213481	0.1739091018214026	0.22483403282886949	0.0040183202096782467	0.029384931560610558	0.21095075871518665	0.24536737875212128	0.22147594700113843	-0.22035862578212362	-0.27769310760200949	0.067975513575033911	-0.064238105111972213	-0.28252025406782294	-0.47609715946913594	-0.16808391066512335	-0.10235218677790038	-0.18991170979191765	-0.2751135176417957	0.474461540866079	-0.032599075765536369	0.24077308511797846	-0.069366729091926302	0.18452333822268568	-0.31216606544620873	-0.12912628307197407	-0.20859539169752547	0.25600836102973562	0.22942038937662956	0.200694804281107	0.079827861785966139	0.054154041389930255	0.0026514584020647333	-0.06211193929686197	-0.39189852859575786	0.057066092959592536	0.017940857829632381	-0.48842985492257246	-0.19064155906268287	0.3081926148804669	0.37763678043898069	0.11121477558729577	0.11855712740943983	-0.05184142041055647	-0.097778021630145956	0.30273986277330761	-0.31680794283763014	-0.076613902825646785	-0.32519765701366887	-0.25418747018427335	0.15242299836794129	-0.84104426008091149	-0.085913094604118098	-0.051568193370537828	0.029297439572439628	-0.16130592061065691	-0.18330795307979186	0.1534733567056108	-0.060219956722898489	-0.10703451874163206	0.13787054074089442	-0.24411418618494932	0.087972450130482119	-0.068382253792377487	0.3133797703352697	0.18157510023609449	0.15694604396885375	-0.24152237935720469	0.44607466412413194	-0.0078199397742971313	-0.12426407237969735	0.11565939702225532	-0.45034415540684081	-0.79276837321314497	0.40753753374664048	-0.30630821430647553	0.26645261325371261	-0.074307574853539837	-0.084714987597771754	-0.015682477469035033	-0.16551628474312974	0.048502305767517587	0.045933497914471426	-0.071267884785402594	-0.20977449542815493	0.65810494543569331	-0.084165806324165093	0.21364067624289224	-0.06615502353707102	0.00049816447569720119	0.085251799401866654	-0.17510515521770512	-0.17726798807127875	0.21759207890132121	-0.41161733780696796	-0.1089883600541124	-0.31586698686814635	-0.049007613187786028	0.16574934497259802	0.21905573341710291	-0.34229651276642548	0.067644038512737426	-0.17499862318818163	0.079734090545448666	0.19072893359582999	0.24896523936081172	0.10684339450448058	0.013311139101933076	0.25103196650157067	0.33585132643811483	0.032818871591997492	0.298817798167828	-0.67992922447482163	-0.083039551141418075	0.23826961332400989	0.16289874168885607	-0.035610123804450958	0.11466328097856106	0.1280323172448378	0.40239142243066967	-0.0074763224489613938	0.0059002980745594688	-0.18939162171397969	0.021721219437832347	-0.031246945695759382	-0.025264582773564206	-0.19972091745163198	0.21794043910176	0.10791574984210399	0.046633668073146076	0.20737501652990381	-0.059954904648642462	-0.22087481332429393	-0.012773828184162174	0.32086698094506666	0.20355288412103134	0.13919638249498115	0.079125820191768156	-0.25779671791497322	0.13638241107167937	-0.41194593961111353	0.29834016881580505	0.54348950889130032	-0.026080509117129284	0.12282728927571157	-0.025233290552393307	0.28843442067266889	0.040319189204036786	0.048237664319947297	0.044757243635759399	-0.010000474948519392	0.22420151866350027	-0.0102017199668216	-0.019674314480885031	0.028464508912748772	-0.11481099038760663	-0.35713769276138452	-0.23073263765021718	-0.14575903408853225	-0.17541804541939965	-0.24179587962988325	0.047368368185342222	-0.26763728529950048	0.052956529630605452	-0.21506124264701099	0.17507293824370385	-0.21779092439722672	0.51309092925654143	-0.23115916728655406	0.38058414048896427	-0.13634950852818997	0.11838111044961179	-0.17038828649861737	-0.12517583992409079	0.1124682909105988	-0.17443356230577367	0.31604912164657933	0.2824624777749854	-0.046557458084444822	0.0078871364006241305	0.062379993603933141	0.12951315505295855	-0.12476512846541357	-0.13881217550268768	0.19365213484815111	0.18764719753115153	0.066016087647493574	0.14637695209136539	-0.06545363946983615	-0.62741226001408501	-0.088952646857737752	0.10633120559389116	-0.051332901465065542	0.39351050149240985	-0.073264134242934001	-0.062972407267473496	0.028295077806649423	-0.43277653820064166	-0.041385992663773921	-0.32783216827157952	-0.3156203639814541	0.33522379586596568	0.17240323179965578	-0.74074496853015281	0.21235233593624181	-0.12735566865535733	0.42205294299975604	0.29293186499319057	-0.012414172146062765	0.0038222883913781752	0.43899808297755993	0.019123082607277919	-0.0054922331500804628	0.24010842008763539	0.097900460978763343	0.25018341298690766	-0.29152551577207986	0.00051137455464286851	-0.25832777543996971	0.13503100020259259	0.22763636427810097	0.44260162734830993	0.33622037040151781	0.4592809034057117	-0.062997150756472553	-0.22861301558377656	-0.18904886763021758	0.072820071764921973	-0.35616644448524865	-0.21646966011724841	0.60962519976243479	-0.21811603526682311	0.1610698133367241	-0.1011833348449622	-0.32057735158292805	0.55863750878604468	0.54855701291876036	-0.086841550690156047	0.14139069636919527	-0.066652120373639476	0.039041983987365053	-0.36604505791429442	-0.014628850970610662	-0.0862668112679051	0.051896698804300916	-0.080173663255934419	-0.13105393000218468	-0.0748940672206658	-0.17781771223977144	-0.15334691050102478	0.081230918640661398	0.28138598000649456	-0.18593740372561074	-0.009795489722871132	0.11493923239898556	0.23956577570070253	-0.28275762798060855	0.035198004702841561	0.25753111169600318	0.25344881200675418	0.53683971116738372	-0.25018971475886831	-0.033185014122974518	0.24309111580243267	-0.10110366471702428	-0.21442338751405282	-0.25039503825516279	-0.2123577194734661	0.23370350694492836	-0.32276934855474937	0.082039993421258256	-0.28823250847564591	0.096419165480272073	0.058906118962573369	0.10487575594503823	0.38042145372968061	0.1184483475257529	-0.060303671451763109	0.022510881713502087	-0.12978004337112647	-0.096905551981616309	-0.22831823143476795	0.26838111180962215	0.23138357337672302	-0.25789585556421496	0.29802356320578643	0.46901017226982128	-0.29661588579041165	-0.22876855674880231	-0.24774406521240336	-0.11995897754410341	-0.18483183491214283	0.39777290043431385	0.25818004736857242	0.030346341654049071	-0.31025488080995134	0.19214612689201646	0.084691861503472063	-0.16370667231468106	0.13083255082090106	0.0014688211437886975	-0.1316565293600491	0.26992906652539478	0.093725899444115718	0.076913378268754828	0.16729870371701072	0.31003430233162016	-0.17475386429908651	-0.053949047150159177	-0.1981118533473816	0.60954675446070739	-0.058179458652492563	0.32885067394241457	0.12045892257832973	0.1672510405021892	0.36611366601043166	-0.28766681213029488	-0.0022083839544002368	-0.45488473783651134	-0.07070913695565266	0.40970074404304763	0.087458477952661026	0.17773737922796287	-0.44041799367683687	-0.30146970140849877	-0.037148752456094968	0.03893503005573435	-0.33428856444242699	-0.010176095776076534	-0.11021110627993597	0.082697779186056211	-0.26444144552333848	-0.068942997413730764	0.022515313058647384	-0.048519800245951518	-0.30082474071751947	0.25926587034139692	-0.32118128348353231	0.091922469828531028	-0.43751326493107701	-0.12328540186374702	0.19343857808014228	-0.017764767734792145	-0.25810814742687349	-0.098683391223019154	0.085945395911717959	-0.22213564022829779	-0.14009630950894211	-0.53837513105776447	-0.0026186611631040537	0.26764409381334431	0.062811532874729292	0.48995611318839438	0.25879159970539678	0.065284728354876781	-0.051718400029870035	0.043946987861898996	0.16546375803334804	0.29707886960818014	0.24664743899217784	0.57877934908651718	0.032291362982116191	0.5940187356581077	0.26032839919049761	0.43654506972737722	-0.051634862317805355	0.18165618509248024	0.0079023222337684402	0.42623336226508252	-0.37906784782248076	-0.046513355884330879	0.22395484532717994	-0.14848193227421316	-0.078935787942099517	0.073889094888063583	-0.35615319729223976	0.13207944307103736	-0.26304258284189658	0.69264420612382938	-0.13621074787920706	0.049510879054094549	0.33341718892971539	0.44092108671514219	-0.039883200174158563	0.52675589754758634	0.19109381844160545	0.14187688372008481	0.0037921348556933018	-0.017023149340779961	-0.065832372638569503	-0.52341790817761336	0.007285424311869312	0.055658996766863325	0.21474663059092503	0.034776721588682023	0.19636132377366361	0.16658981304471152	-0.32728090893632245	0.30764459764334451	-0.045169992315135132	-0.10176467349498909	-0.10414102644588044	0.17211341665119576	0.28060422422690323	-0.24810856314361707	-0.34717771834099698	-0.10946797175983927	-0.084910355251789221	0.18556731573904603	-0.2356908023606395	-0.057316782529546979	0.22662101268604257	-0.11912219728010649	0.011818199676781823	-0.015693649386756554	0.18452966635965795	0.10119044963313475	-0.6708747007732363	0.20442129853841434	-0.090780102875404695	0.020163343576322917	-0.30472282484076502	0.063870095406526467	0.017456694101655335	0.10972370058396451	-0.024037620533257441	0.2201928046311119	0.034777503130035518	0.1799080544438745	-0.27151202335127467	-0.080666379321845477	-0.19613435681300195	0.32574760330327857	0.21505255455193523	0.228722479636466	0.22793618764739382	0.37902433428838272	-0.15404041174142369	0.027244206503398049	0.25613026271673706	0.4244968508187158	-0.023279316794853816	-0.25130933422052565	0.040634695361470137	-0.012385956351543943	0.33209581979715924	-0.2721454204452245	-0.1930939588395921	0.28041120656136381	0.26132243269889049	-0.22167941979143277	-0.13175292502402108	-0.28926763513330284	-0.40601598784222287	0.4867269124424411	-0.42447199019298415	-0.20114802711144691	0.24780000415332742	0.026736990098711427	0.31382301459269274	-0.13090004098679717	0.26421078660655617	-0.29042350709770681	0.056863674136167157	0.28350409685840322	0.20161179764417606	-0.54314142985762337	-0.17249584778694049	0.026472719562315679	0.40905277044106525	0.04105467681371873	0.095913837520281153	0.14080665604881445	-0.001189181827988189	0.28411396374155801	0.15864840228426624	-0.4958760003336708	0.048105813204759248	0.21671082238349199	0.038617998993956938	-0.17760274207383053	-0.061980140776754275	-0.05445121629090878	-0.40939948615527327	0.0069197440154068895	-0.3445518190724145	0.050592401633575868	-0.43112052723040201	-0.17359158471001648	0.2053029732715537	0.067792965295041072	0.23655215143606331	-0.011025487940731969	0.36940498695548346	-0.074987520759554144	-0.11581358515756586	-0.12799706370258904	0.1698972312269911	-0.45362753442202131	-0.15296530848453793	0.029924356324313707	-0.39383859478072225	0.1021825146024119	0.22403681121016922	-0.30135430173161121	-0.094115002758878408	-0.062835569175011721	-0.15426518054890234	0.2193723713760124	-0.10789127806072553	-0.090588234203271362	0.36515106379865092	0.39156199772383232	-0.062806564837016549	0.061126314047639997	-0.27515374107394103	0.12218595395482751	0.5614132725463854	0.39513238008309615	-0.52754765306842133	-0.16329590158353383	-0.16385762895128869	0.0087549427419305412	-0.45115530294723838	-0.29904482979620212	-0.24514322752818632	-0.130476443504071	0.20952821561037444	0.039290713371361065	0.18692478637726198	0.32671865965069108	-0.013320538606013689	-0.1314710876196995	-0.099800231500310796	-0.063800738245727018	-0.3325404702076124	0.0092856506226177849	0.12114855252087262	0.1356177556358264	0.14502054563769184	0.10267078608531142	0.22327451586787764	-0.058091876006535419	0.077273973576937424	-0.11288121433965216	-0.23252327203486858	0.086749249735452491	0.1373596282356383	0.047512215813389547	-0.19015665064047524	0.20118876253136175	-0.30291719709703296	-0.0039319609260461746	0.045270177203574534	-0.24853339754717163	0.084735978123631955	-0.020543743083780371	0.30458296578478167	0.29285294791098648	0.20908591379590791	-0.32083239939203018	-0.039378843425509555	0.20744409133273908	0.65084610342485516	0.13372332093265099	0.19511159859323804	0.10605410459112977	0.00393530956481551	0.3571850475087443	-0.073548112420403614	0.14260778363483584	-0.23825010563211185	0.18757350139381085	-0.017041848317838757	0.0089277063218010065	0.53476550856559124	0.063655618522184917	-0.14311385075909899	0.038280364829348469	0.0091965407779747016	0.26674964161119469	-0.13213935048825731	0.14635383563660531	-0.089646513984658172	0.50571470198310997	-0.3194929078557539	0.090231100459953001	0.34156326016935679	-0.01984760347852314	0.18624757848416118	-0.60251887596995113	0.072177119427713987	-0.14644767659845023	-0.088473526028679805	0.10632880217136381	0.27949925579642221	-0.1790752561774204	-0.021783964809238901	-0.04306098234734268	0.39953281699087401	-0.13611652741458743	-0.29751949735951194	0.043656854934219495	0.32773838340426981	-0.15185210645776442	-0.17415329086662337	-0.11634913958904196	-0.11234397112693281	-0.055854249601908351	-0.011994899341759633	-0.018659334596438405	-0.53690537562761942	-0.226671928475808	0.088847666097521025	-0.12825071139097086	-0.1754644951231063	-0.38441077889292946	-0.053175985299660444	0.27381673152093777	-0.31280910451120375	0.19184126005002416	-0.13131034929743254	-0.18349801363605353	0.19429735428941394	0.18770594128568682	0.11631342449195027	0.20430786986177002	0.63781605844562039	0.056655907928843591	-0.078058454076574815	0.059891040684096598	-0.19951834495131054	-0.17198165156796047	0.28046157118900783	0.22889912490535658	0.094571629840525612	0.2088213598917133	0.058374792297458407	0.64956560262496066	-0.19508791989007648	-0.35520639144484217	-0.44042000941288906	0.22727779786872054	0.057100810295459249	0.23755795993923376	-0.13832599295078779	-0.39107323743602213	0.2134358890658723	-0.04741445229069563	0.35459622811113162	-0.097451712077076286	0.48590353910297673	-0.12369077700800545	-0.09150757295259998	-0.48660273856338648	0.13233084647685669	0.31381582173427919	0.18278949857532353	0.27354438430480715	-0.20591054223073846	0.083496363474071342	0.028110944054423225	0.0011072231708989795	-0.088016275914675035	0.11170965878553471	-0.06368812872855259	-0.17486454476980928	-0.34569102928172823	-0.12244368648395183	-0.077387268555375852	0.19015461775591261	-0.04822501371766235	-0.36076826513653154	0.16856554149466946	-0.04612607313311811	0.24575909493446668	-0.013285255594236042	0.092141569231295475	0.026279714814835636	-0.34928637595374923	-0.16747443614270432	0.14819620758571325	-0.12574861635860357	-0.47634643034669949	-0.27264555746006081	-0.50367959319859701	-0.16875064530740058	-0.13909411295732968	0.042849289925963652	-0.03802213520374987	-0.18284903269987271	-0.037214797440291748	0.0099382273778082317	0.36354351595770934	-0.067877593709091855	0.10441686075527182	0.14644677467194178	0.073507434387879267	-0.14311805805946473	0.1525450969788098	0.15680855462728055	-0.17760911098676935	0.031598630806218747	0.2496213748810831	-0.22285678836002976	-0.23348945375888741	-0.11641537879854813	-0.089897080244110028	0.14124564527155775	0.009764548472007346	0.025660130002153114	0.091993901333040348	-0.13253556915748915	0.41163398434221948	0.057711069779269382	0.23643458171569703	0.17718814602925423	0.098420849816281825	-0.035433884113712823	-0.24918608412233315	-0.011432982324034455	-0.0043879178016449352	-0.29807987904305178	-0.20900262616111043	-0.075401061350390208	0.078931174450098396	0.083596107628006164	-0.21989747748689725	0.012790183980511636	-0.13682072535622034	0.38912797553616085	0.0029891994010065657	-0.24913148560752274	0.27760623487410535	0.16148581992180583	-0.1087117174226343	0.30813051521180307	0.23810466842417499	-0.093988242850938694	-0.12908038472479019	-0.1685157828440835	0.20858563267327215	-0.22476384603137053	-0.092532828654846702	-0.24945131735542098	-0.21287465130996147	0.28055869052827342	0.27386482394267997	-0.098708709641960671	0.11264339803300107	0.13781880460359999	-0.021779138204631385	-0.06659921659235328	-0.1350573431109183	0.16863456061182289	0.061097854234259501	0.056149064204006366	-0.48274213004877875	0.22523866338923704	-0.094490650493997907	0.025400508425354778	0.46057694191801402	0.38841468848814331	0.37781619176285314	-0.033510020767239426	-0.049421328692088116	-0.23745096269049709	-0.14002856212208689	-0.1703424322987814	-0.15094517411085118	0.47581497651950083	0.038780855768427047	-0.46065470185177082	-0.062740930476637133	-0.12413907881392489	-0.28775409187366241	0.15400216937866032	0.036122239624798692	-0.11476697222598103	0.078252579640455219	0.075115100338318891	-0.49324519123174493	-0.030927323874166978	-0.25226164877612994	-0.33191469125052103	0.00061553871496002163	0.40069791129299331	-0.14080420965758264	-0.13901660726535739	0.30456032079602918	0.068977795245196594	0.068225979437766954	-0.11333504294567223	-0.47257383014438914	-0.30651187906650951	0.1712911716451529	-0.33928819125011106	-0.13587609664905198	-0.46851703851048376	-0.39747453784303716	0.12855133244309266	0.31290146384053386	-0.18869218050202358	0.18028569503307365	0.050689588924749375	-0.21834071819098233	-0.47469374577537093	0.29787199533732728	-0.25281900408913588	-0.18586773683313876	0.49211691311445926	0.2781083180377244	0.35089146841086816	0.11717608770343224	0.12044701172977783	0.62174829614713001	0.60337451469409997	-0.33648674029340453	-0.055282454441542971	-0.15719991365048971	-0.2020520054676288	-0.34206751038488609	-0.11599582113238217	0.23349970502902173	-0.34637853465635454	-0.13277242369090589	0.1361774411693967	0.2663502418350549	0.26314462615679951	-0.090845563057325884	-0.26393498631666046	-0.097247367494812845	0.010105523163985013	-0.28670105382206723	-0.12171986911949699	-0.31187320184724515	-0.28859499970391822	0.07627232472567444	-0.035402425515426827	-0.018043391950760972	-0.2262543347544016	-0.30056756405008328	-0.35961807171571314	-0.063171938646233827	-0.30564695630559863	-0.20931793506294644	0.022819700343723739	0.090659162318503975	-0.00056426938715189946	0.63953888527349867	-0.67200120218984216	0.32259743984484801	0.46963301751701408	-0.16473205932055193	0.28827443429787875	-0.11300497340348629	0.12575772395430088	0.010677235993751547	0.0038742362259988629	-0.3539604795606493	-0.34254200683782621	-0.018217197380405416	0.08125164169256055	-0.2116876752463093	-0.29201241341642914	0.089593204559639608	-0.56494578518007232	0.10046673115586927	-0.13832671671687627	-0.13058901893018066	-0.21885923200800902	0.39009240499206982	-0.016288665565942991	-0.1450836257313429	0.15697362587722072	0.21893160581326312	-0.23399693831438875	0.1332720693863611	-0.04817291653543123	0.064969788037875412	0.4337938283964779	-0.16576801774631503	0.0097237574631120361	0.29107917772215719	0.15103565130150323	-0.076319950537127049	0.26979162764504122	-0.27848226979047697	0.20829319296119345	-0.020996818493969966	0.4595911677008695	-0.40207150586387352	0.020489504718464942	-0.032295281182747833	0.017734747826718585	-0.083954592887007934	-0.044812373967693976	0.1499215468378407	0.081276146583184133	0.12529317064740347	0.18521508416577789	-0.12849574483006232	0.3588595679531788	0.006932153612056265	0.091089796687971958	0.24245579711643961	0.057999105021277378	0.028313527115250786	-0.21163882897614461	0.070689964958200291	0.4061733394785248	0.06508713469441102	0.072582397404983512	0.095217493393332894	-0.039361658747032915	0.46556311983643278	-0.16865059283292405	-0.38082240891052338	0.16421624462442841	0.11772432299121352	0.010426843424806599	-0.17058305480945915	0.10458175366836932	-0.38967994066700917	0.1052776699514434	-0.16634910827582911	0.52269287545779242	0.090497770091502297	-0.22659395953132588	-0.43760507638674501	0.11193914755535583	0.083077922619071889	0.35970725842246076	-0.14831450214567438	-0.13238056566762041	0.50028839224199506	-0.036100829235959891	-0.13262773138425152	-0.19416041205492632	-0.35601546547144319	0.096081800600245681	0.23670101571314409	-0.087849307657034664	0.39072333413021004	-0.32880551078980397	-0.0986509292270671	0.14925692780623229	0.32104920810610843	-0.32643317957313961	-0.13803057674596694	0.27233843917502215	-0.21646963278142042	-0.25705223943485284	-0.49550392746513544	-0.07766430664779958	0.10974772303691166	-0.026414978646236528	-0.17109341122375971	0.56134784398781934	-0.2694780793771227	0.31818478673983158	0.065669093956599534	-0.11957141768853526	-0.14106240974924952	0.021770487221117567	0.081479368217624804	-0.25852417692268292	-0.14227232682646643	0.19558443089988822	0.088716176660166859	-0.40556019665535342	0.56691370679099529	-0.090928499250125486	0.29916291434540571	-0.089438779618922701	0.26832868916757019	0.26603603910013635	0.11935492753308964	0.33441501236860111	-0.039383363412255297	-0.13694681584275012	0.16946189709343612	-0.52156874305565992	-0.011601740615942548	-0.09264434950715339	-0.049635835634572509	-0.20752530085320445	-0.088922319074080505	0.39030995813466796	-0.19484628331616327	-0.18766407647982872	-0.035443117635724088	0.14534894956920741	-0.1634869488186908	0.18875171605988733	0.027566707103303421	-0.21225291163108748	0.29034808539115714	0.018656607743976518	-0.060220690192607805	-0.59075420599508011	-0.19548046206588632	0.11557824693624465	0.42483344202610585	0.082017415051522546	-0.079776090879598499	0.32256967863297709	-0.26414162149004417	0.097699825910674082	-0.28615137877222269	0.10205581404373373	0.05738565655068642	0.070386262273434655	0.35084524665808109	0.025211176575226642	0.18873419933238672	-0.15851303384399665	0.036168166228146663	0.0025584131124440405	-0.099742707403659883	-0.13096014638055031	-0.34927897014699572	-0.064562962900063484	0.055241865036850635	0.32798993212787447	0.42905975033948007	-0.22136672942760591	0.094723271602949591	0.3369026942445128	0.050917390167572345	0.49342605151749441	-0.16231734252128308	-0.37196022311159865	0.076345551686103422	-0.25780212339766639	0.30020970584173273	0.061754493820288289	-0.14438175917137488	0.21247670002777314	-0.25057856697271164	0.083426861951859069	-0.39337206332535379	-0.061338496163246443	0.28450351782403538	-0.202511351077965	-0.19829375746607084	-0.11297663014837622	-0.10041761568714903	0.32766165019719401	-0.2254366458367878	0.34664686392629673	0.1011963813316849	-0.08655177445902236	-0.11891773612858854	0.13482337060355401	0.042114417869302846	-0.14673333839780484	-0.088125171901483973	-0.037241369491408285	-0.002058784614859427	-0.23651526544182017	-0.08427141623981213	0.082762791038315908	-0.30552025952840878	0.19714895613570152	0.44803789097902103	-0.034426439111728352	0.028733883833837289	-0.18534084403723869	0.089824581593755448
Y	1	-1	-1	-1	1	1	1	-1	-1	-1	-1	-1	-1	-1	-1	-1	1	1	-1	-1	1	1	-1	-1	-1	1	1	-1	1	-1	-1	-1	-1	1	1	-1	-1	-1	-1	-1	1	-1	-1	-1	-1	1	1	-1	-1	1	-1	-1	-1	-1	-1	1	1	1	1	1	1	1	-1	-1	1	1	-1	1	-1	1	1	1	1	-1	-1	-1	1	1	1	-1	1	-1	-1	1	-1	1	-1	-1	1	-1	1	1	-1	-1	1	1	-1	1	1	-1	-1	1	1	-1	-1	-1	1	-1	1	-1	-1	-1	-1	1	-1	-1	1	-1	-1	-1	1	-1	1	-1	1	-1	1	-1	1	1	-1	1	1	1	1	1	-1	1	1	-1	-1	-1	1	-1	-1	1	1	1	1	-1	-1	1	-1	1	-1	1	-1	-1	1	1	1	1	-1	-1	-1	-1	1	1	-1	1	1	1	-1	-1	-1	-1	-1	1	-1	1	1	1	-1	1	-1	1	1	1	1	-1	1	-1	-1	1	-1	1	1	-1	1	1	-1	1	-1	1	1	-1	1	1	1	-1	-1	1	-1	-1	-1	-1	1	1	-1	-1	1	1	1	-1	-1	1	-1	1	1	-1	-1	1	-1	-1	-1	-1	-1	-1	-1	-1	-1	-1	-1	1	-1	1	-1	1	1	-1	1	1	1	1	1	-1	1	1	-1	-1	1	1	-1	-1	1	-1	1	1	-1	1	-1	-1	1	1	1	1	1	1	1	-1	-1	1	-1	1	1	1	-1	1	-1	-1	1	-1	-1	-1	-1	1	-1	1	1	1	-1	-1	1	-1	-1	1	-1	-1	1	-1	-1	1	-1	-1	-1	1	1	1	-1	1	-1	-1	-1	-1	-1	1	-1	1	-1	1	-1	1	-1	1	1	1	-1	1	1	1	1	-1	1	1	1	-1	1	-1	-1	-1	-1	-1	-1	1	1	-1	1	-1	1	-1	1	1	-1	1	-1	1	-1	1	-1	-1	-1	1	1	-1	-1	-1	1	-1	1	1	-1	1	-1	-1	-1	-1	1	1	-1	1	-1	-1	1	1	1	-1	-1	-1	-1	1	1	1	-1	-1	1	-1	1	-1	1	1	1	1	1	-1	-1	1	-1	-1	-1	1	-1	1	1	1	-1	-1	-1	1	1	1	1	-1	1	1	1	-1	-1	1	1	1	-1	1	1	-1	-1	1	1	-1	-1	1	1	-1	-1	1	1	1	-1	-1	-1	1	1	-1	-1	-1	-1	-1	1	1	-1	-1	-1	-1	1	1	-1	1	1	-1	-1	1	-1	-1	1	-1	1	1	-1	-1	-1	1	1	-1	-1	-1	1	1	-1	-1	-1	-1	1	-1	-1	-1	1	1	1	-1	1	1	-1	1	1	-1	-1	-1	1	-1	1	1	1	1	1	-1	1	1	-1	-1	-1	-1	1	-1	-1	-1	-1	1	1	1	1	-1	-1	-1	1	-1	-1	1	-1	1	-1	-1	1	-1	1	1	-1	1	1	1	-1	1	-1	1	1	-1	-1	-1	-1	1	-1	-1	-1	1	1	1	1	-1	1	1	1	1	-1	-1	1	1	-1	1	1	-1	1	1	-1	1	1	1	-1	1	1	1	1	1	-1	-1	-1	-1	-1	1	-1	1	-1	-1	1	1	-1	-1	-1	1	1	1	-1	1	-1	1	-1	1	1	-1	-1	-1	-1	-1	-1	-1	1	-1	1	1	-1	-1	-1	1	1	-1	-1	1	-1	-1	-1	-1	1	1	1	-1	1	-1	1	-1	-1	-1	1	-1	1	-1	1	1	-1	1	-1	-1	-1	1	-1	-1	1	-1	1	1	1	-1	1	-1	1	-1	-1	-1	-1	-1	1	1	-1	1	1	1	1	-1	1	1	1	-1	1	-1	1	-1	1	1	-1	-1	-1	1	-1	1	1	-1	-1	1	-1	1	1	1	1	1	1	1	1	-1	-1	1	-1	1	-1	1	-1	-1	-1	1	1	1	1	-1	-1	1	-1	-1	1	1	-1	-1	1	1	1	1	1	1	-1	1	-1	-1	-1	1	1	-1	-1	1	1	-1	1	-1	1	-1	1	1	-1	-1	1	1	1	1	1	1	1	1	-1	-1	1	1	-1	1	1	-1	-1	-1	-1	1	1	1	1	-1	-1	1	-1	-1	1	1	-1	1	1	1	-1	-1	-1	1	-1	1	1	-1	-1	-1	1	1	1	-1	-1	-1	-1	1	1	1	1	1	-1	1	-1	-1	-1	-1	1	1	-1	-1	-1	-1	1	-1	-1	-1	-1	1	-1	-1	1	1	1	1	-1	1	1	1	1	-1	-1	-1	1	-1	1	1	1	-1	1	1	-1	-1	1	1	-1	1	-1	1	-1	-1	1	-1	-1	-1	1	-1	-1	-1	-1	-1	-1	-1	-1	1	1	1	-1	-1	-1	1	-1	-1	1	1	1	1	1	-1	1	-1	1	-1	1	1	-1	1	1	-1	-1	1	-1	-1	1	1	-1	1	1	1	-1	1	1	1	1	-1	-1	-1	-1	-1	1	-1	1	-1	-1	-1	1	-1	1	1	-1	-1	-1	1	-1	1	-1	-1	1	-1	1	1	-1	1	-1	-1	1	1	1	1	1	-1	1	-1	1	1	-1	1	1	-1	1	-1	-1	1	1	1	-1	1	1	-1	1	-1	-1	-1	1	-1	1	1	-1	-1	1	1	-1	-1	1	1	-1	-1	1	-1	-1	-1	-1	-1	1	-1	1	1	-1	1	-1	1	-1	-1	1	1	-1	-1
LAMBDA	0.10000000000000001
LOWER	-0.14999999999999999	-0.14999999999999999	-0.14999999999999999	-0.14999999999999999	-0.14999999999999999	-0.14999999999999999	-0.14999999999999999	-0.14999999999999999	-0.14999999999999999	-0.14999999999999999	-0.14999999999999999	-0.14999999999999999	-0.14999999999999999	-0.14999999999999999	-0.14999999999999999	-0.14999999999999999
UPPER	0.14999999999999999	0.14999999999999999	0.14999999999999999	0.14999999999999999	0.14999999999999999	0.14999999999999999	0.14999999999999999	0.14999999999999999	0.14999999999999999	0.14999999999999999	0.14999999999999999	0.14999999999999999	0.14999999999999999	0.14999999999999999	0.14999999999999999	0.14999999999999999
END
